Date,Close,High,Low,Open,Volume
2014-03-17,4.711997032165527,4.85016815549002,4.425025639793251,4.425025639793251,68200
2014-03-18,5.048569679260254,5.2788551786035995,4.694284087733219,4.711998434884184,135600
2014-03-19,4.959996223449707,5.1017102661133835,4.90685354191906,5.013138904980353,25600
2014-03-20,4.959996223449707,4.959996223449707,4.889493292947593,4.959996223449707,8200
2014-03-21,4.690741062164307,4.924569494097633,4.605712602892745,4.924569494097633,10600
2014-03-24,4.400226593017578,4.623426531837082,4.269140979020034,4.623426531837082,57400
2014-03-25,4.7615966796875,4.7615966796875,4.3222827676850475,4.463997161728813,8200
2014-03-26,4.417940616607666,4.74742592698738,4.339997706057698,4.463997775665693,25200
2014-03-27,4.651767730712891,4.676567602663,4.446282208595921,4.446282208595921,50600
2014-03-28,4.605710983276367,4.605710983276367,4.6014595280205235,4.6014595280205235,4200
2014-03-31,4.648225784301758,4.743883032815285,4.623425907075133,4.743883032815285,43200
2014-04-01,4.634053707122803,4.676567921019817,4.625196705929943,4.676567921019817,14600
2014-04-02,4.609253883361816,4.641139628597852,4.534853923768714,4.641139628597852,9800
2014-04-03,4.563196659088135,4.637596617470607,4.538396785584956,4.637596617470607,9400
2014-04-04,4.435654640197754,4.58445423995907,4.428568767989938,4.58445423995907,20800
2014-04-07,4.428569316864014,4.432112253407031,4.251426544189453,4.428569316864014,22600
2014-04-08,4.304568290710449,4.4285683393617585,4.254968541548286,4.4250254036007615,17000
2014-04-09,4.251425743103027,4.3045684297426305,4.212454462092182,4.292877011652081,8000
2014-04-10,4.254969120025635,4.262054654637981,4.163563324628086,4.21599749710224,70600
2014-04-11,4.24079704284668,4.24079704284668,4.21883124706049,4.21883124706049,13600
2014-04-14,4.230169296264648,4.230169296264648,4.127426500815638,4.1628551907799975,15200
2014-04-15,4.15222692489624,4.198284088985198,4.127426705541851,4.127426705541851,18800
2014-04-16,4.215997695922852,4.233712040098597,4.177026409034621,4.180569345444373,15400
2014-04-17,4.251425743103027,4.258511614853887,4.230168465723409,4.233711401598839,79200
2014-04-21,4.145141124725342,4.254969800706833,4.127426778551159,4.254969800706833,8600
2014-04-22,4.169939994812012,4.2443396164907705,4.156477109592157,4.1593111878239535,10800
2014-04-23,4.162854194641113,4.215996878997991,3.716454429700729,4.138054320324296,33800
2014-04-24,3.989255666732788,4.109712816628952,3.9718957491928606,4.109712816628952,8000
2014-04-25,4.166397571563721,4.24079754026568,4.017597634159803,4.017597634159803,7200
2014-04-28,4.180569171905518,4.247883271531472,4.177026235642836,4.240797736879108,23800
2014-04-29,4.194740295410156,4.247882984264562,4.1486831407289495,4.1486831407289495,12400
2014-04-30,4.102625846862793,4.127425722437096,4.095540312929977,4.127425722437096,1200
2014-05-01,4.1309685707092285,4.143368508233339,4.1309685707092285,4.143368508233339,1400
2014-05-02,4.15222692489624,4.233712442833826,4.15222692489624,4.233712442833826,2200
2014-05-05,4.162854194641113,4.233711219741266,4.060111423777655,4.177025599661143,22400
2014-05-06,4.074284076690674,4.155769596045423,4.074284076690674,4.155769596045423,1400
2014-05-07,4.173482894897461,4.180568766736081,4.042397306739696,4.152225955127535,6000
2014-05-08,4.180569171905518,4.180569171905518,4.180569171905518,4.180569171905518,16800
2014-05-09,4.084911823272705,4.155768857482619,4.084911823272705,4.1486833229981235,4000
2014-05-12,4.180569171905518,4.187654706557882,4.146203433478104,4.152226357550063,11800
2014-05-13,4.10971212387085,4.113254722250063,4.03885475031863,4.077826373346951,12200
2014-05-14,4.09235143661499,4.177025779532878,4.003425976093684,4.003425976093684,9600
2014-05-15,4.074284076690674,4.074284076690674,4.053026793713363,4.053026793713363,2200
2014-05-16,4.07073974609375,4.07073974609375,4.028225532568703,4.028225532568703,1200
2014-05-19,4.003425121307373,4.021139459031211,3.978624913344844,4.003425121307373,28200
2014-05-20,4.056568622589111,4.056568622589111,3.9679972538082446,3.9679972538082446,8400
2014-05-21,4.053024768829346,4.056567703867695,4.035310769383361,4.056567703867695,2800
2014-05-22,4.053024768829346,4.053024768829346,3.9130822135433583,4.045939236625529,4400
2014-05-23,4.053024768829346,4.053024768829346,4.053024768829346,4.053024768829346,0
2014-05-27,3.911311388015747,3.9361112616090113,3.9042258546489306,3.9042258546489306,6200
2014-05-28,4.031769275665283,4.031769275665283,3.9006836732403958,3.9006836732403958,400
2014-05-29,4.031769275665283,4.038854810402114,3.9006836732403958,3.9006836732403958,13000
2014-05-30,3.967999219894409,4.035313682730067,3.914856507443628,3.9183994450398467,4200
2014-06-02,3.8971405029296875,3.9679975354083576,3.8971405029296875,3.9679975354083576,16200
2014-06-03,3.9042253494262695,3.9361107522602494,3.8971394791034566,3.8971394791034566,32600
2014-06-04,3.9254837036132812,3.967997927299311,3.8971408878225944,3.8971408878225944,23600
2014-06-05,4.024682521820068,4.07428260560957,3.9183971589285966,3.9219397565848313,71200
2014-06-06,4.035312652587891,4.0388552514066225,3.9219410435624806,4.003426898108026,9400
2014-06-09,4.053024768829346,4.067196171109862,4.03885336654883,4.049482171663878,12200
2014-06-10,4.06365442276001,4.06365442276001,3.978625653443232,4.053025615424818,34400
2014-06-11,4.014055252075195,4.0282266605518195,3.939655273104665,4.010512315487782,25800
2014-06-12,4.074284076690674,4.1043983638159185,4.006969966696449,4.031769848609103,91600
2014-06-13,4.07073974609375,4.095539957388062,3.9609114456222794,4.081368552879713,33000
2014-06-16,4.247883319854736,4.251426256157721,4.017597866128727,4.017597866128727,88200
2014-06-17,4.106168746948242,4.247882803098059,3.9148546022095085,4.247882803098059,101200
2014-06-18,4.244340419769287,4.251426292435722,4.060112122791035,4.223083477515992,64000
2014-06-19,4.247883319854736,4.247883319854736,4.074283495484483,4.205369097837919,72000
2014-06-20,3.8510828018188477,4.240796932055415,3.723540161424503,4.038853995756534,256600
2014-06-23,4.067197322845459,4.109711879599022,3.8971404473231157,4.017597569754598,50600
2014-06-24,3.950282096862793,4.074282122702906,3.9361106942987414,4.067196252484436,47600
2014-06-25,3.9857120513916016,4.045940616086915,3.9857120513916016,4.024683336482041,21000
2014-06-26,4.035312652587891,4.05656959699244,3.9006840991579312,4.006969834799798,17200
2014-06-27,3.9396555423736572,4.049484218978871,3.9396555423736572,3.992798581198007,34600
2014-06-30,3.953826904296875,4.045941233520161,3.9006842039843126,4.045941233520161,21000
2014-07-01,4.042398452758789,4.049484326606252,3.9077698905145457,3.9077698905145457,25200
2014-07-02,4.145141124725342,4.226626981977361,3.992444129692528,4.049484195981637,124200
2014-07-03,4.13805627822876,4.180570513404288,4.077827693928484,4.180570513404288,3200
2014-07-07,4.262055397033691,4.2655983338934975,4.162855530070509,4.162855530070509,450200
2014-07-08,4.205368995666504,4.254969089084234,4.166397710899498,4.254969089084234,35600
2014-07-09,4.251425743103027,4.265597148731786,4.194740120587994,4.265597148731786,120600
2014-07-10,4.247883319854736,4.265597663496661,4.214226438595382,4.265597663496661,50800
2014-07-11,4.262055397033691,4.262055397033691,4.223084105194991,4.262055397033691,9800
2014-07-14,4.262055397033691,4.2655983338934975,4.194741286062653,4.2655983338934975,56000
2014-07-15,4.24079704284668,4.265596916880801,4.219539766622473,4.265596916880801,42800
2014-07-16,4.2337117195129395,4.265597469040222,4.2337117195129395,4.259928973937657,36800
2014-07-17,4.2337117195129395,4.265597469040222,4.2337117195129395,4.25496899848879,47200
2014-07-18,4.265596389770508,4.265596389770508,4.2514249866632134,4.262053454525459,21000
2014-07-21,4.2337117195129395,4.262054532898749,4.145140343214036,4.215997376678561,9000
2014-07-22,4.166397571563721,4.265597417208672,4.138054758522307,4.201825918928997,20600
2014-07-23,4.15222692489624,4.226626907213319,4.1203411699213435,4.1203411699213435,16200
2014-07-24,4.145141124725342,4.251426863897387,4.130969715360606,4.130969715360606,14000
2014-07-25,4.162854194641113,4.1947399404044186,4.09199716954096,4.09199716954096,17400
2014-07-28,4.198283672332764,4.251426366768161,4.162854984127158,4.162854984127158,19600
2014-07-29,4.244340419769287,4.244340419769287,4.169940784009747,4.244340419769287,3000
2014-07-30,4.1876540184021,4.240797039990351,4.127425463325848,4.1451398038552645,12600
2014-07-31,4.192968845367432,4.20182584759013,4.145140222469713,4.152226094546254,3800
2014-08-01,4.088454246520996,4.180568548373878,4.081368712925438,4.180568548373878,8000
2014-08-04,4.173482894897461,4.180568766736081,4.088454460071824,4.088454460071824,8600
2014-08-05,4.145141124725342,4.167815447283529,4.138055588979499,4.142307045576225,11200
2014-08-06,4.169939994812012,4.169939994812012,4.0849112282722535,4.0849112282722535,18600
2014-08-07,4.1593122482299805,4.162855184795929,4.088455206276144,4.1097124877988085,9600
2014-08-08,4.180569171905518,4.180569171905518,4.117506190347182,4.148683421287381,7400
2014-08-11,4.180569171905518,4.194740579083245,4.141951977537486,4.177026235642836,7000
2014-08-12,4.1593122482299805,4.184112466318593,4.130969431448446,4.180569529752645,19200
2014-08-13,4.180569171905518,4.184112108168199,4.109712136016881,4.148683421287381,7000
2014-08-14,4.162854194641113,4.162854194641113,4.138054320324296,4.152225725344327,3400
2014-08-15,4.162854194641113,4.162854194641113,4.116797043857777,4.155768323194624,7800
2014-08-18,4.162854194641113,4.180568535384388,4.078179855369486,4.081368700244174,6600
2014-08-19,4.1593122482299805,4.180569529752645,4.116798023057679,4.123883896189576,9800
2014-08-20,4.155768871307373,4.155768871307373,4.150808895789829,4.155768871307373,1000
2014-08-21,4.12388277053833,4.169939919704863,4.09908255921916,4.09908255921916,11200
2014-08-22,4.155768871307373,4.177026150577558,4.11148318254473,4.177026150577558,8800
2014-08-25,4.180569171905518,4.180569171905518,4.1451404850247,4.1451404850247,8800
2014-08-26,4.15222692489624,4.162855397263525,4.095541288439999,4.162855397263525,6600
2014-08-27,4.084911823272705,4.155768857482619,4.014054789062791,4.099083230114688,30000
2014-08-28,4.113255500793457,4.113255500793457,4.113255500793457,4.113255500793457,1400
2014-08-29,4.13805627822876,4.13805627822876,4.074284756528913,4.134513340829189,5000
2014-09-02,4.102625846862793,4.141597128175692,4.02822588226692,4.109711718668573,8000
2014-09-03,4.074284076690674,4.1026268954117215,4.038855384352839,4.1026268954117215,21600
2014-09-04,3.967999219894409,4.159313457739598,3.939656394870909,4.021142270218316,71800
2014-09-05,4.031769275665283,4.1097121850084335,3.9538263663221334,3.9538263663221334,92200
2014-09-08,4.053024768829346,4.053024768829346,3.9609108229424312,3.9609108229424312,17000
2014-09-09,4.07073974609375,4.1302597801779894,3.9998827235520054,3.9998827235520054,23000
2014-09-10,4.1274261474609375,4.180569177857829,4.017597826145427,4.021140762413153,56000
2014-09-11,4.056568622589111,4.106168710740662,4.017597341959795,4.017597341959795,33400
2014-09-12,4.038854122161865,4.109711484693748,3.989254373837081,3.9927973095382643,7800
2014-09-15,4.013347148895264,4.05656989855429,3.999884258764144,4.017598605666831,7000
2014-09-16,4.038147926330566,4.038147926330566,3.9892566694371725,4.006971020263788,9400
2014-09-17,4.049483776092529,4.180569383592393,4.0353123681972205,4.045940839650448,5800
2014-09-18,4.077826023101807,4.141597180799292,4.060111681235239,4.141597180799292,18000
2014-09-19,4.102625846862793,4.145140064078583,4.038854352102626,4.0849115052213065,18200
2014-09-22,4.077826023101807,4.081368959049714,4.042397339368672,4.081368959049714,2400
2014-09-23,4.155768871307373,4.159311807497902,4.152226272989835,4.159311807497902,14000
2014-09-24,4.155768871307373,4.155768871307373,4.13451192991018,4.13451192991018,9600
2014-09-25,4.148683547973633,4.148683547973633,4.113254860010947,4.114672237283101,2600
2014-09-26,4.148683547973633,4.148683547973633,4.116797796381817,4.148683547973633,2400
2014-09-29,4.049483776092529,4.113254942684913,4.038854966766285,4.113254942684913,51400
2014-09-30,4.028226375579834,4.0884549418129446,4.025037868025941,4.0884549418129446,17200
2014-10-01,3.716454267501831,4.106168395353622,3.6137115011224217,3.9113113314277266,94600
2014-10-02,3.8227412700653076,3.8262842068393437,3.5641129672755505,3.7022841227324714,105000
2014-10-03,3.8971405029296875,3.964454599316179,3.7855407190099037,3.79085478527519,70600
2014-10-06,3.950282096862793,3.9598479540831493,3.663311110472536,3.812111006331517,45800
2014-10-07,3.8439974784851074,3.8439974784851074,3.762511644821839,3.762511644821839,21400
2014-10-08,3.8510828018188477,4.1663969740238125,3.808568588354066,3.8156544595346635,24600
2014-10-09,3.7766833305358887,3.861711768424135,3.755426390000316,3.755426390000316,10200
2014-10-10,3.8050272464752197,3.8050272464752197,3.7837702997759592,3.7873128989771185,3800
2014-10-13,3.744797468185425,3.8085689636023017,3.744797468185425,3.8085689636023017,4600
2014-10-14,3.719998836517334,3.7908558896382862,3.719998836517334,3.7908558896382862,14200
2014-10-15,3.723540782928467,3.755426532817404,3.7164549105651514,3.7164549105651514,22400
2014-10-16,3.8971405029296875,3.8971405029296875,3.7129118806121615,3.7129118806121615,4000
2014-10-17,3.8971405029296875,3.9006834390218663,3.826283470451017,3.84399781303893,24600
2014-10-20,3.7377126216888428,3.8085696641448386,3.7377126216888428,3.8085696641448386,9400
2014-10-21,3.858168840408325,3.964454209745615,3.769597474045284,3.8617114382794053,28600
2014-10-22,3.89359712600708,3.89359712600708,3.7235402673119933,3.757197142758139,10600
2014-10-23,3.794398069381714,3.8971408603673883,3.7766837251690775,3.836912292768233,5000
2014-10-24,3.826282501220703,3.8971395157506814,3.6916540046772957,3.6916540046772957,20600
2014-10-27,3.826282501220703,3.826282501220703,3.826282501220703,3.826282501220703,0
2014-10-28,3.656226634979248,3.656226634979248,3.656226634979248,3.656226634979248,400
2014-10-29,3.6951980590820312,3.7199979372107435,3.663312308417688,3.663312308417688,14400
2014-10-30,3.7518835067749023,3.762511977192323,3.702283415038633,3.702283415038633,16200
2014-10-31,3.748340368270874,3.7554262400818454,3.737711898427382,3.737711898427382,12000
2014-11-03,3.684569835662842,3.730627000842759,3.684569835662842,3.730627000842759,12800
2014-11-04,3.705118179321289,3.7164551704477726,3.5959980348320673,3.5959980348320673,4600
2014-11-05,3.6526834964752197,3.7341689957895565,3.6526834964752193,3.7341689957895565,10600
2014-11-06,3.684569835662842,3.684569835662842,3.6491414809750187,3.684569835662842,14800
2014-11-07,3.6491401195526123,3.6810258633868456,3.631425779881046,3.6810258633868456,10000
2014-11-10,3.7129125595092773,3.730626905336216,3.7129125595092773,3.730626905336216,3600
2014-11-11,3.716454267501831,3.723540138639068,3.716454267501831,3.723540138639068,1000
2014-11-12,3.5959970951080322,3.666854453687303,3.5959970951080322,3.666854453687303,122400
2014-11-13,3.6207973957061768,3.6455972691012333,3.5995401200297463,3.634968800199485,25200
2014-11-14,3.727083921432495,3.727083921432495,3.6137123225760823,3.62079819532405,1000
2014-11-17,3.55879807472229,3.613712235706932,3.5534836702890664,3.613712235706932,101000
2014-11-18,3.503882884979248,3.7129109965526186,3.4861685466091927,3.5463970943436407,52400
2014-11-19,3.48262619972229,3.503883476932183,3.4011407024757774,3.486877655164269,39800
2014-11-20,3.5428555011749268,3.5428555011749268,3.4436556417464774,3.4507411770548515,76600
2014-11-21,3.500339984893799,3.542854194685274,3.4719971783661494,3.542854194685274,26200
2014-11-24,3.4046823978424072,3.5322253515432283,3.3302824541412184,3.5322253515432283,56400
2014-11-25,3.4897117614746094,3.503883165731572,3.301940232728691,3.404682998059904,96000
2014-11-26,3.386969566345215,3.4223979140155776,3.365712287444609,3.4223979140155776,25600
2014-11-28,3.3657121658325195,3.369255101833436,3.3657121658325195,3.3657121658325195,7400
2014-12-01,3.5286831855773926,3.539311654744241,3.365711860902963,3.365711860902963,32200
2014-12-02,3.574742078781128,3.727085008568532,3.542856317860685,3.542856317860685,21600
2014-12-03,3.5428555011749268,3.553483973074003,3.539312564584225,3.5428555011749268,6200
2014-12-04,3.5428555011749268,3.5428555011749268,3.4542841136455538,3.528684092685148,8200
2014-12-05,3.4897117614746094,3.5393115074375148,3.4719974216851734,3.4932543591341534,22800
2014-12-08,3.369255542755127,3.4755412715810117,3.3657126062905602,3.4755412715810117,5200
2014-12-09,3.390512704849243,3.542855603937948,3.326741533732027,3.369255760434518,32800
2014-12-10,3.344454526901245,3.4135404199742534,3.33028312229936,3.383426142961131,87000
2014-12-11,3.3657121658325195,3.484043390130146,3.330283481569303,3.344454887699995,68400
2014-12-12,3.493256092071533,3.5428562005130306,3.312570682628922,3.312570682628922,43200
2014-12-15,3.47554087638855,3.542854972196166,3.4471977257678397,3.5286835658223006,4400
2014-12-16,3.3621695041656494,3.5393122641896313,3.3338266895916524,3.45782675675764,36800
2014-12-17,3.5286831855773926,3.5286831855773926,3.4046831397633692,3.418854544610148,28400
2014-12-18,3.457827091217041,3.5286841345057027,3.436569809293925,3.5003413171902378,15400
2014-12-19,3.53576922416687,3.53576922416687,3.413540966604829,3.518055218982568,20800
2014-12-22,3.514511823654175,3.5428546336938904,3.4259404578118278,3.5428546336938904,4800
2014-12-23,3.443655252456665,3.5357692282906377,3.4223979731885223,3.5357692282906377,2600
2014-12-24,3.433026075363159,3.539311784548501,3.425940541616379,3.4822720722252267,60000
2014-12-26,3.390512704849243,3.5357697305510127,3.390512704849243,3.454284213839499,61200
2014-12-29,3.43656849861145,3.454282837145753,3.418854160077147,3.418854160077147,2000
2014-12-30,3.443655252456665,3.53222662997344,3.4188550369983335,3.4188550369983335,8400
2014-12-31,3.5322256088256836,3.5322256088256836,3.431962841165114,3.431962841165114,16800
2015-01-02,3.5322256088256836,3.542854076450625,3.4755399976621364,3.4755399976621364,4200
2015-01-05,3.5322256088256836,3.5322256088256836,3.4223969837916406,3.482625530121133,20400
2015-01-06,3.4046823978424072,3.52159654681958,3.3940539309916287,3.52159654681958,13200
2015-01-07,3.5251410007476807,3.532226873616823,3.404683864956383,3.404683864956383,11400
2015-01-08,3.4507405757904053,3.4719978537576743,3.4507405757904053,3.4719978537576743,2000
2015-01-09,3.440112829208374,3.45074130149072,3.440112829208374,3.440112829208374,1400
2015-01-12,3.471998453140259,3.471998453140259,3.471998453140259,3.471998453140259,200
2015-01-13,3.4861695766448975,3.5286837985706887,3.4046837312157128,3.4826266403494976,13600
2015-01-14,3.500339984893799,3.5180543234418065,3.4897115169141566,3.5109684528734415,4000
2015-01-15,3.4082257747650146,3.535768407134042,3.4082257747650146,3.525139938904851,33200
2015-01-16,3.433026075363159,3.4542833523494094,3.408226200439996,3.408226200439996,18800
2015-01-20,3.45959734916687,3.4719972851700445,3.4401115423773585,3.454282946077117,20200
2015-01-21,3.5074267387390137,3.5215981469367725,3.4613699155010647,3.486169795378887,69200
2015-01-22,3.48262619972229,3.5074260749063666,3.454283388691072,3.5074260749063666,19600
2015-01-23,3.48262619972229,3.5272663129265864,3.479083263875148,3.5251404162691173,8400
2015-01-26,3.574742078781128,3.6278847883997956,3.479084796019798,3.479084796019798,127200
2015-01-27,3.6137115955352783,3.627883000307066,3.5428545716763398,3.5428545716763398,49800
2015-01-28,3.6207973957061768,3.6278829290163634,3.560568842141381,3.560568842141381,33000
2015-01-29,3.6491401195526123,3.6491401195526123,3.61371144020948,3.61371144020948,14200
2015-01-30,3.7022836208343506,3.7022836208343506,3.6243407117370903,3.6243407117370903,10600
2015-02-02,3.6810264587402344,3.705826335567696,3.6668550522855443,3.670397650494481,10200
2015-02-03,3.6317801475524902,3.6845683991071447,3.626111315684341,3.67748286608134,10800
2015-02-04,3.6236321926116943,3.6491409284829497,3.613712241286095,3.613712241286095,10200
2015-02-05,3.8050272464752197,3.843998878545657,3.642055857664227,3.642055857664227,54800
2015-02-06,3.8014822006225586,3.8262824085118274,3.787310798059929,3.8262824085118274,19600
2015-02-09,3.797940731048584,3.861711892578529,3.7695979175079444,3.861711892578529,5600
2015-02-10,3.642055034637451,3.8971407024961873,3.6385124362368435,3.8439980098840754,34600
2015-02-11,3.5605697631835938,3.794398166745993,3.546398355024449,3.794398166745993,65000
2015-02-12,3.5959970951080322,3.642054243035388,3.5782830933361405,3.5782830933361405,7800
2015-02-13,3.642055034637451,3.642055034637451,3.571197998530302,3.571197998530302,6600
2015-02-17,3.564112663269043,3.659769582897472,3.560569726797208,3.59245547929769,48400
2015-02-18,3.5488784313201904,3.6066270139208743,3.542855506681242,3.549941379873659,28200
2015-02-19,3.5251410007476807,3.578284033647203,3.5251410007476807,3.5251410007476807,37200
2015-02-20,3.5924549102783203,3.5924549102783203,3.489712133979947,3.525140479467648,10800
2015-02-23,3.5074267387390137,3.528684019972163,3.5074267387390137,3.525141083454468,30400
2015-02-24,3.527975559234619,3.527975559234619,3.525141142398464,3.525141142398464,5800
2015-02-25,3.53576922416687,3.56127795925889,3.4861694690540386,3.5322266258538044,86400
2015-02-26,3.5853688716888428,3.68669460405912,3.5357687848655783,3.5393117206114435,11000
2015-02-27,3.642055034637451,3.642055034637451,3.5818264694781248,3.606626685520377,28200
2015-03-02,3.7908549308776855,3.8085692741459867,3.613712173940663,3.6633122675173073,51600
2015-03-03,3.716454267501831,3.7908542250781574,3.705825798668908,3.7908542250781574,17000
2015-03-04,3.6987404823303223,3.7199977610576216,3.6951978841032584,3.7199977610576216,13000
2015-03-05,3.6314265727996826,3.7022836090845885,3.6243407002346917,3.695198074392598,11200
2015-03-06,3.567655324935913,3.6597696475938974,3.546398381475163,3.63496976759868,12200
2015-03-09,3.588912010192871,3.5924549461388966,3.5641121343166264,3.5641121343166264,20600
2015-03-10,3.624516725540161,3.6423185983847093,3.574670598748132,3.596033321530133,13000
2015-03-11,3.624516725540161,3.649439619161696,3.6031540027581603,3.649439619161696,4800
2015-03-12,3.5960333347320557,3.6209562284450887,3.581791632674757,3.5853518035273613,57600
2015-03-13,3.631636619567871,3.816779045050197,3.5889115228140005,3.6031532217319575,127000
2015-03-16,3.5960333347320557,3.6316374201008226,3.5604289098143282,3.6245167388466535,19600
2015-03-17,3.5960333347320557,3.6494396325596865,3.5604289098143282,3.5604289098143282,16600
2015-03-18,3.5960333347320557,3.6494396325596865,3.574670611871627,3.5853518035273613,38200
2015-03-19,3.5960333347320557,3.617395718043524,3.581791632674757,3.617395718043524,5800
2015-03-20,3.7028465270996094,3.709967549050289,3.6138357900102047,3.6138357900102047,67200
2015-03-23,3.649439573287964,3.677922976939954,3.620956169635974,3.649439573287964,20000
2015-03-24,3.649439573287964,3.649439573287964,3.649439573287964,3.649439573287964,0
2015-03-25,3.734888792037964,3.738449301435821,3.6654605565240783,3.734888792037964,76600
2015-03-26,3.6636807918548584,3.788295921056627,3.617395182138456,3.788295921056627,19000
2015-03-27,3.6565611362457275,3.688604715444582,3.6494401145022004,3.688604715444582,22000
2015-03-30,3.7455713748931885,3.7455713748931885,3.677923035481242,3.677923035481242,2800
2015-03-31,3.7740561962127686,3.7740561962127686,3.660122197458464,3.660122197458464,11000
2015-04-01,3.6458795070648193,3.855944889248946,3.6316378035039802,3.7776153498898317,36200
2015-04-02,3.588912010192871,3.6668853478237313,3.588912010192871,3.6668853478237313,7400
2015-04-06,3.6173951625823975,3.6636807720485742,3.6102744824216284,3.6102744824216284,12800
2015-04-07,3.61027455329895,3.6138347236747737,3.5960328531489094,3.5960328531489094,1400
2015-04-08,3.6458795070648193,3.6458795070648193,3.578231500038082,3.578231500038082,2800
2015-04-09,3.631636619567871,3.631636619567871,3.631636619567871,3.631636619567871,9000
2015-04-10,3.624516725540161,3.624516725540161,3.624516725540161,3.624516725540161,800
2015-04-13,3.6565611362457275,3.6565611362457275,3.620956706626104,3.6316378996923886,25000
2015-04-14,3.649439573287964,3.649439573287964,3.6280768507744945,3.6387583818057068,19400
2015-04-15,3.677921772003174,3.7348885606440647,3.6102737953793267,3.6280756621679724,42000
2015-04-16,3.699286460876465,3.703202819331306,3.578231800664386,3.585352483268554,25200
2015-04-17,3.688603401184082,3.70284510004777,3.645878304593017,3.70284510004777,10600
2015-04-20,3.681483745574951,3.688604427213055,3.6565608505181197,3.6565608505181197,5400
2015-04-21,3.770493745803833,3.7918561261463903,3.6708018452577664,3.6708018452577664,20000
2015-04-22,3.770493745803833,3.8060978262244,3.709966435585064,3.709966435585064,11600
2015-04-23,3.8417022228240967,3.853807820613775,3.7740542327522952,3.7882959327436696,36400
2015-04-24,3.8274612426757812,3.855944648015497,3.8274612426757812,3.855944648015497,4200
2015-04-27,3.766932964324951,3.7669329643249507,3.7669329643249507,3.7669329643249507,2000
2015-04-28,3.677921772003174,3.7384490698213315,3.6672405840202176,3.7384490698213315,1800
2015-04-29,3.677921772003174,3.677921772003174,3.677921772003174,3.677921772003174,0
2015-04-30,3.766932964324951,3.863064687582708,3.667241070966042,3.777614153726183,22600
2015-05-01,3.734888792037964,3.742009810833678,3.725275824122388,3.738449301435821,3800
2015-05-04,3.8096587657928467,3.809658765792847,3.734889747063454,3.738094070521337,11400
2015-05-05,3.766932964324951,3.8192713696241003,3.667241070966042,3.8167790807788498,28600
2015-05-06,3.7882957458496094,3.7882957458496094,3.6672411321206506,3.713526739696364,33200
2015-05-07,3.8773069381713867,4.090932454328182,3.791856392159731,3.791856392159731,63600
2015-05-08,3.8488242626190186,3.8879888630875685,3.8452637517903314,3.863065966384764,30000
2015-05-11,3.8488242626190186,3.8666261376644493,3.798978129664408,3.798978129664408,18400
2015-05-12,3.866708755493164,3.866708755493164,3.866708755493164,3.866708755493164,0
2015-05-13,3.9096317291259766,3.96686324446285,3.8702848064868216,3.8702848064868216,48200
2015-05-14,3.9167866706848145,3.966864432161475,3.88459384838745,3.9632873761002476,19400
2015-05-15,3.9167866706848145,3.9632873761002476,3.861343666243154,3.9632873761002476,55400
2015-05-18,3.9167866706848145,3.9454024369209515,3.902478787566746,3.902478787566746,6000
2015-05-19,3.8309388160705566,3.9454018644054227,3.818061620794847,3.8738624591961313,12000
2015-05-20,3.9203622341156006,3.934670111786118,3.8273608586938814,3.8273608586938814,7800
2015-05-21,3.8309388160705566,3.9203631578638687,3.8273617605283943,3.8917473957801523,4800
2015-05-22,3.9167866706848145,3.9239407828072697,3.9167866706848145,3.9239407828072697,400
2015-05-26,3.9167866706848145,3.9167866706848145,3.9167866706848145,3.9167866706848145,0
2015-05-27,3.8810157775878906,3.931093180442752,3.8810157775878906,3.931093180442752,2800
2015-05-28,3.8452467918395996,3.9203632544415385,3.8452467918396,3.8452467918396,11400
2015-05-29,3.8452467918395996,3.8452467918396,3.8452467918396,3.8452467918396,0
2015-06-01,3.8488237857818604,3.8488237857818604,3.8488237857818604,3.8488237857818604,600
2015-06-02,3.745091438293457,3.909632236817025,3.723629446691781,3.909632236817025,5200
2015-06-03,3.85597825050354,3.9239409541267523,3.730784353036178,3.730784353036178,4400
2015-06-04,3.8277194499969482,3.8277194499969482,3.7486680948486315,3.7486680948486315,1600
2015-06-05,3.8452467918395996,3.8452467918396,3.759399503473613,3.766553273607378,5600
2015-06-08,3.827361583709717,3.827361583709717,3.827361583709717,3.827361583709717,4400
2015-06-09,3.827361583709717,3.827361583709717,3.748668071051629,3.823784528332809,2000
2015-06-10,3.8023228645324707,3.8094766341335604,3.730783462887699,3.7772841592384943,3400
2015-06-11,3.752244234085083,3.8416685504805903,3.752244234085083,3.8058990285984042,9800
2015-06-12,3.752244234085083,3.752244234085083,3.752244234085083,3.752244234085083,0
2015-06-15,3.773707151412964,3.8416694985499436,3.748668104676789,3.748668104676789,19000
2015-06-16,3.723987102508545,3.782649308075689,3.7200522052543374,3.723629260530247,5400
2015-06-17,3.8202083110809326,3.92394054261909,3.677129147531419,3.677129147531419,29400
2015-06-18,3.7987451553344727,3.8416687889333874,3.698590010270338,3.702167065018594,4800
2015-06-19,3.8452467918395996,3.9346711358358695,3.8273618548149857,3.931094080205587,18800
2015-06-22,3.8094770908355713,3.8452469665096434,3.7808613267470403,3.8452469665096434,8000
2015-06-23,3.8094770908355713,3.8094770908355713,3.8094770908355713,3.8094770908355713,0
2015-06-24,3.7558226585388184,3.7915925345946775,3.755822658538818,3.7772846523976975,7000
2015-06-25,3.7880146503448486,3.9704403643059125,3.7593988922090045,3.7701297162282597,13600
2015-06-26,3.8094770908355713,3.8559777927611387,3.788015438332581,3.788015438332581,13600
2015-06-29,3.773707151412964,3.7987458570223596,3.7629763263127627,3.791592087331152,11200
2015-06-30,3.745091438293457,3.8237846115371057,3.7379373273839707,3.755822263530903,5000
2015-07-01,3.8058993816375732,3.823783973674312,3.680705190620042,3.823783973674312,1600
2015-07-02,3.8094770908355713,3.8094770908355713,3.7915924941253514,3.805900376169617,31800
2015-07-06,3.773707151412964,3.784437976513165,3.7701300960039705,3.773707151412964,11800
2015-07-07,3.687859535217285,3.7737068105174925,3.6842824801314227,3.752244821129066,6400
2015-07-08,3.7343595027923584,3.8166300556729107,3.680705046529134,3.680705046529134,30800
2015-07-09,3.7343595027923584,3.755821489973676,3.702167033710452,3.755821489973676,9800
2015-07-10,3.7558226585388184,3.755822658538818,3.7415147763418384,3.7415147763418384,2200
2015-07-13,3.72005295753479,3.72005295753479,3.6699755380523134,3.6699755380523134,5200
2015-07-14,3.751887321472168,3.752244822304817,3.680705426198894,3.6842824812858774,11400
2015-07-15,3.752244234085083,3.752244234085083,3.7307825891811106,3.7307825891811106,3000
2015-07-16,3.687859535217285,3.77012975543163,3.6842824801314227,3.7486677660432037,9800
2015-07-17,3.7558226585388184,3.755822658538818,3.755822658538818,3.755822658538818,3600
2015-07-20,3.8058993816375732,3.809476095368885,3.6771281357620036,3.7558216370052153,10000
2015-07-21,3.8309388160705566,3.8309388160705566,3.7379374187350822,3.7379374187350822,14200
2015-07-22,3.7558226585388184,3.859554889748627,3.7415147763418384,3.7522456027078683,15000
2015-07-23,3.7486681938171387,3.7558223048052444,3.7486681938171382,3.7558223048052444,2400
2015-07-24,3.882089138031006,3.8820891380310063,3.6735518634261353,3.698590568187475,39400
2015-07-27,3.7880146503448486,3.8273612324999475,3.7880146503448486,3.8023225294127703,7000
2015-07-28,3.770129680633545,3.7951683834843255,3.770129680633545,3.791591669596172,6800
2015-07-29,3.7415144443511963,3.766553150692481,3.7415144443511963,3.7629764363057188,22800
2015-07-30,3.780860662460327,3.7865840871738965,3.7379370238690948,3.7379370238690948,800
2015-07-31,3.7558226585388184,3.7915925345946775,3.7379377205108884,3.755822658538818,21200
2015-08-03,3.7558226585388184,3.8273620695237174,3.755822658538818,3.809477131495788,11400
2015-08-04,3.7593994140625,3.80947682718825,3.755822358517291,3.755822358517291,8200
2015-08-05,3.827361583709717,3.844173334629051,3.7915920533209686,3.8130537033288623,12200
2015-08-06,3.7772839069366455,3.7915917863099122,3.752244862188365,3.762976027563379,39000
2015-08-07,3.7397260665893555,3.8094769462672766,3.720052601602535,3.7593995315761752,53800
2015-08-10,3.8012495040893555,3.8023226888743116,3.8012495040893555,3.8023226888743116,4800
2015-08-11,3.773707151412964,3.773707151412964,3.7522451600857822,3.7558222154947756,5800
2015-08-12,3.766552448272705,3.7915914910712787,3.720051758648755,3.730782923188169,4200
2015-08-13,3.7593994140625,3.7737072951165413,3.737937421918041,3.737937421918041,8400
2015-08-14,3.7593994140625,3.791592231715792,3.755822358517291,3.788015176170583,7600
2015-08-17,3.745091438293457,3.755822263530903,3.6842828600699566,3.6842828600699566,10400
2015-08-18,3.8166306018829346,3.838092251008983,3.6342048786777106,3.7415141476882403,54000
2015-08-19,3.7415144443511963,3.818419432258616,3.7379373888376444,3.818419432258616,6200
2015-08-20,3.79516863822937,3.7951686382293697,3.7844378135911363,3.7844378135911363,3800
2015-08-21,3.7880146503448486,3.8452461666165365,3.755821837160338,3.8452461666165365,12000
2015-08-24,3.766552448272705,3.8309380710022864,3.766552448272705,3.8309380710022864,10000
2015-08-25,3.7093217372894287,3.8094769067597394,3.7093217372894283,3.8094769067597394,4400
2015-08-26,3.702167510986328,3.7522449189874245,3.687859631396478,3.7522449189874245,4200
2015-08-27,3.702167510986328,3.702167510986328,3.702167510986328,3.702167510986328,0
2015-08-28,3.677128314971924,3.7343598309828887,3.5769731619527354,3.5769731619527354,3600
2015-08-31,3.773707151412964,3.773707151412964,3.6950136380490037,3.6950136380490037,21000
2015-09-01,3.7558226585388184,3.7915925345946775,3.695014073919949,3.7915925345946775,9400
2015-09-02,3.7558226585388184,3.762976770200718,3.7236298383139084,3.7307839499758084,4800
2015-09-03,3.7558226585388184,3.755822658538818,3.684283247553919,3.684283247553919,5800
2015-09-04,3.8058993816375732,3.8058993816375732,3.7558216370052153,3.7558216370052153,25400
2015-09-08,3.891747236251831,3.974017463588443,3.773707137213436,3.7987458427286174,137400
2015-09-09,3.8738627433776855,3.948979209639586,3.8631319170907905,3.9024785075606174,48600
2015-09-10,3.8023228645324707,3.8738622661772433,3.7593992235456075,3.855977330484356,73000
2015-09-11,3.859553813934326,3.9203623816033795,3.6878592754288047,3.7808603132225995,78000
2015-09-14,4.006211280822754,4.024096221142091,3.881017380841118,3.884594096003495,45200
2015-09-15,4.023379802703857,4.02409514554513,3.9811715049278606,3.9811715049278606,29600
2015-09-16,4.077749252319336,4.113519120250471,4.024094791549374,4.024094791549374,28000
2015-09-17,4.113519668579102,4.113519668579102,4.077749795879873,4.109942613083821,26600
2015-09-18,4.052711486816406,4.238714297277087,4.049134430970589,4.149289947892565,100800
2015-09-21,4.19221305847168,4.217251763936276,4.041980143430548,4.041980143430548,35000
2015-09-22,4.123959541320801,4.163475053925261,4.095221173565757,4.131144304553746,18000
2015-09-23,4.0916290283203125,4.109590250759672,4.03774433323716,4.1024058303016,22800
2015-09-24,4.19580602645874,4.238913580384064,4.1311445242765625,4.138329287891643,54600
2015-09-25,4.228135108947754,4.274834683662593,4.220950348168087,4.238911907529006,28000
2015-09-28,4.228135108947754,4.238911907529006,4.048520200515069,4.188619609836084,33000
2015-09-29,4.0772600173950195,4.210175056084687,4.0772600173950195,4.210175056084687,4800
2015-09-30,4.152698516845703,4.159882937949061,3.998229523357044,4.113183001717876,25600
2015-10-01,4.113182067871094,4.12036682993163,4.105997648398869,4.12036682993163,1800
2015-10-02,4.185029983520508,4.238914697063583,4.091630430038433,4.095222470203858,18600
2015-10-05,4.253281116485596,4.2748347138000495,4.210173579268434,4.210173579268434,56600
2015-10-06,4.404160022735596,4.5176767008759215,4.220952634669157,4.22813739934083,62800
2015-10-07,4.5406670570373535,4.691543675596034,4.368236489003831,4.404159623932433,70000
2015-10-08,4.66998815536499,4.766980381495719,4.479596426494061,4.479596426494061,38800
2015-10-09,4.66998815536499,4.84601070361525,4.58018069083874,4.7238724970454244,11400
2015-10-12,4.849603176116943,4.860379976139147,4.601734720076483,4.666395862798002,5200
2015-10-13,4.7597975730896,4.8496050744686485,4.317944830747125,4.8496050744686485,23600
2015-10-14,4.72746467590332,4.759795416565816,4.555034515821044,4.756203035917033,6000
2015-10-15,4.705911636352539,4.72387285655409,4.6161041649915235,4.72387285655409,16600
2015-10-16,4.799310684204102,4.867564547717598,4.669988061225036,4.669988061225036,27000
2015-10-19,4.914265155792236,4.914265155792236,4.634065586321044,4.824457680533392,47400
2015-10-20,5.011257648468018,5.205241804454252,4.8172734924817835,4.8172734924817835,22400
2015-10-21,5.136987209320068,5.208833114799645,4.9609646552480315,4.9609646552480315,27800
2015-10-22,4.957372665405273,5.133395233363418,4.925041919741874,5.104656868904469,21800
2015-10-23,5.115434646606445,5.115434646606445,4.993296403042204,4.993296403042204,8000
2015-10-26,5.104657173156738,5.1082495545753055,4.93977077155169,5.054364861061847,10600
2015-10-27,5.039995193481445,5.075918319037129,4.978926085589772,5.0220336307036035,10800
2015-10-28,5.022035121917725,5.064783647170723,4.960966338480954,4.993296749975098,13800
2015-10-29,4.964556694030762,5.029218180262391,4.921449150739108,5.029218180262391,11800
2015-10-30,5.208832740783691,5.208832740783691,4.921448796912453,4.9430027383028134,19600
2015-11-02,5.154949188232422,5.20524115484123,5.154949188232422,5.154949188232422,9600
2015-11-03,5.201648712158203,5.208833474496457,5.158541165893659,5.201648712158203,4800
2015-11-04,5.295047760009766,5.298640140631378,5.194463500722496,5.194463500722496,11600
2015-11-05,5.295047760009766,5.323067712199459,5.23757104041704,5.295047760009766,9000
2015-11-06,5.15854024887085,5.320193946861459,5.1549482109285965,5.2986400062666235,4200
2015-11-09,5.29863977432251,5.388447228124587,5.226793879798499,5.388447228124587,8200
2015-11-10,5.195911884307861,5.316663232490847,5.154460016182519,5.316663232490847,33400
2015-11-11,5.576188564300537,6.1276796352192715,5.298640556997715,5.298640556997715,66400
2015-11-12,5.725776195526123,5.8573410032521585,5.576188731347057,5.576188731347057,76600
2015-11-13,5.558166027069092,6.10965745351721,5.532934514504101,5.785250327661167,48400
2015-11-16,5.702345848083496,5.760018065731069,5.5978148676588875,5.760018065731069,27200
2015-11-17,5.6374664306640625,5.767228958478521,5.5293308189418635,5.702347522694475,54600
2015-11-18,5.493285179138184,5.76722862114336,5.417590289735532,5.540143952935407,53400
2015-11-19,5.489680767059326,5.587002918381256,5.046325216602424,5.406777017788312,33400
2015-11-20,5.633861541748047,5.648279599656245,5.518517078482458,5.587002767607998,22600
2015-11-23,5.583398342132568,5.682522794141633,5.450031216364645,5.633861718269199,70000
2015-11-24,5.586642265319824,5.740194945601579,5.500494513944766,5.605025521499911,64000
2015-11-25,5.644673824310303,5.673149680410117,5.504097874904446,5.5870016046818956,54600
2015-11-27,5.65548849105835,5.659093091495681,5.630256975504269,5.651884234374637,6800
2015-11-30,5.587002754211426,5.65909304357956,5.3220708118759275,5.587002754211426,94000
2015-12-01,5.529330253601074,5.659092768148096,5.370731280956671,5.540143710541593,187800
2015-12-02,5.406776428222656,5.522120882023591,5.388753771377863,5.475262111728564,25600
2015-12-03,5.406776428222656,5.446425998278331,5.352708801441865,5.446425998278331,22200
2015-12-04,5.489680767059326,5.489680767059326,5.370731700168274,5.406777017788312,16800
2015-12-07,5.659092903137207,5.677115560970374,5.47886701231275,5.4896804695112085,66800
2015-12-08,5.994312763214111,6.066403393787857,5.619443271749369,5.619443271749369,67400
2015-12-09,5.8537373542785645,6.275466002532054,5.788495664197163,6.055590176837889,108400
2015-12-10,5.9294304847717285,5.975567706379664,5.77083155109661,5.788853860318021,35000
2015-12-11,6.066403388977051,6.210583962502998,5.830668168449808,5.947454329879744,51400
2015-12-14,6.091634750366211,6.214188406661165,5.8573412383342776,6.163725379071662,89400
2015-12-15,5.994312763214111,6.1359708729167375,5.947814588372,6.091634908236506,52000
2015-12-16,6.379997730255127,6.524178326205692,5.778043140592621,6.0123366949507036,146000
2015-12-17,6.607080459594727,6.632311971748338,6.343950850696857,6.376391562753542,91800
2015-12-18,6.491737365722656,6.902652220838195,6.127680944740161,6.6899855918731,232800
2015-12-21,6.585453510284424,6.866605429848574,6.434063750708673,6.848583117699589,166800
2015-12-22,6.478038787841797,6.765679400584951,6.452086080769214,6.5782443286837555,37800
2015-12-23,6.365578651428223,6.610685982288474,6.340347135752709,6.610685982288474,32400
2015-12-24,6.370624542236328,6.621499355088101,6.354764438763706,6.354764438763706,18200
2015-12-28,6.6575446128845215,6.837770515981087,6.307906608379797,6.307906608379797,61000
2015-12-29,6.75486421585083,6.848581732587072,6.55373198041278,6.769282612659636,72800
2015-12-30,6.81614351272583,6.84858422986789,6.71593795588928,6.765680480508071,35400
2015-12-31,6.794516563415527,7.191013680678541,6.794516563415527,6.834165793886756,133600
2016-01-04,6.895443916320801,7.028811409674276,6.322326080038761,6.650337224156304,161600
2016-01-05,7.082878589630127,7.205432271461489,6.9026526678201625,7.036020152462761,198200
2016-01-06,6.506154537200928,7.115318255056108,6.36269515372582,7.0288099079210244,297000
2016-01-07,6.250233173370361,6.434063641705622,5.857340725115866,6.434063641705622,94000
2016-01-08,6.257441997528076,6.484526275660976,5.947453302371881,6.1096568492575845,67200
2016-01-11,6.4340643882751465,6.718820935987714,6.134889439408926,6.138494039697339,162800
2016-01-12,5.997917175292969,6.543280874076163,5.7924597783639316,6.480922597462754,196800
2016-01-13,5.87175989151001,6.091635012250589,5.540143878967836,6.07000809771207,90000
2016-01-14,5.997917175292969,6.0537874466099035,5.507702896544168,5.8140866918545715,248600
2016-01-15,6.643124580383301,6.6546588856556435,5.853735207732829,5.853735207732829,111000
2016-01-19,6.23581600189209,6.848584350347105,5.933036428244584,6.6431269298378535,178200
2016-01-20,6.59626579284668,6.762073931290827,6.102447352006159,6.2177917852679725,63200
2016-01-21,6.3691816329956055,6.520571376076422,6.217791889914788,6.520571376076422,79600
2016-01-22,6.019545078277588,6.765680162454793,6.019545078277587,6.4340644930974555,182200
2016-01-25,5.828505516052246,6.124075876095158,5.6050254458059445,6.030358327482755,123800
2016-01-26,6.048380374908447,6.181747132165492,5.702346350997731,5.934837885616652,79200
2016-01-27,5.770833492279053,6.0375677460202715,5.761821990883561,6.0375677460202715,46000
2016-01-28,5.817691326141357,5.974848594279447,5.7203695273555075,5.792459812336433,54600
2016-01-29,6.1024489402771,6.275465635200494,5.767228664171003,5.8645508128806245,44200
2016-02-01,5.9294304847717285,6.163723942185204,5.909244590934472,5.990707298634363,89200
2016-02-02,5.846527576446533,5.947454321526547,5.788855347117155,5.868155178075454,45200
2016-02-03,5.691532611846924,5.830667203207604,5.677114556881177,5.788854396927329,52200
2016-02-04,5.695137977600098,5.772274564855085,5.5942115792639,5.659092663460374,65400
2016-02-05,6.221397399902344,6.221397399902345,5.7081141756296985,5.767228104196046,120800
2016-02-08,6.163725852966309,6.480923131142016,5.8357147734012145,6.088030618255081,76400
2016-02-09,6.109657287597656,6.23581484699656,6.073611975980626,6.127679599652604,60200
2016-02-10,6.51503849029541,6.51503849029541,6.125222142129132,6.467985738289826,36000
2016-02-11,6.967470169067383,6.967470169067383,6.305108097492447,6.587426617806974,110800
2016-02-12,7.206356525421143,7.351135022822099,6.9493747788292355,7.05795847929037,154600
2016-02-16,7.2027363777160645,7.257028223431755,7.086913589427053,7.238931171645949,151800
2016-02-17,7.220832824707031,7.257026921786746,7.108628914613837,7.257026921786746,70200
2016-02-18,7.2389302253723145,7.517629204735113,6.044507014329156,7.130346548135003,132600
2016-02-19,7.166543006896973,7.238932609131653,6.699632212594354,7.159304598960233,62000
2016-02-22,7.289601802825928,7.3999955884193165,7.148442898156672,7.184637683813898,89000
2016-02-23,7.30770206451416,7.466958071831286,7.063387694723649,7.2389320170518285,60400
2016-02-24,7.43438196182251,7.434381961822511,7.184638666038721,7.430762413726141,70800
2016-02-25,7.542966365814209,7.691364400189197,7.0579579201736165,7.0579579201736165,89000
2016-02-26,7.597256183624268,7.69896318954145,7.489396016032284,7.6008757311010955,41400
2016-02-29,7.865096092224121,7.872335186817473,7.448857818119176,7.622591946211283,113200
2016-03-01,7.618972301483154,7.986348408280108,7.503149550902892,7.872335086146016,153400
2016-03-02,7.314937114715576,7.492291475253056,7.094150258967883,7.454286574933289,129600
2016-03-03,7.314937114715576,7.501339998049939,7.137583444536134,7.228070053221035,119200
2016-03-04,7.0470991134643555,7.343895865775902,6.967471120614874,7.2932228790914495,129800
2016-03-07,6.90593957901001,7.130346725330883,6.696010624871606,6.902320030964392,85200
2016-03-08,7.119487762451172,7.184638243639066,6.699629872971603,6.699629872971603,66000
2016-03-09,7.123108863830566,7.202736863560824,7.032622218081414,7.141205916837069,75800
2016-03-10,7.162919998168945,7.202733635008857,6.884221088499507,7.148441809966788,69200
2016-03-11,7.2027363777160645,7.307701211076902,7.083294040998237,7.304081662648087,57200
2016-03-14,7.361992359161377,7.361992359161377,7.177399548933649,7.246169581847871,50000
2016-03-15,7.285982608795166,7.3475135402909615,7.173779389135123,7.285982608795166,93000
2016-03-16,7.60811710357666,7.6841255522692355,7.257028487163431,7.257028487163431,58800
2016-03-17,7.597256183624268,7.687742799470708,7.488672520751774,7.488672520751774,110200
2016-03-18,7.553823947906494,7.9085313611024635,7.4988079238886565,7.655168528614954,44000
2016-03-21,7.542966365814209,7.6153559539593,7.488674519884529,7.553825011143456,41600
2016-03-22,7.347512722015381,7.586397325840167,7.246168156973393,7.553822780189581,68400
2016-03-23,7.392758369445801,7.452479884490838,7.1991170109466704,7.1991170109466704,55800
2016-03-24,7.481434345245361,7.553823922962227,7.2896024475463905,7.340275428091467,46200
2016-03-28,7.372851371765137,7.676885832223492,7.372851371765137,7.481435058331818,33600
2016-03-29,7.2389302253723145,7.394567335675128,7.1560444411546085,7.394567335675128,40000
2016-03-30,7.159300804138184,7.2389287721024145,7.144822615222117,7.173778302696205,73600
2016-03-31,7.2027363777160645,7.235311623217133,7.155683628858006,7.159303177286822,31000
2016-04-01,7.170162200927734,7.2852615109015,7.1375869505713245,7.220835196125693,55800
2016-04-04,7.358372211456299,7.4597174785262945,7.166540320688926,7.166540320688926,86000
2016-04-05,7.271505832672119,7.438000904865331,7.195496702493057,7.358372916906606,44600
2016-04-06,7.289601802825928,7.409044112244095,7.249788159925283,7.249788159925283,36000
2016-04-07,7.30408239364624,7.336657642407465,7.2316927985416655,7.235312347332728,33000
2016-04-08,7.340278625488281,7.340278625488281,7.26463121458275,7.304083820863533,18200
2016-04-11,7.485053539276123,7.673265880154814,7.2696949354475295,7.325796890043527,73600
2016-04-12,7.600877285003662,7.6443111732470195,7.419904016313098,7.485054503499018,67400
2016-04-13,7.597256183624268,7.673265299921486,7.532105709757534,7.6551675625373425,29400
2016-04-14,7.448859691619873,7.611735909145838,7.445240143412827,7.510390630423212,32800
2016-04-15,7.347512722015381,7.445238430041359,7.16653949545975,7.3040795342425495,52000
2016-04-18,7.369231700897217,7.493017073909497,7.285983472865629,7.2932225692785035,54800
2016-04-19,7.738418102264404,7.90129435047089,7.347515796927203,7.347515796927203,138800
2016-04-20,7.633451461791992,7.7854690138613485,7.567939236047452,7.647928962277669,58600
2016-04-21,7.760134696960449,7.770992652291111,7.4380017784376316,7.564683216708967,42400
2016-04-22,7.702223777770996,7.760135177649411,7.568303234078197,7.734799026497397,21600
2016-04-25,7.64793062210083,7.731178856803768,7.590019226873395,7.731178856803768,33000
2016-04-26,7.959202289581299,7.962821836895582,7.564680606979191,7.713078595074509,53800
2016-04-27,7.687745571136475,7.959205516545354,7.6406928176899385,7.959205516545354,16800
2016-04-28,7.4633378982543945,7.669647313930112,7.4452401571856806,7.669647313930112,45600
2016-04-29,7.412664890289307,7.532107219533954,7.365973892087975,7.474195829012806,50600
2016-05-02,7.347512722015381,7.4235218361549435,7.347512722015381,7.358371364137625,33800
2016-05-03,7.2027363777160645,7.539346787654925,6.916798955422352,7.307701211076902,116800
2016-05-04,7.2497878074646,7.278743496511028,7.1122477667255035,7.260645759383209,83000
2016-05-05,7.495912551879883,7.60087738040988,7.300461778227057,7.32941747396667,81800
2016-05-06,7.770991325378418,7.781849969213242,7.4633373439983925,7.503150990676386,45000
2016-05-09,7.875956058502197,7.9411065400816865,7.563595908818636,7.83252217399648,67200
2016-05-10,7.524869918823242,7.644312265612896,6.989188442278479,7.575542220382995,111800
2016-05-11,7.125382423400879,7.5648169718231255,7.089065352555861,7.357810568504182,46200
2016-05-12,6.842109680175781,7.201647204723463,6.787634423612278,7.118118431813394,83200
2016-05-13,6.715000152587891,6.827582439601049,6.627839605285078,6.827582439601049,76400
2016-05-16,6.192035675048828,6.745505694424263,6.083085172908713,6.718631385003652,142600
2016-05-17,5.963240146636963,6.268302424945055,5.8906060069672295,6.195668285275322,114800
2016-05-18,6.017715930938721,6.177510636562471,5.872448331594654,5.8833436613044165,59600
2016-05-19,5.897868633270264,6.173877350904117,5.828866280689205,5.901500408952465,70000
2016-05-20,5.985030174255371,6.0812705142310755,5.901501397642155,5.955976656620752,25400
2016-05-23,5.9196600914001465,6.13756183859383,5.9196600914001465,5.999557791229147,45600
2016-05-24,5.9269232749938965,6.141193232225093,5.919659722245937,5.919659722245937,40000
2016-05-25,5.719916343688965,6.078001287434572,5.556490231709754,5.923290953066802,95400
2016-05-26,5.719916343688965,5.810708666604663,5.64365077858597,5.705389585876262,53200
2016-05-27,5.781655311584473,6.017715219184566,5.683599433865973,5.683599433865973,101200
2016-05-31,5.803445339202881,5.883343029783779,5.676336290007082,5.778023598632768,56000
2016-06-01,5.69449520111084,5.93781867974243,5.632756387347884,5.814341052216518,51600
2016-06-02,5.512910842895508,5.796182838870786,5.472961992741302,5.683600187997956,82200
2016-06-03,5.719916343688965,5.810708666604663,5.520173164005385,5.541963473897051,71000
2016-06-06,5.738073825836182,5.759863785388841,5.7126517445645275,5.7126517445645275,47000
2016-06-07,5.727180480957031,5.810709260328529,5.701758392428316,5.741707240254042,60200
2016-06-08,5.629124164581299,5.748970006184121,5.581912113897576,5.748970006184121,62000
2016-06-09,5.4656982421875,5.629124364135281,5.447539707227691,5.629124364135281,77000
2016-06-10,5.469329833984375,5.610965639934385,5.451171299637,5.483856592193228,35200
2016-06-13,5.396695137023926,5.483856023584767,5.269586102462414,5.483856023584767,70000
2016-06-14,5.309535980224609,5.3603798151038555,5.171531582419762,5.3603798151038555,88600
2016-06-15,5.440276145935059,5.5165417155671035,5.3313256290423485,5.345852387717726,47800
2016-06-16,5.418486595153809,5.614598025430087,5.411223042088444,5.614598025430087,33600
2016-06-17,5.338588714599609,5.588449096709435,5.316798750251438,5.418486058681793,44000
2016-06-20,5.1751627922058105,5.349483898960706,5.1751627922058105,5.324062157478597,157000
2016-06-21,5.157003879547119,5.280481494300207,5.124318587836569,5.138845345669567,51200
2016-06-22,5.135213851928711,5.182425900883474,5.091633578973212,5.117055318277615,86600
2016-06-23,5.287745952606201,5.356747977552236,5.106161275401041,5.106161275401041,40800
2016-06-24,5.847026348114014,5.979583070363524,5.447539946809853,5.447539946809853,272600
2016-06-27,5.709022045135498,5.861552847250187,5.62912469443141,5.843394657570171,61400
2016-06-28,5.7598652839660645,5.812524655206653,5.654546195139635,5.6581779714583655,41200
2016-06-29,5.832498550415039,5.923290872089516,5.7017577318880726,5.770760090313999,28600
2016-06-30,5.876079559326172,6.031515841471715,5.756233714474856,5.79618221397688,46400
2016-07-01,5.970503330230713,5.988661517680924,5.886973866964572,5.912032636675369,21800
2016-07-05,5.992293834686279,6.039505541933315,5.966872092884759,5.9886620583302745,33600
2016-07-06,6.1194024085998535,6.133928819368341,5.995924799960822,6.0068201275550015,54000
2016-07-07,6.050401210784912,6.221090552959775,6.028611244115697,6.221090552959775,38400
2016-07-08,6.046769618988037,6.162983701695586,6.010452544969285,6.064928502342699,19400
2016-07-11,6.05766487121582,6.0976137213925306,5.992294277359589,5.995926053983887,48600
2016-07-12,6.075821876525879,6.286460030815125,5.999556660363248,6.068558324694077,99000
2016-07-13,5.992293834686279,6.137561425473905,5.945082127439243,6.086717941870864,54800
2016-07-14,6.017715930938721,6.206564156431285,5.886974745183784,5.966872444340936,64200
2016-07-15,6.0867180824279785,6.097613411747592,5.91239696945733,5.959608677794599,21800
2016-07-18,6.046769618988037,6.068559586323059,6.014084321640217,6.054033172329902,26800
2016-07-19,6.083086967468262,6.202932832254042,5.974136433186863,5.992294624670229,33200
2016-07-20,6.192035675048828,6.242879843045895,6.028609921838655,6.028609921838655,29200
2016-07-21,6.217459201812744,6.274839606536124,6.0504009506888305,6.137561506309364,53000
2016-07-22,6.2646708488464355,6.464413700284174,6.213827365067488,6.330041438099664,58800
2016-07-25,6.217459201812744,6.384516760246136,6.1019710673184875,6.199300319793557,50600
2016-07-26,6.221089839935303,6.406306267121601,6.1194028786733545,6.406306267121601,46600
2016-07-27,6.268301963806152,6.493466533374803,6.144824351065753,6.2501430838793635,76200
2016-07-28,6.293722152709961,6.311880335473488,6.228351586456831,6.30098570289148,12800
2016-07-29,6.195668697357178,6.326409880382265,6.101244586582453,6.275566394846082,24400
2016-08-01,6.079453468322754,6.195667523350269,6.046768178759964,6.177509337011123,18800
2016-08-02,6.0867180824279785,6.144825120084861,5.902228272501902,6.108508048376677,25800
2016-08-03,6.043137550354004,6.0830863991136335,5.936002568154531,6.043137550354004,86000
2016-08-04,6.184774875640869,6.210196621759227,5.992294852230887,6.003190183149024,32800
2016-08-05,6.177511215209961,6.2029329608901085,5.99810573053239,6.159352330659414,9000
2016-08-08,6.177511215209961,6.348200573841393,6.153905011639559,6.170247661389742,29800
2016-08-09,6.177511215209961,6.51199004122705,6.061297124848933,6.228354706570256,22800
2016-08-10,6.152089595794678,6.533417174204456,6.152089595794678,6.322778957929321,7600
2016-08-11,6.123034954071045,6.294450917365133,6.093981436191903,6.294450917365133,15200
2016-08-12,6.231984615325928,6.460781643242286,5.985029400992898,6.064927083683238,47200
2016-08-15,6.2465128898620605,6.300988152016852,6.2247222308477115,6.2755664091906525,9000
2016-08-16,6.231984615325928,6.281012549879433,6.206562877266424,6.224721063683095,15200
2016-08-17,6.195668697357178,6.3118827744059045,6.101244586582453,6.173878731083176,25400
2016-08-18,6.162983417510986,6.5334163085779995,6.115771708347014,6.133929898173802,36000
2016-08-19,6.2283525466918945,6.282101856555374,6.064926798553731,6.115770272282443,36000
2016-08-22,6.1811418533325195,6.4280970961970185,6.046768903177251,6.4280970961970185,24000
2016-08-23,6.188404560089111,6.231984483644445,6.1230339820657145,6.126665757810391,14600
2016-08-24,6.1085076332092285,6.181141771688985,6.1012440808231565,6.181141771688985,9600
2016-08-25,6.1811418533325195,6.213827146811085,6.1375612311309355,6.1375612311309355,18800
2016-08-26,6.188404560089111,6.279196875634852,6.173877457110403,6.279196875634852,15400
2016-08-29,6.192035675048828,6.248690130115,6.1666139373954945,6.221089188465553,22600
2016-08-30,6.144824504852295,6.290092084450012,6.108507436780251,6.290092084450012,23200
2016-08-31,6.126667022705078,6.224722217293982,6.0612964311854505,6.224722217293982,21000
2016-09-01,6.202933311462402,6.250508691175859,6.166616232999388,6.166616232999388,16000
2016-09-02,6.311882495880127,6.319146048547787,6.181142011314792,6.181142011314792,49800
2016-09-06,6.380884647369385,6.438991681385676,6.268302355549131,6.268302355549131,23600
2016-09-07,6.417200565338135,6.464412262246055,6.279196557484679,6.348198215066226,28800
2016-09-08,6.242880821228027,6.647451561147676,6.1702466799601465,6.457150776008716,27000
2016-09-09,6.152089595794678,6.29735721172742,6.0612972492503845,6.210196642167775,26400
2016-09-12,6.144824504852295,6.1520880570047956,6.09761280124196,6.137560952699795,21600
2016-09-13,6.115772247314453,6.177511067933174,6.086718725416855,6.119404024137978,13800
2016-09-14,6.235617160797119,6.261038901994378,6.115771314659687,6.173878349593563,21600
2016-09-15,6.118927955627441,6.290316025944942,6.107988025192914,6.231971121346383,16200
2016-09-16,5.940247058868408,6.1517475283161875,5.896488029264028,6.126221021990028,52800
2016-09-19,6.0788164138793945,6.14445461451515,5.98400575690844,5.98400575690844,19000
2016-09-20,6.042349815368652,6.126220528534728,5.976711624012204,6.060583032704402,12400
2016-09-21,5.907426834106445,6.126219853829904,5.834495363847927,6.024116630099236,49200
2016-09-22,5.765212059020996,5.889194818642045,5.728746316462215,5.834496552566967,97200
2016-09-23,6.049642562866211,6.151746484263595,5.761564362147012,5.761564362147012,61000
2016-09-26,5.852729320526123,6.0131781771702935,5.827203508326732,6.0131781771702935,18800
2016-09-27,5.827201843261719,6.002236530208455,5.82355554810592,6.002236530208455,33600
2016-09-28,5.8563737869262695,5.885546232239346,5.816261761561535,5.819908404166414,29000
2016-09-29,5.881900787353516,5.889194074048391,5.856374979447552,5.856374979447552,27000
2016-09-30,5.852729320526123,5.922014164728913,5.82355721212904,5.860022608447726,38000
2016-10-03,5.736039161682129,5.889194721481277,5.7287462219485485,5.849083031301956,88400
2016-10-04,5.630288600921631,5.761564986146565,5.5135987898444165,5.761564986146565,285200
2016-10-05,5.725098609924316,5.794383438372289,5.564650137527958,5.69957280352929,283200
2016-10-06,5.699573040008545,5.834495711607913,5.692279753442774,5.692279753442774,72800
2016-10-07,5.63393497467041,5.728745615512053,5.484426074446386,5.728745615512053,59200
2016-10-10,5.6157026290893555,5.677694180974888,5.5245386231121705,5.677694180974888,29000
2016-10-11,5.524536609649658,5.652166310607263,5.473485007476982,5.575588559585292,32000
2016-10-12,5.619348526000977,5.6302881078907445,5.509951663814175,5.509951663814175,46200
2016-10-13,5.86184549331665,5.888465364692624,5.571943596985456,5.586529823112523,37800
2016-10-14,5.81990909576416,5.925659309531431,5.794383290022653,5.870961055010196,31000
2016-10-17,5.754271030426025,5.816262572298141,5.71780564258321,5.787090122918678,24800
2016-10-18,5.6485209465026855,5.736038296686542,5.637581364670463,5.736038296686542,32200
2016-10-19,5.630288600921631,5.740779535301747,5.601116148152327,5.619349018073909,41400
2016-10-20,5.57923698425293,5.619349019882868,5.550064531474235,5.615702376344764,16200
2016-10-21,5.524536609649658,5.559179016668944,5.4698383651038025,5.5172436726662575,40200
2016-10-24,5.5500640869140625,5.692279695877962,5.524537931955049,5.531831218447064,196600
2016-10-25,5.546417236328125,5.663107033733874,5.524537725433034,5.615701716597031,241600
2016-10-26,5.539124011993408,5.6448742290145955,5.499011980627796,5.531831073455584,28800
2016-10-27,5.721452713012695,5.721452713012695,5.5227155051035135,5.5755904463555686,14200
2016-10-28,5.480779647827148,5.615702327700657,5.480779647827148,5.524538326616145,31200
2016-10-31,5.561003684997559,5.582883196773944,5.4807792721682045,5.50630542720116,40800
2016-11-01,5.6157026290893555,5.630288856135182,5.5172456834708,5.571943947951877,26200
2016-11-02,5.571943759918213,5.677693989372523,5.546417950390196,5.571943759918213,163800
2016-11-03,5.535478591918945,5.739685771951291,5.531831948191882,5.66310799249839,138800
2016-11-04,5.488072872161865,5.622995550494446,5.4078484547500665,5.531831550451103,70800
2016-11-07,5.622995376586914,5.626642019938999,5.437020738787167,5.47348647678192,64400
2016-11-08,6.191857814788818,6.2502027106823315,5.652167180010806,5.714158718838417,111400
2016-11-09,6.536053657531738,6.708151173802777,6.279737553940221,6.279737553940221,124200
2016-11-10,6.356633186340332,6.649565301579643,6.213828169056572,6.587317139790633,41200
2016-11-11,6.243120193481445,6.477466539518325,6.11679337375591,6.407894913475726,34800
2016-11-14,6.0893330574035645,6.534956903377168,5.92309441558249,6.23946158204884,25400
2016-11-15,6.041730880737305,6.283400060094374,5.968497499790498,6.125948779942436,20200
2016-11-16,5.961174964904785,6.085671298577138,5.893433840308885,6.0197613927029145,37600
2016-11-17,5.931881427764893,5.982778410331232,5.913572733572338,5.913572733572338,11800
2016-11-18,6.05271577835083,6.221151567882524,5.902587983888148,5.928219456346863,16000
2016-11-21,5.961174964904785,6.14059598733722,5.902588537106656,6.016099653664868,29600
2016-11-22,6.0893330574035645,6.114965233693026,5.968498448517673,6.067363318989418,83800
2016-11-23,6.08200740814209,6.5320247101747375,6.045390729119401,6.5320247101747375,26400
2016-11-25,5.957511901855469,6.114963153472601,5.91357174156958,6.082008207859473,14200
2016-11-28,6.060039520263672,6.214561705075545,5.887941964691163,5.898927182521247,143600
2016-11-29,6.078348159790039,6.217490758976108,6.0417314657709635,6.144258069343306,222600
2016-11-30,5.990467071533203,6.147918329039568,5.968496641365911,6.147918329039568,14600
2016-12-01,6.001452445983887,6.169888942648095,5.898926550836811,6.1259487744384336,85400
2016-12-02,6.147919178009033,6.268753766994537,5.924557995967085,6.078347536349114,238000
2016-12-05,6.499435901641846,6.536052581613801,6.038067410167392,6.122285285219335,209000
2016-12-06,6.678858280181885,6.752091655640363,6.466482329438571,6.579993432834507,60000
2016-12-07,6.7081522941589355,6.898558534432868,6.704490555106901,6.726460989419109,28000
2016-12-08,6.583655834197998,6.647735218776087,6.3639563841115345,6.647735218776087,48200
2016-12-09,6.539716720581055,6.755754443490654,6.4426823782673734,6.6642130591528685,32200
2016-12-12,6.429866790771484,6.609287824462799,6.254107496347995,6.598303305064676,34200
2016-12-13,6.36029577255249,6.497607850817907,6.283400645553076,6.283400645553076,24800
2016-12-14,6.426204681396484,6.517746062603872,6.352971995473762,6.352971995473762,37200
2016-12-15,6.481129169464111,6.576331578111958,6.384461506672574,6.4481742209301585,13000
2016-12-16,6.50676155090332,6.547039283762691,6.38958869457549,6.481130075882272,42000
2016-12-19,6.569008827209473,6.590978560189978,6.457328245416974,6.481129196882233,39000
2016-12-20,6.814340591430664,6.825325110116943,6.412290306104406,6.52506949366665,38800
2016-12-21,6.7008280754089355,6.733783024829409,6.536054026711805,6.708151552703537,38800
2016-12-22,6.719138145446777,6.766739360805062,6.616611537529593,6.616611537529593,18200
2016-12-23,6.872927665710449,6.8985591429302415,6.70851885027714,6.828987491615538,20400
2016-12-27,6.905882358551025,6.949821832566372,6.79237053746646,6.894897140844515,51800
2016-12-28,6.953484058380127,6.953484058380127,6.781386492700818,6.869266145286341,29200
2016-12-29,6.9498209953308105,6.9498209953308105,6.777723462426589,6.909543265403171,33800
2016-12-30,7.140225887298584,7.242752459157437,6.821661655797774,6.938835180095805,23600
2017-01-03,7.07431697845459,7.312324401332013,6.937004923132395,7.312324401332013,59600
2017-01-04,6.982775688171387,7.198813380223699,6.982775688171387,7.063332541861885,18800
2017-01-05,7.129242897033691,7.147551593294312,6.927852127004317,7.019393513091369,19600
2017-01-06,7.048685550689697,7.107271972121712,6.975452174697061,7.107271972121712,13000
2017-01-09,7.147550582885742,7.32330985170951,7.019392520799775,7.066993727537576,26400
2017-01-10,7.213460445404053,7.308662858379561,7.028546481512789,7.028546481512789,17600
2017-01-11,7.176843643188477,7.217121371608926,7.034038629172512,7.217121371608926,54600
2017-01-12,7.176843643188477,7.19881337672738,7.140226955020147,7.195151638070024,55600
2017-01-13,7.085302352905273,7.140227036582552,7.061501400563197,7.103610347995952,2400
2017-01-17,7.176843643188477,7.176843643188477,6.82935211754136,7.019392372948323,29600
2017-01-18,7.019392490386963,7.158535069668272,6.865602956231174,7.030377706542822,35600
2017-01-19,6.997422695159912,6.997422695159912,6.902219584525838,6.9241893182397805,18000
2017-01-20,6.968130111694336,6.968130111694337,6.914303316399906,6.914303316399906,4200
2017-01-23,7.077976703643799,7.117888455929152,6.957142157269529,6.97178910757188,37000
2017-01-24,6.909543037414551,7.035869878828628,6.909543037414551,7.035869878828628,2000
2017-01-25,7.045022964477539,7.173181007843608,6.905880404917762,6.905880404917762,10200
2017-01-26,6.993760585784912,7.023053795319296,6.920527212746349,7.01206857984195,8000
2017-01-27,6.993760585784912,6.993760585784912,6.895628368764986,6.895628368764986,8200
2017-01-30,6.993760585784912,7.030377272304193,6.898557480196863,6.898557480196863,17200
2017-01-31,6.946157932281494,6.957143146570347,6.905880210032628,6.938835154494056,47000
2017-02-01,6.84729528427124,6.9717916129601925,6.7813853810352915,6.876588496997742,49000
2017-02-02,6.850955009460449,6.854616747648915,6.634918043582175,6.828985278734805,41400
2017-02-03,6.828985691070557,6.876587591989672,6.788707965375754,6.807015959018374,7800
2017-02-06,6.766469478607178,6.832295774459174,6.744405100158876,6.79515380186252,10200
2017-02-07,6.803243160247803,6.8253075362635345,6.7094690361205425,6.78853310862807,11800
2017-02-08,7.218795299530029,7.321763599429989,6.946665544166734,7.244537900565638,76600
2017-02-09,7.641697883605957,7.641697883605956,7.262922435715331,7.3033743800629125,63200
2017-02-10,7.821893215179443,7.891763875130745,7.5387309572271475,7.5865372351629885,27600
2017-02-13,7.902796268463135,7.965312600844852,7.785854414704236,7.8623443176826,47400
2017-02-14,7.810859203338623,7.8733755251275905,7.711568450836039,7.805710825123552,22800
2017-02-15,7.866020202636719,7.906472145040537,7.465180395914575,7.615954924892933,22400
2017-02-16,7.608601093292236,7.840278820679994,7.608601093292236,7.840278820679994,73000
2017-02-17,7.630667209625244,7.814538708652358,7.549764002562391,7.68178346390953,52600
2017-02-21,7.509313106536865,7.715249018071788,7.465183631929422,7.638023314276518,40000
2017-02-22,7.255568504333496,7.652730877011182,7.110309865355212,7.439439986154907,71000
2017-02-23,7.310728073120117,7.384276928954703,6.994469676424694,7.200405490782112,75200
2017-02-24,7.068017482757568,7.3566955703585215,6.673429412705912,7.2261470240246055,29200
2017-02-27,7.093762397766113,7.229826907130914,6.946664645114126,7.04227790377229,20600
2017-02-28,6.86208438873291,7.101117200708926,6.805083970685184,7.101117200708926,20000
2017-03-01,6.924601078033447,6.979762391065195,6.667180681999757,6.979762391065195,37000
2017-03-02,6.873115539550781,6.9613737583429645,6.847373646746474,6.924599325159395,21200
2017-03-03,6.946664810180664,6.987116763262586,6.730432174793509,6.825309652348983,18400
2017-03-06,6.89517879486084,6.9466625720767,6.858404367672144,6.909888846301862,8400
2017-03-07,6.9172444343566895,6.979760761574756,6.854728107138623,6.898857568110076,10000
2017-03-08,6.891503810882568,6.983439561883799,6.865761912828482,6.968730206458942,13400
2017-03-09,6.766469478607178,6.954018448952606,6.737050073538128,6.840018341986777,15400
2017-03-10,6.689244747161865,6.895180611702103,6.549502027306172,6.748083565601934,25200
2017-03-13,6.700277328491211,6.810600651332004,6.534793396351202,6.645116017777875,24200
2017-03-14,6.740727424621582,6.891501959648568,6.5347915940944175,6.5347915940944175,22600
2017-03-15,6.784858226776123,6.928277763788234,6.676741561146678,6.74808378868187,26800
2017-03-16,6.7076311111450195,6.983438314899736,6.7076311111450195,6.86208317330422,10400
2017-03-17,6.909892559051514,6.909892559051514,6.663504676338761,6.663504676338761,44400
2017-03-20,6.854729652404785,6.873117224210507,6.718665128113165,6.873117224210507,11600
2017-03-21,6.549500465393066,6.76646881967886,6.549500465393066,6.76646881967886,3800
2017-03-22,6.395050048828125,6.641437867747138,6.3067918198530535,6.52743774299776,121000
2017-03-23,6.417115211486816,6.475954031531136,6.2626631335169645,6.284727515680069,46000
2017-03-24,6.4060821533203125,6.549501677940899,6.387695286568855,6.435501560971048,22800
2017-03-27,6.336210250854492,6.512726681540858,6.255307062143394,6.402404087715365,46600
2017-03-28,6.325178623199463,6.435501220703071,6.196468458502608,6.26633981100901,136000
2017-03-29,6.420792102813721,6.6046635930626465,6.396889314099492,6.531115417811519,9200
2017-03-30,6.306792259216309,6.488825351380909,6.196469640665347,6.369308596772281,49600
2017-03-31,6.281050205230713,6.314147130254605,6.1964694863536955,6.284727719279377,42600
2017-04-03,6.395050048828125,6.7149867426000585,6.395050048828125,6.612018458088781,17200
2017-04-04,6.475953102111816,6.619372617709726,6.398726723503277,6.619372617709726,11400
2017-04-05,6.51640510559082,6.552076218186493,6.2148559856702335,6.552076218186493,14200
2017-04-06,6.623051643371582,6.792213089992796,6.325180003956679,6.4355026255432,20200
2017-04-07,6.615695953369141,6.667179744772977,6.494340801192917,6.667179744772977,10800
2017-04-10,6.6120171546936035,6.6120171546936035,6.270016146448432,6.50537207873476,14800
2017-04-11,6.512725830078125,6.593629709625933,6.453887027541821,6.54214593276013,23400
2017-04-12,6.3987274169921875,6.560534517135302,6.395049903191885,6.527437594346619,12400
2017-04-13,6.457566261291504,6.58995395298588,6.350921166304176,6.376663061597185,8400
2017-04-17,6.361954212188721,6.53111637268519,6.361954212188721,6.52008382914819,44600
2017-04-18,6.332533836364746,6.4207920670225676,6.277372529880366,6.3067919400996395,14200
2017-04-19,6.372984409332275,6.4355007301964555,6.288403710931891,6.292081224090244,13200
2017-04-20,6.306792259216309,6.406083036760636,6.292082904069428,6.306792259216309,14600
2017-04-21,6.262663841247559,6.319663560061501,6.262663841247559,6.310470124905783,22000
2017-04-24,6.303114414215088,6.303114414215088,6.099016949336532,6.251630621782323,10200
2017-04-25,6.369307518005371,6.369307518005371,6.3031136775203755,6.3178237315899235,6000
2017-04-26,6.527438163757324,6.527438163757324,6.222211505846644,6.410863841916119,14800
2017-04-27,6.571567058563232,6.582598898550147,6.475953803997092,6.4943406715846415,4800
2017-04-28,6.453888416290283,6.604662967909979,6.439546604136431,6.531114799620423,15000
2017-05-01,6.3876953125,6.516404783110718,6.3876953125,6.516404783110718,14400
2017-05-02,6.361954212188721,6.608342073201672,6.330328849928166,6.428148070582376,5800
2017-05-03,6.5237603187561035,6.55317972881871,6.387695810246821,6.387695810246821,13800
2017-05-04,6.347244739532471,6.372986639234095,6.347244739532471,6.372986639234095,600
2017-05-05,6.277372360229492,6.485147333833246,6.229566082945449,6.402405025635818,23400
2017-05-08,6.253467559814453,6.270016017984484,6.025467359931691,6.270016017984484,12200
2017-05-09,6.240598201751709,6.431824722254648,6.170727539633161,6.170727539633161,15000
2017-05-10,5.571305751800537,6.251630373954908,5.466499063409122,6.251630373954908,94600
2017-05-11,5.93360710144043,5.944698210212375,5.563912289928499,5.563912289928499,30200
2017-05-12,5.693305969238281,5.892941364196797,5.685912248534761,5.885547643493276,6400
2017-05-15,5.733972072601318,5.777226268539695,5.71770525411624,5.71770525411624,18800
2017-05-16,5.745062828063965,5.796820277891129,5.689608694553189,5.689608694553189,14400
2017-05-17,5.8042120933532715,5.878151031296443,5.456698908736033,5.7302731554101,25800
2017-05-18,6.04081916809082,6.417908412838736,5.767244825372993,5.767244825372993,12400
2017-05-19,6.284817218780518,6.358756526938818,5.911425052342351,6.014939942736472,17000
2017-05-22,6.236758708953857,6.3957270621887785,5.966880660835465,6.166516419295289,23000
2017-05-23,6.014939785003662,6.111060601033828,5.922516004798212,6.092575421910248,7600
2017-05-24,5.774638652801514,6.011243694250624,5.774638652801514,6.011243694250624,12400
2017-05-25,5.896636486053467,5.896636486053467,5.804212715574357,5.804212715574357,11800
2017-05-26,5.915122032165527,6.118454069966219,5.804213423548674,5.952091685894061,18200
2017-05-30,5.95948600769043,6.212726982878443,5.95948600769043,6.212726982878443,1600
2017-05-31,6.000153064727783,6.15542508050344,5.959487071286346,6.15542508050344,9600
2017-06-01,5.855971336364746,6.273726553020115,5.81160795988547,6.273726553020115,25000
2017-06-02,5.6748199462890625,6.005697231203424,5.6748199462890625,5.863364180010018,53400
2017-06-05,5.660031795501709,6.255240743756473,5.637849935706407,5.730273705144216,35800
2017-06-06,5.637851238250732,5.65263903067454,5.637851238250732,5.637851238250732,4000
2017-06-07,5.619366645812988,5.822699064614886,5.575003266676559,5.822699064614886,24200
2017-06-08,5.6748199462890625,5.759849650359669,5.6267595408092195,5.6267595408092195,3600
2017-06-09,6.009393692016602,6.114757446904184,5.637850417393143,5.637850417393143,20800
2017-06-12,6.173909664154053,6.2367578716982885,5.58239724699729,5.73766924768672,51400
2017-06-13,6.21457576751709,6.42899894333742,6.170212740871557,6.266333572120339,21000
2017-06-14,6.203485012054443,6.281120656855583,6.201266649306539,6.281120656855583,4000
2017-06-15,6.107364177703857,6.192393894787327,6.103667141508374,6.122151617348239,5200
2017-06-16,5.915122032165527,6.227514160639771,5.915122032165527,6.227514160639771,55600
2017-06-19,6.148031234741211,6.148031234741211,5.730275943928305,5.97057769732357,51000
2017-06-20,5.796820640563965,6.205703144761676,5.793123604080269,5.937304501256347,58000
2017-06-21,5.859668731689453,5.907728794727716,5.715487484868272,5.730275277934384,40200
2017-06-22,5.660031795501709,5.85449141486051,5.660031795501709,5.767243353946821,33600
2017-06-23,5.700699329376221,5.915122491487127,5.65633595299832,5.859668359156945,85600
2017-06-26,5.767244338989258,6.0363819333494915,5.72288061182135,5.8692802063379235,54800
2017-06-27,5.715487003326416,5.8855467855431955,5.715487003326416,5.785728926330213,19600
2017-06-28,5.737669467926025,5.874456644723208,5.678517941884796,5.682214978369024,19800
2017-06-29,6.007544994354248,6.085180621969182,5.763546300225314,5.767243335607558,39800
2017-06-30,6.058194160461426,6.251544990924696,6.0519099746535066,6.240453882467251,13800
2017-07-03,6.155425071716309,6.185000660148611,6.040819754683343,6.185000660148611,16600
2017-07-05,6.063000679016113,6.222709405100536,6.0260310207932095,6.203485239235633,5200
2017-07-06,6.148031234741211,6.281121740373279,6.033425913301194,6.033425913301194,35400
2017-07-07,6.177606105804443,6.410514463571407,6.177606105804443,6.1923942514381025,24400
2017-07-10,6.159121513366699,6.369847648730358,6.159121513366699,6.369847648730358,6000
2017-07-11,5.737669467926025,6.2108788557054195,5.737669467926025,6.2108788557054195,66800
2017-07-12,5.538033485412598,5.944698314030913,5.538033485412598,5.759850728762368,62200
2017-07-13,5.587942123413086,5.611972505669455,5.453003477898542,5.5565180214715975,16800
2017-07-14,5.478882312774658,5.660033214231821,5.478882312774658,5.545427556271934,17200
2017-07-17,5.563911437988281,5.563911437988281,5.508456960326035,5.549123647792095,12800
2017-07-18,5.4862751960754395,5.604577512141095,5.482578160556209,5.482578160556209,9800
2017-07-19,5.460396766662598,5.5750020496034765,5.460396766662598,5.501063100517632,9800
2017-07-20,5.512153625488281,5.550971792499356,5.453002468679698,5.453002468679698,10400
2017-07-21,5.538033485412598,5.541730521734478,5.5084578999751335,5.512154936297014,30400
2017-07-24,5.497366428375244,5.549123872441599,5.491820874613897,5.549123872441599,17200
2017-07-25,5.456700325012207,5.575002656426426,5.456700325012207,5.545427073572871,22600
2017-07-26,5.515851974487305,5.541730523611655,5.4899734253629555,5.4899734253629555,9000
2017-07-27,5.508458137512207,5.560215590544061,5.508458137512207,5.560215590544061,6000
2017-07-28,5.560215473175049,5.560215473175049,5.508458021235728,5.508458021235728,7400
2017-07-31,5.571305751800537,5.615669127126971,5.508457548612566,5.532487930603196,8800
2017-08-01,5.7265777587890625,5.7265777587890625,5.582396876690778,5.615669143858158,16600
2017-08-02,5.704395771026611,5.787576960852578,5.663729082491983,5.763546933365628,3600
2017-08-03,5.730274200439453,5.767243852437523,5.633044558640377,5.708092338726866,6400
2017-08-04,5.708093166351318,5.785729164748832,5.708093166351318,5.748759859959262,6200
2017-08-07,5.98906135559082,6.022333973521464,5.7043959378008715,5.7043959378008715,24800
2017-08-08,6.06669807434082,6.077789184005267,5.970577239328481,6.026031377375471,23600
2017-08-09,6.196091175079346,6.221969724329671,5.999413495639288,6.063000687349005,68600
2017-08-10,6.136940956115723,6.210879578998026,6.059304591180959,6.17391062012572,25600
2017-08-11,6.04821252822876,6.125848166751929,6.011242874349275,6.011242874349275,26800
2017-08-14,6.038970947265625,6.1554251364400425,6.0075471927236075,6.1554251364400425,23000
2017-08-15,6.477059841156006,6.519574703016157,6.055606848763334,6.063000921731432,116200
2017-08-16,6.636027812957764,6.758027176685295,6.395725416252403,6.395725416252403,53000
2017-08-17,6.395727157592773,6.636029619724375,6.2848188713302555,6.525120628324169,49400
2017-08-18,6.299604415893555,6.453027505333169,6.218271048113012,6.3402703946464305,86000
2017-08-21,6.392029285430908,6.491107452839254,6.284817356761324,6.406816724304719,174400
2017-08-22,6.373544216156006,6.469665038487176,6.358756777025264,6.451180563289367,62000
2017-08-23,6.425302028656006,6.469665761279614,6.336575268546398,6.406817551393107,115800
2017-08-24,6.336574554443359,6.513289070534199,6.284817459829946,6.506634687674979,57400
2017-08-25,6.351363658905029,6.399423724720767,6.3106969611964265,6.366151100256935,15200
2017-08-28,6.406816005706787,6.4437856564510225,6.306998160238585,6.310695195826752,19200
2017-08-29,6.43269681930542,6.536211736884483,6.329182606864043,6.369848602407004,116800
2017-08-30,6.43269681930542,6.64712002311101,6.3587581968669635,6.469666483093491,87000
2017-08-31,6.336574554443359,6.562088818351855,6.327332316853468,6.552846580761964,62000
2017-09-01,6.421604156494141,6.4363915937287945,6.281119624509011,6.358755961687622,68400
2017-09-05,6.5103302001953125,6.517723565454518,6.373542718408239,6.414209400452005,79600
2017-09-06,6.636027812957764,6.636027812957764,6.45487658017257,6.514028449230232,31200
2017-09-07,6.617542743682861,6.617542743682861,6.4068166305671586,6.573179722572981,77200
2017-09-08,6.602754592895508,6.709965803295876,6.51033081955772,6.61754202995809,14600
2017-09-11,6.665603160858154,6.798692922436395,6.562088275063993,6.624936472664471,38000
2017-09-12,6.957662582397461,6.962838291912394,6.669300817836856,6.676694184902806,92800
2017-09-13,6.221968650817871,6.595360795197504,5.992757373178037,6.099969293160166,104400
2017-09-14,6.2811198234558105,6.373543600796486,6.159120465571617,6.225665698078898,64000
2017-09-15,6.314549922943115,6.522558427914566,6.266262499966562,6.307120870647209,71800
2017-09-18,6.325693607330322,6.39255295369299,6.292263579912272,6.341294192328955,48400
2017-09-19,6.1808295249938965,6.2996915222478735,6.158543077627123,6.27369054890774,25800
2017-09-20,6.095398426055908,6.2031175692915435,6.080541028507866,6.125113929625481,29800
2017-09-21,6.054539680480957,6.132172084366151,6.02482417525489,6.0619687339058554,104000
2017-09-22,6.184545516967773,6.336837575608305,6.035967985181104,6.035967985181104,145400
2017-09-25,6.110256671905518,6.16225862722392,6.039682083635181,6.154829574043147,31000
2017-09-26,6.154829978942871,6.329409197808332,6.11397089223418,6.11397089223418,53200
2017-09-27,6.173402309417725,6.2588342969935,6.147400622853625,6.217975212294861,20800
2017-09-28,6.206831932067871,6.206831932067871,6.136258047692127,6.177116425890308,4400
2017-09-29,6.132544040679932,6.208690075993981,6.128829513533684,6.180831476633929,36800
2017-10-02,6.136258125305176,6.191974611533632,6.117685490913317,6.128829071548433,9800
2017-10-03,6.132544040679932,6.217976039622795,6.110257586276057,6.136258567826179,37400
2017-10-04,6.184545516967773,6.318265649812555,6.169688118025885,6.188260043821635,16400
2017-10-05,6.188259601593018,6.240261556883772,6.0916840357148265,6.154829570770817,141600
2017-10-06,6.232832908630371,6.3851249489708355,6.210545750185325,6.211288938856215,69400
2017-10-09,6.084255218505859,6.273691831020819,6.0805414002469185,6.273691831020819,8000
2017-10-10,6.195688724517822,6.303407162900385,6.0991131575524316,6.10282768418266,14200
2017-10-11,6.2996931076049805,6.351695775845433,6.091684560063872,6.128829120671747,100000
2017-10-12,6.281121253967285,6.399983282504266,6.2625493276859725,6.399983282504266,6600
2017-10-13,6.188259601593018,6.281120640882797,6.188259601593018,6.240261556883772,19000
2017-10-16,6.106541156768799,6.295977731370891,6.106541156768799,6.184544077119041,24000
2017-10-17,6.147400379180908,6.273691446449355,6.084254845546684,6.084254845546684,6000
2017-10-18,6.12139892578125,6.12139892578125,6.084254372097395,6.110256055607497,4400
2017-10-19,6.035966396331787,6.113969314309473,6.021108292827445,6.054538317238845,24800
2017-10-20,5.998822212219238,6.074968226143606,5.972821237972881,6.069396791226076,38600
2017-10-23,6.050826549530029,6.082398967461734,5.969108369521174,6.043397495261295,58600
2017-10-24,5.972822189331055,6.017395801191272,5.969107662636576,6.017395801191272,11000
2017-10-25,5.943106174468994,6.0248236293174955,5.761098632892697,6.0248236293174955,31400
2017-10-26,5.84281587600708,5.905961405161461,5.787099399335201,5.905961405161461,5400
2017-10-27,5.84281587600708,5.924533682130994,5.84281587600708,5.868817205459115,3600
2017-10-30,5.690523624420166,5.839101480246156,5.664522650201218,5.82795790194943,43800
2017-10-31,5.768527507781982,5.868817597576175,5.590234487130187,5.757384282550431,53000
2017-11-01,5.571662425994873,5.7313835288958215,5.534517868126871,5.7313835288958215,92800
2017-11-02,5.957963466644287,5.972820861646058,5.560518054601405,5.567946752102291,49200
2017-11-03,5.775956630706787,6.021109359953396,5.7573843522714645,6.021109359953396,54600
2017-11-06,5.657095432281494,5.761100071353558,5.627379922328568,5.705383224514205,8600
2017-11-07,5.768527507781982,5.87476062741722,5.6979532756664995,5.6979532756664995,18000
2017-11-08,5.809014797210693,5.809014797210693,5.664523051550491,5.749955032458277,26600
2017-11-09,5.8576741218566895,5.872531872942321,5.634807501335502,5.7350972326043275,22400
2017-11-10,5.716525077819824,5.813100278845315,5.686809576852487,5.801957054541742,15800
2017-11-13,5.649665355682373,5.7016676625509115,5.649665355682373,5.7016676625509115,5200
2017-11-14,5.645951747894287,5.716526344001161,5.605093013573375,5.645951747894287,31600
2017-11-15,5.608806610107422,5.710582011749141,5.571662054714631,5.571662054714631,77400
2017-11-16,5.5790910720825195,5.642236249070766,5.575376545719466,5.605092048150429,11400
2017-11-17,5.80938720703125,5.813101379677988,5.571662800037733,5.571662800037733,51000
2017-11-20,5.612521171569824,5.722097227918893,5.5939492468219205,5.720239964596751,10000
2017-11-21,5.582805633544922,5.627378890299834,5.553090129041647,5.57909146115958,45000
2017-11-22,5.620148181915283,5.766159926338173,5.5753364124729075,5.5753364124729075,13200
2017-11-24,5.530525207519531,5.579071028937859,5.481979029968881,5.549196512927047,8800
2017-11-27,5.328872203826904,5.409159745395431,5.24671710430366,5.409159745395431,8800
2017-11-28,5.556665897369385,5.594008868196915,5.210120977050456,5.332606647874767,34000
2017-11-29,5.302731990814209,5.552931348992631,5.246717357963902,5.552931348992631,36800
2017-11-30,5.549196243286133,5.635085739743004,5.22431063035582,5.272856805547564,83600
2017-12-01,5.325136661529541,5.504383724562758,5.257918834825956,5.504383724562758,30800
2017-12-04,5.287794589996338,5.4311923454029705,5.224311151195993,5.235514362371823,41200
2017-12-05,5.228044509887695,5.302730788802494,5.116014913449362,5.228044509887695,28200
2017-12-06,5.018923282623291,5.228045249293241,5.018923282623291,5.220576442279309,28800
2017-12-07,4.873285293579102,5.041329540364795,4.720551531945888,5.01892347459828,100800
2017-12-08,4.690304279327393,4.977846623949423,4.686569875286651,4.9068947278371935,24000
2017-12-11,4.925565719604492,4.996517967294674,4.671632315384356,4.720178496400704,30800
2017-12-12,5.302731990814209,5.340075316802646,4.94797181845345,4.94797181845345,406800
2017-12-13,5.4595723152160645,5.579070365039276,5.269869196734943,5.280325240481246,82800
2017-12-14,5.616415023803711,5.694835726745168,5.452105166090943,5.694835726745168,74400
2017-12-15,5.541727066040039,5.754583043396016,5.526789810719133,5.694834022112391,40600
2017-12-18,5.567867755889893,5.6350855899271295,5.523055985242499,5.586539416026047,14000
2017-12-19,5.3400750160217285,5.493182002912308,5.3400750160217285,5.4558386790272415,18800
2017-12-20,5.347543716430664,5.45957333717654,5.302731939358783,5.340075264984858,26200
2017-12-21,5.235514163970947,5.392355197033309,5.2317797603871865,5.302731647817009,45200
2017-12-22,5.2803263664245605,5.467042287153588,5.276591962538214,5.276591962538214,19200
2017-12-26,5.414761066436768,5.452104388658223,5.209373506483393,5.448369985209615,17200
2017-12-27,5.440900802612305,5.541727551968649,5.34941006123282,5.392354629529505,14200
2017-12-28,5.407291889190674,5.500649832217852,5.3960890357444535,5.43343235540824,43600
2017-12-29,5.470776557922363,5.489448221982882,5.399824661851233,5.414761921873175,12600
2018-01-02,5.4633073806762695,5.508119154792944,5.452851335662277,5.508119154792944,7800
2018-01-03,5.347543716430664,5.489447855224461,5.3176691983827435,5.489447855224461,19000
2018-01-04,5.470776557922363,5.489448221982882,5.303852686080476,5.366215737768773,34400
2018-01-05,5.429698467254639,5.900222630215386,5.418495612745761,5.470775837875406,49800
2018-01-08,5.343809127807617,5.590274054818915,5.332605917574514,5.547329127856641,13800
2018-01-09,5.302731990814209,5.713507152157624,5.302731990814209,5.384887094309362,22400
2018-01-10,5.295262813568115,5.668694597743417,5.093609664358745,5.4072920639148645,56000
2018-01-11,5.168296813964844,5.325138218028637,5.157093958283819,5.325138218028637,45000
2018-01-12,5.239248275756836,5.427831385464513,5.239248275756836,5.278458801603151,24400
2018-01-16,5.228044509887695,5.310199594760109,5.194435595342968,5.2467161686494626,49200
2018-01-17,5.2317795753479,5.313934314491003,5.1944362530957155,5.1944362530957155,13200
2018-01-18,5.134687423706055,5.216842522202404,5.134687423706055,5.190702053148098,23600
2018-01-19,5.168296813964844,5.1757652657080735,5.128339475321629,5.142156698664999,9600
2018-01-22,5.007720470428467,5.1384217452149805,4.989048808868633,5.1384217452149805,34200
2018-01-23,5.101078510284424,5.224310980124558,5.007720557003575,5.007720557003575,64200
2018-01-24,5.07120418548584,5.134687624607944,5.0525325228971605,5.134687624607944,9800
2018-01-25,5.157093048095703,5.19070160920712,5.138421387834495,5.17203030507821,6000
2018-01-26,5.145890712738037,5.220577010342554,5.145890712738037,5.164562376172256,10600
2018-01-29,4.992783546447754,5.123484829978798,4.947971769385427,5.123484829978798,24400
2018-01-30,5.078673362731934,5.2280459620518975,5.003986706939583,5.2280459620518975,23000
2018-01-31,5.037595272064209,5.071204193550813,5.037595272064209,5.071204193550813,21800
2018-02-01,4.992783546447754,5.048798534874921,4.9815806912152585,5.022658064489304,11200
2018-02-02,4.933033466339111,4.9703767840538955,4.905026156119159,4.933033466339111,35000
2018-02-05,4.835941314697266,4.94050210981101,4.817269655108169,4.94050210981101,75600
2018-02-06,4.496119022369385,4.895690949036417,4.245919678718347,4.835941915830019,114000
2018-02-07,4.589477062225342,5.235514297234678,4.413964006776701,4.413964006776701,39000
2018-02-08,4.529727935791016,4.627940328847037,4.49238461202683,4.627940328847037,50600
2018-02-09,4.160029888153076,4.4811810699592,3.879956071280626,4.4811810699592,110400
2018-02-12,4.148746967315674,4.272870830945279,4.077281853807993,4.231496329304873,49800
2018-02-13,4.144985198974609,4.212688884710209,4.1073717612372445,4.1073717612372445,30200
2018-02-14,4.137462139129639,4.1856072506808975,4.126178251915793,4.133700723822254,31800
2018-02-15,4.197642803192139,4.235256233956674,4.109251707216218,4.160029731135863,22600
2018-02-16,4.201405048370361,4.23525707100726,4.163791610171955,4.1938822172473476,21200
2018-02-20,4.054713249206543,4.23525725835358,4.0321454722558805,4.160030737337459,43400
2018-02-21,4.126177787780762,4.160029804322746,4.03966703898366,4.084802941470218,16800
2018-02-22,4.062235355377197,4.137461862962125,4.054712525264563,4.088564543354851,16200
2018-02-23,4.163791179656982,4.217202127241298,4.032144876990787,4.039667348627684,29800
2018-02-26,4.171314239501953,4.205166260501215,4.171314239501953,4.197643429742128,3200
2018-02-27,4.197642803192139,4.235256233956674,4.152506901499652,4.175075031700025,24000
2018-02-28,4.190120697021484,4.2427790742259255,4.144984791399838,4.1938817534587365,3600
2018-03-01,4.118656635284424,4.17131538898417,4.118656635284424,4.163792556152029,28000
2018-03-02,4.242778778076172,4.242778778076172,4.118654956603526,4.118654956603526,17400
2018-03-05,4.171314239501953,4.250302168930792,4.133700803123149,4.205166260501215,16800
2018-03-06,4.261586666107178,4.329290717792769,4.171314836331967,4.205166862174763,20200
2018-03-07,4.216451168060303,4.250303197249729,4.205167277899961,4.216451168060303,6200
2018-03-08,4.284154415130615,4.41956214753718,4.223972842019364,4.280392999553349,6000
2018-03-09,4.321768283843994,4.415801538194168,4.254064584633579,4.254064584633579,44000
2018-03-12,4.3180060386657715,4.438368825050035,4.3180060386657715,4.400755387047141,33400
2018-03-13,4.325530052185059,4.419563314189081,4.280394129468139,4.280394129468139,29400
2018-03-14,4.34433650970459,4.41956304294928,4.3255297867163165,4.336813677025918,16200
2018-03-15,4.291677474975586,4.329290918479701,4.223973420151532,4.329290918479701,4200
2018-03-16,4.156269550323486,4.502311924748234,4.156269550323486,4.355619931663276,56400
2018-03-19,4.175076484680176,4.190121790480298,4.1562697627529275,4.160031178880054,4800
2018-03-20,4.381948947906494,4.581299679862054,4.163791854456716,4.163791854456716,18800
2018-03-21,4.205166816711426,4.5211185762171775,4.205166816711426,4.306722534433496,31800
2018-03-22,4.239017963409424,4.29543775503564,4.193881699658506,4.193881699658506,12600
2018-03-23,4.43460750579834,4.438368921421968,4.193882286511187,4.235257140954423,15200
2018-03-26,4.325530052185059,4.378188808042346,4.265348821895832,4.378188808042346,21800
2018-03-27,4.440248489379883,4.464696967240636,4.201404039218179,4.201404039218179,131000
2018-03-28,4.513596057891846,4.594464711322416,4.445892002236785,4.453414834513296,30000
2018-03-29,4.60762882232666,4.626435542322724,4.5135955810546875,4.5211184125364525,20600
2018-04-02,4.517358303070068,4.619290331648345,4.513596886241506,4.619290331648345,14800
2018-04-03,4.671571731567383,4.671571731567383,4.570015652803219,4.606124672119385,16400
2018-04-04,4.528640270233154,4.818262786194512,4.521117798481434,4.62643491396361,30600
2018-04-05,4.712193965911865,4.712193965911865,4.509834380848065,4.513595796768713,1200
2018-04-06,4.521118640899658,4.675333106981782,4.513595809037913,4.675333106981782,13200
2018-04-09,4.513596057891846,4.547448085719377,4.513596057891846,4.547448085719377,10200
2018-04-10,4.528640270233154,4.566253705116653,4.524878855003144,4.539924157214884,4000
2018-04-11,4.611390590667725,4.664048980233098,4.611390590667725,4.649003674827509,3600
2018-04-12,4.7242302894592285,4.7768886760027485,4.645242350935593,4.645242350935593,21200
2018-04-13,4.82954740524292,4.833308821043088,4.724230273796689,4.724230273796689,37200
2018-04-16,4.82954740524292,4.82954740524292,4.82954740524292,4.82954740524292,400
2018-04-17,5.062750816345215,5.077796123845308,4.803219172291495,4.803219172291495,20000
2018-04-18,5.277144908905029,5.33356506364545,4.97999990847209,4.97999990847209,29800
2018-04-19,5.2508158683776855,5.5141088552191535,5.22824773409604,5.22824773409604,19000
2018-04-20,5.247053623199463,5.416313348068813,5.247053623199463,5.416313348068813,4200
2018-04-23,5.171828746795654,5.280907302379736,5.171828746795654,5.280907302379736,2000
2018-04-24,5.247053623199463,5.2809056399149865,5.115407329949199,5.201917720481521,27400
2018-04-25,5.2508158683776855,5.258338340666017,5.160544048667751,5.183111824241073,12000
2018-04-26,5.2320098876953125,5.453928411487093,5.2320098876953125,5.254578025160737,10000
2018-04-27,5.262099742889404,5.307235652630505,5.190634642143077,5.288429292602956,19200
2018-04-30,5.05146598815918,5.555484233960496,5.0477045723049345,5.280906974642728,14600
2018-05-01,5.149259090423584,5.361774373496289,5.119168488012837,5.361774373496289,4000
2018-05-02,5.077795505523682,5.2583391735400555,4.995046144995319,5.164305923437765,15800
2018-05-03,5.145498275756836,5.213201955005857,5.05898752073268,5.160543577668651,4200
2018-05-04,5.096601486206055,5.119169262072406,5.077794767178543,5.119169262072406,1400
2018-05-07,5.043942928314209,5.153021472195196,4.991284543569946,5.153021472195196,11800
2018-05-08,5.00256872177124,5.107885856070363,5.00256872177124,5.064630649321769,5200
2018-05-09,4.897252082824707,4.946149059663912,4.810741301868668,4.916058446820524,44600
2018-05-10,5.032658576965332,5.032658576965332,4.822023981241643,4.852114586529555,36400
2018-05-11,5.02137565612793,5.02137565612793,5.010091407941842,5.0176142400659005,2400
2018-05-14,4.934864044189453,5.028897277559012,4.912296269057417,5.025135862134233,10200
2018-05-15,5.040180683135986,5.149259209065237,4.870920950998637,4.893489082680816,28200
2018-05-16,4.912297248840332,5.133087284654431,4.893490526673659,5.002569084790293,14600
2018-05-17,4.878445625305176,4.904774823297254,4.852116068604678,4.859638901578655,6800
2018-05-18,5.047704696655273,5.047704696655273,4.8746835088895795,4.912296950941918,4000
2018-05-21,4.983760833740234,5.156781978920302,4.983760833740234,4.987522248761346,3200
2018-05-22,4.980000019073486,5.0367961013894105,4.949909412693636,5.0367961013894105,3000
2018-05-23,4.968716144561768,5.079675390397946,4.968716144561768,4.976238616822559,3800
2018-05-24,4.972477912902832,5.141737675927351,4.964955081399882,5.141737675927351,4000
2018-05-25,4.972477912902832,4.972477912902832,4.972477912902832,4.972477912902832,0
2018-05-29,5.122931480407715,5.156783508220348,4.964955589754353,5.156783508220348,3800
2018-05-30,5.186873435974121,5.277145259099304,5.111646916703136,5.111646916703136,15400
2018-05-31,5.190635681152344,5.219221870656301,5.190635681152344,5.198158154927471,3400
2018-06-01,5.288429260253906,5.3222809233214186,5.183111779460569,5.3222809233214186,3000
2018-06-04,5.2508158683776855,5.329803800300958,5.2432930373810285,5.315134423340807,2800
2018-06-05,5.179351806640625,5.18311286418525,5.035292720783766,5.18311286418525,17400
2018-06-06,5.205680847167969,5.389985933548301,5.205680847167969,5.337327183707469,7200
2018-06-07,5.2113213539123535,5.233889486595362,5.205679589772827,5.209441005004711,1800
2018-06-08,5.186873435974121,5.2395321788179805,5.186873435974121,5.222606167143467,2600
2018-06-11,5.220725059509277,5.318519706426413,5.160543848701289,5.160543848701289,2600
2018-06-12,5.186873435974121,5.265861370885741,5.119169389276065,5.235770763177347,4400
2018-06-13,5.164305686950684,5.273384596434378,5.07403385707628,5.1868738237734675,39400
2018-06-14,5.239532470703125,5.247054943695118,5.168067004383219,5.247054943695118,11600
2018-06-15,5.220725059509277,5.22824753150612,5.156782433348712,5.156782433348712,7000
2018-06-18,5.188753604888916,5.367416883471281,5.160543707930727,5.265860823971839,16000
2018-06-19,5.190635681152344,5.2884303511877775,5.116537287764897,5.208689833437688,6800
2018-06-20,5.216964244842529,5.2621001581455085,5.216964244842529,5.2621001581455085,2400
2018-06-21,5.209441661834717,5.277897562403089,5.017613765321667,5.200414407623317,6800
2018-06-22,5.14173698425293,5.194395721564793,5.055226227148319,5.149259456035595,7200
2018-06-25,4.867160797119141,5.250816624171637,4.799457101945694,5.250816624171637,7200
2018-06-26,5.02137565612793,5.145499516507867,4.814502435925242,5.145499516507867,23000
2018-06-27,4.923580646514893,5.124811728554713,4.884086498041723,4.991284696064123,58000
2018-06-28,4.964955806732178,5.0025692523251895,4.885967857953576,5.0025692523251895,26400
2018-06-29,4.9950456619262695,5.096601734395315,4.878444643952565,4.934864445074248,27200
2018-07-02,4.893490314483643,5.002568867870446,4.8483543984658315,4.949910119828813,10800
2018-07-03,5.115407943725586,5.115407943725586,5.115407943725586,5.115407943725586,1400
2018-07-05,4.88972806930542,4.979999886033371,4.814501555365461,4.976238470659295,17400
2018-07-06,4.938625812530518,4.938625812530518,4.889728484639125,4.889728484639125,1600
2018-07-09,4.88972806930542,4.938625393043472,4.852114632981284,4.931855132336786,38400
2018-07-10,4.840831756591797,4.889729090542225,4.840831756591797,4.889729090542225,2600
2018-07-11,4.859637260437012,4.859637260437012,4.8370691278449565,4.838949835453319,4800
2018-07-12,4.840831756591797,4.863399894841375,4.761843810780856,4.863399894841375,20200
2018-07-13,4.7956953048706055,4.85211510615045,4.758081864878477,4.7881724733888404,10600
2018-07-16,4.7956953048706055,4.7956953048706055,4.758081864878477,4.780650000615424,15400
2018-07-17,4.776887893676758,4.848353347579349,4.758081176401955,4.780649308873377,5200
2018-07-18,4.701661586761475,4.848353557403425,4.67533239666227,4.754320325668195,55000
2018-07-19,4.660287380218506,4.750559202139809,4.649003133447093,4.750559202139809,10800
2018-07-20,4.690378665924072,4.743037056973641,4.607629304506826,4.6527652219957645,20200
2018-07-23,4.671571731567383,4.743036841331951,4.611390510984932,4.743036841331951,2000
2018-07-24,4.60762882232666,4.682855343602569,4.60762882232666,4.633958015096141,12000
2018-07-25,4.662168502807617,4.664048852061813,4.607629048018404,4.630197184860787,162000
2018-07-26,4.750557899475098,4.758080369884947,4.615150203723694,4.615150203723694,17800
2018-07-27,4.878445625305176,4.878445625305176,4.701662996209347,4.73927644366239,15000
2018-07-30,4.949909687042236,4.949909687042236,4.848353974558599,4.852115031533295,7800
2018-07-31,5.02137565612793,5.100363599888651,4.863399768606486,5.066511572747145,15200
2018-08-01,4.957431316375732,5.096600434528614,4.916056471311189,5.0420609964738095,5000
2018-08-02,5.085317611694336,5.156782713737502,5.013852150942839,5.096601499657292,5400
2018-08-03,5.0890793800354,5.190635462025321,5.062750184871368,5.190635462025321,13000
2018-08-06,5.077795505523682,5.149260617769734,4.882206173130894,5.100363643379919,48800
2018-08-07,5.040180683135986,5.081555531435268,4.957431703953993,5.051464928331218,32000
2018-08-08,5.177471160888672,5.190635759224451,5.043943751964913,5.077795781233145,66400
2018-08-09,5.074033737182617,5.3185203857009755,4.983761909441235,5.126692482719269,23000
2018-08-10,5.107885837554932,5.126692558288695,4.931103236590946,5.126692558288695,4400
2018-08-13,5.074033737182617,5.074033737182617,4.885967250033891,5.010091102855382,10200
2018-08-14,4.9950456619262695,5.077795014451972,4.874683228222227,4.980000357713264,19200
2018-08-15,5.013852596282959,5.100363368238563,4.942387487892123,4.942387487892123,6200
2018-08-16,4.882205963134766,5.137976507198334,4.882205963134766,4.995045930145656,10200
2018-08-17,4.923580646514893,4.949909839691436,4.885967205941241,4.885967205941241,25000
2018-08-20,4.88972806930542,4.88972806930542,4.88972806930542,4.88972806930542,3800
2018-08-21,4.9461469650268555,5.040180180017543,4.899130357531512,4.904772479565922,7200
2018-08-22,5.013852596282959,5.247055000911426,4.98752340246134,5.004449415263341,5000
2018-08-23,5.006329536437988,5.096601354996039,5.006329536437988,5.051465445717014,4200
2018-08-24,5.043942928314209,5.107885560110823,5.040181512630093,5.040181512630093,4400
2018-08-27,5.017613887786865,5.074033689922642,5.017613887786865,5.055226969641265,5600
2018-08-28,5.092840671539307,5.092840671539307,4.9950460080245715,4.9950460080245715,1400
2018-08-29,4.991284370422363,5.0213749774347685,4.927341740843918,5.010090730773869,10000
2018-08-30,4.963074207305908,5.002568353956996,4.963074207305908,4.998806938331495,3000
2018-08-31,5.02137565612793,5.02137565612793,4.908535685225702,4.987523628986423,10600
2018-09-04,4.998806953430176,4.998806953430176,4.95329475686582,4.95329475686582,1000
2018-09-05,5.1116461753845215,5.1116461753845215,4.926212643952239,4.926212643952239,5400
2018-09-06,5.1116461753845215,5.1116461753845215,5.06274885527265,5.06274885527265,1000
2018-09-07,5.070271968841553,5.100362934704979,4.972477674941666,4.972477674941666,4800
2018-09-10,5.077795505523682,5.077795505523682,5.070272673335475,5.077795505523682,4200
2018-09-11,4.923580646514893,5.228248152069724,4.923580646514893,5.209441790491252,24800
2018-09-12,5.058988094329834,5.077794813529016,5.000687587649871,5.074033397947512,3200
2018-09-13,5.175588607788086,5.175588607788086,5.036419482735091,5.074032556185259,19200
2018-09-14,5.058988094329834,5.228247849705801,4.889728338953867,5.141737443581232,27200
2018-09-17,5.190635681152344,5.243294073703426,5.111647733617324,5.134215513651103,19400
2018-09-18,5.175588607788086,5.1763408190379305,4.890103812746159,5.137975175629644,59400
2018-09-19,4.938625812530518,5.111646988643005,4.761843220724459,4.889728484639125,174000
2018-09-20,4.974358081817627,4.991284092157017,4.9047733327881,4.991284092157017,5800
2018-09-21,4.532402515411377,4.953671413188785,4.532402515411377,4.9273422191740615,74200
2018-09-24,4.825786590576172,4.901013122408504,4.697901307107008,4.712946613473475,21200
2018-09-25,4.801712989807129,4.829546961982047,4.682854987614216,4.829546961982047,25800
2018-09-26,4.769364833831787,4.799455434277368,4.727989989187925,4.746796704143476,9000
2018-09-27,4.788172245025635,4.8032179072715895,4.706175466293504,4.8032179072715895,5600
2018-09-28,4.897252082824707,4.995046395211516,4.773127856460234,4.791934579164451,15600
2018-10-01,4.908535003662109,4.980000105375646,4.803217879507512,4.908535003662109,10400
2018-10-02,4.885966777801514,4.934864102779223,4.867160059162654,4.934864102779223,2200
2018-10-03,4.859637260437012,4.942386601663483,4.799456051802595,4.88972786475422,2800
2018-10-04,4.904774188995361,4.942387631584107,4.848354383820616,4.848354383820616,4600
2018-10-05,5.013852596282959,5.081556647490965,4.8746834366841165,4.8746834366841165,11400
2018-10-08,4.964955806732178,5.216964959563509,4.942388026343092,4.9800011132277024,16000
2018-10-09,4.904774188995361,5.055227241933598,4.904774188995361,4.97623929946393,17000
2018-10-10,4.912297248840332,4.993165544352762,4.9085358326653195,4.9085358326653195,19400
2018-10-11,4.948028087615967,5.028896716687868,4.908534306185473,4.942386323816341,9400
2018-10-12,4.934864044189453,5.074033186531402,4.934864044189453,5.058987883540605,11200
2018-10-15,4.912297248840332,5.006330500965306,4.701662606248699,4.991285194973646,42800
2018-10-16,4.938625812530518,4.964955004968828,4.848353988134875,4.882205653251983,36600
2018-10-17,5.224487781524658,5.224487781524658,4.927342709811957,4.9574333227417196,14200
2018-10-18,5.0890793800354,5.104124685658902,4.972478351130359,5.066511600954339,12800
2018-10-19,5.201918601989746,5.258338400270909,4.897251117338139,5.0589880398080265,108200
2018-10-22,5.070271968841553,5.201918644176335,5.0025682820967585,5.175589452592712,28200
2018-10-23,5.186873435974121,5.231633421197652,5.0514657012863475,5.085317724635376,5600
2018-10-24,4.919818878173828,5.25081591189513,4.885966855824965,5.141737372497864,35800
2018-10-25,4.897252082824707,4.938626585807265,4.862647842183971,4.908535972963877,5400
2018-10-26,4.859637260437012,4.92734129950488,4.7956946365858695,4.901011751696099,2200
2018-10-29,4.7900543212890625,4.882206876622841,4.7355152148993875,4.870922985422983,26000
2018-10-30,4.791934013366699,4.859638063624504,4.77876941664065,4.825786038495602,4000
2018-10-31,4.825786590576172,4.901013122408504,4.76184394884159,4.76184394884159,4800
2018-11-01,4.912297248840332,4.919819722481967,4.814878506932812,4.814878506932812,5400
2018-11-02,4.927341938018799,4.983761738747699,4.829547281960917,4.976238907339395,5600
2018-11-05,4.833309650421143,4.964955997641869,4.79569620338184,4.964955997641869,10200
2018-11-06,4.765604496002197,4.924332574768957,4.765604496002197,4.924332574768957,7200
2018-11-07,4.690378665924072,4.790053682529833,4.690378665924072,4.765605195072303,12400
2018-11-08,4.664048671722412,4.746798025333756,4.6076288698605214,4.705423527882259,30600
2018-11-09,4.980000019073486,4.983761434548048,4.528640564667403,4.829546987174233,67600
2018-11-12,4.7994561195373535,4.972477276157298,4.57001480999516,4.972477276157298,14200
2018-11-13,4.74303674697876,4.7731273566713925,4.6866169434821625,4.7731273566713925,2600
2018-11-14,4.705422401428223,4.791932791400757,4.677212507250582,4.791932791400757,12800
2018-11-15,4.705422401428223,4.705422401428223,4.705422401428223,4.705422401428223,200
2018-11-16,4.776887893676758,4.776887893676758,4.735513402638829,4.735513402638829,600
2018-11-19,4.88972806930542,4.976238470659295,4.791933421829317,4.806978724617308,46400
2018-11-20,4.769364833831787,4.92357925079245,4.769364833831787,4.810739319767397,3400
2018-11-21,4.765604496002197,4.7919336876647325,4.626435347815701,4.709184697094384,11600
2018-11-23,4.765604496002197,4.765604496002197,4.765604496002197,4.765604496002197,200
2018-11-26,4.468458652496338,4.701660994793082,4.445890521889694,4.701660994793082,10600
2018-11-27,4.509833335876465,4.626434691440353,4.4383682434851215,4.49854944943747,13600
2018-11-28,4.6301960945129395,4.641479980922747,4.438368232004799,4.626434679473577,21800
2018-11-29,4.506072044372559,4.6790931955835084,4.430845534869601,4.6790931955835084,10600
2018-11-30,4.554969310760498,4.641480064685667,4.423323010381555,4.423323010381555,24200
2018-12-03,4.603867053985596,4.660287209652691,4.566253975582519,4.611389884891203,5400
2018-12-04,4.62643575668335,4.645242477550802,4.566254536874195,4.645242477550802,1800
2018-12-06,4.611390590667725,4.632453946493873,4.588822453205153,4.600106342582251,5000
2018-12-07,4.60762882232666,4.655773939426581,4.60762882232666,4.655773939426581,1800
2018-12-10,4.7392754554748535,4.791933840479197,4.660287519259994,4.660287519259994,2600
2018-12-11,4.770871162414551,4.791934519400544,4.724230820701508,4.724230820701508,6600
2018-12-12,4.7392754554748535,4.791933840479197,4.731752624069465,4.791933840479197,6600
2018-12-13,4.735514163970947,4.791933966157712,4.592583591895009,4.791933966157712,7000
2018-12-14,4.7204694747924805,4.769366810458732,4.607629497001777,4.630197636043278,8400
2018-12-17,4.7204694747924805,4.7204694747924805,4.494789519211074,4.641481526209828,6200
2018-12-18,4.588446140289307,4.664048587326204,4.419562305404203,4.664048587326204,8000
2018-12-19,4.43460750579834,4.579418778932994,4.35938098686746,4.579418778932994,8000
2018-12-20,4.453414440155029,4.494788937886895,4.363142613080946,4.494788937886895,17600
2018-12-21,4.133700847625732,4.457175399582634,3.9305890781518182,4.419561962798891,155600
2018-12-24,4.193882942199707,4.257825582965089,3.9569194601966955,4.141224550069435,14800
2018-12-26,4.216451168060303,4.216451168060303,4.013339351632148,4.047191380821574,32000
2018-12-27,4.141223430633545,4.231495243062215,4.06599692027632,4.0697579767629595,7400
2018-12-28,4.378188133239746,4.58882240678734,4.13746289047698,4.381949190521817,23600
2018-12-31,4.43460750579834,4.5512088791724565,4.43460750579834,4.5512088791724565,4000
2019-01-02,4.5737762451171875,4.758081289638227,4.51359503537222,4.758081289638227,8000
2019-01-03,4.633957862854004,4.9119202354479,4.6076286709495315,4.682855189753979,12200
2019-01-04,4.645242214202881,5.098482403742412,4.517356950004311,4.9160576879910165,22400
2019-01-07,4.7204694747924805,5.107134173605791,4.513596241960925,4.5436868548773255,16200
2019-01-08,4.457174777984619,4.641479803363465,4.399250208202482,4.641479803363465,15600
2019-01-09,4.532402515411377,4.85850967095219,4.475982352754785,4.85850967095219,17000
2019-01-10,4.513596057891846,4.513596057891846,4.457176250651552,4.50983464175359,2400
2019-01-11,4.378188133239746,4.430846522272459,4.27663205374802,4.430846522272459,12600
2019-01-14,4.363143444061279,4.459057054401951,4.29920079802855,4.42746201652111,9800
2019-01-15,4.404516696929932,4.521118064975111,4.404516696929932,4.521118064975111,1600
2019-01-16,4.49478816986084,4.49478816986084,4.404516358211533,4.472220396302659,4200
2019-01-17,4.7956953048706055,4.946148347422422,4.509834165313805,4.543686189565051,24400
2019-01-18,4.957431316375732,5.0138511031077835,4.8897272853306655,4.9047725857064295,22600
2019-01-22,4.897252082824707,5.111647789010942,4.790053871023189,5.111647789010942,8200
2019-01-23,5.02137565612793,5.066511572747145,4.908535685225702,5.066511572747145,7800
2019-01-24,5.02137565612793,5.02137565612793,5.02137565612793,5.02137565612793,200
2019-01-25,4.980000019073486,5.111646691016575,4.908534918598422,5.111646691016575,7000
2019-01-28,4.949909687042236,5.100363085988688,4.852115031533295,5.002568430479746,102800
2019-01-29,4.8709211349487305,5.0514651190995465,4.7994560395548085,5.00256779753179,43200
2019-01-30,4.927341938018799,5.096601698913845,4.870921778581554,4.908535218206384,20800
2019-01-31,4.878445625305176,5.021376223434951,4.878445625305176,4.961194635768399,35800
2019-02-01,4.8709211349487305,4.939001100139557,4.701661396419295,4.908534569603404,15800
2019-02-04,4.976238250732422,4.976238250732422,4.701661397309528,4.844591946832733,33000
2019-02-05,4.893490314483643,4.964955425168084,4.893490314483643,4.916434378222902,2600
2019-02-06,4.893490314483643,5.021375589221628,4.814502371775379,4.964955425168084,19000
2019-02-07,4.938625812530518,5.002568444487851,4.893489900332696,5.002568444487851,17200
2019-02-08,4.9461469650268555,4.9837603945064295,4.795693964525055,4.9461469650268555,23000
2019-02-11,4.859637260437012,4.957431903822088,4.778768626818903,4.957431903822088,15400
2019-02-12,4.878445625305176,4.919820130536787,4.745670421240166,4.852116068604678,11400
2019-02-13,4.859637260437012,4.901011751696099,4.818262769177925,4.901011751696099,20000
2019-02-14,4.810739994049072,4.885966505706902,4.810739994049072,4.852114485783804,23600
2019-02-15,4.773126602172852,4.870921247569478,4.772374390855694,4.788171904640925,18000
2019-02-19,4.769364833831787,4.889727235614109,4.769364833831787,4.889727235614109,14000
2019-02-20,4.761843681335449,4.791934292377982,4.73927590240774,4.767109520332474,6400
2019-02-21,4.754321575164795,4.754321575164795,4.735514852133439,4.7430373261209375,1400
2019-02-22,4.74679708480835,4.780649102701421,4.7430356697739455,4.776887687667017,4000
2019-02-25,4.735514163970947,4.754320884269321,4.656526225684464,4.738899294708816,27600
2019-02-26,4.682855129241943,4.739275286647468,4.682855129241943,4.739275286647468,1000
2019-02-27,4.712944984436035,4.773126189100165,4.667809080937938,4.686615797072547,12800
2019-02-28,4.7956953048706055,4.7956953048706055,4.726110548497672,4.726110548497672,1800
2019-03-01,4.734761714935303,4.889728379348421,4.720468622574182,4.735513926316151,15400
2019-03-04,4.756201267242432,4.791933638789036,4.682855098960374,4.722349244759687,5800
2019-03-05,4.791934013366699,4.791934013366699,4.677965911388308,4.677965911388308,2400
2019-03-06,4.7392754554748535,4.7392754554748535,4.645242215157562,4.735514039772159,6400
2019-03-07,4.7392754554748535,4.7392754554748535,4.7392754554748535,4.7392754554748535,200
2019-03-08,4.7392754554748535,4.7392754554748535,4.7392754554748535,4.7392754554748535,200
2019-03-11,4.62643575668335,4.62643575668335,4.524879679224127,4.6189129248530225,3400
2019-03-12,4.588822364807129,4.62267439099468,4.5756577676693855,4.5756577676693855,11800
2019-03-13,4.568134784698486,4.568510711027118,4.551208773493517,4.555346115358438,2000
2019-03-14,4.532402515411377,4.570015598474074,4.447772450780671,4.5549702935073215,8200
2019-03-15,4.705422401428223,4.735513003045475,4.517355961966262,4.521117376845486,15600
2019-03-18,4.5737762451171875,4.739274930624154,4.524878922522325,4.705422910465533,32800
2019-03-19,4.567006587982178,4.567006587982178,4.567006587982178,4.567006587982178,2000
2019-03-20,4.624554634094238,4.7016618598999305,4.547447408288546,4.5775380154952385,8800
2019-03-21,4.645242214202881,4.645242214202881,4.539924726799151,4.542557646048826,5000
2019-03-22,4.645242214202881,4.645242214202881,4.645242214202881,4.645242214202881,200
2019-03-25,4.550455570220947,4.63583782573039,4.52487859380823,4.52487859380823,5800
2019-03-26,4.299199104309082,4.622673264849454,4.137461844684755,4.5248786260669185,54200
2019-03-27,4.333052158355713,4.474477954066261,4.160030970948279,4.160030970948279,41800
2019-03-28,4.46469783782959,4.512466665434912,4.333051527502253,4.348096830359901,9800
2019-03-29,4.475981712341309,4.62267368381005,4.201404846306847,4.62267368381005,54800
2019-04-01,4.285283088684082,4.509834533067217,4.246541507777194,4.509834533067217,24600
2019-04-02,4.295438289642334,4.318006065618272,4.223972828732421,4.257824851404661,7400
2019-04-03,4.163791179656982,4.280392539049384,4.081042198109646,4.280392539049384,20800
2019-04-04,4.148746967315674,4.359381609094985,4.052457081082072,4.359381609094985,31000
2019-04-05,4.239017963409424,4.239017963409424,4.160030039907749,4.216449831533965,3000
2019-04-08,4.18259859085083,4.240899100866974,4.1299398458214505,4.133701261618196,28000
2019-04-09,4.167552471160889,4.1825977726965196,4.099848434896408,4.148745754564279,5800
2019-04-10,4.175076484680176,4.340574848481514,4.126179151152685,4.20892815369916,22800
2019-04-11,4.164167881011963,4.25594412466646,4.137462404549658,4.233752275120906,9800
2019-04-12,4.197642803192139,4.197642803192139,4.073518983860735,4.195762095783086,8000
2019-04-15,4.137462139129639,4.137462139129639,4.073519513737334,4.08480340095118,11000
2019-04-16,4.175076484680176,4.287916098826895,4.167553652425922,4.190121790480298,4800
2019-04-17,4.09984827041626,4.2314949226027645,4.088564384394301,4.2314949226027645,11200
2019-04-18,4.207046985626221,4.227734052882814,4.0622357212884905,4.103610214509993,13800
2019-04-22,4.261586666107178,4.3067225809947836,4.261586666107178,4.3067225809947836,2800
2019-04-23,4.218331336975098,4.242779822315318,4.163791883873166,4.242779822315318,7200
2019-04-24,4.156269550323486,4.363142763533033,4.129939997487704,4.14122424529234,23000
2019-04-25,4.192378520965576,4.235633731293217,4.192378520965576,4.197644360180823,5600
2019-04-26,4.193882942199707,4.340574946080594,4.133701717646028,4.156269856207854,43200
2019-04-29,4.190120697021484,4.239018017788673,4.144984791399838,4.1562686781281775,5000
2019-04-30,4.235257625579834,4.239019041633868,4.235257625579834,4.239019041633868,1000
2019-05-01,4.163791179656982,4.257824406722105,4.15250729284749,4.15250729284749,10200
2019-05-02,4.163791179656982,4.163791179656982,4.163791179656982,4.163791179656982,0
2019-05-03,4.168681621551514,4.168681621551514,4.156269236869216,4.163415783123166,1400
2019-05-06,4.118656635284424,4.229239982183049,4.081043547248959,4.129940525824222,8600
2019-05-07,4.141223430633545,4.2194591448883765,4.13746201543861,4.212688525795834,2400
2019-05-08,4.156269550323486,4.231496075479222,4.113766554642787,4.231496075479222,2000
2019-05-09,4.35561990737915,4.517357204593513,4.193882610164788,4.21268933102596,48200
2019-05-10,4.588822364807129,4.588822364807129,4.2946865242460985,4.513595839228331,18200
2019-05-13,4.645242214202881,4.6828552950970606,4.408278405607004,4.408278405607004,15600
2019-05-14,4.701661586761475,4.705423002120879,4.600105524307438,4.679093453313363,28000
2019-05-15,4.776887893676758,4.776887893676758,4.682854666011041,4.735513402638829,5400
2019-05-16,4.712944984436035,4.727990285602068,4.712944984436035,4.727990285602068,3000
2019-05-17,4.878445625305176,4.878445625305176,4.750560334414935,4.750560334414935,59800
2019-05-20,4.780649662017822,4.852114762491212,4.776888246543349,4.852114762491212,31800
2019-05-21,5.013852596282959,5.058988510852176,4.791934080619705,4.885967325649331,68200
2019-05-22,5.077795505523682,5.224487504818272,5.058988783761547,5.074034089429579,49200
2019-05-23,4.980000019073486,5.205679925630689,4.897251030883058,5.141737297396426,24000
2019-05-24,4.88972806930542,4.987522716781524,4.7054230204754415,4.983761301407448,5200
2019-05-28,4.667810440063477,4.870922244299081,4.6226745234231625,4.870922244299081,27800
2019-05-29,4.738898754119873,4.780649532110375,4.664048166528423,4.780649532110375,6600
2019-05-30,4.793814182281494,5.21433081234902,4.6151512545461015,4.758081453251089,110600
2019-05-31,4.7392754554748535,4.976238905411086,4.697900600161904,4.7994566718845855,16600
2019-06-03,5.115407943725586,5.122930415727032,4.758081376594955,4.758081376594955,30400
2019-06-04,4.983760833740234,5.216963184424972,4.983760833740234,5.15302056389919,13400
2019-06-05,5.08155632019043,5.134214704441967,5.0251361615816315,5.062749600654164,14600
2019-06-06,4.844592571258545,5.090583633449542,4.83706973987324,5.090583633449542,16600
2019-06-07,4.885966777801514,4.919818799609798,4.668185987520979,4.810740261954395,9600
2019-06-10,4.88972806930542,4.88972806930542,4.88972806930542,4.88972806930542,800
2019-06-11,4.88972806930542,4.914176551820289,4.848353576315521,4.912296202841564,6400
2019-06-12,4.592583179473877,4.8897281856373525,4.4947885296711325,4.8897281856373525,31000
2019-06-13,4.588822364807129,4.697900916573479,4.539925033503818,4.585060948851097,4200
2019-06-14,4.667057514190674,4.690377859766381,4.539924468620679,4.539924468620679,2000
2019-06-17,4.761843681335449,4.773127570799304,4.761843681335449,4.773127570799304,2200
2019-06-18,4.848353385925293,4.848353385925293,4.600105361609422,4.724229553121507,10800
2019-06-19,4.7956953048706055,4.7956953048706055,4.7956953048706055,4.7956953048706055,1000
2019-06-20,4.810739994049072,4.885966505706902,4.649002724953512,4.776887974125973,5400
2019-06-21,4.62643575668335,4.867160635919969,4.62643575668335,4.8145022479411415,27400
2019-06-24,4.885966777801514,4.995045315456918,4.769365767915559,4.773126824676674,64400
2019-06-25,5.024759769439697,5.1605437768866675,4.9649544857742365,5.0401809982373615,62000
2019-06-26,4.927341938018799,5.036420482480792,4.8897284983939695,5.036420482480792,7800
2019-06-27,4.964955806732178,5.021375975121694,4.889729274254558,4.889729274254558,11800
2019-06-28,4.908535003662109,5.077794757159079,4.891608992441579,5.077794757159079,20800
2019-07-01,4.88972806930542,4.88972806930542,4.8257854427793765,4.844592160941445,3400
2019-07-02,4.825786590576172,4.90477453867722,4.780650671476773,4.825786590576172,5400
2019-07-03,4.931102275848389,5.115407672680409,4.814501275691863,4.9085345023315154,12000
2019-07-05,4.818263530731201,4.953671271560583,4.818263530731201,4.953671271560583,9400
2019-07-08,4.701661586761475,4.828794627984498,4.664048150584058,4.8145015365854125,9400
2019-07-09,4.671571731567383,4.701662341858608,4.63019723209404,4.701662341858608,5000
2019-07-10,4.664048671722412,4.701662112102573,4.554970125069966,4.697900696322887,9200
2019-07-11,4.694139003753662,4.694139003753662,4.694139003753662,4.694139003753662,600
2019-07-12,4.43836784362793,4.701660775303262,4.374425228387145,4.701660775303262,19000
2019-07-15,4.532402515411377,4.588822319359604,4.532402515411377,4.588822319359604,1400
2019-07-16,4.603867053985596,4.603867053985596,4.530897172517812,4.530897172517812,3800
2019-07-17,4.63771915435791,4.641480569874554,4.607628547641408,4.626435266516304,3000
2019-07-18,4.603867053985596,4.603867053985596,4.5135952353682285,4.600105638532792,1000
2019-07-19,4.544063568115234,4.553466751021893,4.544063568115234,4.553466751021893,600
2019-07-22,4.551209449768066,4.551209449768066,4.551209449768066,4.551209449768066,1800
2019-07-23,4.556850433349609,4.5824274127334865,4.542181415286915,4.566629898294179,2400
2019-07-24,4.54744815826416,4.54744815826416,4.54744815826416,4.54744815826416,200
2019-07-25,4.536163806915283,4.547447695653768,4.472221172883273,4.532402391099669,6200
2019-07-26,4.551209449768066,4.588822534594977,4.498550700560333,4.5361641440956255,13000
2019-07-29,4.539924621582031,4.622673971564782,4.5376679874381844,4.622673971564782,4400
2019-07-30,4.664048671722412,4.701662112102573,4.615151701419895,4.615151701419895,6400
2019-07-31,4.769364833831787,5.070270838287592,4.671193918072948,4.694137974009584,77200
2019-08-01,5.017613887786865,5.24705487083627,4.795695377625,4.8032182092208915,34800
2019-08-02,5.126691818237305,5.247054239625373,5.058987776852361,5.134214290219903,8200
2019-08-05,5.077419281005859,5.205680845161273,5.077419281005859,5.183112707035791,13600
2019-08-06,5.074033737182617,5.228248199251236,5.072153029266127,5.190635117046504,10400
2019-08-07,5.3335652351379395,5.453927661854266,5.1718279552066315,5.228247753052828,51800
2019-08-08,5.277144908905029,5.698413747575254,5.232009000337682,5.42007546538912,40600
2019-08-09,5.269623279571533,5.389985721666659,5.269623279571533,5.3222816686339645,5400
2019-08-12,5.201918601989746,5.280906534808372,5.141737388167618,5.280906534808372,2400
2019-08-13,5.442644119262695,5.442644119262695,5.442644119262695,5.442644119262695,600
2019-08-14,5.260219097137451,5.341087737558927,5.224486725697338,5.341087737558927,4600
2019-08-15,5.270375728607178,5.273384933278554,5.186874155091657,5.186874155091657,10400
2019-08-16,5.265861511230469,5.401269249527104,5.258338679748704,5.269622926971351,9000
2019-08-19,5.3072357177734375,5.431359560762086,5.284667941980045,5.371178347035266,12600
2019-08-20,5.416315078735352,5.604381579506835,5.299714049133727,5.39750871562491,42000
2019-08-21,5.378702163696289,5.600620699009438,5.322281996457742,5.600620699009438,24800
2019-08-22,5.3335652351379395,5.49154109955728,5.273384021779776,5.49154109955728,69400
2019-08-23,5.337326526641846,5.450166486004519,5.337326526641846,5.337326526641846,14600
2019-08-26,5.382462024688721,5.442643232054103,5.3147579870485195,5.442643232054103,4400
2019-08-27,5.280529975891113,5.363655604976741,5.277521130581061,5.363655604976741,6800
2019-08-28,5.374939918518066,5.374939918518066,5.307235871756874,5.3147587030451575,2200
2019-08-29,5.416315078735352,5.513357533747123,5.326043244455052,5.513357533747123,16800
2019-08-30,5.3335652351379395,5.382462560668529,5.318519931798399,5.382462560668529,3400
2019-09-03,5.329803943634033,5.453927788750304,5.1906347948281635,5.1906347948281635,2400
2019-09-04,5.326042175292969,5.326042175292969,5.265860964520352,5.303474400607393,4400
2019-09-05,5.247053623199463,5.3598935593484525,5.247053623199463,5.337325428635347,6400
2019-09-06,5.258338451385498,5.258338451385498,5.2019186525558965,5.2019186525558965,1000
2019-09-09,5.247053623199463,5.42947830023128,5.2432922082959,5.416313348068813,8400
2019-09-10,5.22824764251709,5.341087594532143,5.22824764251709,5.341087594532143,2000
2019-09-11,5.284667491912842,5.337325870085009,5.284667491912842,5.337325870085009,4400
2019-09-12,5.179351806640625,5.453928736360103,5.179351806640625,5.453928736360103,64200
2019-09-13,4.716707229614258,5.077794879864034,4.607628687284031,5.077794879864034,60400
2019-09-16,4.60762882232666,5.081556444427406,4.60762882232666,4.823905205510528,9800
2019-09-17,4.5700154304504395,4.630197006813143,4.5700154304504395,4.618912759471688,4000
2019-09-18,4.325530052185059,4.570016389912148,4.2570737771831135,4.570016389912148,14400
2019-09-19,4.287163257598877,4.445891336022422,4.267228400728444,4.400755425252101,12000
2019-09-20,4.528640270233154,4.528640270233154,4.160030186691389,4.4007550220792195,17400
2019-09-23,4.5700154304504395,4.649003368298864,4.425956721399715,4.425956721399715,19800
2019-09-24,4.513596057891846,4.585061170976777,4.344336277462579,4.524879947598228,9400
2019-09-25,4.457174777984619,4.482751753598937,4.457174777984619,4.474100786305969,4400
2019-09-26,4.543685436248779,4.548575347642878,4.463193089764132,4.548575347642878,5200
2019-09-27,4.513596057891846,4.607629309097926,4.47673518412042,4.487266862340827,13800
2019-09-30,4.532402515411377,4.570015598474074,4.475982352754785,4.547447820378128,5600
2019-10-01,4.690378665924072,4.716707861448857,4.4947893314302885,4.716707861448857,14000
2019-10-02,4.641480445861816,4.806978778380735,4.532401909751814,4.57753781862061,16400
2019-10-03,4.5700154304504395,4.848354100164342,4.5700154304504395,4.848354100164342,3000
2019-10-04,4.848353385925293,5.137975542898028,4.562492285470628,4.562492285470628,33800
2019-10-07,4.897252082824707,5.062750453463338,4.719340966712069,5.002569227776563,38400
2019-10-08,4.923580646514893,4.923580646514893,4.769366185837959,4.912296757826138,3000
2019-10-09,4.983760833740234,5.047703454266016,4.814501103581279,5.043942039244905,26400
2019-10-10,4.987523078918457,5.168066725483376,4.8972512556359975,5.010090855384902,34200
2019-10-11,4.852116107940674,5.002569540264147,4.837070800579168,4.968717509023655,9000
2019-10-14,4.712944984436035,4.8934889571367,4.671194210926347,4.810739621369384,9000
2019-10-15,4.682855129241943,4.8822054911748,4.592583307843102,4.592583307843102,8400
2019-10-16,4.254063606262207,4.637719009247514,4.254063606262207,4.553088956312651,33800
2019-10-17,4.254063606262207,4.3996267233768656,4.1957627437033835,4.27286996584034,17400
2019-10-18,4.220212459564209,4.404517547803222,4.086685054899511,4.400756131624861,11000
2019-10-21,4.193882942199707,4.220212496973236,4.14949923528511,4.14949923528511,41600
2019-10-22,4.062235355377197,4.219082704401135,4.062235355377197,4.137461862962125,27400
2019-10-23,4.062235355377197,4.062235355377197,4.062235355377197,4.062235355377197,3200
2019-10-24,3.998292922973633,4.058474131882147,3.987009035980362,4.058474131882147,4200
2019-10-25,4.137462139129639,4.137462139129639,4.00957688834503,4.00957688834503,6600
2019-10-28,4.0321455001831055,4.129939798827226,4.0321455001831055,4.129939798827226,600
2019-10-29,4.013338088989258,4.164543317433794,3.900498146761398,4.164543317433794,9000
2019-10-30,4.077281475067139,4.137462693211423,4.017100256922855,4.088565363792103,5200
2019-10-31,4.167552471160889,4.167552471160889,4.0622353604114725,4.099848434896408,8000
2019-11-01,4.167552471160889,4.167552471160889,4.01709945580458,4.114893736432039,4400
2019-11-04,4.129940032958984,4.16755347521409,4.069758812317511,4.16755347521409,2600
2019-11-05,4.046814441680908,4.114894415460892,3.975725263613914,4.09608805446919,17800
2019-11-06,3.7650909423828125,4.002054745614074,3.7049097273478897,4.002054745614074,29400
2019-11-07,3.9268274307250977,4.1901207552386435,3.911782128642178,4.1901207552386435,17400
2019-11-08,3.9042599201202393,4.306722046997402,3.9042599201202397,4.306722046997402,3800
2019-11-11,3.994532346725464,4.084804179048346,3.8564916787661,4.084804179048346,12200
2019-11-12,3.911782741546631,4.013338815549534,3.910654603777169,3.940745212657654,6600
2019-11-13,3.8967370986938477,4.097968521330115,3.808345987622301,4.097968521330115,9600
2019-11-14,3.885453939437866,3.996413205365872,3.8384373134923853,3.908022077723388,22800
2019-11-15,3.838437557220459,3.95691966300299,3.806466235199123,3.95691966300299,17200
2019-11-18,3.812108039855957,3.975725693926297,3.812108039855957,3.975725693926297,1400
2019-11-19,3.821510076522827,3.9042594121443672,3.783897003028144,3.8252714914847776,3800
2019-11-20,3.84783935546875,3.9080209201682425,3.795180979580582,3.8252715825761876,19400
2019-11-21,3.7914199829101562,3.874169329633556,3.7914199829101567,3.8553626110089216,46800
2019-11-22,3.854609966278076,3.9042594969882853,3.817748744524819,3.8478393474577772,3000
2019-11-25,3.742523670196533,3.844079763012084,3.7237169464853106,3.8365569300442273,31000
2019-11-26,3.6259214878082275,3.7350000205569116,3.580785580330321,3.7331193129067937,17400
2019-11-27,3.5356500148773193,3.697387317759222,3.4905140984538905,3.6409675119070304,30800
2019-11-29,3.558218479156494,3.558218479156494,3.49051441895062,3.5318892818357255,7800
2019-12-02,3.4604227542877197,3.582665880204706,3.3803066899981338,3.573262700791208,14400
2019-12-03,3.4228098392486572,3.5619789816358756,3.4228098392486572,3.5619789816358756,51200
2019-12-04,3.370150566101074,3.4453770691753314,3.3701505661010747,3.388957281546704,18600
2019-12-05,3.5281269550323486,3.61087630074117,3.358867206902551,3.61087630074117,19800
2019-12-06,3.4416162967681885,3.516843172592808,3.4344697507390163,3.4453777123010854,4200
2019-12-09,3.4378557205200195,3.499917650655112,3.321254333658864,3.452524740957233,8600
2019-12-10,3.3983607292175293,3.430332040396179,3.3983607292175293,3.430332040396179,6200
2019-12-11,3.4228098392486572,3.4228098392486572,3.3513443809878876,3.3513443809878876,1400
2019-12-12,3.41904878616333,3.4529008111682513,3.3663900407436356,3.449515321701074,5200
2019-12-13,3.3889577388763428,3.430332231473482,3.3889577388763428,3.404003041521513,5600
2019-12-16,3.3099703788757324,3.4303328207121098,3.276118352432158,3.4303328207121098,26800
2019-12-17,3.1595170497894287,3.3099704646941137,3.0880519377732796,3.3099704646941137,60800
2019-12-18,3.0767672061920166,3.200891033261096,3.065482961034258,3.200891033261096,15000
2019-12-19,3.0203473567962646,3.264833978895787,2.903746168886295,3.133187308633866,62000
2019-12-20,3.0993356704711914,3.1425908771001816,3.024485431252336,3.1219038071127825,23800
2019-12-23,3.0842902660369873,3.2817602894734366,3.02787046431706,3.2027723518405273,32600
2019-12-24,3.009063720703125,3.1745620675101236,2.9488825036823982,3.1745620675101236,26200
2019-12-26,3.0880517959594727,3.1030971008881716,3.0466772970826415,3.084290380050207,13000
2019-12-27,3.0654828548431396,3.088050985668593,2.9564045124088363,2.9902563499387456,27400
2019-12-30,3.0842902660369873,3.0918130975774316,2.9571573902827932,3.039154352919375,21400
2019-12-31,3.11061954498291,3.1331873202088114,3.0632266430752053,3.0632266430752053,34800
2020-01-02,3.0812816619873047,3.151994562211914,3.0812816619873047,3.151994562211914,5400
2020-01-03,3.0993356704711914,3.321254186161994,3.070373557263815,3.321254186161994,29200
2020-01-06,3.1219043731689453,3.2874027566177184,3.0794013702700727,3.193369494526536,87200
2020-01-07,3.095573902130127,3.366389717453425,3.095573902130127,3.287401786263643,69400
2020-01-08,3.1482324600219727,3.1933683668417356,3.125664685966241,3.148232460021972,9000
2020-01-09,3.167039394378662,3.242265910895477,3.159516563372818,3.1719289475658003,21000
2020-01-10,3.2836403846740723,3.3024471033622094,3.2121752841091396,3.2121752841091396,15600
2020-01-13,3.234743356704712,3.3663896675991967,3.234743356704712,3.3663896675991967,13800
2020-01-14,3.2422657012939453,3.345702468687512,3.1971297943017403,3.1971297943017403,9200
2020-01-15,3.230982542037964,3.25355032126356,3.208414404103985,3.25355032126356,10000
2020-01-16,3.262953996658325,3.262953996658325,3.2046534794180506,3.2121759532353127,19600
2020-01-17,3.2272205352783203,3.3513443744268465,3.2008913447644867,3.283640331724626,9600
2020-01-21,3.136949300765991,3.3099704964034653,3.0955744408843526,3.3099704964034653,8600
2020-01-22,3.1143808364868164,3.1177659671550515,3.095574116575309,3.1143808364868164,13800
2020-01-23,3.1482324600219727,3.1666628925327562,3.1407099882394958,3.1666628925327562,4800
2020-01-24,3.0918128490448,3.150113353963404,3.0842900181090713,3.150113353963404,10400
2020-01-27,3.0767672061920166,3.2023954557988175,3.0767672061920166,3.103096394143554,7800
2020-01-28,2.952643632888794,3.1392055064933966,2.8097130682987417,3.1188943644216085,22600
2020-01-29,3.039154529571533,3.039154529571533,2.911269255617403,3.0090639190774287,10000
2020-01-30,2.982734203338623,3.0429155967830592,2.9225529892483517,2.9977795068611908,7000
2020-01-31,2.994018793106079,3.019972062791494,2.933837568514342,2.9718269396347465,8200
2020-02-03,3.039154529571533,3.5732634039044466,2.9526439347238895,3.5732634039044466,9000
2020-02-04,3.095573902130127,3.3720318406485243,3.054199408157697,3.054199408157697,8800
2020-02-05,3.306208610534668,3.306208610534668,3.125664967021398,3.185846181525821,3000
2020-02-06,3.2953004837036133,3.3400604660057227,3.1896070785752952,3.246027233377324,4200
2020-02-07,3.3250153064727783,3.3851965205559966,3.234743485347951,3.366389801477908,29200
2020-02-10,3.2723569869995117,3.396480846737852,3.2723569869995117,3.392719789403643,8200
2020-02-11,3.2497894763946533,3.2527983225103676,3.2046535562832785,3.2193225778684025,3400
2020-02-12,3.336299419403076,3.360748263465677,3.197130262774371,3.360748263465677,5400
2020-02-13,3.2723569869995117,3.3062090139660367,3.212175765151635,3.3062090139660367,10200
2020-02-14,3.2798798084259033,3.343822446108569,3.230982476156313,3.2892829897934344,5000
2020-02-18,3.4416162967681885,3.4566616001914467,3.2911632625356066,3.2911632625356066,31600
2020-02-19,3.3964803218841553,3.5228611552019324,3.2309819873767367,3.4228098714052133,25800
2020-02-20,3.3475825786590576,3.3475825786590576,3.2922912848621513,3.3250148061279914,4000
2020-02-21,3.3615000247955322,3.5085679197103787,3.3581148945023043,3.3588671058220987,9400
2020-02-24,3.4416162967681885,3.5695015552200475,3.381435083075156,3.4529005433668787,12600
2020-02-25,3.449138879776001,3.5194758386076384,3.3851962551487493,3.445377464513621,39600
2020-02-26,3.4228098392486572,3.4566615019577225,3.4115255929706505,3.4348459381618826,5800
2020-02-27,3.558218479156494,3.558218479156494,3.313732153070587,3.419049301062072,31800
2020-02-28,3.464184284210205,3.5732628190757643,3.2309819116944687,3.5732628190757643,46400
2020-03-02,3.393094539642334,3.516842430106996,3.393094539642334,3.516842430106996,3600
2020-03-03,3.377673864364624,3.4566618016165633,3.355106087268841,3.411525888716648,22000
2020-03-04,3.370150566101074,3.3825629480760333,3.3024465339801123,3.3814344518851476,7400
2020-03-05,3.3212544918060303,3.385197133015211,3.2874024630825347,3.2874024630825347,4400
2020-03-06,3.3851964473724365,3.415287053763526,3.2874017972472354,3.2874017972472354,10600
2020-03-09,3.490513801574707,3.678580283364203,3.2159369103420494,3.2159369103420494,55200
2020-03-10,3.4077651500701904,3.5770249289363867,3.39648090175963,3.5770249289363867,20200
2020-03-11,3.466064929962158,3.5394107348880253,3.404003012246046,3.404003012246046,10600
2020-03-12,3.2573113441467285,3.385196606681359,3.0541995620941806,3.385196606681359,30000
2020-03-13,3.3400609493255615,3.39648075358344,2.913149925326946,3.3284007751383697,45200
2020-03-16,3.486753225326538,3.486753225326538,3.1783239087424624,3.246027966308693,36000
2020-03-17,3.3099703788757324,3.4604234311712045,3.234743852727996,3.4604234311712045,34600
2020-03-18,3.302447557449341,3.584547300435191,3.2347438630544305,3.4265714156664453,20800
2020-03-19,3.390839099884033,3.663535307708705,3.238504977703479,3.458542795478123,29600
2020-03-20,3.0316321849823,3.4555340280515203,2.9225534482799556,3.4228104967179136,209600
2020-03-23,3.554456949234009,3.554456949234009,3.065483953971864,3.2272212665383977,123400
2020-03-24,3.7237157821655273,4.359380620854963,3.629682551719849,3.6484892695506463,110000
2020-03-25,3.7237157821655273,3.934350376195501,3.4468819287761194,3.6484892695506463,113200
2020-03-26,4.513596057891846,4.848354561320511,3.761330048243205,3.761330048243205,90800
2020-03-27,4.60762882232666,4.773127169133659,4.272870354263432,4.272870354263432,59800
2020-03-30,4.4985504150390625,4.716707512797296,4.412039643882048,4.671571598644733,36600
2020-03-31,4.618912696838379,4.791933874602615,4.276631757039384,4.562492895729576,38200
2020-04-01,4.562493324279785,4.916810397243728,4.526760588910086,4.596345351608091,38600
2020-04-02,4.5700154304504395,4.882205766063651,4.348097280027107,4.7167074175141845,82800
2020-04-03,4.825786590576172,4.9649557641430855,4.626436191543393,4.645242914178575,82800
2020-04-06,5.096601486206055,5.3591422650984715,4.8934897098672465,4.8934897098672465,88800
2020-04-07,5.013852596282959,5.4953027103963,4.893490157431715,5.299713747263027,43000
2020-04-08,5.0251359939575195,5.232009184539072,5.002568218233468,5.013852106095494,53600
2020-04-09,4.998806953430176,5.262099949968791,4.716707237415587,5.262099949968791,59800
2020-04-13,5.043942928314209,5.2771453201043075,4.7994566481801035,4.7994566481801035,60400
2020-04-14,4.927341938018799,5.310997372133679,4.769366065527865,5.021375178372529,79800
2020-04-15,5.107885837554932,5.186873777670044,4.848354239295771,4.848354239295771,58800
2020-04-16,5.153021335601807,5.277145180220713,4.904773646363995,5.277145180220713,223600
2020-04-17,5.010091781616211,5.374940916552373,5.010091781616211,5.277146243895933,54000
2020-04-20,5.164305686950684,5.205680544674393,4.709185121656808,4.837070034624697,24000
2020-04-21,5.149259090423584,5.168065806607369,4.9950446633914405,4.9950446633914405,7600
2020-04-22,5.153021335601807,5.226367504664494,5.013852187353589,5.013852187353589,24800
2020-04-23,5.243293285369873,5.341087940701797,5.100363076756557,5.250816116722333,32400
2020-04-24,5.322279930114746,5.341086645226002,5.2320081280306265,5.29218932942004,32400
2020-04-27,5.299712657928467,5.39750729874799,5.194395545581135,5.322280431220179,41000
2020-04-28,5.457690238952637,5.641995333765631,5.322282121368884,5.444525640567195,62800
2020-04-29,5.546080112457275,5.999320272799622,5.439258567845774,5.638232638967927,68600
2020-04-30,5.5630059242248535,5.717220365466751,5.418194662587147,5.472734108674715,43400
2020-05-01,5.62318754196167,6.270136317688949,5.3824626830553965,5.525392888676829,41000
2020-05-04,5.386224269866943,5.910929959965383,5.348611186316451,5.641994816327118,145400
2020-05-05,5.171828746795654,5.604381553044302,4.987523662999857,5.3937472740515,135000
2020-05-06,5.288429260253906,5.48966032446768,5.100362791462219,5.209441329013065,39400
2020-05-07,5.284667491912842,5.6984134804023325,5.224486283311338,5.611903082714745,57200
2020-05-08,5.7435503005981445,6.603014031249046,5.7435503005981445,6.401782961025896,212200
2020-05-11,6.01812744140625,6.1384898754477035,5.863912983113551,5.972991528640705,106400
2020-05-12,6.021888256072998,6.243054170677682,5.980513404469813,6.206193304479672,74800
2020-05-13,6.036934852600098,6.251331282616713,5.980515041508071,5.980515041508071,52600
2020-05-14,6.0858306884765625,6.319032694367749,5.950422609303228,6.319032694367749,39000
2020-05-15,6.168580532073975,6.2776594371603105,6.003082183976063,6.003082183976063,27000
2020-05-18,6.055741310119629,6.225000725942023,5.837584203620706,6.21747861134442,37400
2020-05-19,6.040694713592529,6.146012193285394,6.021888353876528,6.106518407431808,30000
2020-05-20,6.202432632446289,6.202432632446289,6.095234792642364,6.1873876865980995,14800
2020-05-21,6.153534412384033,6.319032370198429,6.097113904011807,6.221238448497452,34600
2020-05-22,6.398021697998047,6.411938864227399,6.176103195512076,6.209955219105982,26600
2020-05-26,6.322793960571289,6.503338301018781,6.238540556790166,6.484531225234361,48000
2020-05-27,6.416828155517578,6.65379232424211,6.1930293005370265,6.386737547138541,66400
2020-05-28,6.349123477935791,6.525906412378139,6.349123477935791,6.525906412378139,36600
2020-05-29,6.371692657470703,6.562015416362336,6.277659415785432,6.394260434598493,53800
2020-06-01,6.367930889129639,6.601132913843683,6.229889879884125,6.375453720227939,52800
2020-06-02,6.379215240478516,6.492055569245287,6.2099558234534875,6.413067267366872,57000
2020-06-03,6.38297700881958,6.544714320120618,6.277660223724424,6.537191487637594,31200
2020-06-04,6.44315767288208,6.461964752452215,6.322795233300132,6.382976453091106,33000
2020-06-05,6.469486713409424,6.576684541570523,6.416827615118323,6.443156805555557,37800
2020-06-08,6.454441070556641,6.693285569015415,6.398021274110335,6.477008845651836,84200
2020-06-09,6.529667854309082,6.721495733522074,6.477008756588876,6.614297189106516,60000
2020-06-10,6.612417221069336,6.693285862575279,6.461964184808278,6.48077054530966,58800
2020-06-11,6.4017839431762695,6.522146390476472,6.287063261400522,6.465726582981599,34600
2020-06-12,6.435635566711426,6.525907396513477,6.394260709020878,6.443157681132382,42600
2020-06-15,6.495817184448242,6.695167218440022,6.409306765266272,6.413067463998727,128400
2020-06-16,6.563520431518555,6.845620151198435,6.469487191625261,6.586088208216273,82600
2020-06-17,6.680121898651123,6.713973924689197,6.5860886524157465,6.680121898651123,88200
2020-06-18,6.695165157318115,6.864049318568336,6.6312225372996325,6.800482624824014,95400
2020-06-19,6.8192901611328125,6.917084815560761,6.574803883771278,6.864426431413665,81800
2020-06-22,7.093867778778076,7.142764747388153,6.695166328931756,6.849380783477655,73000
2020-06-23,7.263126373291016,7.374085611691432,7.076940982490557,7.165331729496021,111000
2020-06-24,7.248080730438232,7.304500518648686,6.977264599161609,7.259364257630405,80200
2020-06-25,7.357161045074463,7.503853398251229,7.003596552862263,7.289456992441608,136200
2020-06-26,6.781678199768066,7.375968306821085,6.691406366503695,7.375968306821085,1054800
2020-06-29,6.981027603149414,7.135242060823465,6.740302736032201,6.808006784263091,111400
2020-06-30,7.165332317352295,7.187900810598806,6.968991161057599,7.099509338924952,45400
2020-07-01,7.142765998840332,7.206708641251494,7.005853458360931,7.157811664074396,47800
2020-07-02,7.165332317352295,7.360921620988768,7.02653945574455,7.225513531176339,59400
2020-07-06,7.5828399658203125,7.601646325736626,7.270649656259671,7.270649656259671,49600
2020-07-07,7.334592342376709,7.643021238910502,7.293217489333564,7.488806790643605,73400
2020-07-08,7.492568492889404,7.526420516235417,7.300740599734228,7.38348959157077,33800
2020-07-09,7.210470676422119,7.673114160825394,7.169095810894116,7.51513824939295,47600
2020-07-10,7.4812846183776855,7.552750084267473,7.146526501310691,7.146526501310691,53400
2020-07-13,7.624216079711914,8.075575249115742,7.398536136301619,7.398536136301619,75200
2020-07-14,8.180891990661621,8.35015211191785,7.673112344309629,7.810024864127627,118600
2020-07-15,8.07181167602539,8.241071767706531,7.921358659762473,8.241071767706531,58000
2020-07-16,7.887507438659668,8.105664513645367,7.840490821486744,8.105664513645367,36400
2020-07-17,8.177129745483398,8.237310956399718,7.84613308544365,7.84613308544365,47600
2020-07-20,8.805274963378906,8.82032063028625,8.041724585836395,8.041724585836395,106400
2020-07-21,9.030952453613281,9.079849422738695,8.782704757463701,8.80527253418184,133400
2020-07-22,8.921874046325684,9.12498620031816,8.745091803619315,9.012145875627876,64200
2020-07-23,8.86921501159668,9.245347964959416,8.82031804332286,8.993338857509716,50800
2020-07-24,8.69243335723877,8.805272963751078,8.541979592000063,8.703716887439967,57600
2020-07-27,9.320574760437012,9.42213011171306,8.790227358263943,8.805272303209158,91400
2020-07-28,9.19268798828125,9.305527567772133,9.106176878760586,9.298004737828327,42600
2020-07-29,9.16260051727295,9.444700279825275,9.117464239601187,9.444700279825275,28000
2020-07-30,9.140030860900879,9.320575231280637,9.004246836117199,9.027191257153147,32600
2020-07-31,9.061040878295898,9.249107312934806,8.955723416628166,9.249107312934806,25400
2020-08-03,9.102418899536133,9.164480471565115,8.797750652575349,9.106179598214574,29400
2020-08-04,9.083608627319336,9.124983472411804,8.89930360791477,9.12122205763826,42000
2020-08-05,9.188928604125977,9.222780628938082,9.098656777099263,9.098656777099263,77000
2020-08-06,9.723038673400879,10.116473632901,9.140032064174315,9.214506384632275,121600
2020-08-07,9.54249382019043,9.967523763104753,9.354427334094114,9.926148906590216,87800
2020-08-10,9.328097343444824,9.501118882226885,9.28672320470168,9.486073219108139,53200
2020-08-11,8.752614974975586,9.365711441802835,8.645040484885794,9.365711441802835,98200
2020-08-12,8.906828880310059,8.959487266749097,8.557025102012542,8.775182196795754,83600
2020-08-13,8.8616943359375,9.015908826935231,8.745093292908768,8.925636982259743,33000
2020-08-14,9.042237281799316,9.155076890058572,8.805273100071455,8.910590593885697,61000
2020-08-17,8.406569480895996,9.293114755105629,8.28620708167941,9.045994906088232,82400
2020-08-18,8.432902336120605,8.538219839978463,7.93828721400115,8.462992949020451,72000
2020-08-19,8.447945594787598,8.45133108399637,8.27868620009884,8.361435189674456,55200
2020-08-20,8.335104942321777,8.391524733403323,8.049243854436506,8.308775754311494,52400
2020-08-21,8.545741081237793,8.587115938775312,8.244834983010547,8.308777618560928,56200
2020-08-24,8.74133014678955,8.85417046836969,8.620967711037434,8.756375809966919,39600
2020-08-25,8.970770835876465,8.970770835876465,8.513769252644236,8.786465779858595,53400
2020-08-26,8.865452766418457,9.027190036017087,8.76013600847822,8.967008826503635,28400
2020-08-27,8.888018608093262,8.950080870456537,8.801508227904865,8.806398138436471,24400
2020-08-28,9.087370872497559,9.087370872497559,8.933156439772704,8.954972360486192,18800
2020-08-31,8.997100830078125,9.106179020248883,8.91059041762947,9.09489549009619,26200
2020-09-01,9.102418899536133,9.15883870613069,9.049759791620017,9.06480545600084,27000
2020-09-02,9.267915725708008,9.309290580081706,8.715000543464066,9.064804304290169,38400
2020-09-03,9.015907287597656,9.173883168161845,8.718762605951165,9.173883168161845,37400
2020-09-04,9.2528715133667,9.271677875525787,8.898177812409145,9.038475828119493,48800
2020-09-08,9.523687362670898,9.523687362670898,9.027191921760739,9.117463754888336,67800
2020-09-09,9.651573181152344,9.723038655424359,9.50112011748768,9.670379545079127,45400
2020-09-10,9.802024841308594,9.835876865463122,9.674139576150754,9.835876865463122,137800
2020-09-11,12.468806266784668,12.468806266784668,11.095920601481644,11.287748467461654,783600
2020-09-14,12.72081470489502,13.137570605542004,12.3559653286848,12.788518742435743,252400
2020-09-15,12.149094581604004,12.820491872210626,11.848188494116922,12.709533335350836,158400
2020-09-16,12.461287498474121,13.035265426116247,12.100198704624418,12.100198704624418,132200
2020-09-17,12.502659797668457,12.78099737512127,11.30279477767145,12.717055462810036,241600
2020-09-18,13.451981544494629,13.451981544494629,12.577110132873647,12.884752103783043,208400
2020-09-21,13.294417381286621,13.585910453179666,12.967472469604454,13.420468033282992,136800
2020-09-22,12.108752250671387,13.310174127603677,11.888163609028792,13.306234199480905,182200
2020-09-23,11.963006019592285,13.058072336016213,11.963006019592285,12.195411431653653,114800
2020-09-24,12.368730545043945,12.601136691462745,11.911796604940793,11.911796604940793,100600
2020-09-25,12.612953186035156,12.800059164544749,12.270252383405982,12.289948263626629,63000
2020-09-28,13.593786239624023,13.767106999528467,13.037194051426583,13.14473063922102,272800
2020-09-29,13.195938110351562,13.806496140302103,13.006862162520289,13.806496140302103,356200
2020-09-30,13.282599449157715,13.841948981003451,13.128975324288595,13.255025965342343,294000
2020-10-01,13.156548500061035,13.589847380707912,12.83354355209326,13.589847380707912,140400
2020-10-02,13.463798522949219,13.564245655002651,12.946202852751165,13.018681303055072,82200
2020-10-05,13.845890998840332,14.05190477405689,13.451982310425441,13.483494224124586,255200
2020-10-06,13.715898513793945,14.038903473418422,13.617421355307405,13.940426314931882,106400
2020-10-07,14.082231521606445,14.141318408767873,13.045070474584534,13.790738515661081,185600
2020-10-08,14.200406074523926,14.220101205861024,13.860069636986598,14.220101205861024,114200
2020-10-09,14.57461929321289,14.751878477037158,14.184649088799503,14.27918782105317,126600
2020-10-12,14.57461929321289,14.751878477037158,14.027086538566289,14.57461929321289,136200
2020-10-13,14.71642780303955,14.771574775110532,14.056631096946406,14.574620444775723,60600
2020-10-14,14.649459838867188,14.79126717089342,14.586434524926862,14.645521414151798,83400
2020-10-15,14.732187271118164,14.81096781590283,14.072388938727304,14.464329211451101,98200
2020-10-16,14.263429641723633,14.808993878764207,14.180709198698642,14.771572081977752,137400
2020-10-19,14.259492874145508,14.767635373452729,14.220101109097163,14.346151751967485,121400
2020-10-20,13.36925983428955,14.610466448853547,13.176245425802612,14.428875127430198,184200
2020-10-21,13.203816413879395,13.78680095986522,12.887113563809526,13.349562174715336,118000
2020-10-22,12.98716926574707,13.278660838608504,12.89657045241758,13.058072946203596,51200
2020-10-23,13.270779609680176,13.294414665592347,12.951714619396835,13.08564359761515,51600
2020-10-26,12.341156959533691,13.050192922016587,11.968519743870537,13.01867951133991,103200
2020-10-27,12.593257904052734,12.837481571143456,12.301765624828997,12.301765624828997,38800
2020-10-28,12.309645652770996,12.557807778549556,12.049665996690164,12.317524006305845,73800
2020-10-29,12.368730545043945,12.518021798152754,12.03745355116732,12.191472116445228,82000
2020-10-30,12.24267864227295,12.526292549534668,12.077237008540031,12.404181100045442,63000
2020-11-02,11.809381484985352,12.435696316533033,11.651818170735872,12.435696316533033,110600
2020-11-03,12.057541847229004,12.266312913316185,11.320932473696844,11.320932473696844,116000
2020-11-04,11.742414474487305,12.04966343514027,11.450922217554433,11.81725731451578,105400
2020-11-05,11.821199417114258,12.163899543340463,11.661666133395816,11.793625930098491,92800
2020-11-06,11.38395881652832,11.872405408681999,11.277603310223931,11.856649454778232,76600
2020-11-09,10.564629554748535,11.833015850410257,10.351919280839,11.482436651565811,139000
2020-11-10,11.628183364868164,11.785746672389186,10.682802768420915,10.899452222347183,157400
2020-11-11,12.463269233703613,13.589848193974706,11.817259299108441,13.51106616478554,291400
2020-11-12,11.821199417114258,12.656286138003676,11.423351565535349,12.368732234487833,134400
2020-11-13,12.065418243408203,12.59798305803832,11.97875863512834,12.057540643616154,150800
2020-11-16,12.246617317199707,12.494779381985781,12.140261824582407,12.242678141400441,190400
2020-11-17,12.352973937988281,12.616891978753541,12.29388704692397,12.329338881034145,171600
2020-11-18,12.246617317199707,12.408119768364811,12.219043837925806,12.352972809817008,105000
2020-11-19,12.191471099853516,12.71536874055083,12.010272758675816,12.71536874055083,164600
2020-11-20,12.63856029510498,12.725494000684144,12.241146926431156,12.241146926431156,116600
2020-11-23,12.419156074523926,12.737914603271323,12.344641011742594,12.737914603271323,69400
2020-11-24,12.270125389099121,12.361199701493506,11.632609150281642,12.361199701493506,129000
2020-11-25,12.510231971740723,12.564048767096406,12.220452082185123,12.220452082185123,67400
2020-11-27,12.60958480834961,12.678304301418175,12.510231638327959,12.510231638327959,36000
2020-11-30,12.663400650024414,12.98629902050548,12.25812211671607,12.25812211671607,141200
2020-12-01,12.265985488891602,13.13532652619685,11.94101765190669,12.841406893596949,217000
2020-12-02,12.166633605957031,12.559907217665065,12.038302541020306,12.278406205864206,71400
2020-12-03,11.785780906677246,12.237010386708167,11.595354192324507,12.154216472046079,62600
2020-12-04,11.810617446899414,11.996904310096493,11.595351890255595,11.880992694664176,133200
2020-12-07,12.460554122924805,12.622002908341223,11.9886256285258,11.9886256285258,182800
2020-12-08,12.402595520019531,12.522647728485222,12.116955528766137,12.472970761978033,101600
2020-12-09,12.41087818145752,12.617864144949161,12.270127663116101,12.328084269814136,75600
2020-12-10,12.593023300170898,12.659258730855681,12.253566520514227,12.427434723458939,83600
2020-12-11,12.522649765014648,12.642701993004152,12.162493870634858,12.551627671194536,78600
2020-12-14,12.265985488891602,12.820707827477397,12.228728749053683,12.55576609785623,108400
2020-12-15,12.605443954467773,12.679958228978586,12.050721576825563,12.39845801623079,114000
2020-12-16,12.886944770812988,13.19328466859009,12.446065270222203,12.634422451256565,94800
2020-12-17,13.093929290771484,13.226400946255504,12.852998160040578,13.040113297597228,83600
2020-12-18,12.758612632751465,13.151886216631427,12.55162670220173,13.089790595384239,148200
2020-12-21,13.060811996459961,13.135327058331807,12.700656916864258,12.800010069497164,123600
2020-12-22,11.835455894470215,13.690049693224893,11.744382366798858,13.048393606873594,906200
2020-12-23,11.632609367370605,12.174912280249599,11.210357882721928,12.00932369497227,169400
2020-12-24,11.570513725280762,11.769220027247597,11.45874113432867,11.624329719301034,39600
2020-12-28,10.746709823608398,11.682286384379877,10.593540667358738,11.682286384379877,220400
2020-12-29,10.382415771484375,10.81294694933829,10.382415771484375,10.763269971282538,168200
2020-12-30,10.585259437561035,10.870900217859283,10.423810678500049,10.568700975149223,160400
2020-12-31,10.618380546569824,10.900709882561467,10.490049460894813,10.58112300724662,238200
2021-01-04,11.040629386901855,11.11100463372365,10.701172592675071,10.701172592675071,174200
2021-01-05,11.144125938415527,11.231059676813846,11.00958472660224,11.177243665841873,158000
2021-01-06,11.491857528686523,12.021741729200581,11.139981332625961,11.139981332625961,175800
2021-01-07,11.818896293640137,11.926529072049748,11.283630981568908,11.675248007607756,142000
2021-01-08,11.69056510925293,11.963786470825298,11.280733066894378,11.856153693601538,174800
2021-01-11,11.417344093322754,11.858224354038663,11.214497972656277,11.698845090031716,144200
2021-01-12,11.719544410705566,11.756801945326611,11.48772036496588,11.756801945326611,45600
2021-01-13,11.694706916809082,11.839597248917395,11.504280209732686,11.661589194291937,122800
2021-01-14,11.963787078857422,12.166633203692239,11.71540379491667,11.71540379491667,117600
2021-01-15,11.806475639343262,11.893409336233713,11.520834883181651,11.893409336233713,111000
2021-01-19,11.640889167785645,11.955507089714281,11.425623608917698,11.955507089714281,83600
2021-01-20,11.69056510925293,11.835455416653707,11.495998621341895,11.781638633247502,74400
2021-01-21,11.624329566955566,12.05693018366993,11.388365737763849,12.05693018366993,87600
2021-01-22,11.843735694885254,11.885132251058467,11.334549684314561,11.582932969297316,56400
2021-01-25,11.545675277709961,11.910384712351275,11.450461936483851,11.876853249645412,88400
2021-01-26,11.85201358795166,11.856153401156845,11.429762905675135,11.798197595461536,98200
2021-01-27,11.334548950195312,11.752660615091694,11.18551962052899,11.686425181998073,155000
2021-01-28,11.582931518554688,11.997731623585858,11.409063319802327,11.520835902483544,120200
2021-01-29,11.831314086914062,12.05485923932415,11.606941445701768,12.05485923932415,85600
2021-02-01,13.830801010131836,14.871526333511316,12.626142853505463,12.626142853505463,614000
2021-02-02,12.791730880737305,14.439339556353746,12.74619451104752,14.439339556353746,196200
2021-02-03,13.582417488098145,13.619675019194634,12.795870311251067,12.795870311251067,105800
2021-02-04,14.108161926269531,14.108161926269531,13.582417467880463,13.582417467880463,123800
2021-02-05,13.868057250976562,14.428988929387918,13.52032082688946,14.360683193776076,142000
2021-02-08,14.869869232177734,14.902987740717817,14.294448569301737,14.476597207917383,190400
2021-02-09,15.296262741088867,15.544645261113438,14.091604518532362,14.733260677910458,290600
2021-02-10,12.626143455505371,14.215795678316429,12.228730794596991,13.97569120869832,755800
2021-02-11,12.56197738647461,13.143608207136872,12.481252989961828,13.143608207136872,225200
2021-02-12,12.522649765014648,12.73625957135153,12.249428378763245,12.530929392377109,152000
2021-02-16,12.456414222717285,13.077372057191372,12.452274409070146,12.733775420365927,181000
2021-02-17,12.303242683410645,12.638560439121939,12.265985154998278,12.489530325472474,122000
2021-02-18,11.947229385375977,12.396388521584319,11.934809944021422,12.315664126751575,171000
2021-02-19,11.972067832946777,12.306971119045745,11.860295226212829,12.013465182432178,143200
2021-02-22,12.009324073791504,12.361200322098234,11.876853201391013,12.059000256147346,148200
2021-02-23,11.578792572021484,12.009323682898346,11.322130462496833,12.009323682898346,232800
2021-02-24,11.442183494567871,11.545676473468344,10.99923367120805,11.40906577290327,343200
2021-02-25,11.26831340789795,11.504278024294413,10.86262118673402,11.375946183029152,211600
2021-02-26,11.773361206054688,12.543348412877092,11.765081578448628,12.543348412877092,442800
2021-03-01,12.3363618850708,12.398458299632237,11.798198749188897,11.802338562798907,254200
2021-03-02,11.95136833190918,12.468833173634593,11.90997098665341,12.39845792357639,245800
2021-03-03,11.860292434692383,12.087977408478185,11.231055081464513,12.001042916061474,650000
2021-03-04,11.736104965209961,12.787593309845008,11.545677457221496,12.067282210074032,2739600
2021-03-05,11.719544410705566,12.15835519855591,11.566375248009054,11.872714362990827,1377800
2021-03-08,12.949040412902832,13.298846359747774,11.645028387202144,11.719543450338032,646000
2021-03-09,12.882804870605469,13.16844489082266,12.634421592060745,13.164305077394902,227000
2021-03-10,13.926013946533203,13.977760432112877,13.002856833293128,13.027694925286532,363400
2021-03-11,15.221747398376465,15.523946704727186,13.897036963737575,14.075045012285981,426000
2021-03-12,15.184487342834473,15.519805104505277,14.513853398670122,15.213465245539414,199800
2021-03-15,14.911266326904297,15.511525829281522,14.244771391248177,15.511525829281522,310800
2021-03-16,14.890570640563965,14.98578399376775,14.604929001775037,14.902989292971284,126600
2021-03-17,15.275564193725586,15.316960753279657,14.551113347286684,14.592509906840755,139600
2021-03-18,15.842704772949219,16.53817768998612,15.730932170656416,16.05382974671731,333000
2021-03-19,16.45124626159668,16.59613581483666,16.14904534339153,16.231840050604816,529200
2021-03-22,16.413984298706055,16.538175536467335,16.173879870413945,16.509197633628947,195200
2021-03-23,15.304540634155273,16.38500747422469,15.163790134315247,16.38500747422469,325800
2021-03-24,14.356544494628906,15.710232691175278,14.219933020316475,15.46598922612543,232400
2021-03-25,15.027179718017578,15.250724923970054,13.988110939440485,14.302728889939262,150000
2021-03-26,15.292120933532715,15.428732414214437,14.609068267656378,15.151370428820073,120600
2021-03-29,14.94852352142334,15.499105252105059,14.799493405095278,15.279700680387222,114000
2021-03-30,14.869869232177734,15.08099577617725,14.758098213798467,14.944384297215516,109400
2021-03-31,14.902987480163574,15.179520389093442,14.791214884561063,14.865729948296071,288200
2021-04-01,14.646326065063477,15.072716610930213,14.348265795778598,14.832613733366525,161400
2021-04-05,14.534555435180664,14.870700772698031,14.453001962889312,14.696004243212316,99000
2021-04-06,14.61320686340332,14.625627093486917,14.339985489224874,14.534552775701643,179400
2021-04-07,15.325238227844238,15.557063034637425,14.455896386752762,14.69186179642612,232800
2021-04-08,16.062108993530273,16.14490368724909,15.420452880769963,15.503247574488778,135600
2021-04-09,16.020708084106445,16.144899301358414,15.739207149440906,16.144899301358414,81800
2021-04-12,15.784749031066895,16.09936698106389,15.780608427716517,16.057970422625,67600
2021-04-13,15.685392379760742,16.08280495739933,15.437009913530927,15.83028346770914,92400
2021-04-14,15.784749031066895,15.908940285561037,15.548785173774776,15.59846135973694,55200
2021-04-15,15.635716438293457,15.911008088290084,15.536362502795955,15.830283706588402,95200
2021-04-16,15.432868957519531,15.677112394696413,15.213464398067766,15.677112394696413,123200
2021-04-19,14.898847579956055,15.474268198927424,14.81605289410049,15.424590439907716,101400
2021-04-20,14.625630378723145,14.952667033073034,14.145421380118897,14.824336733743316,125000
2021-04-21,14.9381742477417,15.116182274574708,14.505574410348515,14.638045279734383,95800
2021-04-22,15.275564193725586,15.40389447584972,14.82019414274319,14.994063167060839,114200
2021-04-23,15.341796875,15.509454963946364,15.23002428931001,15.509454963946364,57600
2021-04-26,15.610882759094238,15.721000403275777,15.341801923525766,15.507389765603806,47600
2021-04-27,15.561202049255371,15.766117674739723,15.341797472053486,15.341797472053486,124400
2021-04-28,15.577762603759766,15.615020136885489,15.217605923818628,15.52394581609429,84400
2021-04-29,15.615020751953125,15.79965186772932,15.391475544393455,15.730932379942217,54600
2021-04-30,15.428731918334961,15.557063767652833,15.230025608511315,15.494967354942844,60800
2021-05-03,16.024850845336914,16.405705790156585,15.457709820770718,15.523945257368396,182400
2021-05-04,15.867544174194336,16.300144065026007,15.482550168990949,16.198721388568885,113000
2021-05-05,16.538177490234375,16.546457117620225,15.952406880899511,16.248396848439455,108000
2021-05-06,15.735071182250977,16.70293799984324,15.6502077641493,16.60027251411358,129400
2021-05-07,16.322914123535156,16.489331024391763,15.776471275578087,15.776471275578087,69000
2021-05-10,16.600271224975586,17.52342987750257,15.772327491477007,15.772327491477007,169200
2021-05-11,16.488500595092773,17.349561276836482,16.21776168668377,16.240116521745204,271200
2021-05-12,16.256675720214844,17.018384033356803,16.02899150480783,16.455382030707,181000
2021-05-13,18.80259895324707,19.042703362342504,17.088755903304587,18.670128099669295,803800
2021-05-14,19.920324325561523,20.516444780655835,19.233131140298987,19.253829416283708,753400
2021-05-17,22.503511428833008,23.078932083722922,20.475048605050088,20.499887486110417,896400
2021-05-18,22.22201156616211,23.604677765860973,22.056422175625045,22.934043734623042,599000
2021-05-19,21.460302352905273,22.28410709011561,20.63649761569494,21.85771497926822,738600
2021-05-20,23.327314376831055,23.513602035236644,21.382475328937883,21.824597617106512,672000
2021-05-21,22.822269439697266,23.856370037721398,22.56146672166252,23.64193354577198,390000
2021-05-24,22.168190002441406,22.86159246500213,21.910700434839445,22.82226621708279,359400
2021-05-25,21.919811248779297,22.660821289159955,21.861855438546602,22.04814152024387,213600
2021-05-26,21.96534538269043,22.267544622408096,21.5596531877608,22.126794140152743,196800
2021-05-27,21.38164710998535,22.35075506590065,21.145683277120327,22.226148500628817,284400
2021-05-28,22.072980880737305,22.12803890165396,21.39820626299511,21.485141559409357,222000
2021-06-01,22.557327270507812,23.14806434210604,21.72110392661393,22.50764951046692,387800
2021-06-02,21.89083480834961,22.94646285170017,21.671428624560434,22.768454805973807,326200
2021-06-03,20.988370895385742,21.899109185087255,20.897296592662457,21.899109185087255,237800
2021-06-04,21.01734733581543,21.158097803350184,20.636492479295562,21.158097803350184,221600
2021-06-07,21.302989959716797,21.576211303925433,20.847621579094806,21.19949700237751,209400
2021-06-08,20.946977615356445,21.356810493288553,20.89316240508926,21.302993703843885,147000
2021-06-09,20.756547927856445,21.199497672945512,20.375694590806027,20.87660014116996,269800
2021-06-10,20.342580795288086,20.980097959269408,20.326021538753544,20.768971386398036,300600
2021-06-11,19.787853240966797,20.671683986054422,19.630543502738917,20.491605670747088,272000
2021-06-14,19.953447341918945,20.284624570084812,19.70630604917423,19.903771152488464,279800
2021-06-15,20.375696182250977,20.446070642959274,19.663664052284137,19.88306864058339,167400
2021-06-16,20.905574798583984,21.017347368196468,19.767152408562083,19.96585867259194,427000
2021-06-17,20.007259368896484,21.19577182723491,19.932744312912806,20.81036415328177,287800
2021-06-18,20.08177375793457,20.367415345239927,19.54526722549347,20.361206020155425,577800
2021-06-21,21.108428955078125,21.112567979451658,19.788271260405445,20.077638176537363,230200
2021-06-22,20.926280975341797,21.017355306278215,20.63236128081849,21.017355306278215,139200
2021-06-23,20.284622192382812,21.25745548218327,20.135592062382635,21.05046954144467,179200
2021-06-24,20.421236038208008,20.56860962819246,19.862372985932073,20.520588416938672,268800
2021-06-25,20.16871452331543,20.727576041157295,19.903772719918464,20.5330087133974,1152800
2021-06-28,19.618125915527344,20.508166033621997,19.115150049567305,20.34671726317164,180600
2021-06-29,18.984752655029297,20.00105290554898,18.83572250997428,20.00105290554898,202200
2021-06-30,19.24968910217285,19.386300557032,18.5956128865026,18.868835796220903,181800
2021-07-01,19.373884201049805,19.51463470728829,19.001310446308473,19.26211160087417,104200
2021-07-02,19.034427642822266,19.760948764542366,18.86469922814568,19.37388447217544,88800
2021-07-06,19.373884201049805,19.49559298569124,18.860559940069987,19.038567979700353,150800
2021-07-07,19.20415687561035,19.545684021168427,18.951633754904652,19.378025901005067,167200
2021-07-08,18.591480255126953,19.059269001898624,18.42175181839425,18.99717257758128,159200
2021-07-09,18.972332000732422,19.10894189983292,18.586508958223316,19.10894189983292,90200
2021-07-12,19.224851608276367,19.506352584744278,18.703247786690085,18.94749123453203,145600
2021-07-13,18.81916046142578,19.601567027684148,18.69083019492081,18.875047547116996,138800
2021-07-14,18.392770767211914,19.251762734630137,18.388630164069763,19.04270649291864,100800
2021-07-15,18.467283248901367,18.773621513121046,17.804927385592038,18.637011632908806,150600
2021-07-16,18.289278030395508,18.943352788408784,18.109199691672835,18.80053356173107,110000
2021-07-19,18.17336654663086,18.214763103832233,17.469614019965494,17.74283540335588,145600
2021-07-20,19.030288696289062,19.1379206951566,18.057453786443276,18.11955020294443,131200
2021-07-21,19.593290328979492,19.700922325636313,18.42174912124144,18.42174912124144,108400
2021-07-22,19.53946876525879,19.758873308188964,19.220710298086868,19.527048537742914,82200
2021-07-23,19.593290328979492,19.85823208614469,19.15365206771111,19.787856043610372,77000
2021-07-26,20.29290199279785,20.847624381881257,19.593290075631156,19.593290075631156,178400
2021-07-27,20.18526840209961,20.51230656999843,19.618127362259347,20.24322579246367,116600
2021-07-28,20.342580795288086,20.528868483357645,19.81269721960367,20.321882514208717,78200
2021-07-29,21.091867446899414,21.485141045845996,20.450211353448356,20.5619823705512,98200
2021-07-30,21.087732315063477,21.696271637417336,20.771043999692484,20.992518948160797,167400
2021-08-02,20.802085876464844,21.647416335186545,20.686174261494916,21.468580820896566,138600
2021-08-03,21.340251922607422,21.44374490145535,20.549565627376346,20.9718171705772,70600
2021-08-04,21.265735626220703,21.57621454487542,21.133678491752207,21.34025069303203,88200
2021-08-05,21.153961181640625,21.650727724011777,20.980093760358237,21.31955055549011,95800
2021-08-06,21.211923599243164,21.394070690339866,20.798779134709388,21.282298073356316,91400
2021-08-09,20.53300666809082,21.481002747021954,20.450627291679428,21.481002747021954,270000
2021-08-10,20.76068878173828,20.89729867022756,20.288759549126144,20.450209896144052,105800
2021-08-11,20.872459411621094,20.946974469143942,20.524724582084126,20.946974469143942,136400
2021-08-12,20.748266220092773,21.07944334499578,20.441927971748903,20.781384722171623,163400
2021-08-13,20.748266220092773,20.954010887356027,20.47918549699906,20.89315729792209,92000
2021-08-16,20.76483154296875,21.0628918321257,20.16043291589165,20.508169393515576,111000
2021-08-17,20.2183895111084,20.6282224244859,19.38506379794365,20.6282224244859,245000
2021-08-18,19.6015682220459,20.193548146918957,19.568451292250952,20.131453311361895,124600
2021-08-19,19.005449295043945,19.4277008098638,18.628734940524875,18.993030643753706,133800
2021-08-20,19.551891326904297,19.62640639020552,19.013314464618475,19.233132795932924,144000
2021-08-23,19.86651039123535,20.156289431862607,19.49641912897769,19.742317569049575,82000
2021-08-24,20.09005355834961,20.21424637782386,19.680222307451942,19.84995070433248,72400
2021-08-25,19.978281021118164,20.239083731854993,19.941023491012903,20.04451645473004,48800
2021-08-26,19.57673454284668,19.957587991454538,19.39458586814056,19.936889709104584,61200
2021-08-27,20.01553726196289,20.017607563273522,19.59742641031544,19.59742641031544,75400
2021-08-30,20.110755920410156,20.528866849985995,19.899629364336988,20.036240851111096,209200
2021-08-31,20.08177375793457,20.487467560797906,19.99898065123817,20.08177375793457,57200
2021-09-01,20.268064498901367,20.3467201731126,19.889279819178128,20.19769003163608,77800
2021-09-02,20.4543514251709,20.53300551731838,20.102475943401544,20.326019568235825,94800
2021-09-03,20.516447067260742,20.655541013390565,20.12110316142845,20.363276333712655,151800
2021-09-07,20.47091293334961,20.843486735201218,20.127315462047342,20.582685547658386,195200
2021-09-08,20.375696182250977,20.673754858255506,19.920326172481126,20.611660024544197,285800
2021-09-09,21.543100357055664,22.155778645023954,20.425375791782333,20.4626333299307,431600
2021-09-10,24.130422592163086,25.252286069699604,22.772593677197566,24.010370361353722,1027800
2021-09-13,24.146974563598633,24.21941930889779,22.813984933386084,24.010363118882783,570200
2021-09-14,23.799243927001953,24.96250389184383,23.634068288843817,24.01036888964179,331800
2021-09-15,24.486438751220703,24.647887541098786,23.927575733361003,24.2297750337544,229200
2021-09-16,25.289541244506836,25.396345745424338,23.708168849761993,24.58992936258566,371800
2021-09-17,24.566251754760742,25.562169142686724,23.894317839557615,24.76312375851879,540000
2021-09-20,24.044111251831055,24.609049296372373,23.32081978199657,23.894317691773644,317800
2021-09-21,24.519168853759766,24.681801366792154,23.500140178103116,24.228140017370023,224600
2021-09-22,24.71604347229004,25.280981478189346,24.416454740039864,24.823039331477442,229200
2021-09-23,25.20822525024414,25.559171540172134,24.814479636771722,24.823039501480608,188200
2021-09-24,24.3693790435791,25.22962676253896,24.142548319012462,24.842300598500024,175000
2021-09-27,24.71604347229004,25.05415077915277,24.343270591115083,24.39933501073934,103000
2021-09-28,24.540571212768555,24.89151751293828,23.971352437720522,24.814480360937385,148000
2021-09-29,24.895795822143555,25.03703114044303,24.155384669802988,24.78452084654202,99200
2021-09-30,25.68756866455078,26.19258930154201,24.810202857109207,25.03703357905992,256600
2021-10-01,26.9287166595459,26.95867700169366,25.345179273024254,25.89299754154516,174600
2021-10-04,26.509292602539062,27.45513720708338,26.23495572502866,27.06139160940781,159200
2021-10-05,27.288223266601562,27.47653539142447,26.500733676009116,26.714725394837203,159400
2021-10-06,27.536447525024414,28.032909784716832,26.714720266140972,26.873075283164354,188200
2021-10-07,28.974477767944336,29.23768993621768,27.66142749126124,27.853163237707225,290800
2021-10-08,29.539417266845703,29.958842498537294,28.683450338316067,29.201313203500632,199600
2021-10-11,28.48657989501953,29.53086064983737,28.323947345193343,29.496621187161892,149800
2021-10-12,27.878841400146484,28.39242022904067,27.843746444123987,28.39242022904067,149000
2021-10-13,28.914562225341797,29.102875997264437,27.93020220223423,27.987977619774792,144800
2021-10-14,29.179914474487305,30.082959899473913,28.469460313870204,29.33826954125561,193000
2021-10-15,29.44525909423828,30.241308475893707,28.709127127094195,29.676367255779617,244400
2021-10-18,29.312585830688477,30.4172116732904,29.05066016599102,29.81332895312887,119000
2021-10-19,28.82468605041504,30.331189693303656,28.473739735637817,29.53514017791183,136600
2021-10-20,28.991594314575195,29.107151659972992,28.486573776967116,28.773325133720125,75400
2021-10-21,28.657766342163086,28.918836461623194,27.89167571057979,28.73480348012269,93400
2021-10-22,29.06435775756836,29.158511374080867,28.317953207591103,28.726250439065822,85200
2021-10-25,29.920324325561523,30.48953982806844,29.128552336977627,30.247731401060555,166000
2021-10-26,30.318340301513672,31.354062536389897,29.642129059888735,30.198505480599227,133400
2021-10-27,30.630775451660156,30.742052063170377,29.971680545414397,30.082957156924618,105400
2021-10-28,31.140073776245117,31.72213147413787,30.502376145378292,30.51093764210705,182600
2021-10-29,32.0944709777832,32.32558238203812,30.271264230750912,31.51241335193836,210400
2021-11-01,31.970361709594727,32.858429308072346,31.841968636555887,32.858429308072346,166200
2021-11-02,32.89481735229492,32.95473479069393,31.465350534869625,31.807738695940074,156000
2021-11-03,33.810691833496094,34.11027893604552,32.6679768298732,32.903365763232166,152800
2021-11-04,33.25859832763672,34.63456701672992,33.19012266364535,34.238680962004715,162800
2021-11-05,30.797685623168945,32.68509401825847,28.88888001684913,32.68509401825847,458600
2021-11-08,28.77332878112793,30.729213017080006,28.2725856630185,30.660734097755622,393600
2021-11-09,29.500898361206055,30.06155561723976,28.747646599903774,28.781886058429897,170600
2021-11-10,29.96739959716797,30.260570479469212,29.23127080930096,29.372502865570667,172000
2021-11-11,31.054473876953125,31.30270502796065,30.067972027836504,30.373981851032053,171800
2021-11-12,32.1586799621582,32.40263042680121,31.15720013844112,31.15720013844112,171600
2021-11-15,31.897605895996094,32.424454722741885,31.242791742196278,32.05596094744134,119200
2021-11-16,31.486738204956055,32.09447384152754,31.15719242787985,31.81200649906996,102200
2021-11-17,30.91324806213379,31.51242231931372,30.39538518017072,31.486744355507383,79600
2021-11-18,29.839006423950195,30.70781229824016,29.428142706981987,30.70781229824016,193200
2021-11-19,28.692005157470703,29.95883552498234,28.692005157470703,29.873240158155397,109200
2021-11-22,29.80048942565918,30.155716508314402,28.721972460606295,28.721972460606295,225000
2021-11-23,29.894638061523438,30.095790770017764,29.261224495683873,29.612170732231203,173800
2021-11-24,30.040159225463867,30.172833049309865,29.207731550671106,29.753407834040072,116600
2021-11-26,30.266986846923828,30.519495487908426,29.218425548192894,29.218425548192894,100800
2021-11-29,30.635061264038086,31.195718632530202,30.232755708796645,30.523784634135215,154800
2021-11-30,29.637859344482422,30.806255813836398,28.970206084997404,30.1985167218574,549800
2021-12-01,28.52937889099121,30.630775972824985,28.379582068417186,30.373986550955404,168400
2021-12-02,27.087074279785156,28.58929717773038,26.534975210194098,28.525099004009604,390800
2021-12-03,26.299579620361328,27.309620681149642,25.466294928897433,27.159825515196797,253800
2021-12-06,26.937274932861328,27.035710920132274,25.982872135275567,26.29529982512522,113400
2021-12-07,27.27110481262207,28.249045256922404,27.04855323204117,27.382379786598907,171800
2021-12-08,28.482297897338867,28.914558800407562,27.326740704582342,27.326740704582342,199800
2021-12-09,26.539249420166016,28.62352808211771,26.440813435919033,28.46517631683677,157600
2021-12-10,26.111270904541016,26.873082594776097,25.91439889928041,26.680489705878816,149800
2021-12-13,25.640485763549805,26.23110332039863,25.30794247455268,26.094148761220225,131000
2021-12-14,25.024192810058594,25.777442962682702,24.8957964691306,25.345180397123986,165400
2021-12-15,25.51209259033203,25.580569874006272,24.651844979507953,25.203943997484334,262000
2021-12-16,25.139747619628906,27.459418679778235,25.058429722325926,25.91867733853042,130600
2021-12-17,25.36229705810547,25.550610810068267,24.6989230755942,25.066989082473633,143400
2021-12-20,24.82303810119629,25.152585527075708,23.7830382708291,25.152585527075708,182600
2021-12-21,25.25102424621582,25.261724485811765,24.790941698255065,25.216784785610674,145000
2021-12-22,25.379417419433594,25.533491717560278,24.64542576164419,24.64542576164419,212800
2021-12-23,26.329538345336914,26.470772015052717,25.206081946731064,25.642625200390302,139800
2021-12-27,26.239665985107422,26.817442991270955,25.82024239877813,26.320982253102887,80600
2021-12-28,25.634069442749023,26.911600327590715,25.516373338610702,26.188307237844892,87400
2021-12-29,25.186826705932617,25.84592164547491,25.079830837797598,25.6918473341401,76600
2021-12-30,25.98715591430664,26.10699075928557,25.03275300541525,25.03275300541525,98000
2021-12-31,26.1497859954834,26.59488913877833,25.39268453619262,25.987153473324497,112800
2022-01-03,25.34090232849121,26.61843332134749,25.04559430490418,26.1497908722262,180400
2022-01-04,25.319499969482422,26.255072111785847,24.75456196544217,25.589129990883027,127600
2022-01-05,24.519168853759766,26.10270772643875,24.43357184906389,25.422214069678486,93400
2022-01-06,24.151105880737305,24.818760641267072,23.307977973434795,24.50633129036771,130600
2022-01-07,24.095468521118164,24.60048913556884,23.87719767442449,24.335139846957794,93000
2022-01-10,24.810203552246094,24.823042534564568,23.539092058638815,23.91571798871272,150200
2022-01-11,25.212507247924805,25.310943254386746,24.12114967852878,24.60049072862137,139800
2022-01-12,25.246740341186523,25.38369489237507,24.937736288134122,25.328056595758774,116400
2022-01-13,25.26386260986328,25.661887350214997,24.542711539245307,25.229624782722677,131800
2022-01-14,25.144025802612305,25.301523713466704,24.698922656148305,25.161145531159498,133800
2022-01-18,25.358016967773438,25.649045816325987,24.38606668571069,25.22962227167723,222800
2022-01-19,25.768882751464844,25.993574712441845,24.95143443936262,25.572010759207764,200200
2022-01-20,25.276702880859375,27.202628385752888,25.10122973349639,25.84164089835129,235000
2022-01-21,24.574810028076172,25.3023822525458,24.439995822967667,24.981394650511614,253200
2022-01-24,25.443614959716797,25.58056952519781,23.72098101989392,24.074067672279458,280000
2022-01-25,25.31521987915039,25.46501342270366,24.187054907838885,25.20394327597324,193000
2022-01-26,25.400819778442383,26.282466366000847,24.818763596575135,25.503536535611584,170000
2022-01-27,25.169702529907227,25.85918376379702,25.028467234413025,25.584845287836785,137200
2022-01-28,25.259580612182617,25.400814286045527,24.476370201924357,25.392256054707143,122400
2022-01-31,26.492176055908203,26.539252863730916,24.964275278793014,25.30238096155455,138000
2022-02-01,27.38237762451172,27.74188374435195,25.892995594495652,26.719003683740144,156200
2022-02-02,27.527894973754883,27.64772981557445,26.748965236673143,27.61349035641042,108000
2022-02-03,27.039995193481445,27.60493323132631,26.618431223224537,27.408061231119504,128600
2022-02-04,26.967233657836914,27.198345088600043,26.252502154428548,26.915876106320816,102000
2022-02-07,28.589290618896484,28.64920802988861,26.76179978787469,26.76179978787469,250600
2022-02-08,29.595054626464844,29.616451838659565,28.283284377989595,28.674889605477013,342000
2022-02-09,31.670772552490234,31.670772552490234,30.035876045931317,31.028797433183,503400
2022-02-10,32.12015914916992,32.95472556850424,30.693690235481416,31.32838715642427,448400
2022-02-11,32.08163833618164,32.469818324418156,31.73240303864428,32.098758065647196,328800
2022-02-14,31.465341567993164,32.74073367600579,31.310411769247704,32.312750229260615,260200
2022-02-15,31.4567928314209,32.18008611963739,31.131524399436692,32.000330536149335,161200
2022-02-16,31.533817291259766,31.978920422599987,31.341226065842836,31.499577835328772,130400
2022-02-17,30.502378463745117,31.86379368777324,30.459580772611297,31.27274996517207,160800
2022-02-18,30.181398391723633,30.822518217323086,29.53086483496998,30.33975348009873,201400
2022-02-22,29.218425750732422,30.17711093311838,29.12512764065036,29.894640317257984,161200
2022-02-23,28.405263900756836,29.66567508137018,28.39670240286802,29.282628049586425,173800
2022-02-24,29.11571502685547,29.171354967881314,27.493657278978553,27.934479731927695,168400
2022-02-25,30.1856746673584,30.322629251915306,28.609412067166883,29.102876973009273,165000
2022-02-28,30.6864070892334,30.84904286365747,29.53513401555524,29.86467978197327,185400
2022-03-01,30.421062469482422,31.06945709365908,30.23660171878501,30.82336466645148,219200
2022-03-02,31.846250534057617,32.09875920582118,30.421064841658044,30.660734532180022,335800
2022-03-03,33.284271240234375,33.412667580450695,31.656652855557414,32.09875852862259,294400
2022-03-04,32.436866760253906,33.15373709516509,32.1158791658969,32.95472635398598,215200
2022-03-07,30.395383834838867,32.625180530633855,30.309788449103078,32.5267428983085,435000
2022-03-08,30.605093002319336,31.756366096124268,30.33118389511076,30.50237463817553,214400
2022-03-09,31.970361709594727,32.297768780462825,31.187154494819694,31.187154494819694,190200
2022-03-10,31.409704208374023,32.01102041545749,30.960320293019272,31.37546474972224,174200
2022-03-11,29.993080139160156,32.45398490933881,29.834725091500516,32.278510132316946,268400
2022-03-14,29.710615158081055,30.962468259481234,29.41530874982011,30.4253468524191,177800
2022-03-15,29.625015258789062,30.241312478480445,29.053657738556268,29.57793681754849,301200
2022-03-16,31.17860221862793,31.27275912585631,29.562963599336776,30.044445112454675,503400
2022-03-17,31.83768653869629,31.83768653869629,30.71209131300786,31.217111882170283,338400
2022-03-18,31.90616798400879,32.31703171036456,31.375466147034775,31.833408314819767,386200
2022-03-21,34.70946502685547,34.73300425256303,32.13386100617404,32.57810879022047,504800
2022-03-22,33.62665939331055,35.522626199381705,32.757853515935075,35.26583678352143,378400
2022-03-23,33.870609283447266,35.52262562809468,33.60525837434818,33.60525837434818,213400
2022-03-24,34.24295425415039,34.85497067367479,33.600979125918684,34.0332400279449,196600
2022-03-25,33.98188400268555,34.43426213539839,33.6694546711974,34.088879857060974,138200
2022-03-28,33.318504333496094,34.20999376172702,32.97611960042961,33.981879855771695,177600
2022-03-29,35.56114196777344,35.66813782628558,33.258592268083746,33.31850968763019,356400
2022-03-30,34.0717658996582,35.71308219195535,34.00157598037021,35.561146616295254,173600
2022-03-31,33.10023880004883,34.18303968262802,32.61233792319313,34.18303968262802,334400
2022-04-01,34.18304443359375,34.59818569929781,33.62666455937437,33.62666455937437,176600
2022-04-04,33.63521194458008,34.74369058609057,33.20722856868108,34.23867007191959,140000
2022-04-05,32.95471954345703,34.15735177022659,32.94188056477684,33.515376714185216,201600
2022-04-06,32.32130432128906,32.97184090555386,32.154391059659545,32.79636614754357,176400
2022-04-07,32.39834976196289,32.85629197802151,31.944688295191266,32.38979152864389,118400
2022-04-08,33.1687126159668,33.69513362064815,32.098754144484,32.34270454537191,185400
2022-04-11,32.8006591796875,33.703704736058185,32.48823301512165,33.1687252958033,100000
2022-04-12,33.40838623046875,34.18303847605811,32.96328306171835,32.96328306171835,216400
2022-04-13,35.09891891479492,35.111757894122526,33.59241554544241,33.59669629363633,184400
2022-04-14,35.954891204833984,36.725259469738006,35.098924289215304,35.120321502952976,305400
2022-04-18,36.83225631713867,37.23456182309733,36.00197060720375,36.301557729563555,246600
2022-04-19,37.701053619384766,37.77381327411596,35.83076837612532,37.19603637577552,222400
2022-04-20,37.80805206298828,38.13332036189876,37.106159546829076,37.96212634851145,190600
2022-04-21,35.038997650146484,38.17183560668028,34.50829595106833,37.949282438614276,312800
2022-04-22,33.63521194458008,35.58210986274451,33.408381277794255,34.70089290155148,246800
2022-04-25,33.30995559692383,33.36987302391951,32.381232213235904,33.10024133718407,159000
2022-04-26,32.41117858886719,33.177265866009925,32.00887321910782,33.07883152995411,156600
2022-04-27,33.19010925292969,33.48969628419479,32.31702284934515,32.74072544077829,160000
2022-04-28,33.8663330078125,33.97760963151974,32.376952263906155,33.785018363598134,139400
2022-04-29,33.725093841552734,34.97908535704706,33.41266451713934,33.69085438526689,300800
2022-05-02,32.265663146972656,33.67800944905552,31.161465366453594,33.67800944905552,410200
2022-05-03,32.40690994262695,33.33991406869417,31.841971874153078,32.05596361623037,252600
2022-05-04,33.14731216430664,33.24788852191878,31.06731263302583,32.67225034140583,316600
2022-05-05,31.927570343017578,33.468310381465834,31.392590936246993,33.26288011780883,355000
2022-05-06,30.095794677734375,32.903364934655286,29.415302591113562,32.20575311899783,450200
2022-05-09,28.225507736206055,29.81332923809053,28.14419309959607,29.41102374287137,304800
2022-05-10,27.780406951904297,28.866198782553347,27.335302145133035,28.67917153237091,304000
2022-05-11,26.415136337280273,28.161309417191223,26.338099193600254,27.545012267751062,233800
2022-05-12,26.27818489074707,27.296784342058604,25.516373227741287,25.99999499088014,290400
2022-05-13,27.206907272338867,27.968717276518394,26.539252515195532,26.87735982614405,331600
2022-05-16,26.941556930541992,27.50221580504333,25.740207796141565,27.039992922377703,204200
2022-05-17,27.81036949157715,28.101398404540504,27.18551233572788,27.42946116946268,162800
2022-05-18,26.61200714111328,27.587808741283546,26.26962075795065,27.587808741283546,211800
2022-05-19,27.669132232666016,28.15275238254112,26.49217767978216,26.49217767978216,192200
2022-05-20,27.065673828125,27.900241873879576,26.402298181097464,27.900241873879576,162600
2022-05-23,29.749128341674805,30.05042642187945,27.617769480297806,27.617769480297806,364600
2022-05-24,30.20707130432129,30.352584103349745,28.520815543494823,29.269786546769904,298800
2022-05-25,33.33991241455078,33.63521878359268,29.796637612375132,30.207073596583577,457000
2022-05-26,34.238677978515625,34.6752196860296,33.07627339831088,33.630942228058124,399000
2022-05-27,33.25004196166992,34.666666421159064,33.0189304603649,34.55967053714314,301000
2022-05-31,32.539573669433594,33.34846194198472,32.00031373264823,33.34846194198472,397800
2022-06-01,31.272747039794922,32.71932976242807,31.208548876472275,32.71932976242807,255800
2022-06-02,32.47966384887695,32.787812456167735,31.435810931467614,31.687895117243727,336000
2022-06-03,31.6750545501709,32.56098011914608,31.426823377254035,31.850526058436657,134800
2022-06-06,29.522302627563477,32.210038426934034,29.218431475717814,32.073083840509256,453600
2022-06-07,29.95884132385254,30.669295413997524,29.051515239695647,30.669295413997524,282900
2022-06-08,28.9830379486084,29.933161670784663,28.52937656478724,29.505178247480355,246800
2022-06-09,28.02435874938965,28.880325680137283,27.76756605796159,28.580735295222784,235000
2022-06-10,28.897436141967773,29.248382380056032,27.390936093535117,27.870278650663433,246400
2022-06-13,25.995716094970703,27.904520303303414,25.850201653174846,27.853164377834368,324100
2022-06-14,26.449378967285156,26.757527598003335,25.49925674361647,25.99571751942497,186500
2022-06-15,27.039995193481445,27.60493323132631,26.235385829758297,26.723286714021828,182400
2022-06-16,26.7832088470459,26.962961137635588,25.709824819193788,26.38946316876808,160500
2022-06-17,26.586332321166992,27.49365680752782,26.31242316548277,26.826003648704365,182500
2022-06-21,27.510772705078125,27.921636381362394,26.620568073128872,26.95439460603145,146100
2022-06-22,27.37381935119629,27.96443529961617,26.8516806851712,26.8516806851712,136900
2022-06-23,27.510772705078125,27.998673524744085,27.03143174941314,27.425177330322576,174200
2022-06-24,28.674890518188477,28.948799658932902,27.793245675495772,27.793245675495772,172500
2022-06-27,29.342544555664062,29.539416552635302,28.35818457080787,28.674891412435112,109400
2022-06-28,28.127071380615234,29.73628998245093,27.810364558504105,29.52229826867906,146900
2022-06-29,27.390939712524414,28.127071739739222,27.12559044119496,27.94731948153685,87600
2022-06-30,27.604930877685547,27.733327211125378,26.312420739900354,26.791761718160206,146800
2022-07-01,27.647729873657227,28.23834911708666,27.194068467171643,27.5535729933856,115200
2022-07-05,23.701719284057617,27.58780740129694,23.44150466591685,27.58780740129694,418800
2022-07-06,23.273738861083984,23.7744786793468,22.09164820973272,23.513408531653326,539600
2022-07-07,24.360815048217773,24.60048634688857,23.171021684280685,23.539087680135882,502100
2022-07-08,23.949947357177734,24.826457382728258,23.761635274988393,24.352252742374656,173600
2022-07-11,24.514892578125,24.677526753455755,23.213824073361046,23.213824073361046,206300
2022-07-12,23.915714263916016,24.82303866845496,23.753080105159487,24.30945823154769,102900
2022-07-13,24.0869083404541,24.43785464316968,23.194135479678682,23.35077790756713,140500
2022-07-14,23.915714263916016,24.001311275505092,22.914232983366364,23.89003467065113,125100
2022-07-15,24.557687759399414,24.61332442547804,23.727398924932995,24.446411161987974,109800
2022-07-18,25.07982635498047,25.708962469602127,24.942871798857357,25.09694608265263,129100
2022-07-19,26.226823806762695,26.556371240495952,24.598776122175373,25.293819808044436,195300
2022-07-20,25.841644287109375,26.303865619931276,24.763125667021605,26.303865619931276,180200
2022-07-21,25.268142700195312,25.764603425501726,24.874397086261396,25.704686005096562,142700
2022-07-22,24.189624786376953,25.35374029264741,23.881476179981295,25.259583411220447,144300
2022-07-25,24.651845932006836,24.97711426649763,23.898595782486076,24.386496651594978,79400
2022-07-26,24.523448944091797,24.88295507200279,24.09118642050492,24.514889080019255,99200
2022-07-27,26.132665634155273,26.132665634155273,24.318015394070326,24.76311849877775,125900
2022-07-28,25.798839569091797,26.654806393628373,25.430773573320725,26.132667740847527,92300
2022-07-29,25.9357967376709,26.29530290542164,25.216784402169417,25.96147633273428,96100
2022-08-01,26.18402671813965,26.423698029798768,25.413656860658016,25.773163011833077,98300
2022-08-02,26.731843948364258,27.339581252070648,25.41964760907199,26.18402569470106,134800
2022-08-03,27.74188232421875,28.246902838918672,26.80887843317158,27.031429984787394,232900
2022-08-04,28.666332244873047,28.92312165579492,27.416618118612096,27.741886447248877,240000
2022-08-05,28.11850929260254,28.212666167124134,26.449374939835668,28.212666167124134,186900
2022-08-08,28.786163330078125,28.85463897360495,28.024353428787936,28.640647281545725,142000
2022-08-09,29.205591201782227,29.488061860496586,28.34962425816987,28.96592150245229,231000
2022-08-10,30.095794677734375,30.729211591072467,29.650691518544935,29.958840110695657,227700
2022-08-11,30.38681983947754,30.900398587000897,29.77052273024628,30.395378070326178,164400
2022-08-12,30.553735733032227,30.92009073785467,30.08723537804396,30.60081416989857,130800
2022-08-15,30.044435501098633,30.361145590505313,29.29546449807013,30.070116727289776,141200
2022-08-16,30.292675018310547,30.55802599367907,29.22271614784038,30.035885542448774,107600
2022-08-17,30.20707130432129,30.45957996096047,29.650691538643734,29.90748094385859,91300
2022-08-18,30.55801773071289,30.823365369075397,29.67636963947174,30.258427368838042,144800
2022-08-19,29.916048049926758,30.14715953752722,29.522304003757846,30.078680608495205,132000
2022-08-22,28.61496925354004,29.513733704944375,28.353899128644645,29.11142827997362,154600
2022-08-23,28.923124313354492,29.445264680515976,28.44378164106997,28.614975685832643,223200
2022-08-24,30.489534378051758,30.712087559092694,28.863199530482827,28.863199530482827,223500
2022-08-25,31.7392578125,31.764935777525512,30.125758194794333,30.746332961447305,176300
2022-08-26,31.379741668701172,32.51817904052625,31.110113311547174,31.49957649410295,239400
2022-08-29,31.165746688842773,31.84196114971784,30.609367040729616,30.994552699788436,180500
2022-08-30,30.21562957763672,31.893323843611565,30.010199359285018,31.50814136788851,174700
2022-08-31,26.457937240600586,30.331188841258538,25.06699100222409,29.91604436459465,1305500
2022-09-01,23.958513259887695,26.346661687053274,23.551928657138358,26.346661687053274,642200
2022-09-02,24.746004104614258,25.216785268559967,24.026991744409166,24.26666307535332,263100
2022-09-06,23.924272537231445,24.90007415961961,23.744518661586362,24.788797562166202,346600
2022-09-07,24.668964385986328,24.823038680395342,23.761639981010944,23.85579685706694,168000
2022-09-08,25.45645523071289,25.584849938282733,24.056949163158848,24.62616793130911,325800
2022-09-09,25.731040954589844,26.032196138086192,25.261594460471777,25.491889700171008,179000
2022-09-12,25.731040954589844,26.439642081995387,25.465316587709214,25.704469531562374,180700
2022-09-13,25.155302047729492,25.69561013958879,24.898435401875116,24.907293105447227,185700
2022-09-14,24.738996505737305,25.731035508944625,24.384696861734692,25.14644067398182,117200
2022-09-15,23.684953689575195,25.03129403207402,23.578664640629167,24.614992159739792,137700
2022-09-16,22.498050689697266,23.48123377522242,21.940028907560958,23.35722931017749,446500
2022-09-19,22.82578468322754,23.308518644145277,22.18804341262235,22.18804341262235,115000
2022-09-20,21.311145782470703,22.542339503819676,21.169425909276224,22.4006196306252,185400
2022-09-21,21.638877868652344,21.922317665124236,21.001136637156137,21.62116245901424,246700
2022-09-22,22.896636962890625,23.24207890907065,21.957742471812065,22.161464558562642,263100
2022-09-23,23.463518142700195,23.50780665795642,21.559155911969448,22.099463972056604,256700
2022-09-26,22.60433578491211,23.853242894468295,22.506902764209496,23.286363550962992,209000
2022-09-27,23.738100051879883,23.915250733083777,22.81692090214832,22.949783068334185,151100
2022-09-28,24.86300277709961,24.93386271108237,23.472375516791598,23.472375516791598,175400
2022-09-29,25.084440231323242,25.111013340050903,24.141115989417333,24.482129948968936,161300
2022-09-30,25.14644432067871,26.03219440385228,24.482131758298532,25.040155256781038,501200
2022-10-03,25.88161849975586,26.129629147316574,25.226163598453596,25.8639047809142,159200
2022-10-04,26.280200958251953,26.793935859214915,25.846183687562036,26.35106088633533,151100
2022-10-05,26.129623413085938,26.24477016274182,25.52731317935622,25.90818592653436,101400
2022-10-06,26.07611846923828,26.450672909466007,25.995856681977617,26.01369301269468,92600
2022-10-07,25.166486740112305,26.004775597364848,24.947997635908045,25.862088349445205,97600
2022-10-10,24.970291137695312,25.30917291185324,24.702752984463586,25.21999466142006,59300
2022-10-11,24.363868713378906,25.344844744790517,24.07849423899721,24.88111037343724,132700
2022-10-12,24.256853103637695,24.863272985407566,24.06957504969117,24.470883950315173,57900
2022-10-13,25.139734268188477,25.19324156160631,23.445321901583412,23.989316403424805,92900
2022-10-14,23.57908821105957,25.434023940614022,23.52557922297195,25.139731309996066,73500
2022-10-17,24.57790184020996,25.03271808864394,24.36387096464683,24.36387096464683,99500
2022-10-18,25.291339874267578,25.630221669755855,24.953349385069227,25.086225462848834,86200
2022-10-19,24.67599868774414,25.03271679525176,24.274689753694254,24.97920950436714,59600
2022-10-20,24.8811092376709,25.371598081470015,24.622489269930167,24.836520115946414,58200
2022-10-21,25.371599197387695,25.474155542637508,24.649243146724803,24.970290280352756,113500
2022-10-24,25.612384796142578,25.887058513619337,24.997046677806935,25.55887750345386,66900
2022-10-25,25.683727264404297,26.343657882058107,25.599007246378648,25.65697446974677,192800
2022-10-26,26.35257339477539,26.530933290560526,25.692644501916025,25.942348015822013,149400
2022-10-27,26.477426528930664,26.981290097759956,26.379328414200756,26.68253922248769,128100
2022-10-28,26.860898971557617,27.32909157848076,26.334739142530523,26.664702743195345,136900
2022-10-31,27.119518280029297,27.19086189739968,26.343656653747086,26.700374740599024,151900
2022-11-01,27.128437042236328,27.922135015581237,26.816308071505013,27.79728410767513,86900
2022-11-02,26.798471450805664,27.636760239998633,26.616546330106388,26.976831346707495,127100
2022-11-03,25.48753547668457,26.572852315704537,24.42629751622155,26.46851164260195,197400
2022-11-04,25.594552993774414,26.403411823168568,24.845444009500387,26.34366197804844,323600
2022-11-07,24.417381286621094,25.781830201146533,23.97148314865458,25.665897433700458,271300
2022-11-08,24.970291137695312,25.951267201155133,24.087413190871303,24.827603895842913,206900
2022-11-09,28.27885627746582,30.107037780698235,27.645681801066477,27.734861759972844,506100
2022-11-10,29.027965545654297,29.794910819745223,27.47624036625839,29.233078262829135,390800
2022-11-11,29.589797973632812,29.683436165722046,27.837418317260013,29.197408873173288,420000
2022-11-14,29.152814865112305,29.85733463877852,28.706916790933537,29.518451149861605,188600
2022-11-15,29.866249084472656,30.258638093833795,29.143893110718587,29.491693001141456,221600
2022-11-16,29.0190486907959,29.652223165997004,28.706917984731184,29.482783115458425,103100
2022-11-17,28.51072120666504,29.384682692787845,28.020234023415036,28.54639216679077,111500
2022-11-18,28.501806259155273,29.117147825696797,27.77945180015514,29.02796616289889,118600
2022-11-21,29.233076095581055,29.65222136591304,28.52677542384586,28.608821525212907,153200
2022-11-22,30.231889724731445,30.41916609282321,29.117144578567782,29.366846402690136,139100
2022-11-23,30.21405601501465,30.481594192914514,29.456027208710445,29.928681504997126,102600
2022-11-25,30.579692840576172,30.731296563265314,29.875173018599124,30.445922048376584,34100
2022-11-28,29.161731719970703,30.32106591271763,29.00120815768999,30.32106591271763,87900
2022-11-29,29.616548538208008,29.968808416331335,29.06363589243839,29.06363589243839,58900
2022-11-30,30.766963958740234,31.02558563166868,28.805011953448663,29.72356420524074,153400
2022-12-01,30.793720245361328,32.28302159814102,30.793720245361328,31.177192865433994,186200
2022-12-02,31.65876579284668,31.9263039783152,30.12487520665934,30.731296908085376,169800
2022-12-05,30.69562339782715,31.739026714943122,30.659954135497184,31.507161201102075,113000
2022-12-06,30.490507125854492,31.31542123155516,30.12487086463065,30.695619818547662,116000
2022-12-07,30.78480339050293,30.94532696905406,30.205134534409137,30.392414310673672,69900
2022-12-08,31.373384475708008,31.507155240418587,30.708997388691017,31.061257227292472,97400
2022-12-09,31.230695724487305,32.30976804716331,31.150433949961638,31.373382945651638,99200
2022-12-12,31.95306396484375,32.024405901854585,30.789269488303113,31.11477324191863,122700
2022-12-13,29.759235382080078,32.39003459968954,29.46494443336157,32.39003459968954,427600
2022-12-14,29.83057975769043,30.071365109147155,28.849602021911313,29.75923443788158,344300
2022-12-15,29.25983238220215,29.8484176945843,28.822850779677513,29.69681058279451,203800
2022-12-16,29.875167846679688,30.142705982830723,29.010124584590432,29.16173168296627,359300
2022-12-19,30.37458038330078,30.54402043987736,29.691462113163112,30.321071385571685,173900
2022-12-20,31.33771324157715,31.391222230278174,29.563040973810086,30.214051694311795,129900
2022-12-21,31.248533248901367,31.698887788048726,31.096926157022548,31.57849682261622,118200
2022-12-22,30.9185733795166,31.18165503397501,30.312155078418858,30.97208237752491,86600
2022-12-23,30.686704635620117,31.259236225865127,30.231890107083338,31.1415191641569,56900
2022-12-27,31.114763259887695,31.400137720245123,30.677785105810596,31.400137720245123,134400
2022-12-28,30.000017166137695,31.284205594950837,29.277664576862094,31.284205594950837,117300
2022-12-29,30.927492141723633,30.981001137819966,30.075825147335877,30.285397796297577,96600
2022-12-30,30.972076416015625,31.04342173296081,30.445916610306732,30.87397830618197,112400
2023-01-03,30.642114639282227,31.872794213798283,30.601982045647883,31.22178006499524,223300
2023-01-04,31.07909393310547,31.39033331514921,30.6421157321904,30.6421157321904,139200
2023-01-05,31.105844497680664,31.337709953862166,30.321063088725722,30.8739756395675,115600
2023-01-06,32.70216369628906,32.8180981501336,31.266374730077015,31.43581477651719,287700
2023-01-09,32.898353576660156,34.72653467854507,32.470291909043084,33.21048421479234,234800
2023-01-10,33.30858612060547,34.075531383361394,32.40787347137296,32.89836069231868,307700
2023-01-11,33.9417610168457,34.33415007876457,33.36655212028129,33.39776484791197,313200
2023-01-12,34.3900146484375,35.00860334766501,34.04037740887833,34.35415354184083,218100
2023-01-13,34.775508880615234,34.92612140661962,33.717630300484984,33.887965406813336,127500
2023-01-17,34.614139556884766,34.905505047344356,33.807281801750996,34.57827845223367,217600
2023-01-18,33.37696075439453,34.70379092482479,33.287311407435695,34.70379092482479,216300
2023-01-19,33.17075729370117,33.80727641018205,32.28321390459904,33.251443056346815,186500
2023-01-20,32.87491226196289,33.28730810885624,32.45355626912628,33.17076123343618,179700
2023-01-23,34.085201263427734,34.407944375238614,32.66871836601403,32.874914594136925,315800
2023-01-24,34.7934455871582,35.403070755418746,33.771424508671835,33.87004084764098,270100
2023-01-25,35.25962829589844,35.36720819768275,34.4975951568424,34.62310561224134,141200
2023-01-26,35.13410568237305,35.58235915154296,34.573788845910656,35.4568487273598,181800
2023-01-27,34.91896057128906,35.501688273563616,34.80241366287255,35.13412041154601,138400
2023-01-30,34.434837341308594,35.31341388297808,34.398976236774374,34.766544008492254,112800
2023-01-31,34.515525817871094,34.72172205522581,34.094166356374735,34.219676812164266,141200
2023-02-01,35.582359313964844,35.86027769728372,34.21070478641257,34.49758673439863,217400
2023-02-02,34.91896057128906,36.69583667267285,34.34519643739855,36.5237094844481,172800
2023-02-03,33.896942138671875,35.57789332094044,33.753501107914445,34.7665518914308,181600
2023-02-06,32.64181900024414,33.762452725080735,31.960475200300692,33.61901174509776,282800
2023-02-07,28.858564376831055,31.252240282964312,27.178511169048424,31.252240282964312,1149200
2023-02-08,28.150325775146484,28.858565574905892,27.63304142101558,28.60754465294388,418400
2023-02-09,26.473854064941406,28.159286583297405,26.402133568627352,28.123427190116136,460600
2023-02-10,26.40213394165039,27.056583693506468,25.828368253079997,26.39316866574053,369100
2023-02-13,26.20490264892578,26.841423591884855,26.169043253380387,26.40213530925613,342200
2023-02-14,27.289674758911133,27.361395253667144,26.052494086930547,26.052494086930547,304300
2023-02-15,28.697193145751953,28.813740035988662,26.87728467621809,27.02072568731578,366000
2023-02-16,28.78684425354004,29.006487541001604,27.92619652667907,28.17721913658678,211300
2023-02-17,29.055797576904297,29.270960804935147,28.410313022666983,28.67926449277793,197700
2023-02-21,28.096532821655273,28.930284703317696,27.634832209532114,28.697190940754435,351200
2023-02-22,27.971019744873047,28.508922589621363,27.52276623428182,28.069634354436136,242500
2023-02-23,26.82349395751953,28.347556794291197,26.769704007383968,28.096534177072428,185100
2023-02-24,26.733840942382812,26.760736770456294,26.00767068391439,26.55454055174761,192500
2023-02-27,26.62626075744629,27.092443135937064,26.44695865882954,26.841422249815462,167200
2023-02-28,26.276620864868164,26.832455982073355,26.218349138430447,26.68004971686802,185000
2023-03-01,26.384206771850586,26.84142564215223,26.160079975229298,26.572472460235627,174200
2023-03-02,26.088356018066406,26.303517509169758,25.998704969285463,26.124215411607867,127000
2023-03-03,26.473854064941406,26.65315445075078,25.909053660260664,26.178006803901997,124100
2023-03-06,26.07042694091797,26.71591145073798,25.640103934371293,26.71591145073798,180000
2023-03-07,25.20978355407715,26.142150165391765,25.115648997252812,26.12421961076315,215300
2023-03-08,25.344257354736328,25.631139367036926,25.20081634858603,25.299430971594564,133800
2023-03-09,25.012548446655273,25.460802009175804,24.967723774383877,25.26357105724936,177300
2023-03-10,24.851179122924805,25.45632251265824,24.295345613042016,24.931864908222597,244000
2023-03-13,24.833250045776367,25.631140904079096,24.54636630632032,24.54636630632032,278500
2023-03-14,25.08426856994629,25.76561417989582,24.492574013139098,25.281501228849763,377500
2023-03-15,25.738718032836914,25.783544413829837,24.41188793457506,24.752561590314905,272200
2023-03-16,27.083477020263672,27.280709664617028,25.550450793434326,25.666995956955546,311900
2023-03-17,26.729360580444336,27.217957035070928,26.635226032158155,26.814528142277723,385900
2023-03-20,26.69798469543457,27.0745177830918,25.84630218217719,26.957970890986218,299800
2023-03-21,26.859352111816406,27.092444164890246,26.267657557841122,26.760737492788262,219800
2023-03-22,27.495872497558594,27.818615596894965,26.635224802645464,26.850388008837424,394600
2023-03-23,28.141361236572266,28.446173829771002,27.460015540595784,27.639317669519215,257600
2023-03-24,29.163375854492188,29.190273393935616,27.442083805857834,28.024813098566543,389700
2023-03-27,29.77300262451172,29.86265539444625,28.490998793579326,29.253030238505396,320700
2023-03-28,30.24815559387207,30.32435788802034,29.665424523541763,29.665424523541763,161400
2023-03-29,29.880584716796875,30.517103967529902,29.535427551606936,30.31090773503484,193800
2023-03-30,31.17155647277832,31.20741758238164,30.104714111356806,30.266082264764467,308500
2023-03-31,31.063976287841797,31.672702031416474,30.736749650450548,31.39568299896592,218500
2023-04-03,31.6915340423584,31.709464600079475,30.588830391793756,31.037084075108044,165700
2023-04-04,31.826004028320312,31.942550916137815,31.122246047870494,31.691526586999853,332700
2023-04-05,31.71842384338379,31.843934296877983,31.099831722729032,31.843934296877983,137000
2023-04-06,32.07701873779297,32.11287983786774,31.135687090198058,31.7004874467161,147800
2023-04-10,32.49838638305664,32.570108601455736,31.808075420531555,31.915655328226595,132500
2023-04-11,32.45355987548828,33.61901849948992,32.42666233515437,32.59700088428997,223800
2023-04-12,32.07701873779297,32.722504859527874,32.05012462268826,32.722504859527874,207500
2023-04-13,32.22047424316406,32.72251961082444,31.682571179167017,32.077033198104566,238900
2023-04-14,32.19342041015625,32.60812061442353,31.83281288259207,32.157358625687515,142700
2023-04-17,32.20243835449219,32.60812140293172,31.715614569515388,32.031146593644166,113100
2023-04-18,32.40077209472656,32.53600207356835,31.724629078600074,32.38274120161158,238400
2023-04-19,32.36471939086914,32.85153983369419,31.913957301520224,32.40979491199567,131400
2023-04-20,32.04015350341797,32.65318990181278,31.882387541854605,32.328640815716696,194100
2023-04-21,32.382728576660156,32.46386584452426,31.949997627731587,31.949997627731587,127500
2023-04-24,32.18439483642578,32.73432481050007,32.14833306523145,32.427806633427835,136800
2023-04-25,32.15736389160156,32.50896118918579,31.877893613806982,31.904938237066688,171000
2023-04-26,32.12129211425781,32.373717663284225,31.913942064837524,32.0311376760054,162200
2023-04-27,31.990575790405273,32.464778236991705,31.83280979744611,32.22947907103496,115100
2023-04-28,32.27455139160156,32.382733284802356,32.00409493907939,32.229475889354596,99500
2023-05-01,32.2204704284668,32.68024617177429,32.12130223466447,32.20243953513535,118600
2023-05-02,32.00410461425781,32.22497704936828,31.49474475070552,32.211454738510284,171500
2023-05-03,31.418109893798828,32.14834556881852,31.345989762399974,32.004101866979696,143200
2023-05-04,31.53530502319336,32.035651053517086,31.12511344461846,31.246817655678505,150000
2023-05-05,32.72532272338867,32.75237078376424,31.886905071614862,31.886905071614862,135700
2023-05-08,33.04986572265625,33.60880957241811,32.59910377693588,32.59910377693588,120500
2023-05-09,32.95070266723633,33.302296489314415,32.896613426326624,32.9867644538703,197100
2023-05-10,34.25790786743164,34.555412402283096,32.617134660483174,33.80714592180754,505300
2023-05-11,33.68994903564453,34.1767727938276,32.16457274132822,34.0595737174411,205500
2023-05-12,33.66290283203125,34.248894747320975,33.550212343632516,33.951390207208746,144400
2023-05-15,33.11297607421875,33.897300990503304,32.49993947970819,33.897300990503304,232400
2023-05-16,32.472896575927734,33.527678059862914,32.427821061399456,33.049871415588825,177800
2023-05-17,32.79744338989258,32.88759441237115,32.400770637288296,32.716306094045436,175400
2023-05-18,33.42851257324219,33.63586268677557,32.454864973303295,32.78842790037514,153700
2023-05-19,33.49161911010742,34.032532152813786,33.20763683950151,33.70798295157346,156700
2023-05-22,33.6358528137207,33.91532297908329,33.3969461278872,33.491609149296075,109300
2023-05-23,33.347373962402344,33.834194304194234,33.288772701962145,33.58176868703984,278600
2023-05-24,32.545013427734375,33.30229368814406,32.427817789593576,33.30229368814406,129200
2023-05-25,31.336963653564453,32.617129151208644,31.264843542747393,32.617129151208644,105000
2023-05-26,32.01311492919922,32.28357487369348,31.219776305075264,31.255834650505587,144500
2023-05-30,31.607433319091797,32.26554543975417,31.494742816806298,32.10327084133975,78500
2023-05-31,30.534618377685547,31.35500511936693,29.63760291770852,31.35500511936693,222400
2023-06-01,31.084545135498047,31.49924532382208,30.48953947080328,30.642800329382723,91000
2023-06-02,31.643489837646484,31.91394977873624,31.09356310706514,31.508263306142616,115800
2023-06-05,32.62614822387695,33.20312640019909,32.29258534870626,32.66221000471722,203600
2023-06-06,33.61783218383789,34.077607929786,32.40888880720734,32.62615367916038,322700
2023-06-07,34.1226806640625,35.15943459834814,33.680935847535956,33.680935847535956,307100
2023-06-08,34.154232025146484,34.614011147909046,33.80714683086094,34.12267882566598,132600
2023-06-09,33.59077835083008,34.00548195047641,33.14001640955246,33.870251992476845,95400
2023-06-12,33.464569091796875,33.807149166280006,33.212143478515124,33.66290546739885,95800
2023-06-13,33.65388107299805,34.13168752926382,33.491606533315334,33.491606533315334,112700
2023-06-14,33.23918914794922,34.01450034358114,32.80645803762839,33.68995115108023,102100
2023-06-15,32.545013427734375,33.41949276532583,32.170883599760344,33.022823462841124,196200
2023-06-16,32.43682861328125,33.98745077893996,32.36470849157469,32.815470429122854,268500
2023-06-20,33.14904022216797,33.31131482869478,32.19342347695909,32.39175987138995,167400
2023-06-21,34.25790786743164,34.474275114509126,33.14903389388124,33.14903389388124,211700
2023-06-22,34.014495849609375,34.25790771182565,33.47358289293368,34.25790771182565,101500
2023-06-23,32.490928649902344,33.85222849674198,32.22047211386602,33.58177196070566,575600
2023-06-26,32.61713409423828,33.34736967152684,32.535996807872884,32.535996807872884,169700
2023-06-27,32.328643798828125,32.77940569576875,32.02212557134688,32.77940569576875,132900
2023-06-28,32.25652313232422,32.535996771501644,32.04917305385348,32.33766041859891,99800
2023-06-29,33.031837463378906,33.1310056495834,32.29258808863393,32.29258808863393,119100
2023-06-30,33.74855041503906,33.870254635503166,32.932668899112535,33.11297437750165,288200
2023-07-03,33.95138931274414,34.13169477724004,33.6493796371619,33.75305295789458,53200
2023-07-05,32.97773742675781,33.86123020872853,32.833490338397006,33.86123020872853,111900
2023-07-06,32.57206344604492,32.8244890683658,32.22948335929432,32.752368935863196,86600
2023-07-07,33.031837463378906,33.338355748446894,32.644181884056415,32.644181884056415,154000
2023-07-10,33.5637321472168,33.5637321472168,32.806451984129595,32.96872655043689,93800
2023-07-11,34.50132369995117,34.519354592535386,33.47358689593897,33.58176881240312,98100
2023-07-12,35.2946662902832,35.483985506601186,34.735718929190334,34.83488712032104,167800
2023-07-13,35.90769958496094,35.92572703710573,35.11435756799699,35.384814057699906,180400
2023-07-14,35.89410400390625,36.01189107286258,35.21001752873846,35.844269683810815,128700
2023-07-17,36.605377197265625,36.69598318058493,35.59057221082654,35.753665745918646,111500
2023-07-18,36.859073638916016,36.97414398853347,36.12515279226455,36.64161445814641,140500
2023-07-19,37.031227111816406,37.212442523328676,36.35167191094277,36.73222462075818,131500
2023-07-20,36.795650482177734,37.04029077581436,36.315432566740974,37.022168888537955,168600
2023-07-21,36.76847457885742,36.96780845429236,36.1704625833614,36.96780845429236,211300
2023-07-24,37.27585983276367,37.82856517031131,36.695973398745096,36.73221716497021,142400
2023-07-25,37.43895721435547,37.88293475575363,37.23056072150201,37.27586370579257,104500
2023-07-26,37.94636535644531,38.055093226444086,37.43896286912325,37.43896286912325,169000
2023-07-27,36.05267333984375,38.15476404659201,35.97112656861658,37.94636751043299,197700
2023-07-28,36.74129104614258,36.91344727624195,36.319966600663484,36.351679044671705,126800
2023-07-31,36.958744049072266,37.149018681074296,36.469463461298545,36.469463461298545,96200
2023-08-01,36.804710388183594,37.16260989171559,36.41509844542201,36.72316362210799,101100
2023-08-02,35.70835494995117,36.67785327644334,35.53620223671098,36.67785327644334,133100
2023-08-03,35.210018157958984,35.61775194039163,34.94997618685467,35.39123355641752,100800
2023-08-04,35.128475189208984,36.116095588082366,35.05598763945109,35.46372146584773,179900
2023-08-07,34.92007827758789,35.40029619197347,34.42173847596557,35.12847479621553,148500
2023-08-08,34.17709732055664,34.79322764547416,34.1227316602181,34.79322764547416,145000
2023-08-09,33.850914001464844,34.13179463650727,33.55190802124912,34.08649164276464,131500
2023-08-10,33.0988655090332,34.06383604702499,32.93577199434153,33.850908210822176,193900
2023-08-11,33.080745697021484,33.98229141985722,32.81798697923279,33.08980836862594,159800
2023-08-14,32.618656158447266,32.999205487891835,32.401196929909524,32.999205487891835,130200
2023-08-15,31.62197494506836,32.595095875555444,31.576668492898435,32.46462380075301,163600
2023-08-16,31.631032943725586,31.902854364293656,31.490592625318076,31.703520499288746,171200
2023-08-17,31.703514099121094,31.80771061871228,31.440751947845254,31.61290467295898,84100
2023-08-18,31.603853225708008,31.80318709946185,31.177997459075492,31.513243777277133,223800
2023-08-21,31.458879470825195,31.73070088523228,31.168936167938064,31.567607345308666,105200
2023-08-22,31.359207153320312,31.739756397807525,31.15986985969573,31.72163451144198,119100
2023-08-23,31.427165985107422,31.79412470953549,31.05114458854226,31.35920976966604,305600
2023-08-24,30.46219825744629,31.531365550191847,30.435017151216208,31.268603335310967,285000
2023-08-25,30.525619506835938,30.706834925043953,30.090704576974662,30.5437413942964,206800
2023-08-28,30.95147705078125,30.996780043912068,30.593577529173185,30.616230753937003,170900
2023-08-29,31.649145126342773,31.721629203279367,30.95146817179944,30.95146817179944,227400
2023-08-30,31.458879470825195,31.821306871235706,31.001311291795233,31.567607345308666,183600
2023-08-31,30.91522979736328,31.635560095811865,30.743077060265666,31.359207375473304,327600
2023-09-01,34.29488754272461,35.4274796472584,31.848491362049053,32.618652610573314,664000
2023-09-05,33.20759963989258,34.412675760226776,32.61865040283826,34.22240112907873,335900
2023-09-06,32.43743133544922,33.52472025108807,32.39212835071347,33.52472025108807,309100
2023-09-07,32.129371643066406,32.62771147237168,31.739759686824865,32.43743683041095,228500
2023-09-08,32.863285064697266,33.28007803000556,31.98439269561135,32.61864481382605,220100
2023-09-11,32.98442459106445,33.67392749171296,32.49058758990251,33.19872973880089,189600
2023-09-12,32.192420959472656,32.9378308806134,32.117881744556016,32.79806851974663,168700
2023-09-13,32.043338775634766,32.574443563288774,31.391103765801546,32.117881544481925,366000
2023-09-14,31.512235641479492,32.667623738471576,31.139528886476878,32.462634667780634,255700
2023-09-15,29.518260955810547,31.465646350617316,29.420426238066995,31.465646350617316,569000
2023-09-18,30.296283721923828,30.450025522478345,29.22941607327767,29.630072807249235,305500
2023-09-19,29.695297241210938,30.589790936011735,29.508943869778175,30.235719885728987,215100
2023-09-20,29.089649200439453,30.226399771573465,28.744897779241914,29.93755542721669,466200
2023-09-21,28.949886322021484,29.7046141202273,28.344240514147742,28.72626333652337,350800
2023-09-22,28.549226760864258,29.393404433228092,28.34423947596523,29.108285092731307,322200
2023-09-25,28.1485652923584,28.21379020891078,25.9868749624313,27.487014276388148,701300
2023-09-26,27.319299697875977,28.30696829920889,26.9931821871234,28.092663166530535,489100
2023-09-27,27.021133422851562,27.775861134633207,26.7788747720037,27.384520510524705,427100
2023-09-28,27.71063995361328,27.71063995361328,26.946594342307876,26.96523003458299,260000
2023-09-29,27.3286190032959,28.111300360012528,27.254078006332293,27.878359522351566,205300
2023-10-02,26.480714797973633,27.32861931454047,26.215162382191576,27.32861931454047,326900
2023-10-03,26.126646041870117,26.73229188374621,26.084716618660362,26.39685649806817,371600
2023-10-04,26.30367660522461,26.552457582383205,25.949607345673016,26.126642864047508,382200
2023-10-05,26.6204776763916,26.667066908549685,26.014831875916393,26.31299585293819,349700
2023-10-06,27.15532684326172,27.230393326868633,25.897961900551305,26.86444265327455,234300
2023-10-09,26.94889259338379,27.43682563028562,26.79875962660263,27.192859111834707,277900
2023-10-10,27.662025451660156,27.690176054456686,26.958276489282415,27.01457769487547,243300
2023-10-11,27.981060028076172,28.121809470505326,27.568193445854554,27.6526434692573,192500
2023-10-12,27.981060028076172,28.103044190647363,27.624494654607226,27.981060028076172,179300
2023-10-13,28.6848087310791,29.40732479500742,28.168726850973872,28.168726850973872,367500
2023-10-16,28.084274291992188,29.022606199965324,27.971673675555934,28.85370617017399,218900
2023-10-17,28.234405517578125,28.431454347064793,27.93883048362215,27.943523145120007,180800
2023-10-18,27.905990600585938,28.553440115246346,27.774624706783506,28.074890629603964,202900
2023-10-19,27.46497344970703,27.95290643716712,27.305456964949926,27.72770522008865,181000
2023-10-20,27.174089431762695,27.830922440594442,27.089641212075268,27.540040069129397,219400
2023-10-23,27.08964729309082,27.36176265916422,26.576378827099443,26.9582795879998,176400
2023-10-24,26.507877349853516,27.33267085447076,26.437501738343975,27.127176288123326,134300
2023-10-25,26.348360061645508,26.78937541672518,26.179460030845522,26.376510663354203,323900
2023-10-26,26.395275115966797,26.57355867509417,25.963643308288574,26.34835923764561,274400
2023-10-27,26.029329299926758,26.64862827281564,25.841663974954333,26.64862827281564,160800
2023-10-30,25.57892608642578,26.310825563445164,25.334959594085987,26.08562434765001,220200
2023-10-31,25.410030364990234,25.841664013551373,25.297429738057602,25.63522982912925,236600
2023-11-01,24.424779891967773,25.471019741017322,23.941537748617204,25.410027666667045,434100
2023-11-02,25.175445556640625,25.26927910738581,24.76257900719748,24.800113143386003,394500
2023-11-03,25.59769630432129,25.88857870842546,25.34434624765338,25.653995720338767,196600
2023-11-06,25.503862380981445,26.22637840333623,25.503862380981445,25.54139472787297,635800
2023-11-07,24.72504997253418,25.597699068817064,24.036313156976064,25.56016492760103,457300
2023-11-08,23.045433044433594,24.59368046133236,21.71300155449394,22.3135352417503,1023400
2023-11-09,22.82023048400879,23.857086756828718,22.76393107369202,23.223713469018602,367500
2023-11-10,23.045433044433594,23.28001604062208,22.80146651363042,22.848384186703854,399300
2023-11-13,23.1955623626709,23.242480028349046,22.754547043651975,22.989130002864883,382300
2023-11-14,24.678129196166992,24.771962747694186,23.32693249718948,23.32693249718948,614000
2023-11-15,24.274648666381836,25.01592998637489,24.030682141273967,24.68751344143252,368100
2023-11-16,24.481082916259766,24.706282389708,23.899316267557086,24.115133995622177,306500
2023-11-17,24.89394760131836,24.940863483537605,24.424781620221168,24.80949758154277,306800
2023-11-20,25.288047790527344,25.485096648923456,24.75319705403883,24.78134765797809,177600
2023-11-21,26.315521240234375,26.883211675632513,25.64461371122702,26.151313854698145,388500
2023-11-22,26.113779067993164,26.376512668064745,25.879196071769822,26.348362064216502,256000
2023-11-24,26.104394912719727,26.564177359618554,26.048095496088045,26.292062021126924,75200
2023-11-27,26.36712646484375,26.498492356720945,25.991794066818873,26.104392891363315,184900
2023-11-28,26.855060577392578,27.333608285901644,26.029327478181468,26.376511079157392,292000
2023-11-29,26.81752586364746,27.2679247500304,26.64862583382234,26.948891758077632,274100
2023-11-30,26.892597198486328,27.267929671548227,26.66739771464919,26.939513086471663,249700
2023-12-01,27.9716739654541,28.05612398122501,26.75184318833714,26.930126753823068,402000
2023-12-04,28.666038513183594,28.670731174878473,27.647949271972383,27.79339135917086,298600
2023-12-05,27.718324661254883,28.6941888881557,27.60572404790331,28.61912240916333,281100
2023-12-06,27.530658721923828,28.403307695336363,27.389909291634154,27.91537466658779,206400
2023-12-07,27.596342086791992,27.924758622244514,27.389909705231673,27.72770798508255,181800
2023-12-08,27.72770881652832,28.060818023894797,27.5212764287779,27.58695937989275,230200
2023-12-11,26.967660903930664,27.835619059700825,26.920745020797668,27.586959867862536,231500
2023-12-12,26.179460525512695,26.873825939912546,26.16069345735229,26.873825939912546,360600
2023-12-13,28.206256866455078,28.206256866455078,26.057477711558604,26.273293622494837,321700
2023-12-14,28.375158309936523,29.135206697867755,28.31885889335211,28.590974231615263,256500
2023-12-15,27.9716739654541,28.825555867381194,27.92475808545964,28.731724107392274,271100
2023-12-18,27.361759185791016,28.356390539561637,27.34299211748516,28.18749229398734,200400
2023-12-19,28.281322479248047,28.525288984443495,27.652640043862938,27.784007724953437,230200
2023-12-20,28.046741485595703,28.853707537402922,27.999825603864377,28.309475076579165,228000
2023-12-21,28.928773880004883,29.09767391697044,28.300091403369844,28.525290856081867,223100
2023-12-22,28.975690841674805,29.416708019020007,28.712959031912956,29.097675001686714,187400
2023-12-26,29.16335678100586,29.369789164618567,28.825556708070383,28.91469938827622,169200
2023-12-27,29.632522583007812,29.726356134919463,29.05920171060172,29.210272494268445,139600
2023-12-28,29.623140335083008,29.848339795613466,29.46831648897354,29.60437326594058,137300
2023-12-29,28.38454246520996,29.576224512291912,28.225025956626343,29.576224512291912,180400
2024-01-02,27.6151065826416,29.031987888383608,27.516582168101422,28.234405459359834,315900
2024-01-03,26.761226654052734,28.037356841854734,26.735891291440833,27.333607905375462,316300
2024-01-04,27.46497344970703,27.72770522008865,26.71430690213937,26.83629104386737,262100
2024-01-05,27.35237693786621,27.98105943786671,27.059617101542095,27.2585433816506,174600
2024-01-08,27.51188850402832,27.577571444661498,26.507873749261975,27.19285554404497,203500
2024-01-09,26.920743942260742,27.46497639754028,26.695544490737433,27.32422696405398,219200
2024-01-10,26.733076095581055,26.91605053300578,26.160693053605367,26.72369256164567,327500
2024-01-11,25.88857650756836,26.855058980623692,25.869809440582582,26.648624823232176,195700
2024-01-12,27.060606002807617,27.812027046028366,26.31391188720917,26.31391188720917,336900
2024-01-16,27.022796630859375,27.088959187954917,26.512396671331835,26.644723588317383,237800
2024-01-17,26.81485939025879,26.87156990119084,26.200488611115464,26.46514066678943,188200
2024-01-18,26.691986083984375,27.00484128110275,26.370623498467992,26.862119429586546,176100
2024-01-19,25.87912368774414,26.824307196910457,25.78460677906309,26.824307196910457,253600
2024-01-22,26.295005798339844,26.37062040943953,25.898028639367872,25.983095302204333,235300
2024-01-23,26.616371154785156,26.833762959286723,26.049260610298468,26.588014996582668,169800
2024-01-24,26.276100158691406,27.051152130644606,26.191033500828183,27.051152130644606,120900
2024-01-25,25.74679946899414,26.597464296276517,25.671184857742254,26.597464296276517,145700
2024-01-26,25.5105037689209,26.07761425882971,25.491599665271877,25.983095543379147,189200
2024-01-29,26.66362953186035,26.682533637269263,25.30256639272364,25.47269973581441,201400
2024-01-30,25.661733627319336,26.588013095500223,25.661733627319336,26.57856284623649,141300
2024-01-31,25.491600036621094,26.578562575945046,25.406533371755835,25.425437475680244,180400
2024-02-01,26.31391143798828,26.31391143798828,25.491600916828492,25.5294091259828,190900
2024-02-02,25.708993911743164,26.03035647084955,25.501052371853977,26.03035647084955,160000
2024-02-05,25.19859504699707,25.538861725498247,24.659840674566656,25.4821494105516,287700
2024-02-06,25.62392807006836,26.51239935942558,25.382905241589324,26.011453203314407,286300
2024-02-07,24.744905471801758,25.113526477088875,23.336582207495454,24.574772145424767,682300
2024-02-08,24.896135330200195,25.226949939623644,24.49915815945097,24.57477277279394,282500
2024-02-09,25.01900863647461,25.49160042501788,24.678743774623786,25.047364792793264,243300
2024-02-12,25.9263858795166,26.101244336977928,24.848877175557096,24.848877175557096,215400
2024-02-13,24.565319061279297,25.407478270335428,24.38573369067358,25.255302586771716,319400
2024-02-14,24.62203025817871,24.792163582183353,24.281765412963942,24.773259478895167,213800
2024-02-15,25.09462547302246,25.107857986584175,24.253412591808125,24.650389801454338,236800
2024-02-16,24.470802307128906,24.971750253490406,24.28176667282249,24.971750253490406,303600
2024-02-20,24.045469284057617,24.36494069406121,23.861158785871144,24.31011951620456,230100
2024-02-21,23.601232528686523,23.9273220063158,23.23261152210861,23.84698046733665,305700
2024-02-22,23.147546768188477,23.639042686034884,23.11919061042225,23.629590633446142,241000
2024-02-23,23.941503524780273,23.988761989601706,22.89234902003158,23.213711628642987,232900
2024-02-26,23.818626403808594,23.84698075678518,23.506715901504187,23.828076652937742,161300
2024-02-27,24.310121536254883,24.593677697853067,23.903694102715054,23.96985666624957,216800
2024-02-28,24.092727661132812,24.432994304558573,23.790269223774132,24.102179712649583,204200
2024-02-29,24.28176498413086,24.76380879269927,23.610683751608153,24.603127523176468,625900
2024-03-01,25.52941131591797,25.52941131591797,24.045473232416054,24.622034049120014,550500
2024-03-04,25.87912368774414,26.491603279534637,25.642827810452562,25.78460677906309,285700
2024-03-05,26.22884178161621,26.83375863680251,25.482145961050495,25.90747925159988,347900
2024-03-06,26.540754318237305,26.68253149181487,26.01145202891026,26.29500637606539,238700
2024-03-07,26.597461700439453,26.94245344328063,26.474588645195148,26.805403213183546,167800
2024-03-08,26.94718360900879,27.221285904943027,26.545479512884967,26.928279505069995,253300
2024-03-11,26.94718360900879,27.479321695603325,26.81485848702637,27.1267689908382,174500
2024-03-12,26.436784744262695,26.947184755559263,26.329035313375098,26.947184755559263,119900
2024-03-13,27.022796630859375,27.174025847876173,26.370619505727895,26.370619505727895,158200
2024-03-14,26.238298416137695,26.9944446172043,25.94529198857373,26.833763324128302,138500
2024-03-15,26.24774742126465,26.65039437025209,25.58611822005984,26.06816204331571,348200
2024-03-18,26.0587100982666,26.498220591776416,25.898028823189954,26.276101881371904,171900
2024-03-19,25.94529151916504,26.622042627294913,25.519958162013594,25.756254070921127,138400
2024-03-20,27.20238494873047,27.372516484207495,25.82241594047816,25.898030557177282,273400
2024-03-21,27.174028396606445,27.50484301590667,26.899924288307943,27.344161732406253,175600
2024-03-22,26.55965805053711,27.041701876192345,26.22884344828808,27.041701876192345,201900
2024-03-25,26.852664947509766,27.400871343303837,26.616369056171038,26.616369056171038,250600
2024-03-26,26.777048110961914,27.211833452375974,26.342264572342284,27.211833452375974,192900
2024-03-27,28.402767181396484,28.402767181396484,26.975541495549766,27.11731867859739,350000
2024-03-28,29.00768280029297,29.34794764237524,28.166468239658126,28.516186936091973,410900
2024-04-01,29.39520835876465,29.69766680213186,29.064393760283814,29.33849785133193,332300
2024-04-02,28.979328155517578,29.43774276455061,28.828098928313924,29.36685327557626,196600
2024-04-03,29.933963775634766,30.10409710691847,28.743032259443435,28.96987610022351,264900
2024-04-04,29.036039352416992,30.661754484740598,28.96987678929839,30.075741666151874,378800
2024-04-05,30.93585777282715,32.060624921638826,28.96042396989626,28.96042396989626,614900
2024-04-08,36.89996337890625,37.39145921390922,33.0908715590304,33.19484231718721,1758300
2024-04-09,35.67123031616211,38.175964669335116,35.1750074885768,37.27803953663227,1178000
2024-04-10,37.60885238647461,38.55403588788535,34.669331120192986,34.84891468744902,1262700
2024-04-11,37.8546028137207,38.73362385840755,37.419819218986596,38.28938640845482,948400
2024-04-12,38.440616607666016,40.15140028070677,37.930220186303245,38.27993712080482,1160000
2024-04-15,36.92084503173828,38.72557011084031,36.37942823268918,38.630582482599,668900
2024-04-16,35.61954879760742,37.30079193566344,35.60055127010642,36.72138002881043,926000
2024-04-17,34.916648864746094,35.98998543476044,34.72668086870017,35.448568674533576,744800
2024-04-18,35.030635833740234,35.885502730662886,34.92615125643239,35.021135259399095,400800
2024-04-19,36.075477600097656,36.17046523500306,34.77417780085978,34.897659914532916,358400
2024-04-22,35.344085693359375,35.71452837509124,35.06862701392532,35.61954437279343,345600
2024-04-23,35.84751510620117,36.521911019663584,35.14462109009973,35.277600157722425,420400
2024-04-24,36.303443908691406,36.398427919164,35.030638601956845,35.60054991160789,298800
2024-04-25,36.60739517211914,37.23334969647164,35.714529577467545,36.04698084351715,423100
2024-04-26,38.10816192626953,38.20314955131303,36.5693986346388,36.5693986346388,547600
2024-04-29,38.99152755737305,39.53294434717819,38.17465208548249,38.17465208548249,645100
2024-04-30,38.060672760009766,38.90604275711493,37.82320911482707,38.70657416477931,594700
2024-05-01,38.735069274902344,39.33347868508347,37.433769492616925,37.99418384933087,505800
2024-05-02,39.28599166870117,39.684928910542645,38.37413201014221,39.01053293119643,474600
2024-05-03,39.24799346923828,39.846402907515625,39.029527336656244,39.63743372704242,333400
2024-05-06,39.09601593017578,40.26433667545401,39.08651897829565,39.703922305923044,397800
2024-05-07,38.31713104248047,40.007870909207966,38.30763409168861,39.219493550817546,501200
2024-05-08,36.23695755004883,36.65489230549878,33.24491385384,33.41588798638954,1496200
2024-05-09,38.81106185913086,39.36197567593874,36.217959080706265,36.284448616813975,669200
2024-05-10,35.29659652709961,39.039022318685255,35.02113782554176,38.77306419216469,840200
2024-05-13,35.258602142333984,36.36043334605043,35.09712859771544,35.458074364414486,389500
2024-05-14,37.80421447753906,37.880204589040645,35.48657042785993,35.52456548361073,573400
2024-05-15,35.42957305908203,36.96833637508282,35.19210942782356,36.22745100504678,663300
2024-05-16,35.23011016845703,35.52456642320184,34.74568587674968,35.42957878131253,463500
2024-05-17,36.82585906982422,37.006330118780426,35.72402800463367,35.91399962761287,494600
2024-05-20,37.31028747558594,37.63323818406415,36.50291251609428,37.04432934745367,346600
2024-05-21,36.721378326416016,37.64273843875728,36.56940173686147,37.40527479111532,236400
2024-05-22,37.26279067993164,38.155652583454454,36.778366491194454,37.12981163296094,342200
2024-05-23,36.455421447753906,37.85170527974079,36.44592087241488,37.25329947606406,295000
2024-05-24,36.094478607177734,37.22670668524255,36.027989068037165,36.70238503555332,266700
2024-05-28,37.481258392333984,38.169905091591694,36.13246671666911,36.46491434844357,294700
2024-05-29,36.52191162109375,37.462265685286965,36.22745537836033,37.129818010755606,207300
2024-05-30,36.094478607177734,37.04433330736662,35.942502000083834,36.77837515080434,168800
2024-05-31,36.037479400634766,36.61689124105702,35.686034240679824,36.5693992394535,279900
2024-06-03,35.19211196899414,36.57889880606364,35.02113785226965,36.57889880606364,309800
2024-06-04,33.4681282043457,35.6005508173558,33.44438038941949,35.11612655416848,619100
2024-06-05,33.700843811035156,34.185271729810545,32.95995831574111,33.60585979183625,526000
2024-06-06,34.30874252319336,34.318243097023945,33.349391100517884,33.46337262263411,453700
2024-06-07,33.28290939331055,34.28025609870533,33.197422325796246,33.75783674096598,313000
2024-06-10,33.52986526489258,33.85281596043668,33.06443855930136,33.282904673433016,165600
2024-06-11,32.61800765991211,33.20691650730566,32.314054472650426,33.19741955544464,503100
2024-06-12,32.32355499267578,33.64385247497899,32.15258085304144,33.491875864571604,294600
2024-06-13,31.782133102416992,32.26656096313727,31.58741479937237,32.19057085815855,350500
2024-06-14,30.917762756347656,31.98634905177493,30.77053647069024,31.67764561952559,309900
2024-06-17,30.974760055541992,31.26446600748509,30.604317329688943,30.94626557614033,216700
2024-06-18,31.734642028808594,31.76313650730711,30.50932872566392,30.974759073783588,248700
2024-06-20,32.36155319213867,33.178428911142326,32.200079613149306,32.266569160192994,492500
2024-06-21,31.76313591003418,32.13358224058777,31.582664843924235,32.13358224058777,581400
2024-06-24,32.2950553894043,32.6465005658525,31.63965704034019,32.19057080692865,331500
2024-06-25,31.934112548828125,32.44893359891862,31.744140892776024,32.19057374098727,246700
2024-06-26,31.544668197631836,31.934108411550472,31.326202089668456,31.71564230358709,243900
2024-06-27,30.737293243408203,31.886616357814887,30.566319137730307,31.886616357814887,364900
2024-06-28,30.74679183959961,31.345201241491324,30.423841136417636,30.82278194548134,668000
2024-07-01,30.85127830505371,31.17422902793194,30.613814644802307,31.012755478196777,228600
2024-07-02,30.6803035736084,30.960512571340704,30.31935961430765,30.7182986281158,250600
2024-07-03,31.45918083190918,31.525670358741067,30.713545175230937,31.012751669381874,195600
2024-07-05,31.886615753173828,32.67499673922883,31.107735341369388,31.63015459952006,537100
2024-07-08,31.687152862548828,32.04809865730289,31.478183672416257,31.85812699567401,221300
2024-07-09,32.02909469604492,32.04809222073314,31.231216776176666,31.63015392440712,295500
2024-07-10,32.61800765991211,33.24491156156532,31.858124691757894,32.05759329150941,391100
2024-07-11,33.91930389404297,34.03803570853352,32.589509745793244,33.27340253334177,389900
2024-07-12,34.09027862548828,34.63169541967762,33.95254928333029,34.1472712019215,316400
2024-07-15,34.37523651123047,34.77037637085748,33.96679874523924,34.40373461301646,251800
2024-07-16,35.486568450927734,35.84751421363633,34.574708904155464,34.58420585586012,362500
2024-07-17,34.85017013549805,35.600556271879235,34.63170397365448,35.429582123756724,385100
2024-07-18,35.03162384033203,35.203535043429085,34.49678858144486,34.706903083733955,323000
2024-07-19,34.9456672668457,35.06027351796717,34.39650669685201,34.8024067204936,327800
2024-07-22,35.480499267578125,35.49959727163009,34.30577163871382,35.10802260976422,266500
2024-07-23,35.948482513427734,36.206349327772166,35.33724427643381,35.56646043694017,342800
2024-07-24,35.51870346069336,36.7411835425384,35.51870346069336,35.78612291408265,279000
2024-07-25,34.97431945800781,35.26083692005445,33.95431394131597,35.165332313794636,334600
2024-07-26,36.67433547973633,36.731636794955016,35.528261812881865,35.59511577614883,295800
2024-07-29,36.06309509277344,36.84624831985972,35.34775765460032,36.84624831985972,162700
2024-07-30,35.99623489379883,36.492866873224784,35.614212816502366,36.158597100181964,187100
2024-07-31,36.71253967285156,37.15187045559692,36.26366352741543,36.45467279274066,256500
2024-08-01,34.907466888427734,36.7984865848012,34.32774654605541,36.483318457039296,286800
2024-08-02,33.7040901184082,34.34397898436075,33.13105156105618,34.34397898436075,401700
2024-08-05,32.95914840698242,33.069936544246964,30.323182057900496,31.240039601644817,535500
2024-08-06,33.197906494140625,33.781448607880996,32.70127816366422,33.14060518699878,208700
2024-08-07,32.60577392578125,34.0097144158154,32.38611038707994,33.65634295297134,209000
2024-08-08,33.236114501953125,33.43667639189149,32.77290943952327,33.245667150007954,170500
2024-08-09,32.2619514465332,33.36982178719561,32.18554847990184,33.36982178719561,246900
2024-08-12,33.06420135498047,33.54173171857226,32.60577264312445,32.60577264312445,245400
2024-08-13,33.312522888183594,33.766175326728835,32.8120690295581,33.01645271826134,290500
2024-08-14,32.60577392578125,33.56083469053532,32.24284981505975,33.56083469053532,163600
2024-08-15,32.89228820800781,33.422347172040894,32.86363755371435,33.24566327954142,127600
2024-08-16,34.095664978027344,34.31532848417859,32.96869315115249,33.01644545366065,318800
2024-08-19,34.525447845458984,34.73555873471452,34.18162538979108,34.286682656052676,266500
2024-08-20,34.60184860229492,35.09848060174297,34.43949003263346,34.754658168027596,210900
2024-08-21,35.46141052246094,35.71450106580042,34.50634966864069,35.02207976081992,284700
2024-08-22,34.58274841308594,35.44230453371037,34.15297035277372,35.10803108979306,497400
2024-08-23,35.8720817565918,35.94848471927058,34.64960156432379,34.81196378032589,329400
2024-08-26,35.11758041381836,36.57882203731846,34.964770856088066,36.29230457198257,595400
2024-08-27,34.9838752746582,35.11758319284477,34.258027085548974,35.088932537024085,264000
2024-08-28,34.36308670043945,34.99342667452077,34.200728115317006,34.50634727588566,237800
2024-08-29,34.1052131652832,34.84061026476995,34.07656251311718,34.84061026476995,370700
2024-08-30,37.218719482421875,37.48613533296423,33.42712704850314,35.86253129052625,1012900
2024-09-03,38.13557815551758,39.34850581252818,36.76984091575662,37.05635842800505,821500
2024-09-04,38.50804901123047,38.70383821305081,37.73444849491255,38.0782709466094,372700
2024-09-05,41.573787689208984,41.69794659012224,38.71815847107394,39.01422493205623,720900
2024-09-06,41.88895797729492,41.96536092984463,41.00075133889407,41.60244052951623,697400
2024-09-09,41.678855895996094,42.309195926161024,41.24907777468634,42.15638633228068,314300
2024-09-10,41.783905029296875,41.965365248133566,41.172666772933944,41.76480337837711,262900
2024-09-11,42.146827697753906,42.19458000181928,40.026591879192345,41.54513846538182,420600
2024-09-12,43.82773208618164,44.692060797554255,42.40469377607426,42.40469377607426,525600
2024-09-13,44.81144714355469,45.250777842754886,44.08560260085144,44.3625710834789,339800
2024-09-16,42.79627227783203,45.2603270468665,41.93671617045517,44.81144734153997,549900
2024-09-17,42.433345794677734,43.45526041855376,41.879408858156424,43.01593338540969,320800
2024-09-18,41.3159294128418,43.111444772065774,41.21087578313258,42.194587260522084,594500
2024-09-19,41.47828674316406,42.64250379070946,41.05806134420042,42.3855951423015,526100
2024-09-20,41.11536407470703,42.90132663606212,41.01030681052128,41.354129259395535,720200
2024-09-23,40.943450927734375,41.459184576829045,40.590079491103175,41.115362144099265,291700
2024-09-24,41.019859313964844,41.65019925359632,40.48502399056606,40.94345270636463,265500
2024-09-25,41.583343505859375,41.66929911408049,40.88328238472584,40.94345094615388,223200
2024-09-26,42.71986389160156,43.03980834585915,41.879409470875515,42.07042233603153,206900
2024-09-27,42.96818542480469,44.228865343272865,42.762847214577874,43.245150277799716,262200
2024-09-30,42.17548370361328,43.00638555824762,41.927169505001864,43.00638555824762,155200
2024-10-01,42.433345794677734,42.52885040422477,41.25862160956605,42.347390188778476,294300
2024-10-02,42.672115325927734,42.958632827138565,41.946267103374765,42.32829286716766,253200
2024-10-03,42.595706939697266,42.60525958719099,41.95581800178423,42.28053879448761,232500
2024-10-04,42.04177474975586,43.3454306363013,42.022673097519416,43.07323846765034,237900
2024-10-07,40.37996292114258,42.15637630448629,39.510857879570544,41.96536344675532,260000
2024-10-08,39.93854522705078,40.36077150905709,39.36278677414777,40.3031941995336,270700
2024-10-09,39.132484436035156,39.82339756517913,38.95975615374916,39.775418300229305,176600
2024-10-10,39.669857025146484,39.669857025146484,38.63348745410879,39.28601562981782,213200
2024-10-11,40.23603057861328,40.658253284789254,39.756230551356346,39.76582494124466,197900
2024-10-14,40.21683120727539,40.45673117955944,39.72647414112423,40.101680245542305,71700
2024-10-15,39.785011291503906,40.64865267259774,39.75622446566183,40.23602441947326,135800
2024-10-16,41.05168533325195,41.43552678350343,39.87137781551622,40.226428777619645,159400
2024-10-17,40.89815139770508,41.13805140018437,40.317593830975234,41.13805140018437,135700
2024-10-18,41.79057693481445,42.83750009566653,40.97011941988867,41.15724111659543,225600
2024-10-21,40.01531982421875,42.22239904202616,39.81380470733092,42.19361221406602,211200
2024-10-22,39.468345642089844,40.41834751073742,39.468345642089844,40.08248900375761,143700
2024-10-23,37.9329833984375,39.353190830742015,37.510760754428,39.24763791517701,311700
2024-10-24,37.94258499145508,38.48859762735733,37.58753035477834,38.24965669952223,242500
2024-10-25,37.47237777709961,38.54712870937884,37.27086266365663,38.086521166973455,151200
2024-10-28,37.97136688232422,38.201672463717195,37.702680087851604,37.741064961514276,100400
2024-10-29,37.70268249511719,38.25924855642974,37.29964861709207,37.75066175996742,122800
2024-10-30,37.520355224609375,38.16328907137412,37.429195721850945,37.50116644761626,107500
2024-10-31,37.28045654296875,37.54914701780289,36.887020710422895,37.28045654296875,333500
2024-11-01,35.773887634277344,37.760259386165764,35.39004982198303,37.60672352913132,420500
2024-11-04,36.32085037231445,36.57994275335103,35.71630514381179,35.88903339783617,187100
2024-11-05,36.11933898925781,37.00696814839598,36.07135972725254,36.493582357715184,198300
2024-11-06,36.10974884033203,36.81025639748027,35.121358356188956,35.313279087324354,340700
2024-11-07,30.313764572143555,34.53600609567324,30.054672129234895,32.09862118290307,1378600
2024-11-08,30.304166793823242,31.56604125912793,29.82436681176126,30.572855442682958,793800
2024-11-11,30.045072555541992,30.141032912235964,28.336985893613935,30.141032912235964,622900
2024-11-12,29.210222244262695,30.36174105667043,29.075877010096423,29.57486941061891,380200
2024-11-13,29.027896881103516,30.208204315015603,28.76880446967163,29.39254403659571,414700
2024-11-14,28.35618019104004,29.186235828719862,28.010725424391886,28.922344355895277,339600
2024-11-15,27.732437133789062,29.027897383058242,27.348597534451567,28.71122948481836,300100
2024-11-18,27.722841262817383,28.151782912725487,27.588497858936744,27.828397840318804,330100
2024-11-19,28.874361038208008,29.21981758671428,27.41576875594991,27.655668730125587,427400
2024-11-20,29.58446502685547,29.747597084076585,28.4905217197795,28.749612303361157,302900
2024-11-21,28.70163345336914,29.747597512322518,28.634461751833133,29.603657890417985,208500
2024-11-22,28.538501739501953,28.7496130654998,27.972337633566493,28.7496130654998,231800
2024-11-25,29.008705139160156,29.123857934875875,28.068297656932902,28.615269318426478,223600
2024-11-26,28.663249969482422,28.941532990198322,28.394561337160546,28.7688047144408,192700
2024-11-27,29.248605728149414,29.680426433210254,28.81678685338021,28.999109524146668,246700
2024-11-29,29.07588005065918,29.814772509821534,28.937698510836782,29.267800787942736,85300
2024-12-02,28.77840232849121,29.123858896756246,28.16905613959779,29.123858896756246,179200
2024-12-03,28.509714126586914,28.711231071306504,28.231431088049572,28.711231071306504,194600
2024-12-04,28.557693481445312,29.267797193723617,28.068297308734945,28.289004848302884,256400
2024-12-05,28.8935546875,29.104666014725783,28.336986797276,28.586483000520087,164700
2024-12-06,27.588499069213867,29.031737142317276,26.782434949985674,28.893555610876973,529500
2024-12-09,27.636478424072266,28.72082741592775,27.559710499627855,27.626884035021945,231400
2024-12-10,27.444557189941406,27.775618492723154,27.243040261510945,27.482940233747684,165300
2024-12-11,27.185462951660156,27.818798689331988,27.10869503892089,27.406170471999133,259000
2024-12-12,27.051122665405273,27.66526603777762,26.705666103300015,26.97435474385873,246800
2024-12-13,27.271831512451172,27.377388095974087,26.168291901200387,26.782435302879076,319700
2024-12-16,26.868797302246094,27.271829334991445,26.484957706843748,27.214253853253986,328600
2024-12-17,26.149097442626953,27.022333210801445,26.091521960739506,26.667282270488688,335500
2024-12-18,25.957178115844727,26.99834502138708,25.669298860738163,26.398595048005348,315800
2024-12-19,24.997575759887695,26.369803860164893,24.776868230130358,26.033943541238976,558100
2024-12-20,24.74808692932129,25.37182661494991,24.546569960870624,24.911217185759202,555500
2024-12-23,24.32585906982422,24.824851482504798,24.162727005305246,24.6425269797385,317200
2024-12-24,24.90161895751953,24.978386878837046,23.99959450932001,24.306666194590072,151800
2024-12-26,25.295053482055664,25.35742615659264,24.33545359979609,24.863232802922248,148400
2024-12-27,25.06475257873535,25.29985355164659,24.680911117972,25.151114894086202,162400
2024-12-30,25.045557022094727,25.194293830849375,24.251007347142842,24.949596668848546,206700
2024-12-31,26.29303741455078,26.33142228985076,25.199094092583714,25.275862012892077,262100
2025-01-02,26.657690048217773,27.050165019081238,26.099202116279155,26.39859759544469,276800
2025-01-03,27.07990837097168,27.20465738225259,26.38899710565583,26.753644260332976,151400
2025-01-06,26.504150390625,27.10869753021839,26.28824004423751,27.060718266706317,310200
2025-01-07,26.38899803161621,27.02617195946104,26.139501830591392,26.53293765482125,183200
2025-01-08,26.71526336669922,26.782435071892035,25.419803038450777,26.197078503283166,178000
2025-01-10,26.945566177368164,27.060718975220325,26.312230364910345,26.571322787358987,198900
2025-01-13,26.60970687866211,26.945567236111586,26.009956894035078,26.945567236111586,160200
2025-01-14,26.851350784301758,27.01566797541404,26.50821657925749,26.909344544815387,182400
2025-01-15,26.986669540405273,27.51828299375302,26.957671739034385,27.440957367019013,187600
2025-01-16,26.725696563720703,27.020501110571665,26.503385603127295,26.870681892647337,151000
2025-01-17,26.36806297302246,26.74502515069295,25.662464596609045,26.682197506551784,180700
2025-01-21,26.55171012878418,26.943172127421445,26.310067329435107,26.48405043994056,184700
2025-01-22,26.097423553466797,26.58554121986203,26.058759818835554,26.51304948281096,171500
2025-01-23,26.53238296508789,26.61937452971481,26.039431380064826,26.039431380064826,165900
2025-01-24,26.3583984375,26.619373117535847,26.00076626371884,26.484051888857064,120100
2025-01-27,26.252073287963867,26.60487154994166,25.536810830908976,26.387392664177753,155200
2025-01-28,25.981433868408203,26.561376975509507,25.89541019402911,26.25207447667903,126900
2025-01-29,26.17474937438965,26.31973469316164,25.749457508215244,25.894444670575584,158700
2025-01-30,27.28630256652832,27.57627501177779,26.40672298542237,26.40672298542237,331100
2025-01-31,27.228313446044922,27.745428941233786,26.783689691807098,27.286307207523443,223800
2025-02-03,26.986669540405273,27.692266114801626,26.58070953915465,26.841684220727558,298000
2025-02-04,26.745027542114258,27.440958203945623,26.387395355319264,27.11232381940593,455600
2025-02-05,26.783687591552734,27.769590677319755,26.72086178970603,26.76435756830129,483400
2025-02-06,27.35396385192871,27.643936314152647,26.64836732795046,26.948003879685785,414600
2025-02-07,27.624605178833008,29.161453554157603,25.275836837541146,27.547279555578424,786700
2025-02-10,28.09822654724121,28.596010161755977,27.446757717202534,27.6536046475947,337700
2025-02-11,27.76959228515625,28.417195113076733,27.576279136331095,28.08856073212673,240600
2025-02-12,27.73093032836914,28.127224402666222,27.205114951353657,27.45062377437987,206700
2025-02-13,28.03056526184082,28.388197422912118,27.532781675587415,27.779256524469584,328100
2025-02-14,26.65803337097168,28.27027340943644,26.42605650638894,28.04989640205637,308600
2025-02-18,26.76435661315918,27.32496782638689,26.483084044520186,26.78368663572079,338700
2025-02-19,26.290739059448242,27.179984694083387,26.271407191750257,26.725695021122636,229900
2025-02-20,26.53238296508789,27.063996443507115,26.290740139699434,26.290740139699434,351600
2025-02-21,25.875112533569336,27.015666891580736,25.614137856345373,26.841683773431424,319800
2025-02-24,25.63347053527832,26.00076680687735,25.299036226753202,25.923441178983428,233500
2025-02-25,26.416393280029297,26.518850706935563,25.31450259945798,25.546479487810448,335600
2025-02-26,26.493717193603516,26.919009049833047,26.271406253779016,26.271406253779016,260900
2025-02-27,26.445390701293945,26.493718527658558,25.875113500967185,26.377731006948128,216400
2025-02-28,26.271408081054688,26.387395603992097,25.933107759241775,26.377731513404342,260300
2025-03-03,25.314498901367188,26.4743831736868,25.246839215930397,26.4743831736868,285900
2025-03-04,25.64313507080078,25.962103498917255,24.86021105703356,25.13085166169747,207000
2025-03-05,26.17474937438965,26.261740934370515,25.701129683154033,25.84611500192602,195500
2025-03-06,26.300403594970703,26.57104421655926,25.942773254445246,26.11675637949586,249200
2025-03-07,26.745027542114258,26.986670363476478,25.712728642322062,26.387395355319264,177600
2025-03-10,26.522714614868164,27.5376136516164,25.884777761439853,26.967336488159532,226200
2025-03-11,26.43572235107422,27.49895102621206,26.020096445408573,26.687031081095032,216200
2025-03-12,25.952438354492188,26.38256226449644,25.62477002327039,26.36806428573757,171200
2025-03-13,26.387393951416016,26.94800519340632,25.667299414477704,25.952438002258273,225200
2025-03-14,26.822351455688477,26.996334570915717,26.43088944642718,26.706362097674212,195400
2025-03-17,27.02532958984375,27.392627674485322,26.580707727327177,26.98666770090625,141500
2025-03-18,27.84691619873047,27.924241822216885,26.348731552335533,26.95767060684253,279400
2025-03-19,28.37853240966797,28.50418586063363,27.69226586544341,27.866248984925363,231100
2025-03-20,28.39786148071289,28.890813021510017,28.037331199260368,28.185216477140678,193100
2025-03-21,27.469955444335938,28.34856910830438,26.890012316210964,28.05956450634831,759800
2025-03-24,27.36363410949707,27.933911347382036,27.153889043211315,27.421629717260252,137800
2025-03-25,27.237977981567383,27.556946418703046,27.00600110397675,27.344301408475385,174700
2025-03-26,26.667699813842773,27.46028791054722,26.580708257512942,27.26697293123909,131000
2025-03-27,27.460289001464844,27.518282760125896,26.50821573246984,26.629037138440236,147500
2025-03-28,25.565811157226562,27.72126467454358,25.15018521081536,27.508617812516405,347400
2025-03-31,24.52191162109375,25.31449969285713,24.106285719171925,25.179178474164402,365100
2025-04-01,24.396257400512695,24.628234272357314,23.934235737358893,24.396257400512695,243000
2025-04-02,24.425254821777344,24.505480408871957,23.869475640807934,24.164280153656666,230900
2025-04-03,22.43411636352539,23.78248361174204,21.361223599682535,23.63266625766568,507000
2025-04-04,21.535207748413086,22.36065967040407,20.568636514808002,21.834844314625933,541200
2025-04-07,20.375324249267578,22.086156003480717,20.182009239317814,20.829612125984386,481400
2025-04-08,20.186838150024414,21.48687564837376,20.075682691972666,20.95526226750225,479300
2025-04-09,22.115150451660156,22.395457012553905,19.911369075644473,20.08535220398012,455000
2025-04-10,21.375720977783203,21.680191409325417,20.72328618235235,21.680191409325417,284800
2025-04-11,23.023727416992188,23.376525710239655,21.303231731762814,21.45788298788257,454700
2025-04-14,21.9894962310791,23.371693432006783,21.76718528307226,22.956067493983678,261300
2025-04-15,22.12601661682129,22.467317369312198,21.921235421350957,21.989495199861246,322800
2025-04-16,23.2474308013916,23.530221566154868,22.165020473644635,22.17477213586949,242300
2025-04-17,22.98414421081543,23.515597775118874,22.70135341271302,23.26693686885745,213900
2025-04-21,23.49121856689453,23.65699311746799,22.935386797306915,22.935386797306915,366300
2025-04-22,24.017793655395508,24.349342733183,23.296187386075488,23.686246437547414,252600
2025-04-23,24.193321228027344,24.807662966963502,24.037298342569798,24.34934411348489,203500
2025-04-24,24.437108993530273,24.563878759632015,23.94466207428487,24.261582769659945,169300
2025-04-25,24.33959197998047,24.573628163580583,23.83251854201881,24.18356909754004,142400
2025-04-28,23.744752883911133,24.480985664983525,23.64723812789074,24.193318157689966,271700
2025-04-29,23.49121856689453,24.095806791381595,22.925635134339117,23.725252898303026,331000
2025-04-30,23.754507064819336,23.876400057787517,22.896379352757254,23.188923651844565,171700
2025-05-01,23.61798667907715,24.183570116744807,23.55947856068106,23.813016220316847,176600
2025-05-02,23.627737045288086,24.0870304923342,23.257183169198548,23.842269900864693,261100
2025-05-05,23.47171401977539,23.915404432058384,23.21817637562233,23.627736899263514,324000
2025-05-06,23.549724578857422,23.988540073470038,23.237678831550394,23.491216466222195,215100
2025-05-07,23.286436080932617,23.608233501374695,22.82811910634524,23.608233501374695,320500
2025-05-08,20.195228576660156,22.506320357976552,19.263966258816943,21.170372442880872,1030100
2025-05-09,21.05335807800293,21.23863594971463,19.67352849278969,20.458519671946114,788000
2025-05-12,21.306896209716797,22.184525414568984,20.677927899929244,21.726208416241832,351200
2025-05-13,22.038251876831055,22.149418590696975,21.1801242279968,21.57018326470655,388900
2025-05-14,21.336149215698242,22.126017169461548,21.267889435483035,22.038254063487848,357200
2025-05-15,20.653549194335938,21.21425585059268,20.453644758637537,21.209380949207613,270700
2025-05-16,20.897335052490234,20.955843168445117,20.42731532846661,20.65354906608216,209100
2025-05-19,20.546281814575195,20.83394934142122,20.443892150767134,20.712056353095605,153000
2025-05-20,20.487775802612305,20.673053684656203,20.40001269321991,20.56578724874559,219500
2025-05-21,19.814924240112305,20.443892517541972,19.79542091524485,20.331751189463255,271200
2025-05-22,19.327354431152344,19.795423120478056,19.259094646451466,19.775921653377548,221100
2025-05-23,19.6393985748291,19.77591999270619,19.11282180854156,19.181081587510363,263900
2025-05-27,20.536529541015625,20.877830270155894,19.697907071057053,19.727160197023224,306500
2025-05-28,19.473623275756836,20.484848153498497,19.40536349942759,20.478022175865572,366500
2025-05-29,19.268844604492188,19.756416577703206,19.239589616521314,19.64915014841615,201800
2025-05-30,19.23958969116211,19.483375678713397,18.908040599297202,19.268844679246477,240000
2025-06-02,20.3024959564209,20.33175094336798,19.161577504636526,19.161577504636526,326500
2025-06-03,19.78567123413086,20.195229899223357,19.629646494173482,20.195229899223357,191500
2025-06-04,19.89293670654297,20.145499754777685,19.746665482365206,19.83442858885977,157900
2025-06-05,20.126968383789062,20.395134429357572,19.756414540727828,19.795419327394615,221900
2025-06-06,20.40001106262207,20.585288929856482,20.058710315592183,20.26349150778589,195700
2025-06-09,20.76081657409668,21.082614018479624,20.648673377774827,20.65355013932251,172500
2025-06-10,20.975345611572266,21.326398012416128,20.848575862405585,20.926587300377623,145000
2025-06-11,21.063108444213867,21.26301286772399,20.799819146925593,21.043605119983763,202900
2025-06-12,20.73155975341797,21.238635033092095,20.692553104240233,20.9168376171334,160800
2025-06-13,21.66769790649414,21.940738882161472,20.478022956684043,20.487774619379962,357700
2025-06-16,21.04360580444336,22.10651283034401,20.986072298050793,21.755460422541393,291300
2025-06-17,20.877830505371094,21.311769238192007,20.770564082448402,20.98509692829379,166400
2025-06-18,20.770566940307617,21.160626037353836,20.721810483146648,20.877833377989287,147800
2025-06-20,20.458518981933594,21.05335736792806,20.370755880395414,20.92658761684428,646500
2025-06-23,20.224483489990234,20.692552097718966,20.029455833406253,20.370754697413048,189100
2025-06-24,20.877830505371094,20.892457068518965,20.08796447641686,20.31224712440125,184400
2025-06-25,21.004602432250977,21.10211534327556,20.57553855597249,20.770566237961216,139200
2025-06-26,21.365402221679688,21.38197986104209,20.81932217069338,21.12161625213981,111400
2025-06-27,20.634044647216797,21.365402567680356,20.62429298508456,21.365402567680356,911900
2025-06-30,21.628692626953125,21.849074991070882,20.68280182615537,20.74131180100887,314600
2025-07-01,21.911483764648438,22.53070039263574,21.37515533911712,21.628692987895036,245000
2025-07-02,22.165021896362305,22.545329307785124,21.492173899113297,22.087010453495484,198900
2025-07-03,22.272287368774414,22.330795483420392,21.843223521511913,22.194275929266635,100400
2025-07-07,21.96999168395996,22.34834611523748,21.901730051881405,21.94073669878344,130000
2025-07-08,21.755460739135742,22.350299136582187,21.726207611352773,22.018750048819197,230000
2025-07-09,22.418560028076172,22.511198037222186,21.365404596976997,21.813971797968257,458300
2025-07-10,23.325443267822266,23.46196282511151,22.457565750872963,22.457565750872963,242500
2025-07-11,23.544849395751953,23.608232408706158,22.949036426394883,23.14016379335228,182400
2025-07-14,22.993894577026367,23.549726338439932,22.30154325595038,23.471714895784338,217100
2025-07-15,21.92123794555664,23.179174671317252,21.87248148670346,23.179174671317252,177800
2025-07-16,21.930988311767578,22.043129648446794,21.511676094655996,21.979746627675652,202700
2025-07-17,22.09676170349121,22.20402813290624,21.90173216999833,21.90173216999833,127700
2025-07-18,21.48678970336914,22.30336633752137,21.34905447338016,22.30336633752137,135800
2025-07-21,21.703229904174805,22.13611444541676,21.565494681439414,21.565494681439414,129500
2025-07-22,22.44110107421875,22.568999679112903,21.752423062910342,21.890158289871678,206500
2025-07-23,22.27385139465332,22.716574468478882,22.224660776006843,22.539485238948657,143200
2025-07-24,21.526142120361328,22.13709920492597,21.437599383071046,22.11643892014127,121500
2025-07-25,21.732746124267578,21.752423121458367,21.427760173817276,21.486789288887913,116400
2025-07-28,21.496627807617188,21.772098262539313,21.39824469807283,21.693392150204172,104800
2025-07-29,21.319538116455078,21.69339167269235,21.235911818407534,21.644201057253817,153700
2025-07-30,21.063743591308594,21.526141774173915,20.827625250494275,21.3490544259395,173700
2025-07-31,20.93584632873535,21.585172218610914,20.758757108496248,20.95552144926058,192400
2025-08-01,20.237327575683594,21.004713557165893,20.221587479551662,20.876814955334666,241800
2025-08-04,20.611183166503906,20.675130591414746,20.316033843716443,20.316033843716443,169700
2025-08-05,21.408082962036133,21.496627572005398,20.694807771284477,20.71940307927556,120200
2025-08-06,21.919673919677734,21.939349040434198,21.309700140185505,21.417921748603902,121800
2025-08-07,21.821290969848633,22.372233761604907,21.526141638317167,22.155792419683237,143000
2025-08-08,21.693391799926758,22.549322399689952,21.644201184199712,21.959025628456892,204000
2025-08-11,21.55565643310547,21.94918698584211,21.255588800237,21.722907152581254,151600
2025-08-12,22.559160232543945,22.657543337597016,21.644200545603184,21.644200545603184,172400
2025-08-13,23.25767707824707,23.43476629482283,22.40174836679981,22.628028198423646,179100
2025-08-14,22.864145278930664,23.021557490284625,22.667380952989006,23.001880494739986,152200
2025-08-15,23.060914993286133,23.178973231529724,22.60835340934739,23.021560996203693,296500
2025-08-18,23.20848846435547,23.257679083645016,22.91334099561451,23.110105349274537,152800
2025-08-19,22.795278549194336,23.523310523878592,22.657543328078887,23.16913209643698,148100
2025-08-20,22.44110107421875,23.01172085570365,22.382071959306998,22.923176245085156,228500
2025-08-21,22.254173278808594,22.34271600515851,21.75242115481738,22.293525393130608,179500
2025-08-22,23.690561294555664,23.89716600321108,22.441100173953906,22.441100173953906,329200
2025-08-25,23.415088653564453,24.477622047264823,23.38557503594882,23.592177865264787,286600
2025-08-26,23.051074981689453,23.66104688443356,22.893662756690862,23.33638393581125,169000
2025-08-27,22.53948402404785,23.06091318550331,22.327960997566034,22.824794851023967,168300
2025-08-28,22.598514556884766,22.65754555158583,22.16563185475463,22.549323937802377,120100
2025-08-29,23.031396865844727,23.031396865844727,22.509967723048202,22.726410929285304,127500
2025-09-02,23.178970336914062,23.454442652584262,22.657543076201197,23.016639810475674,213800
2025-09-03,23.46428108215332,23.545938926811893,22.834630344816244,23.080587165642797,279200
2025-09-04,23.483959197998047,23.631532922230615,23.177004800753345,23.41508970862125,211600
2025-09-05,23.454442977905273,24.079173538473206,23.2675152655184,23.592178199399992,209400
2025-09-08,24.182476043701172,24.1923145423227,23.33638392726721,23.552827143937336,318800
2025-09-09,24.05457878112793,24.24150462128598,23.55282662156863,24.22182950098103,569700
2025-09-10,23.65121078491211,23.791897753006804,21.644202057080182,21.654040555922705,825300
2025-09-11,24.60552215576172,24.841640493689848,22.70771836410566,22.903501297049527,611300
2025-09-12,26.54366111755371,27.665225558416328,24.821963276788342,25.018729494905074,913700
2025-09-15,26.66172218322754,27.242180483409566,26.05174838631528,27.242180483409566,675600
2025-09-16,27.242177963256836,27.547163895248055,26.720748828270484,26.91751503526576,441200
2025-09-17,26.110776901245117,27.138874606983215,25.835304587417163,27.05525018893818,550500
2025-09-18,26.71091079711914,26.784698595157426,25.687731381764966,26.189483529521,363600
2025-09-19,26.396087646484375,26.82897220461003,26.130453812418516,26.710912097302398,941100
2025-09-22,26.66172218322754,26.73550811030043,25.81759849236153,26.464955958029574,321300
2025-09-23,26.602693557739258,27.41336674258811,26.455117947863506,26.710913294745826,395800
2025-09-24,26.27802848815918,26.90767928903564,25.77627817436176,26.760105556948062,376600
2025-09-25,25.363069534301758,26.15996915533575,25.136787819661016,26.032070550125542,293800
2025-09-26,26.218997955322266,26.563337895940354,25.33355373409126,25.549995071036086,392300
2025-09-29,26.346895217895508,26.63220415314092,25.923849187512882,26.63220415314092,331300
2025-09-30,25.451614379882812,26.386249236838776,25.235171161839016,26.209160013530852,252200
2025-10-01,26.10093879699707,26.150129411118343,25.37290682429269,25.38274344591563,267100
2025-10-02,26.01239585876465,26.15996958709522,25.254848343098818,26.15996958709522,248500
2025-10-03,26.258350372314453,26.76010250539708,25.823497397741885,25.94352594602769,300600
2025-10-06,25.34339141845703,26.691233765705753,25.33355292029808,26.691233765705753,271800
2025-10-07,25.166303634643555,25.581479648635717,24.99905290944081,25.343392858564314,178700
2025-10-08,26.78961753845215,26.819133033664606,25.25484744093661,25.363069046880593,447900
2025-10-09,26.82897186279297,28.521154202631298,26.691234759938627,27.311047031528858,765600
2025-10-10,26.032068252563477,26.691232588118645,25.44177340108255,26.68139596689532,485600
2025-10-13,27.055252075195312,27.65046717048919,26.12061534381514,26.37641067952447,382700
2025-10-14,27.26185417175293,27.40942977114523,26.32820262933342,26.415763951479338,386500
2025-10-15,27.497974395751953,28.442447723988032,27.320885177582262,27.743931226209476,346000
2025-10-16,29.21967315673828,29.308217768695204,27.655387514168353,27.655387514168353,799200
2025-10-17,27.02573585510254,29.00322899715907,26.966706741213272,28.70808155121104,446600
2025-10-20,28.098108291625977,28.10794679020151,27.084767332868672,27.153634946395666,272300
2025-10-21,26.681398391723633,27.842313081242192,26.159969223925877,27.842313081242192,362300
2025-10-22,26.54366111755371,26.715832027531285,26.012395331041294,26.29770428315866,230400
2025-10-23,26.88800048828125,27.10936200982205,26.573176047201756,26.93719110351179,160600
2025-10-24,27.57668113708496,27.59635625783022,26.779779637097146,26.907678242700904,181200
2025-10-27,27.320884704589844,28.221085712698784,27.084766376618617,27.891504466312387,328300
2025-10-28,27.07493019104004,27.861991351505576,27.055253192902946,27.114282310812406,205300
2025-10-29,26.681398391723633,27.389753403777597,26.445278177870573,27.271693296851065,230600
2025-10-30,26.37641143798828,26.656802090164724,26.12061609492346,26.45511755304655,177900
2025-10-31,26.150131225585938,26.40592656506893,25.864822266182987,26.346897448727248,112800
2025-11-03,25.923851013183594,26.45511680569327,25.69265098576176,26.041909244184968,173100
2025-11-04,24.330049514770508,25.579510679070115,24.17263729148098,25.579510679070115,315800
2025-11-05,24.438270568847656,24.74325651000551,23.729915580077318,24.566167293687506,507700
2025-11-06,24.585844039916992,24.880993356275336,23.720076840236164,24.694065643565217,412600
2025-11-07,24.88099479675293,26.43544194809581,22.628029245106283,23.90700406053332,565200
2025-11-10,26.671560287475586,27.03557535925312,25.481128207996257,25.628701936460168,353700
2025-11-11,25.5893497467041,26.474793991525683,24.991182909600134,26.474793991525683,288400
2025-11-12,25.864822387695312,26.07142523411271,25.505723747300117,25.668056163629597,260100
2025-11-13,25.01873016357422,26.159969755548744,24.87115643429337,25.746762187661293,492400
2025-11-14,24.831802368164062,24.989214595814722,24.10377034615431,24.448110297828297,486500
2025-11-17,24.96953773498535,25.53032091012661,24.497301049447035,24.82196400531735,384400
2025-11-18,25.205657958984375,25.304039194446975,24.37924282088641,24.684228779124393,320100
2025-11-19,25.50312614440918,26.078235460619112,24.828861549511718,25.493210238287283,616500
2025-11-20,25.64194679260254,27.079719129294258,25.59236726227584,25.74110207072454,541200
2025-11-21,26.217056274414062,26.871490948816565,25.26812505089758,25.58245152100428,307100
2025-11-24,25.8204288482666,26.256717359589196,25.61219860722411,26.217055627316988,242900
2025-11-25,26.34596061706543,26.375708336972306,25.810514897602282,26.04849098305988,181700
2025-11-26,27.040058135986328,27.1392153080865,26.276550369460487,26.34595982255088,195600
2025-11-28,28.467914581298828,28.50757820661124,26.990478581195042,27.2086247378818,258800
2025-12-01,29.00336265563965,29.22150692467254,28.259686690110428,28.38858969197855,383200
2025-12-02,29.528894424438477,29.945353041805184,28.586904109288653,29.875941696189244,223900
2025-12-03,31.115400314331055,32.22595721035242,29.528893164680117,29.895772233812256,361400
2025-12-04,30.500629425048828,30.7881831381917,30.046491136441535,30.73860549873229,277700
2025-12-05,30.629533767700195,31.318673199288963,30.48575785044675,30.609703845804898,303300
2025-12-08,30.074254989624023,31.16696212822564,29.67762819919567,30.837762743239683,403900
2025-12-09,30.817930221557617,31.204641096916024,29.895771772996177,30.14366374771632,398500
2025-12-10,31.105485916137695,31.343461985652354,30.302314553851826,30.758436772204185,498200
2025-12-11,31.115400314331055,31.750005065457138,30.510545172751275,30.510545172751275,523800
2025-12-12,31.452533721923828,32.16646194302281,30.768353219261947,31.73017342020629,963200
2025-12-15,31.482282638549805,32.22595860638957,30.391557507465002,32.126803323690226,887300
2025-12-16,31.888824462890625,32.354862600187204,31.174896234473337,31.48228176307812,818900
2025-12-17,32.42427062988281,32.48376228222494,31.036074076419922,32.285451731042784,786700
2025-12-18,32.354862213134766,33.37617595793914,32.26760299570827,32.72174128356902,864900
2025-12-19,32.88039016723633,34.12976400959803,32.30528277393688,32.374692221705246,1277500
2025-12-22,33.445587158203125,33.85212987440746,32.920057344764544,33.04896223991176,1109800
2025-12-23,33.455501556396484,34.417319816975905,33.415837933838446,33.415837933838446,1242000
2025-12-24,34.49665069580078,34.86352978677981,33.118371818243254,33.56457438016267,632900
2025-12-26,34.298336029052734,35.40889108972075,33.475332803245784,35.20066272507017,519400
2025-12-29,33.13819885253906,33.765864568292805,32.483764161201734,33.46541808947349,543700
2025-12-30,33.167945861816406,33.60423436098219,32.860558461759986,33.48524727621538,478900
2025-12-31,33.76288604736328,34.07027345633446,33.26710210016989,33.85212730915934,401800
2026-01-02,34.4768180847168,34.645382820647185,33.76288795011385,34.010779937680816,368100
2026-01-05,36.02366638183594,36.34195885482842,34.27850462594829,35.56754223817543,585800
2026-01-06,37.72916030883789,37.73907810670483,35.69644673725077,36.09307543623286,693100
2026-01-07,37.56059265136719,37.7787350145758,36.233873576735945,37.431687766836205,467500
2026-01-08,37.748992919921875,37.97705310277091,36.80700257682772,36.985485116889,351900
2026-01-09,38.67115020751953,39.147102371554446,37.838232974825544,37.88781061602118,569100
2026-01-12,42.46885681152344,43.05387826662486,40.049428609941735,40.62453983245919,1172900
2026-01-13,41.32855224609375,43.12329158807667,40.74947692939435,42.91505944492341,797300
2026-01-14,39.48423385620117,42.14163615643286,38.750475721342035,41.72517945003142,983900
2026-01-15,39.75196075439453,40.09900803686907,38.30427240102688,39.117357847851544,453200
2026-01-16,41.556610107421875,41.93836208065542,40.24774079557641,40.75343875502662,643700
2026-01-20,41.784671783447266,42.91406759028972,41.64585287905545,42.12180502948373,636700
2026-01-21,42.31019973754883,42.67708257755609,40.55512791386561,42.06230776688347,541300
2026-01-22,43.480255126953125,43.92646148181716,42.45894130112235,42.508518944433526,495400
2026-01-23,42.74649429321289,43.93637657200194,42.25071032559508,43.62898915036756,520900
2026-01-26,43.72814178466797,44.09799769149808,42.339949028863536,43.62898651015739,858300
2026-01-27,50.71870040893555,52.477740166825896,44.05536280398781,44.05536280398781,2113900
2026-01-28,53.534751892089844,55.16092262182747,51.561530132327384,51.858999741969164,1617100
2026-01-29,53.07862854003906,57.17380503104313,51.859000475484905,56.03350043166749,1837900
2026-01-30,51.41279602050781,52.87040209830989,49.66962016220422,50.67903786534445,1132700
2026-02-02,50.857521057128906,50.94676232391932,47.29779196576011,49.975026186941164,1190900
2026-02-03,52.25563049316406,52.76132847146304,50.361735904483986,52.424195225086564,865800
2026-02-04,51.04591751098633,53.12821247138073,49.70730229415043,52.582847073935724,704200
2026-02-05,49.92544174194336,50.842645066098186,48.58682660363135,48.75539132929422,634500
2026-02-06,54.853538513183594,57.14406183195326,50.2824096733297,52.39445045907672,1371000
2026-02-09,63.59916687011719,66.13757836786306,56.50945839051613,56.79701021750475,2042600
2026-02-10,62.06223678588867,66.08503086691515,61.764767163893985,64.4519153418786,1368900
2026-02-11,62.339874267578125,65.93926688762018,57.62992663274811,63.70823906059544,1187100
2026-02-12,57.213470458984375,62.969522609470516,56.66810885264209,62.468779744473466,919300
2026-02-13,60.396400451660156,61.34830472492049,56.31114177535273,58.185204495375054,1069400
2026-02-17,58.19511795043945,59.32550851941427,54.74446215615298,59.32550851941427,1115200
2026-02-18,57.28287887573242,58.95466319664017,56.340888600432,58.50250695668843,725900
2026-02-19,58.175289154052734,58.68099092106074,55.993842714707746,57.28288027864747,697400
2026-02-20,58.52352523803711,59.66773033277936,56.99128649417334,57.55841318065399,743400
2026-02-23,56.69280242919922,60.29455542828674,56.03612918853166,58.702621449538114,758800
2026-02-24,56.67290115356445,57.14053340691932,53.87706694640849,55.717740793727614,652200
2026-02-25,55.89683532714844,57.87680297200897,54.71283467005772,57.28978040234809,600900
2026-02-26,56.0958251953125,56.434111622496275,54.23027588263798,55.140661062666105,515800
2026-02-27,57.18033218383789,57.33952557569555,55.28990733449202,55.996327773643536,797800
2026-03-02,56.57340621948242,58.8021137066001,54.653133794290845,58.70261925994069,1011100
2026-03-03,56.0958251953125,56.31471373374685,51.96674119840499,54.73272776478007,571900
2026-03-04,55.72768783569336,58.135492141131884,55.71773990928771,56.21521972990635,590900
2026-03-05,54.32479476928711,55.68490517266333,52.921901830165616,55.011319349273464,592600
2026-03-06,52.155784606933594,54.1258081134665,52.125937031082174,53.31988940624849,455300
2026-03-09,49.847476959228516,51.01158172366281,47.75806321189601,50.81258903451927,915800
2026-03-10,50.39470672607422,52.28512774385621,49.74798144904868,50.23551333725606,528300
2026-03-11,50.215614318847656,50.46435422921172,48.75302243135662,49.81762894407723,478800
2026-03-12,48.69332504272461,49.82758225842993,47.917257712136184,49.668385067058,461200
2026-03-13,47.230735778808594,48.952015517078074,46.81285075235221,48.76297075456239,399700
2026-03-16,46.48451614379883,48.75302293521351,46.295471380867696,48.04660249339155,478400
2026-03-17,47.648616790771484,48.04660216695104,46.63375749743647,47.001895298817004,471400
2026-03-18,45.77809143066406,47.011843056002924,45.47960429733896,46.81285036862958,511600
2026-03-19,43.74837875366211,44.52444609677619,43.18125203439105,44.17621172370449,538000
2026-03-20,42.046993255615234,44.255804899291974,41.400271758603395,44.106563228659944,1072700
2026-03-23,43.67873001098633,45.25076427922405,42.78326481071369,42.78326481071369,858300
2026-03-24,43.28074645996094,44.28565407557622,42.80316626482467,43.18125200927547,632300
2026-03-25,42.9126091003418,44.77318251083845,42.65889333671553,44.77318251083845,580800
2026-03-26,39.36060333251953,42.37532972053334,38.70393014516594,42.086790524226686,836500
2026-03-27,39.22130584716797,40.290888182724814,38.49498579023557,39.24120549474457,907800
2026-03-30,37.78856658935547,39.877984106081925,37.57962597632376,39.420299788122726,765400
2026-03-31,39.87798309326172,40.37546289954211,38.53976119981715,39.22130610532067,623400
2026-04-01,41.599266052246094,41.748507728632624,40.44511296236154,40.82319491225009,627300
2026-04-02,41.06198501586914,41.25600184305977,38.97256748351414,39.3506532114494,454700
2026-04-06,42.36538314819336,42.643970631890625,40.83314439691878,40.83314439691878,523900
2026-04-07,43.25089645385742,43.400138121500696,41.67885841215372,42.405178488666394,661000
2026-04-08,45.52935028076172,47.65856704357701,45.31543381186655,46.11637660502267,877500
2026-04-09,43.89761734008789,45.26071475124547,43.798122896347365,45.11146929016495,470300
2026-04-10,43.758323669433594,44.60404162443614,43.5792306340434,44.38514929329929,305200
2026-04-13,43.738426208496094,43.837924452837676,42.80117665825899,43.002158177718066,408800
2026-04-14,44.28565216064453,45.36021039983926,43.410090405156055,43.857823004820524,460300
2026-04-15,44.76323699951172,44.942326247384024,43.78817318777304,43.87771970944414,318000
2026-04-16,46.4049186706543,47.376001044940466,45.55821005130937,45.6288513381038,732000
2026-04-17,47.937156677246094,49.578841632886395,47.061591114539944,47.41977719907745,678000
2026-04-20,48.3848876953125,48.91221508276234,47.31032947695838,48.05654919676993,741000
2026-04-21,45.56915283203125,48.688353571210115,45.2308663871779,48.374938841209655,587300
2026-04-22,47.031742095947266,47.77796181734283,46.03479364125809,46.74320289276157,603000
2026-04-23,46.66360855102539,47.75806263488696,45.430851342708,46.80290229310197,532800
2026-04-24,46.77305221557617,47.3998778677125,45.78804427197472,47.240684473015804,464900
2026-04-27,46.9720458984375,47.6088194906536,45.608952190383036,46.763105275142216,497900
2026-04-28,45.48955535888672,46.8725486330776,44.992075545409726,46.2656226533605,529000
2026-04-29,44.942325592041016,45.61093935773765,44.12645898225442,45.27066409853726,402300
2026-04-30,44.96222686767578,46.06663272699324,44.255806401156136,45.64875148047852,391100
2026-05-01,42.415130615234375,44.77318390482353,42.166390704652024,44.77318390482353,771600
2026-05-04,42.425079345703125,42.83798851600817,41.64403616349078,42.22608665437191,686000
2026-05-05,42.713619232177734,43.26084629536879,41.59926545680159,42.76336645692784,421400
2026-05-06,42.88275909423828,43.997116627113854,41.77835707872544,43.51953645393996,689400
2026-05-07,43.29069137573242,46.58400908274498,42.10669079486114,43.29069137573242,908200
2026-05-08,45.161216735839844,46.4148679878137,43.77822346545627,44.06676266739134,934500
2026-05-11,43.16135025024414,48.02172642212306,43.15139852838005,45.86763789039507,1148400
2026-05-12,41.9474983215332,42.78326457196717,41.380371629681925,42.78326457196717,789700
2026-05-13,41.09183120727539,42.086790819051885,41.0719315595835,41.94749708067833,656100
2026-05-14,40.35556411743164,41.251025510661506,40.136671783422884,41.1117317691904,397900
2026-05-15,38.534786224365234,39.70883889779857,38.49498692803567,39.509846211620584,573300
2026-05-18,39.46009826660156,39.59939200573535,38.66413133193009,38.803425071063884,542700
2026-05-19,39.47999954223633,39.639192935734464,38.10695415114624,38.97256799107548,435700
2026-05-20,41.0099983215332,41.029998779296875,39.4900016784668,39.619998931884766,504900
2026-05-21,41.779998779296875,41.86000061035156,40.44499969482422,40.61000061035156,369600
2026-05-22,43.400001525878906,43.88999938964844,41.70000076293945,41.810001373291016,569200
2026-05-26,43.130001068115234,44.02000045776367,42.90999984741211,43.90999984741211,386900
2026-05-27,42.310001373291016,43.125999450683594,41.68000030517578,42.529998779296875,392900
2026-05-28,42.83000183105469,43.439998626708984,41.7400016784668,42.099998474121094,368800
2026-05-29,42.310001373291016,43.4900016784668,42.29800033569336,42.849998474121094,359800
2026-06-01,39.58000183105469,41.72999954223633,39.31999969482422,41.66999816894531,593000
2026-06-02,40.02000045776367,40.7400016784668,39.95000076293945,39.95000076293945,600400
2026-06-03,39.22999954223633,39.900001525878906,39.04999923706055,39.900001525878906,461800
2026-06-04,40.97999954223633,41.16999816894531,39.43000030517578,39.43000030517578,495100
2026-06-05,39.619998931884766,40.66899871826172,39.15999984741211,40.029998779296875,412500
2026-06-08,40.459999084472656,41.099998474121094,39.790000915527344,39.939998626708984,342000
2026-06-09,41.88999938964844,43.439998626708984,41.0099983215332,41.040000915527344,539700
2026-06-10,40.7599983215332,41.9900016784668,40.7400016784668,41.56999969482422,358300
2026-06-11,43.290000915527344,43.31999969482422,40.79999923706055,41.25,301600
2026-06-12,44.22999954223633,44.349998474121094,42.61000061035156,43.29999923706055,412700
2026-06-15,43.65999984741211,46.0,43.619998931884766,45.560001373291016,420000
2026-06-16,43.72999954223633,44.77000045776367,43.59000015258789,43.959999084472656,343300
2026-06-17,42.709999084472656,44.68000030517578,42.689998626708984,43.61000061035156,357200
2026-06-18,42.25,43.130001068115234,41.35499954223633,42.95500183105469,502400
2026-06-22,41.810001373291016,42.6349983215332,41.5,41.810001373291016,569000
2026-06-23,42.380001068115234,43.0,40.970001220703125,41.25,345100
2026-06-24,41.31999969482422,42.27000045776367,40.83000183105469,41.400001525878906,390000
2026-06-25,41.45000076293945,41.7599983215332,40.880001068115234,41.7400016784668,242600
2026-06-26,41.91999816894531,42.9900016784668,40.900001525878906,41.25,1039600
2026-06-29,41.11000061035156,41.790000915527344,40.29999923706055,41.7599983215332,313600
2026-06-30,41.61000061035156,41.939998626708984,40.5,40.95000076293945,257200
2026-07-01,42.529998779296875,43.400001525878906,41.560001373291016,41.560001373291016,449600
2026-07-02,43.9900016784668,45.290000915527344,43.22999954223633,43.33000183105469,458700
2026-07-06,44.04999923706055,45.0,43.529998779296875,44.31999969482422,428400
2026-07-07,43.349998474121094,44.470001220703125,43.040000915527344,43.70000076293945,275700
2026-07-08,41.279998779296875,43.11000061035156,41.06999969482422,42.7599983215332,463600
2026-07-09,41.709999084472656,42.189998626708984,40.7599983215332,41.29999923706055,307200
2026-07-10,39.45000076293945,41.619998931884766,39.33000183105469,41.619998931884766,426100
2026-07-13,38.040000915527344,40.20000076293945,37.93000030517578,39.400001525878906,483600
2026-07-14,39.06999969482422,39.28499984741211,38.38999938964844,38.834999084472656,420000
2026-07-15,39.560001373291016,39.790000915527344,38.68000030517578,39.04999923706055,299700
2026-07-16,38.68000030517578,39.11000061035156,38.2599983215332,38.77000045776367,587100
2026-07-17,38.310001373291016,38.93000030517578,37.79999923706055,38.20000076293945,355000
2026-07-20,37.56999969482422,38.744998931884766,37.0099983215332,38.40999984741211,417500
2026-07-21,39.939998626708984,39.959999084472656,38.0629997253418,38.5099983215332,339000
2026-07-22,40.209999084472656,41.189998626708984,39.470001220703125,40.59000015258789,526200
2026-07-23,39.529998779296875,40.400001525878906,39.08000183105469,39.189998626708984,291400
2026-07-24,39.349998474121094,39.83000183105469,39.0099983215332,39.63999938964844,180900
2026-07-27,41.11000061035156,41.2599983215332,39.51300048828125,39.790000915527344,304800
2026-07-28,40.79999923706055,41.0,39.75,41.0,332800
2026-07-29,40.150001525878906,41.04199981689453,39.279998779296875,40.45000076293945,295500
2026-07-30,42.08000183105469,42.220001220703125,40.560001373291016,40.560001373291016,430300
2026-07-31,41.36000061035156,41.95000076293945,40.27000045776367,41.630001068115234,333900
2026-08-03,42.130001068115234,42.41999816894531,41.06999969482422,41.369998931884766,508800
2026-08-04,42.689998626708984,43.880001068115234,42.599998474121094,42.86000061035156,365600
2026-08-05,43.33000183105469,44.9640007019043,43.27000045776367,44.849998474121094,497000
2026-08-06,42.02000045776367,44.0,41.5,43.0,454000
2026-08-07,43.5099983215332,44.29600143432617,42.849998474121094,43.04999923706055,455400
2026-08-10,43.470001220703125,43.79999923706055,43.0,43.34000015258789,342100
2026-08-11,43.439998626708984,44.16299819946289,42.63999938964844,43.310001373291016,326300
2026-08-12,44.68000030517578,44.689998626708984,43.564998626708984,44.13999938964844,354800
2026-08-13,43.810001373291016,44.959999084472656,43.625,44.279998779296875,358300
2026-08-14,44.0,44.814998626708984,43.63100051879883,43.95000076293945,248000
2026-08-17,45.38999938964844,45.4900016784668,44.11000061035156,44.13999938964844,392200
2026-08-18,41.84000015258789,44.86000061035156,41.779998779296875,44.75,472400
2026-08-19,45.529998779296875,45.915000915527344,43.20500183105469,43.33000183105469,705800
2026-08-20,45.65999984741211,45.70000076293945,43.20000076293945,45.4640007019043,559900
2026-08-21,46.209999084472656,46.83700180053711,45.099998474121094,46.650001525878906,570900
2026-08-24,45.79999923706055,46.87900161743164,45.380001068115234,46.61000061035156,442200
2026-08-25,46.849998474121094,46.939998626708984,44.20000076293945,45.630001068115234,460100
2026-08-26,45.4900016784668,46.689998626708984,45.060001373291016,46.16999816894531,475100
2026-08-27,45.97999954223633,47.25,45.22999954223633,45.349998474121094,480600
2026-08-28,45.54999923706055,46.310001373291016,45.0359992980957,46.310001373291016,319900
2026-08-31,44.970001220703125,45.54999923706055,44.029998779296875,45.459999084472656,427400
2026-09-01,43.15999984741211,44.099998474121094,42.189998626708984,44.08000183105469,603700
2026-09-02,43.81999969482422,44.29999923706055,42.75,43.689998626708984,678400
2026-09-03,41.47999954223633,42.45800018310547,38.5,42.279998779296875,2268100
2026-09-04,46.130001068115234,46.29499816894531,41.0,41.0,1401900
2026-09-08,47.470001220703125,47.84000015258789,45.369998931884766,46.150001525878906,1017700
