Date,Close,High,Low,Open,Volume
2000-01-03,0.8370022177696228,0.8412080308009384,0.7603586929511708,0.7841930976961452,535796800
2000-01-04,0.7664347887039185,0.8271881802445864,0.7566204897820724,0.8094296263479024,512377600
2000-01-05,0.7776498198509216,0.8267204942906249,0.7701728919491189,0.7757805753962038,778321600
2000-01-06,0.710353434085846,0.8000824791280869,0.710353434085846,0.7935401470363892,767972800
2000-01-07,0.744002103805542,0.7552183711929156,0.7140927396392659,0.721569668864949,460734400
2000-01-10,0.7309166193008423,0.7645644720142756,0.7084841850430806,0.7626952272854844,505064000
2000-01-11,0.693529486656189,0.7430674925379139,0.6767055850591017,0.7173638921801438,441548800
2000-01-12,0.6519366502761841,0.7140928010015299,0.646795390562705,0.7103534625185166,976068800
2000-01-13,0.7234389781951904,0.7383936876029827,0.691660364215251,0.7064978183904131,1032684800
2000-01-14,0.7510117888450623,0.764564525393327,0.743067535630868,0.7477406228205659,390376000
2000-01-18,0.7771826982498169,0.7926055279274745,0.7510117732507402,0.7552183852493406,459177600
2000-01-19,0.7968114614486694,0.8131680933967914,0.772977049948928,0.7898010056812097,597643200
2000-01-20,0.8486860990524292,0.9085048448143868,0.8486860990524291,0.8636407605343728,1831132800
2000-01-21,0.8323293328285217,0.854293699536468,0.8239169559699229,0.854293699536468,495924800
2000-01-24,0.794474720954895,0.8430772295532856,0.7860622961793617,0.8108312984276168,440876800
2000-01-25,0.839339017868042,0.8458822500269862,0.7655001589364177,0.785127958563782,497145600
2000-01-26,0.8239167332649231,0.8538261449819072,0.8206456175451156,0.8225148122658418,367158400
2000-01-27,0.8225148320198059,0.8449473156414165,0.8000823983152697,0.8136351335830972,340144000
2000-01-28,0.7598913311958313,0.8290571250307549,0.7524144027286307,0.8089620592632819,423348800
2000-01-31,0.7757806777954102,0.776715325104672,0.7066149299782664,0.7552183371575004,701680000
2000-02-01,0.7496095895767212,0.785127527277069,0.7477403952035003,0.7776497514429083,318035200
2000-02-02,0.7388611435890198,0.763630155342908,0.7253083530874486,0.753349380430633,464195200
2000-02-03,0.7725093960762024,0.7795198483951455,0.7496095934923502,0.7500769170466285,475193600
2000-02-04,0.80756014585495,0.8225148016024919,0.7748460439736762,0.7771826122199017,425320000
2000-02-07,0.852891743183136,0.8542937145028047,0.7921383548198827,0.8075603887558512,441067200
2000-02-08,0.8589676022529602,0.8683136778495137,0.831862026273236,0.8524243709605133,408643200
2000-02-09,0.842142641544342,0.8757913446743304,0.8407407703180071,0.853358909199057,299364800
2000-02-10,0.8486860990524292,0.8514899420893822,0.8225151169979322,0.8440129607680519,302982400
2000-02-11,0.8131677508354187,0.8533587274350299,0.8094292619712232,0.8496202385708345,212251200
2000-02-14,0.8659772276878357,0.8664445514715913,0.8122334451261886,0.8173738569962348,367539200
2000-02-15,0.889811635017395,0.8968220907461005,0.861304185502002,0.8617715092835784,485744000
2000-02-16,0.8533589839935303,0.883269200084576,0.8384043252017512,0.8804645588786784,378246400
2000-02-17,0.8589676022529602,0.863640640051237,0.8458821380097596,0.8613041211520985,289497600
2000-02-18,0.8318617343902588,0.8627056898524343,0.829057044138127,0.8570980065284539,233441600
2000-02-22,0.8510224223136902,0.8743895060334341,0.7977459226830785,0.8234495750069725,422296000
2000-02-23,0.8692481517791748,0.8898113908680932,0.8299917668879354,0.846699311292801,473099200
2000-02-24,0.8614204525947571,0.8907461382721511,0.8356003935504818,0.8771933514653967,376432000
2000-02-25,0.8253188133239746,0.8748568756729034,0.8234496182430069,0.8585002456629905,249144000
2000-02-28,0.8468168377876282,0.8599023043814484,0.8103643310727319,0.8234497976665521,328328000
2000-02-29,0.8570980429649353,0.8767258339404814,0.8416752659051284,0.8491529427166856,368961600
2000-03-01,0.9743995070457458,0.9874849732229031,0.8860732093550393,0.8865405331707686,1077003200
2000-03-02,0.9122439622879028,0.9566408142261763,0.9024296649169569,0.949631158037274,311259200
2000-03-03,0.9571083188056946,0.9588612075792687,0.8972895667702186,0.9337412272546083,323366400
2000-03-06,0.9398167133331299,0.9655203127867912,0.934675454337994,0.9421532317517511,210560000
2000-03-07,0.9187861680984497,0.9529021929123883,0.9057007062987893,0.9454244153571655,273011200
2000-03-08,0.9122439622879028,0.9267313970628386,0.8865403588047394,0.9187862947529898,271230400
2000-03-09,0.9141132831573486,0.9346756274236626,0.884203865144146,0.9038316617704388,276718400
2000-03-10,0.9402844905853271,0.9566411257477511,0.904766478330932,0.9099077398062584,248606400
2000-03-13,0.9071030616760254,0.9458921398530878,0.8935502704737637,0.9131788708277823,303956800
2000-03-14,0.8542934060096741,0.9290676785780437,0.8524241115918016,0.9064015353370208,428579200
2000-03-15,0.8692481517791748,0.8991583631058514,0.8533588480628078,0.8645751149139681,443609600
2000-03-16,0.9089720845222473,0.9122440497417791,0.8561629013218292,0.8771934692512996,378100800
2000-03-17,0.9346752762794495,0.9346752762794495,0.8944842519785334,0.8982236391437912,305043200
2000-03-20,0.9197210669517517,0.9440227025597472,0.9150479289138967,0.9234603560886241,204489600
2000-03-21,1.008982539176941,1.0225352249311275,0.9094400030883478,0.9164496583778369,524328000
2000-03-22,1.0781484842300415,1.079551254214606,0.9837463870886002,0.9928597496991598,567996800
2000-03-23,1.0566515922546387,1.1244154423067008,1.0468372929647265,1.061791954553362,562564800
2000-03-24,1.0370224714279175,1.0762788501444922,1.013188070348625,1.0650625850575466,446913600
2000-03-27,1.0435658693313599,1.082354934458601,1.0234699518807886,1.0290785351224097,279182400
2000-03-28,1.0402945280075073,1.0617915144297116,1.025338974110449,1.0262736213534083,202966400
2000-03-29,1.0164601802825928,1.0426311031869855,1.0006872833992466,1.0421638793741477,239836800
2000-03-30,0.9402844905853271,1.0295461462579312,0.937947871205351,0.9987013727634885,414400000
2000-03-31,1.0155260562896729,1.026274105315613,0.9421536174292752,0.9529025649629224,404633600
2000-04-03,0.9968312978744507,1.0430981224392266,0.9678565413776445,1.0131879202482443,328563200
2000-04-04,0.9519678354263306,0.9944953995547161,0.8729877169229678,0.9916915565788493,660329600
2000-04-05,0.9748672842979431,0.9935604299755412,0.9271985747936982,0.9456580087291055,457665600
2000-04-06,0.9360782504081726,1.0057113731567668,0.9215900188219026,0.9767366071648046,259627200
2000-04-07,0.9851484298706055,0.9860829776450104,0.9384150510994582,0.9515005169563974,242435200
2000-04-10,0.9346752762794495,0.9926256940938352,0.9328060818674695,0.9846805945430903,212262400
2000-04-11,0.8930826187133789,0.9337408775579421,0.8828009984539241,0.9234601558058945,541822400
2000-04-12,0.8169063329696655,0.8898114210534163,0.7841931270375657,0.8898114210534163,941136000
2000-04-13,0.8510224223136902,0.897289266048932,0.8112987094428544,0.8337311956711865,529827200
2000-04-14,0.8365350365638733,0.8823337079224597,0.815037147865466,0.8173737164654301,667620800
2000-04-17,0.9262641072273254,0.9267314309682384,0.8155045370154904,0.8187765519581417,409561600
2000-04-18,0.9486966729164124,0.9486966729164124,0.8926155202770129,0.9234603888390092,390924800
2000-04-19,0.9057007431983948,0.9739318970987553,0.8954191231020645,0.9435552589955917,520150400
2000-04-20,0.8888767957687378,0.9328063199394928,0.875324009688964,0.924862017034231,722120000
2000-04-24,0.9010277390480042,0.9010277390480042,0.8580328608832971,0.8599020558312677,443620800
2000-04-25,0.9594448208808899,0.962716786346531,0.9127114421623544,0.9131787659661216,391641600
2000-04-26,0.9071030616760254,0.9571083117681962,0.8972895601725601,0.9468266877337562,366912000
2000-04-27,0.9477611780166626,0.9496312718092893,0.8717022112115136,0.876258842691498,326603200
2000-04-28,0.9276660680770874,0.9533697748135955,0.9071029229863609,0.9505659319318924,249580800
2000-05-01,0.9295352697372437,0.9356110773490055,0.9113094442486412,0.9337409837197391,226195200
2000-05-02,0.881399393081665,0.9440228894846526,0.8785955496374374,0.9215904447494693,236432000
2000-05-03,0.8603693246841431,0.9066353659342736,0.8346657243950322,0.8893440907993067,489798400
2000-05-04,0.827655553817749,0.8617715907774977,0.826720906166211,0.8608369431259596,399515200
2000-05-05,0.8458821177482605,0.8580329342070883,0.8278890557569181,0.8285899914430361,284076800
2000-05-08,0.8234496712684631,0.850087874280702,0.8225150237507105,0.8381706691755826,184900800
2000-05-09,0.7883989214897156,0.8318619212934901,0.7841931580517768,0.82485146697326,327140800
2000-05-10,0.74260014295578,0.7851276933435937,0.7383935312605889,0.7781172395784518,535091200
2000-05-11,0.7687711715698242,0.7795201161814187,0.7402637261268741,0.7580222768753111,499744000
2000-05-12,0.8047564029693604,0.8262534438028998,0.7833749700971135,0.7926055869340184,306913600
2000-05-15,0.7552183270454407,0.8080274467409614,0.7486751470462455,0.8080274467409614,678932800
2000-05-16,0.7902680039405823,0.815504276563377,0.7683036952983695,0.7815055618042644,440451200
2000-05-17,0.7580220699310303,0.77531329224405,0.7505442935304644,0.7748459686568153,398092800
2000-05-18,0.7533491849899292,0.7846604727010636,0.7524145375658646,0.7701730882084962,373777600
2000-05-19,0.7028765082359314,0.7421328942257163,0.6982025727325852,0.7421328942257163,740667200
2000-05-22,0.6724992990493774,0.7010076039777842,0.6430571949248473,0.7010076039777842,755507200
2000-05-23,0.6416550874710083,0.6982027098055916,0.6402531661135712,0.6767057170954013,517585600
2000-05-24,0.6556751132011414,0.6710970958664371,0.6206244855244493,0.6444588943744499,678462400
2000-05-25,0.6525202989578247,0.6928285398765182,0.643056919296736,0.6617509152797796,406750400
2000-05-26,0.645861029624939,0.6720319659721208,0.6374494991610268,0.6580118500244732,181148800
2000-05-30,0.654740571975708,0.6589463361760993,0.6112784128831186,0.6552078458310265,713059200
2000-05-31,0.6281020641326904,0.682313147226618,0.6267001432998048,0.649599897389578,433507200
2000-06-01,0.6664242148399353,0.6696953319829263,0.6009968802706295,0.6112785039664442,903840000
2000-06-02,0.6921275854110718,0.7458713560849781,0.6654893369557733,0.7010072844262776,792848000
2000-06-05,0.6827806830406189,0.7122227789326084,0.6706298658726216,0.6977353928679849,323668800
2000-06-06,0.6944642066955566,0.7234389780042308,0.6753037332973963,0.6876882619131182,525481600
2000-06-07,0.7220369577407837,0.72530812370496,0.6851171386612191,0.7000726446892511,337019200
2000-06-08,0.708951473236084,0.7365243185806941,0.6963333347827177,0.7299820367722049,238526400
2000-06-09,0.7159621119499207,0.7323186930979022,0.7056804900825998,0.7234389925902855,252358400
2000-06-12,0.6818461418151855,0.7211025391418077,0.6795096226424351,0.7206352153404214,290337600
2000-06-13,0.706615149974823,0.7080170714581132,0.6594136990638492,0.6818461399775642,351456000
2000-06-14,0.6762382984161377,0.7197004500845302,0.6739017298703276,0.7080169085163751,277446400
2000-06-15,0.6907258629798889,0.6982027944314925,0.6654895283892373,0.6823134852251813,248572800
2000-06-16,0.6818461418151855,0.7010074659309249,0.665956833065508,0.6991373720519315,303564800
2000-06-19,0.7225043177604675,0.7318513410279037,0.6715643862182638,0.6771729196480415,394004800
2000-06-20,0.7570876479148865,0.7771827678105472,0.7355898080843376,0.736524405619689,501390400
2000-06-21,0.8318617343902588,0.851489524531399,0.7524143293141741,0.7552182208932314,490000000
2000-06-22,0.8038210868835449,0.8617715336217097,0.8010172439490778,0.8337313571788947,467712000
2000-06-23,0.7729769349098206,0.8169064123418447,0.7598914715640971,0.8042882727107311,204965600
2000-06-26,0.8094293475151062,0.8187763693365095,0.7795199858456344,0.7851276698175035,185354400
2000-06-27,0.7739118337631226,0.8299921453307039,0.7720425882144948,0.8042885340034235,203470400
2000-06-28,0.8141026496887207,0.828122711920864,0.7701731679506192,0.7972787447282418,286428800
2000-06-29,0.7664347887039185,0.8066257833960984,0.7636300971615825,0.7935403177247844,203660800
2000-06-30,0.7832585573196411,0.821580349918923,0.7729769364074928,0.7898008896685289,323097600
2000-07-03,0.797278642654419,0.8122333005757002,0.7795200924466918,0.7795200924466918,70828800
2000-07-05,0.7720420956611633,0.8253185298746442,0.758956636412669,0.796343769802079,265216000
2000-07-06,0.7748461961746216,0.7916709484308024,0.7421329863748852,0.7851278172834486,309545600
2000-07-07,0.8141026496887207,0.8197111837358566,0.7795201922469268,0.7865297990677662,263603200
2000-07-10,0.8542934060096741,0.8711181539460541,0.8038207595467571,0.8089620180348789,397796000
2000-07-11,0.8514899015426636,0.8860731598175894,0.8290574112170347,0.8524244492876906,357896000
2000-07-12,0.8804646134376526,0.8813991611169777,0.8430774150535563,0.869248344104835,225433600
2000-07-13,0.8449475765228271,0.9066356152055176,0.8187766453725124,0.8748569981928022,445659200
2000-07-14,0.862705647945404,0.8823334371330994,0.8505548360492352,0.8542933246949984,190276800
2000-07-17,0.8720530867576599,0.8795299673754563,0.8542936857960322,0.871118439242621,260002400
2000-07-18,0.8561629056930542,0.8804646402927393,0.8505552201093769,0.874856954709062,318404800
2000-07-19,0.7879316806793213,0.8496205104598004,0.7739116191545162,0.8253188275536646,457872800
2000-07-20,0.8243842720985413,0.8533590441015804,0.8094295623363147,0.8225150269727994,465572800
2000-07-21,0.8010173439979553,0.8318622158183584,0.7916711664376461,0.8129345515069986,196235200
2000-07-24,0.7281129956245422,0.7907356329768628,0.7103535929847281,0.7860625447113391,412171200
2000-07-25,0.7486752867698669,0.7570876630983916,0.7337205778114269,0.7524145754937497,211607200
2000-07-26,0.7486752867698669,0.7664346868980948,0.7365244203907954,0.7454041204549092,210470400
2000-07-27,0.7776498198509216,0.796343811827215,0.7458712165257404,0.7477404609804582,294985600
2000-07-28,0.7225043177604675,0.7851277912808335,0.7010073273133434,0.7818566251521527,237893600
2000-07-31,0.7598913311958313,0.7720421947848907,0.729047372724154,0.7351223303064994,155299200
2000-08-01,0.7374590039253235,0.7650318506908143,0.7365243565351777,0.7524145102604782,137284000
2000-08-02,0.706615149974823,0.7468061448788098,0.7056805522916597,0.732786081455372,162355200
2000-08-03,0.7178313136100769,0.7187659611363464,0.6617510144384016,0.68137876224132,339897600
2000-08-04,0.7084842920303345,0.7664346810716152,0.6925949856385908,0.739796429672198,263121600
2000-08-07,0.7168965339660645,0.7337204347524116,0.7056803172450817,0.7159619365941949,187348000
2000-08-08,0.6991373896598816,0.7178313904450477,0.6925951058611568,0.7168967927358276,176674400
2000-08-09,0.710353434085846,0.7243735443367993,0.7066149942599326,0.719700457116598,379640800
2000-08-10,0.7112881541252136,0.7243736183183199,0.7084843114901475,0.7178312855584426,251714400
2000-08-11,0.713158130645752,0.7178312179027848,0.6813786713941877,0.7005399913867789,238056000
2000-08-14,0.7038110494613647,0.7131580212144506,0.6925948331088779,0.7117553015710142,156660000
2000-08-15,0.6982027292251587,0.7168967283308836,0.6953988864322995,0.7066151061942202,114200800
2000-08-16,0.7253084778785706,0.7327862595025829,0.7000729865401806,0.7010076343675283,143673600
2000-08-17,0.7692387104034424,0.784193422879251,0.7225045288375704,0.723439126611484,270900000
2000-08-18,0.7477405071258545,0.7748460259455414,0.7458712625557798,0.768303744825887,190176000
2000-08-21,0.7552183270454407,0.7711076305925895,0.7421328655543854,0.751478989102339,134467200
2000-08-22,0.7729769349098206,0.7898008881382595,0.7533491891449666,0.757087629110601,276802400
2000-08-23,0.8122333288192749,0.8187765097770622,0.7636299650873826,0.7697058223283322,236863200
2000-08-24,0.8391050696372986,0.8468164584762544,0.7982131046823846,0.8176072346339199,310766400
2000-08-25,0.8496202230453491,0.8599018409485545,0.8430770939380241,0.8449471869260987,334460000
2000-08-28,0.8683135509490967,0.8823336606366395,0.8533588937389803,0.8561627359750104,359004800
2000-08-29,0.8851382732391357,0.888876662456535,0.862705741583654,0.8655095834137736,267030400
2000-08-30,0.889811635017395,0.8972894145276769,0.8778944293334033,0.8823338555071132,285392800
2000-08-31,0.911309540271759,0.919721068957226,0.8813992204786799,0.8818665442669021,419596800
2000-09-01,0.9486966729164124,0.951500515904892,0.9141134135925642,0.9169172565810438,256872000
2000-09-05,0.93374103307724,0.9589774148237281,0.9309371903293094,0.9370130980964112,298642400
2000-09-06,0.8739221692085266,0.9328063527377104,0.8636405486986761,0.9178515950897201,355404000
2000-09-07,0.9271987676620483,0.9356110942868411,0.8711184204565376,0.8842038847215749,217464800
2000-09-08,0.8804646134376526,0.9215902022073925,0.8748569280250155,0.9215902022073925,195518400
2000-09-11,0.8739221692085266,0.9028969372758886,0.8692482333971168,0.8776606589522067,187381600
2000-09-12,0.8636404871940613,0.8982238360044215,0.8524242200885235,0.8575654792310258,187997600
2000-09-13,0.8673790693283081,0.8898115061015522,0.8486859211051642,0.8486859211051642,305984000
2000-09-14,0.850321352481842,0.8916805420392421,0.8496203171190261,0.8757912390999497,426552000
2000-09-15,0.826019823551178,0.8701837641703459,0.8112987762359046,0.8636406327672533,394514400
2000-09-18,0.9071030616760254,0.9085049334141244,0.8234498449265911,0.8262536882369822,424536000
2000-09-19,0.8963546752929688,0.9047662029985523,0.8757914326648769,0.8935500340511082,271510400
2000-09-20,0.9129452109336853,0.9187865092597197,0.8757916184549857,0.8884097612805851,227388000
2000-09-21,0.8477513194084167,0.8916807492235892,0.8262534789861556,0.8748568949483833,510490400
2000-09-22,0.780454695224762,0.784193185020662,0.7477406382834922,0.7524145242431087,726700800
2000-09-25,0.8000826239585876,0.8299919949120093,0.7785855802473456,0.7888663540259765,435551200
2000-09-26,0.7692387104034424,0.8187767352081505,0.7683041126295287,0.7972788898901371,290936800
2000-09-27,0.73185133934021,0.7888662293822377,0.7215697185956096,0.7739115712269616,402259200
2000-09-28,0.8000826239585876,0.8047565106981234,0.7197005873963883,0.7374591406878982,979585600
2000-09-29,0.38508614897727966,0.43368956580792,0.37947846367646393,0.42153869912098874,7421640800
2000-10-02,0.3626546263694763,0.4000418085489565,0.35143840432755075,0.39910718577516785,2424788800
2000-10-03,0.3336796760559082,0.3738706809086656,0.3318096078388976,0.37293605861600215,2038120000
2000-10-04,0.3533075749874115,0.3551767953122833,0.3271366435068625,0.33461442331397645,1466024000
2000-10-05,0.3299403786659241,0.36639292100935433,0.329005756329602,0.35143823983062744,873006400
2000-10-06,0.3318096697330475,0.3430258880933036,0.3140511190623083,0.33928742318383065,612656800
2000-10-09,0.32526737451553345,0.3420912783883615,0.31592035082350284,0.33835283829796275,597564800
2000-10-10,0.31218186020851135,0.3355489164859535,0.3065733024731293,0.3233980771719285,691101600
2000-10-11,0.29348787665367126,0.3140511183078584,0.2860109718112278,0.300965655045031,1198422400
2000-10-12,0.29909640550613403,0.3112472451030018,0.29161862785400866,0.30376946745087646,1191064000
2000-10-13,0.3299403786659241,0.3308750010022461,0.29909639397214827,0.30283483340036244,1247752800
2000-10-16,0.32152894139289856,0.34769987155640697,0.3196588476130568,0.33367978387997876,820176000
2000-10-17,0.30096572637557983,0.32807128179016,0.2944234174887905,0.3243328160036309,601720000
2000-10-18,0.30096572637557983,0.31498581542600435,0.28040247984778904,0.29068410311168447,834265600
2000-10-19,0.28320711851119995,0.29629258242524603,0.27386011968369645,0.2864782848213778,1506724800
2000-10-20,0.2916186451911926,0.30470410793837527,0.28320709325691557,0.2850763381127725,791263200
2000-10-23,0.3047041594982147,0.3075088508883926,0.29068407195072554,0.3030685762122132,551292000
2000-10-24,0.28227248787879944,0.312181877288336,0.2813378654770573,0.3093780100831096,804451200
2000-10-25,0.27666401863098145,0.2869456420647007,0.275729420887822,0.285076421619835,663969600
2000-10-26,0.27666401863098145,0.28227257847326304,0.2617093316058245,0.2813379557715568,721851200
2000-10-27,0.2775985896587372,0.28694558865084097,0.2673169681389037,0.2822725259292766,744503200
2000-10-30,0.2888149917125702,0.29816199581827707,0.2804025856873552,0.2860111475539829,639189600
2000-10-31,0.29255327582359314,0.3028348715753313,0.2878801885114366,0.2953579668178371,885880800
2000-11-01,0.3065733015537262,0.31218185927228836,0.29068399784345855,0.29068399784345855,575366400
2000-11-02,0.3336796760559082,0.3355488956826993,0.31498568277341493,0.31592028010754253,590693600
2000-11-03,0.332744300365448,0.34396054480079624,0.3280712374823194,0.34396054480079624,515821600
2000-11-06,0.32059431076049805,0.33835286341184784,0.3121819339044795,0.33554899569812247,393478400
2000-11-07,0.31872430443763733,0.32620206018762227,0.3112473723197429,0.3215289963328494,301963200
2000-11-08,0.30003106594085693,0.3205943098814801,0.2962926006246834,0.31965883872233075,422088800
2000-11-09,0.30190029740333557,0.306573360117974,0.285076368131413,0.2972272097301551,476834400
2000-11-10,0.285076379776001,0.2972272218710716,0.285076379776001,0.2895158057592982,422251200
2000-11-13,0.28974947333335876,0.2990964986407491,0.272925566553011,0.2804024729845142,431816000
2000-11-14,0.3028348684310913,0.3065733332502932,0.2925532727861037,0.2981618061259939,409001600
2000-11-15,0.29722726345062256,0.301900351968411,0.28788026278300727,0.29956380770951674,282357600
2000-11-16,0.2841416001319885,0.29629243550982015,0.282272380994833,0.29161852659766935,239372000
2000-11-17,0.27666401863098145,0.28788026476640693,0.27292557774125004,0.2869456420647007,446180000
2000-11-20,0.28320711851119995,0.2916186711955561,0.2729255221309671,0.2780659085051454,408066400
2000-11-21,0.28133803606033325,0.2916188138374093,0.2804025645010695,0.2869457239538097,301952000
2000-11-22,0.27666401863098145,0.28601104432154123,0.27479479818611574,0.2813379557715568,280532000
2000-11-24,0.2888149917125702,0.2916188358711575,0.2813380573173001,0.28203901835694695,160932800
2000-11-27,0.27946776151657104,0.298161754604486,0.276663894667765,0.2972271323215506,258792800
2000-11-28,0.2696543335914612,0.2841417175988555,0.26825241241939474,0.27946780675446586,269124800
2000-11-29,0.26264381408691406,0.27386002927566544,0.25797072803180277,0.2705888890039143,492150400
2000-11-30,0.24675466120243073,0.254231568444096,0.24114610098234812,0.2495585045378738,809597600
2000-12-01,0.2551669180393219,0.261709224353026,0.2514276051328855,0.2542314471303963,385705600
2000-12-04,0.2495584785938263,0.2570362336487538,0.24582001288236954,0.2570362336487538,371520800
2000-12-05,0.2542315125465393,0.26077466913410186,0.24488536183047255,0.2532969149459127,613978400
2000-12-06,0.21404050290584564,0.22432209893461513,0.20936741546777565,0.2187144139757638,1374464000
2000-12-07,0.21404050290584564,0.22245287893451163,0.20936741546777565,0.21591057149633813,408917600
2000-12-08,0.22525672614574432,0.22899603977343025,0.2159105760318173,0.22151826110846523,435624000
2000-12-11,0.22712595760822296,0.2299306485698099,0.2224528703504785,0.22712595760822296,332511200
2000-12-12,0.22993069887161255,0.23927685047321362,0.22432213935327375,0.22806060498562322,386260000
2000-12-13,0.224322110414505,0.2327345118322242,0.22245289031874246,0.2327345118322242,344887200
2000-12-14,0.21591059863567352,0.22806059255991729,0.21591059863567352,0.22478945090892796,263317600
2000-12-15,0.21030202507972717,0.2196490230158174,0.20936740265759005,0.21777977817154318,513945600
2000-12-18,0.21310585737228394,0.21871439031478138,0.2084327829190274,0.2177797679365686,325808000
2000-12-19,0.20936743915081024,0.22806058969091225,0.20936743915081024,0.2149751247439866,374007200
2000-12-20,0.21497507393360138,0.218714387021914,0.20375969291878565,0.2060962363498705,565331200
2000-12-21,0.21030202507972717,0.22432208520942432,0.2074981702925855,0.21310586738759918,366844800
2000-12-22,0.224322110414505,0.224322110414505,0.2112366462781084,0.2112366462781084,318052000
2000-12-26,0.21964897215366364,0.22432203326517147,0.21310581804058526,0.22245281381227505,216815200
2000-12-27,0.22151826322078705,0.22151826322078705,0.21217126442732342,0.214507808217721,325466400
2000-12-28,0.22151826322078705,0.2233875082365218,0.21404050944305814,0.2149751069923839,305177600
2000-12-29,0.22245290875434875,0.2243221290050214,0.21684522304378653,0.21964906589906763,630336000
2001-01-02,0.22245290875434875,0.22806059446491095,0.21777982068985077,0.22245290875434875,452312000
2001-01-03,0.24488535523414612,0.24955844294557492,0.21591058412632888,0.2168452066603231,817073600
2001-01-04,0.2551669180393219,0.2766639052495056,0.2514276051328855,0.27128988307378876,739396000
2001-01-05,0.24488535523414612,0.259840064534323,0.24021144389082102,0.2532969081230095,412356000
2001-01-08,0.24768909811973572,0.25399776648517547,0.2383421028295244,0.2532968061066302,373699200
2001-01-09,0.2570362389087677,0.2638122097093563,0.24768923832756098,0.25142770411552207,588929600
2001-01-10,0.24768909811973572,0.254231403305669,0.24021134714466666,0.24955834243487796,580781600
2001-01-11,0.26918694376945496,0.2766638458376873,0.24301602695419192,0.24301602695419192,803734400
2001-01-12,0.2570362389087677,0.26918710754985503,0.25516701849406037,0.26731701358602405,423376800
2001-01-16,0.2561015188694,0.27292544299160654,0.25423142579870506,0.2607745801536385,306118400
2001-01-17,0.25142771005630493,0.262643956275785,0.24675464642984732,0.262643956275785,840873600
2001-01-18,0.27946776151657104,0.2804023588409708,0.2635784339506016,0.2663823007994077,1227010400
2001-01-19,0.2916186451911926,0.2925532676191211,0.27946780487193845,0.2906840227632642,776664000
2001-01-22,0.28788015246391296,0.2934878365694906,0.2757293133253892,0.28507631041112413,519327200
2001-01-23,0.3065733015537262,0.313116456661556,0.2850763136737033,0.2888147781063859,879530400
2001-01-24,0.3065733015537262,0.3093779922288734,0.2925532425390685,0.30844339483960576,717091200
2001-01-25,0.2981618046760559,0.3075088027896942,0.29535796231492434,0.3075088027896942,489708800
2001-01-26,0.29255327582359314,0.29629256431343626,0.2850763461075588,0.2916186533694538,482820800
2001-01-29,0.32433271408081055,0.3252673364733707,0.29255325654822034,0.29255325654822034,855528800
2001-01-30,0.32526737451553345,0.32900581460593215,0.31218191073310414,0.32246350700992227,692423200
2001-01-31,0.3233981132507324,0.3364835763752002,0.3205942708446451,0.32152889329952095,730704800
2001-02-01,0.3159203827381134,0.3215289419477864,0.3065733830603805,0.3093780744811926,369695200
2001-02-02,0.3084433376789093,0.3280711021844437,0.3065732447395952,0.31592024020011816,427341600
2001-02-05,0.30190029740333557,0.3075088312347502,0.2953579896360081,0.306573360117974,286115200
2001-02-06,0.3159203827381134,0.31989251005342506,0.2990964771657167,0.30143299621861813,462711200
2001-02-07,0.3103125989437103,0.31218184354515127,0.29629251567682086,0.3089106779718977,393887200
2001-02-08,0.3103125989437103,0.3149856854887766,0.30190022452260756,0.307508757000085,604128000
2001-02-09,0.2860109210014343,0.3112472205791066,0.27946776623722314,0.3065732854538046,590083200
2001-02-12,0.29442331194877625,0.29909639874644317,0.28133785027528113,0.2850763147217072,274120000
2001-02-13,0.2860109210014343,0.305638688113618,0.28414167640398913,0.2981617596409092,237070400
2001-02-14,0.2916186451911926,0.29348786508851005,0.2766639375881531,0.2869455580100899,309120000
2001-02-15,0.30003106594085693,0.30750884516367416,0.29442338044586824,0.29442338044586824,311416000
2001-02-16,0.2841416001319885,0.29161852659766935,0.28040228830915087,0.2841416001319885,263911200
2001-02-20,0.2738601565361023,0.29068408780062865,0.2719909362205674,0.28694562221101383,314893600
2001-02-21,0.28227248787879944,0.29816179250604047,0.27292549014667583,0.27292549014667583,390258400
2001-02-22,0.28133803606033325,0.28974956790054784,0.2691871887141167,0.2850765029755022,431961600
2001-02-23,0.28133803606033325,0.282272659028764,0.27292565562928556,0.278533343522762,293865600
2001-02-26,0.2916186451911926,0.29442333610678084,0.2775985600160815,0.2850763381127725,206438400
2001-02-27,0.28974947333335876,0.2906840959967513,0.27946787527966743,0.2883475518175428,348516000
2001-02-28,0.27292555570602417,0.2906840844439804,0.2710563104535292,0.2897494618177329,508233600
2001-03-01,0.28040239214897156,0.28040239214897156,0.2570361584195345,0.2663823324420156,330461600
2001-03-02,0.28788015246391296,0.30563870066655147,0.27292547127260036,0.27386006865117196,406201600
2001-03-05,0.3047041594982147,0.3065733797118281,0.2878802291510337,0.289749449364647,324172800
2001-03-06,0.32152894139289856,0.3299404698693329,0.30937807394727446,0.3098453977238834,731802400
2001-03-07,0.31778964400291443,0.32339817853769537,0.3103127127715605,0.31872426664646997,419540800
2001-03-08,0.31124740839004517,0.315920472786377,0.3056388725402894,0.3093781626646715,204859200
2001-03-09,0.3028348684310913,0.30937802421541694,0.29909642857042934,0.3084434267295214,299135200
2001-03-12,0.2785331606864929,0.297227155214235,0.2710562317642019,0.29442331310801023,391020000
2001-03-13,0.29255327582359314,0.29255327582359314,0.27199088299340257,0.2822725037036809,443329600
2001-03-14,0.30563873052597046,0.3065733279958477,0.2757293402628061,0.2766639377326833,477775200
2001-03-15,0.29442331194877625,0.3196587643542529,0.29442331194877625,0.3121818604199383,529317600
2001-03-16,0.29348787665367126,0.3037694974807648,0.2822725069107358,0.2841417268817116,470316000
2001-03-19,0.3075088560581207,0.3084434786599118,0.29161869943939267,0.29535801347851304,356008800
2001-03-20,0.29442331194877625,0.3131164578126417,0.29442331194877625,0.3098453170211048,499206400
2001-03-21,0.30096572637557983,0.31218197232574413,0.2897494804254156,0.2958253390389206,371375200
2001-03-22,0.3233981132507324,0.3252673581604841,0.3019002743176358,0.3047041167237231,723301600
2001-03-23,0.34396055340766907,0.3523729303733902,0.3290058433164827,0.32994046589991255,944888000
2001-03-26,0.3257162868976593,0.3551767781709119,0.3159949340155446,0.345905153292861,734451200
2001-03-27,0.34201672673225403,0.3447083554766428,0.32751007476180527,0.3281088800438365,543821600
2001-03-28,0.33154842257499695,0.3364836251960735,0.3215289399505983,0.3302026079750572,584662400
2001-03-29,0.33693167567253113,0.35069044711573916,0.3215289348907632,0.3255663536685026,613065600
2001-03-30,0.3300526738166809,0.33977317706850085,0.31913540850880273,0.3372314491380555,400349600
2001-04-02,0.32287466526031494,0.3388762084795836,0.3200331356124089,0.3303515945773267,340911200
2001-04-03,0.30268585681915283,0.32003319249498213,0.3010402152676788,0.31943523571496824,368687200
2001-04-04,0.2916186451911926,0.3028348630825184,0.2804024023413274,0.29550701093248716,685484800
2001-04-05,0.31210747361183167,0.3364837162431975,0.2990965562386237,0.30806920508737523,446762400
2001-04-06,0.30792000889778137,0.3146490811228079,0.2976007004744476,0.3110605171467442,324889600
2001-04-09,0.307172030210495,0.31913527813925574,0.29999323286318047,0.3094147788583446,266582400
2001-04-10,0.32960376143455505,0.33947419040274607,0.3107607121244099,0.31255540591087755,457374400
2001-04-11,0.3260152339935303,0.34396052522981563,0.31823847689559975,0.3436615468601272,334096000
2001-04-12,0.3352867662906647,0.34425940945506334,0.3162946191797646,0.3203320615142498,298933600
2001-04-16,0.32063114643096924,0.33498789940599843,0.3119574786699908,0.3303516503636506,285224800
2001-04-17,0.30507853627204895,0.3171916921825068,0.2931144327961095,0.3170417911574369,685199200
2001-04-18,0.3408200144767761,0.36011196864582845,0.31524786732517907,0.32257574500053365,1100842400
2001-04-19,0.3846381604671478,0.3850861913105744,0.35293406935915844,0.3820956085173561,1873670400
2001-04-20,0.3744686543941498,0.38329224656561467,0.3678886601381927,0.37282386173810445,693403200
2001-04-23,0.3626546263694763,0.3738708733699506,0.35891531164221396,0.36400044123337016,541525600
2001-04-24,0.35936418175697327,0.37013152327125615,0.3515874231812114,0.3638505054185887,377137600
2001-04-25,0.36968332529067993,0.37177699710314194,0.3524850715078244,0.36205567200381505,330780800
2001-04-26,0.36923447251319885,0.3903202944499234,0.3690845715308142,0.37641242340046466,799696800
2001-04-27,0.39181604981422424,0.39316186426622535,0.37013144536224096,0.376861341254102,453012000
2001-04-30,0.38119858503341675,0.40557481669286544,0.3719261132902161,0.39929377564089674,494776800
2001-05-01,0.3877786099910736,0.39630237614202135,0.37686134468749294,0.3800018779399335,427252000
2001-05-02,0.3976480960845947,0.3992937121558496,0.38523596685846306,0.3939096319467439,368524800
2001-05-03,0.3732718825340271,0.3925638327712281,0.36983239656025335,0.38837648921503415,301543200
2001-05-04,0.38508614897727966,0.3865818894632712,0.3583172886481904,0.3625046332195294,281052800
2001-05-07,0.3732718825340271,0.3852359815478887,0.37147718906255844,0.3831423097697917,276550400
2001-05-08,0.3674398958683014,0.38059988850069604,0.35816827006639457,0.3791050213183115,315436800
2001-05-09,0.35861629247665405,0.3671408832297875,0.35398089182364584,0.3610089433112292,324889600
2001-05-10,0.34396055340766907,0.3663930178811467,0.34321269560624595,0.3620557720856685,288976800
2001-05-11,0.34171774983406067,0.3512883514687907,0.3403719354561649,0.3441104002427432,203044800
2001-05-14,0.34829768538475037,0.35412982124528136,0.3402219768531155,0.3423156485601441,309220800
2001-05-15,0.34665289521217346,0.38134758089666854,0.3445592234914112,0.3494936008631998,237025600
2001-05-16,0.3604109287261963,0.3663929666695175,0.34171775587262415,0.3478488711762291,322330400
2001-05-17,0.3521861433982849,0.36385041736940904,0.3476998208223272,0.3623555255986429,332119200
2001-05-18,0.3518872559070587,0.3535320490955282,0.34575529039360176,0.3493446788339374,159051200
2001-05-21,0.35233524441719055,0.35756945037521803,0.3447084126225061,0.35338208061708726,460997600
2001-05-22,0.3514382541179657,0.36085977777044037,0.34994251389123165,0.3589151582368964,412916000
2001-05-23,0.347400039434433,0.3551767721895446,0.3418668800774281,0.3551767721895446,281041600
2001-05-24,0.3469519317150116,0.3484468234579979,0.3382782650784339,0.3482977460996064,271756800
2001-05-25,0.3403719365596771,0.34829774549509845,0.3364835707710328,0.3469519311128394,158743200
2001-05-29,0.3210800886154175,0.3364836807743337,0.3112096817429325,0.33379122749778556,515989600
2001-05-30,0.29580605030059814,0.3104617825826224,0.2886280976579026,0.3104617825826224,777078400
2001-05-31,0.29834845662117004,0.3026857254319507,0.2914694857411896,0.29610488422209597,442892800
2001-06-01,0.31240642070770264,0.3153970288128213,0.2987975477468447,0.30104027295911406,456075200
2001-06-04,0.30896690487861633,0.31569597840817426,0.3059754734148031,0.315247922594211,281920800
2001-06-05,0.3131541907787323,0.31554684131792626,0.30433062271457223,0.3110605186029557,471794400
2001-06-06,0.31001365184783936,0.3130042588180306,0.3040316142756831,0.3130042588180306,223176800
2001-06-07,0.3239215314388275,0.324519463163667,0.30582631593782367,0.3097138580115803,325180800
2001-06-08,0.31883636116981506,0.3237715622276822,0.30971381662426484,0.3237715622276822,342624800
2001-06-11,0.299694299697876,0.3150978837901375,0.29834848558042815,0.31479890550088807,294000000
2001-06-12,0.30373266339302063,0.3094148995131186,0.2955070271674239,0.2956569281637796,303794400
2001-06-13,0.30612531304359436,0.32496838736971345,0.2999933489932789,0.32033213875132044,511487200
2001-06-14,0.29730167984962463,0.3058262932571878,0.2956568872764165,0.2996943300374913,297348800
2001-06-15,0.3056764304637909,0.31031265407474656,0.2893759078174865,0.30059215113346066,454624800
2001-06-18,0.304031640291214,0.3118075485317936,0.2990964382810929,0.3052275537289135,345912000
2001-06-19,0.3019380271434784,0.3200332222952441,0.2992455491603027,0.3118076094604383,321087200
2001-06-20,0.32407069206237793,0.3267631702588959,0.2987975419837237,0.29909652042526036,431620000
2001-06-21,0.3363338112831116,0.3439606450792084,0.3155469578854801,0.32227603262782467,341331200
2001-06-22,0.33289429545402527,0.34396061621928364,0.3254165147476518,0.3361847056547701,286025600
2001-06-25,0.3587661385536194,0.35891519095643554,0.3357357203450815,0.33648357804735596,439549600
2001-06-26,0.355176717042923,0.35547569538986207,0.3441104000471284,0.3490456018511475,272781600
2001-06-27,0.3490454852581024,0.35891506193755723,0.33648345709194666,0.3563733599802246,374130400
2001-06-28,0.35203611850738525,0.35756930054223957,0.34306347587722125,0.34470826817871175,348409600
2001-06-29,0.3476998805999756,0.37536567851341,0.34695199781155905,0.3538309969937715,515390400
2001-07-02,0.3574202060699463,0.3623554063691697,0.34605406560252194,0.35353184148172306,230048000
2001-07-03,0.35652250051498413,0.36160762782611433,0.3514382467526674,0.35158729913877174,112543200
2001-07-05,0.34680208563804626,0.3554757536480275,0.3441104564426594,0.3529340504251258,152292000
2001-07-06,0.32945457100868225,0.3433624124874898,0.32481832434671676,0.34037180651748206,302920800
2001-07-09,0.3394741714000702,0.3439604937991877,0.324220485558172,0.3303516006562133,337467200
2001-07-10,0.316144734621048,0.3450072848891167,0.3116584128061056,0.3432125914368018,395270400
2001-07-11,0.33708152174949646,0.3372314227368994,0.314051104429632,0.31449998376004196,470506400
2001-07-12,0.36429935693740845,0.3710292537297519,0.3484468875336023,0.3484468875336023,614801600
2001-07-13,0.37162715196609497,0.3740198024495729,0.35652254276779477,0.36085981297452624,454742400
2001-07-16,0.35831713676452637,0.37536548620252896,0.357569279317804,0.37207590179480965,278667200
2001-07-17,0.37536564469337463,0.37716033859697307,0.34411043650685896,0.3586162664356518,647830400
2001-07-18,0.3109106421470642,0.34067095927666335,0.3053774829074452,0.325716274502361,1137012800
2001-07-19,0.2984984219074249,0.32033207410043474,0.29535791431332686,0.31749054480601085,861140000
2001-07-20,0.29879751801490784,0.2999934067265755,0.29146963911429136,0.29461014794660745,444584000
2001-07-23,0.2922174334526062,0.3065733361665364,0.2917685541078505,0.30044222085945116,241360000
2001-07-24,0.2854875326156616,0.2978996639962539,0.2801034514720032,0.28997385508613843,348376000
2001-07-25,0.2762150764465332,0.28862805712344425,0.2687381464477699,0.28593642821443804,443878400
2001-07-26,0.27800971269607544,0.2811502452754372,0.2669433973555521,0.27636494517656546,369140800
2001-07-27,0.2835428714752197,0.28788011557178794,0.27666387524920816,0.28040233916001767,334135200
2001-07-30,0.2830949127674103,0.2895250070042356,0.2768138959043348,0.28593644281954905,243359200
2001-07-31,0.2810012102127075,0.2904227344925159,0.27681386608834824,0.2881791614408332,235026400
2001-08-01,0.28503862023353577,0.29580595764074674,0.2833938276991366,0.28429076263652303,304136000
2001-08-02,0.2964048385620117,0.2971518477595698,0.2880301241886525,0.29386226185056363,252089600
2001-08-03,0.2916186451911926,0.29760068297535325,0.28414171568484403,0.29745163057757534,186054400
2001-08-06,0.2860853970050812,0.2940112033579525,0.2841416265600249,0.28473958306134306,99652000
2001-08-07,0.28788015246391296,0.2941611679821676,0.28384270975863046,0.289076889357176,168548800
2001-08-08,0.28264594078063965,0.29461001382826973,0.2772618358611831,0.288030020741562,276169600
2001-08-09,0.2848896086215973,0.28638450052880265,0.27995440624805756,0.28354297045725524,200664800
2001-08-10,0.28444066643714905,0.28892698843212367,0.27800972498572385,0.2847396447525843,186961600
2001-08-13,0.2854875326156616,0.2890769200447672,0.280552330808594,0.28563660997331836,147996800
2001-08-14,0.28010353446006775,0.28952506152898827,0.2792065991529557,0.2871324104113019,228950400
2001-08-15,0.27576708793640137,0.28324401908101204,0.2721776747945326,0.28055238975951086,289279200
2001-08-16,0.2789076268672943,0.2804024941202298,0.26873821671029935,0.2732245406088935,288092000
2001-08-17,0.2702338993549347,0.2759161108412899,0.2690371372526852,0.26918706321615155,208426400
2001-08-20,0.2709808945655823,0.27262653596593267,0.26634549449826334,0.271280721518527,252302400
2001-08-21,0.26799026131629944,0.2712806952074729,0.2646998523836646,0.2712806952074729,185701600
2001-08-22,0.27232760190963745,0.2729255587320238,0.2633541064553639,0.2682893093200179,173975200
2001-08-23,0.2663455605506897,0.274271371835338,0.2629060730805981,0.27217769914640777,217078400
2001-08-24,0.2777107357978821,0.2784585933058412,0.2639527683140738,0.26918697219670484,290332000
2001-08-27,0.28294503688812256,0.2886280974970728,0.2715797393021943,0.27815973512899195,175644000
2001-08-28,0.2751680910587311,0.28623525127645094,0.2751680910587311,0.2826458655906907,171735200
2001-08-29,0.26664456725120544,0.2815992810541321,0.26664456725120544,0.27576714184021833,239971200
2001-08-30,0.26664456725120544,0.27187874952834457,0.2584189530259044,0.2652987523273903,368692800
2001-08-31,0.27741172909736633,0.2781595865286999,0.2639527412694287,0.2651486542543365,216904800
2001-09-04,0.27292555570602417,0.2853376896088507,0.27187869450391655,0.27666399629392463,348213600
2001-09-05,0.27741172909736633,0.28339376491650214,0.27098078913459267,0.27277548224348663,360057600
2001-09-06,0.2649996280670166,0.2830948412809785,0.2639527921875152,0.27516818492643796,282368800
2001-09-07,0.25841882824897766,0.2706818813245377,0.2572229149528723,0.26170923707676075,241830400
2001-09-10,0.25976550579071045,0.26170927700934293,0.2530356097621317,0.25423149828217245,308845600
2001-09-17,0.25408244132995605,0.25527835478716077,0.23523936673372264,0.23927681009957488,458007200
2001-09-18,0.2434641420841217,0.2649996681277672,0.24181934934816895,0.2527366140238112,327101600
2001-09-19,0.25453147292137146,0.2557273870938231,0.2332949114459466,0.246754736271035,373318400
2001-09-20,0.23449154198169708,0.2534845202468394,0.23179991269262679,0.24361408971907245,411174400
2001-09-21,0.23523922264575958,0.24301597484017068,0.2195366659405538,0.22133138361746496,570516800
2001-09-24,0.246006578207016,0.25183871236072924,0.23852882845676004,0.24092230139147133,294537600
2001-09-25,0.23239777982234955,0.2425671598735232,0.22955625061067472,0.24137042307799755,374404800
2001-09-26,0.2265656590461731,0.2376319747017738,0.22327522540617434,0.2364352378271394,493796800
2001-09-27,0.23194900155067444,0.23553838986826092,0.22731360057514055,0.22806060985341223,322240800
2001-09-28,0.23194900155067444,0.23793104086931388,0.2301543073918812,0.23494043302600123,365108800
2001-10-01,0.23239777982234955,0.2391276740799133,0.227761557233214,0.23164992227910294,208208000
2001-10-02,0.22506998479366302,0.23673508282393504,0.22252740828393566,0.2307530446262463,235883200
2001-10-03,0.22402316331863403,0.22970622352206893,0.22177956502760474,0.2235742589672112,683043200
2001-10-04,0.23748208582401276,0.2430160925238717,0.22417302034432737,0.22955627747504237,401122400
2001-10-05,0.24137043952941895,0.2415203405009475,0.22417300938922033,0.23030412385108043,342686400
2001-10-08,0.24226823449134827,0.244510983979225,0.23179987386302903,0.23284670992586093,207984000
2001-10-09,0.23927684128284454,0.24226827257942368,0.23374368174253105,0.24002469910698934,174025600
2001-10-10,0.2515398859977722,0.25198876535339326,0.2385289487809821,0.24077252192724224,307759200
2001-10-11,0.26529863476753235,0.26529863476753235,0.25198874521327275,0.2530355812048237,334163200
2001-10-12,0.2693360149860382,0.27038285073364315,0.25213773885068436,0.2588676575099885,287812000
2001-10-15,0.26903706789016724,0.274869203836361,0.268439111288425,0.268439111288425,318752000
2001-10-16,0.2693360149860382,0.27217754396262134,0.2657466285280819,0.27053275168255275,202949600
2001-10-17,0.25408244132995605,0.2753181664724565,0.2536335619675755,0.27427130542293243,285538400
2001-10-18,0.26918694376945496,0.27262642903754974,0.2585686611298227,0.2585686611298227,612572800
2001-10-19,0.27367332577705383,0.27516819237850987,0.26739228537140686,0.26828922030740254,166790400
2001-10-22,0.28444066643714905,0.2851885240415986,0.2705327962046738,0.2723275146875453,391938400
2001-10-23,0.27128082513809204,0.29042286033960035,0.26724253166299766,0.28593653592401513,684980800
2001-10-24,0.28339383006095886,0.28548750189735744,0.26544769351969627,0.270083916480785,374427200
2001-10-25,0.2869831919670105,0.2878801268333096,0.27157963285817177,0.2757669761641998,254951200
2001-10-26,0.27920660376548767,0.28788027307241126,0.2784587458478458,0.28204813439969967,278964000
2001-10-29,0.2636529505252838,0.2792064339966718,0.2632048949527889,0.2777107190708432,239181600
2001-10-30,0.2632051110267639,0.26918717696792344,0.255129396881857,0.2599147002150451,276763200
2001-10-31,0.2626062333583832,0.27516826769077346,0.26081236299541793,0.2651487851538257,273750400
2001-11-01,0.27800971269607544,0.2808512669732185,0.257970753762246,0.26395279070167893,312995200
2001-11-02,0.2777107357978821,0.2820479798913983,0.271579622043204,0.27696285333138915,197204000
2001-11-05,0.2851884961128235,0.28788012431987,0.27830867604613113,0.28174901037456573,235793600
2001-11-06,0.29266542196273804,0.2934132794883303,0.27711278577798193,0.2835428779611303,316019200
2001-11-07,0.29296445846557617,0.30104016826251545,0.2890769163705682,0.2910206874180722,382989600
2001-11-08,0.2798045873641968,0.29745175469436,0.2777109144477102,0.2935633623720284,342143200
2001-11-09,0.2798045873641968,0.2878803005609516,0.27741193597851876,0.2781597939675706,134293600
2001-11-12,0.28040239214897156,0.28668343300779947,0.2685882179982044,0.27905660279055855,201499200
2001-11-13,0.2896749973297119,0.28997397580129936,0.2798045896065602,0.28533775041131093,224672000
2001-11-14,0.2932642996311188,0.29760072163651063,0.2863845022880916,0.2929644976159312,221149600
2001-11-15,0.29087087512016296,0.2976007726082637,0.2875812887087722,0.29087087512016296,213029600
2001-11-16,0.2836929261684418,0.28847822845805854,0.2751683093514549,0.28817925001896544,230664000
2001-11-19,0.29909640550613403,0.29984426313866813,0.28354291850709556,0.2841416987921752,332589600
2001-11-20,0.2920675277709961,0.3020870087641665,0.29161864843344754,0.2964047978516103,276584000
2001-11-21,0.29431113600730896,0.2961050063083087,0.28803011905807835,0.29326429984910385,201583200
2001-11-23,0.2967036962509155,0.29834848867467134,0.29266543022503944,0.2947591019031502,60004000
2001-11-26,0.31958433985710144,0.3222759692244985,0.2973017748417747,0.29819871008690796,460689600
2001-11-27,0.3140510320663452,0.32182776171981686,0.30657325572845673,0.3170416384391217,268553600
2001-11-28,0.30702218413352966,0.3171915644137597,0.30522749071564503,0.31180748416010584,250611200
2001-11-29,0.3053775429725647,0.3095648884782608,0.30193805539746893,0.3080691726170601,202764800
2001-11-30,0.3185374438762665,0.32063111602110056,0.30283487783147023,0.3061253120026829,303912000
2001-12-03,0.31479889154434204,0.31823837716569775,0.30806899762382056,0.31494796886653204,181165600
2001-12-04,0.3349878191947937,0.3373804693526461,0.30986373213122076,0.3147989334206705,380419200
2001-12-05,0.3553266227245331,0.3593640656256469,0.3315483487747352,0.3343898783563024,568579200
2001-12-06,0.34067097306251526,0.3514383385489996,0.3310995461310386,0.3511393601498837,338934400
2001-12-07,0.33708152174949646,0.3396240731127541,0.32900578700257316,0.33588478474566963,203515200
2001-12-10,0.33708152174949646,0.3438114171784496,0.3324452983533911,0.3333430570142109,170010400
2001-12-11,0.3257162868976593,0.34171780845142796,0.32377166690162057,0.33902535560197,205475200
2001-12-12,0.3213789165019989,0.3278098577452134,0.31778952956954143,0.3270620001649767,192460800
2001-12-13,0.3140510320663452,0.3222758173151874,0.30657325572845673,0.3213788824928372,197842400
2001-12-14,0.3049285411834717,0.3115085352486583,0.3004421940728407,0.3100136436191285,189884800
2001-12-17,0.30836811661720276,0.3140511773492839,0.3019380216700496,0.305078530448517,173712000
2001-12-18,0.3142010271549225,0.3189863282377013,0.30238600322349646,0.3124063333409165,235239200
2001-12-19,0.3233228623867035,0.3242206214218084,0.30612542325551967,0.3077702166436889,289956800
2001-12-20,0.3091159462928772,0.32108002349154285,0.30836808851397124,0.3200331873274575,220864000
2001-12-21,0.3140510320663452,0.3221267399939336,0.31106042569356873,0.31420093301920815,256334400
2001-12-24,0.31943532824516296,0.32078114320599793,0.31255552875443215,0.31255552875443215,50629600
2001-12-26,0.3213789165019989,0.33349209281795866,0.31614473707203855,0.31928524473001474,146400800
2001-12-27,0.3300526738166809,0.33274427778772336,0.32272479616949,0.32272479616949,191508800
2001-12-28,0.3354368507862091,0.34396061936671135,0.3284079744632788,0.3285570269144386,299124000
2001-12-31,0.32751017808914185,0.3388763255664806,0.32646334173251984,0.3366327518171192,137782400
2002-01-02,0.3484468460083008,0.3484468460083008,0.32840788266910176,0.3297536971407931,529496800
2002-01-03,0.35263416171073914,0.3551767130790604,0.34052100881993874,0.34396049521906724,612007200
2002-01-04,0.3542798161506653,0.358168182025357,0.34381143061865915,0.34904561090539205,409976000
2002-01-07,0.3424656391143799,0.3589152151457229,0.34022206585634973,0.3547278706362422,444584000
2002-01-08,0.3381284475326538,0.344708443721069,0.3358848739167766,0.3402221201213322,450038400
2002-01-09,0.323771595954895,0.34291364690376425,0.31823843771716676,0.34096987592415146,327835200
2002-01-10,0.31749048829078674,0.32092997357230985,0.3028347638352673,0.3173414109833261,452737600
2002-01-11,0.31479889154434204,0.3266130634199949,0.30806899762382056,0.3198831694994735,348801600
2002-01-14,0.31629472970962524,0.3200331950625981,0.3125554407247174,0.31420105733085085,415996000
2002-01-15,0.3245195150375366,0.3254164502059781,0.3171916617835201,0.3188364547416263,290320800
2002-01-16,0.31076082587242126,0.32018235397606265,0.3065734550900308,0.32018235397606265,566893600
2002-01-17,0.33618462085723877,0.3400721633428761,0.32706207412611193,0.32840788862219905,660576000
2002-01-18,0.33154842257499695,0.3379785171782588,0.32840791396448876,0.32900584579881903,338811200
2002-01-22,0.32631421089172363,0.3345389987326198,0.32631421089172363,0.33304410689091873,327314400
2002-01-23,0.3442595601081848,0.34455936215895683,0.3228747537039111,0.3260152875074946,443279200
2002-01-24,0.3471009433269501,0.3515872649697567,0.34246554435398957,0.3426146216841434,344002400
2002-01-25,0.3476998805999756,0.3502415839046301,0.3388762863337018,0.34231577344553576,185914400
2002-01-28,0.34799879789352417,0.3521861673587504,0.3397731862514597,0.3499425691436766,186446400
2002-01-29,0.34500738978385925,0.35203626476258776,0.3417178038142035,0.34725096318930293,240324000
2002-01-30,0.3602617681026459,0.3610088019950608,0.34306349098588057,0.34500726164310125,471576000
2002-01-31,0.36968332529067993,0.36983240263059164,0.36056078044613665,0.36130863804083196,468445600
2002-02-01,0.3650471270084381,0.3732719138415009,0.3640002910315882,0.3640002910315882,398305600
2002-02-04,0.3791049122810364,0.38164661504705083,0.361906631776027,0.3637013254609922,522373600
2002-02-05,0.3805997669696808,0.3885264240882165,0.3750666087349695,0.3752165097172138,456887200
2002-02-06,0.3689354658126831,0.3885263945780675,0.3611587352256043,0.3828433357927631,597576000
2002-02-07,0.363402396440506,0.37820717999515985,0.3601119869661893,0.3686365772187995,347832800
2002-02-08,0.35936418175697327,0.3684867301094706,0.3494937505636556,0.36489734172736665,355331200
2002-02-11,0.37357085943222046,0.3738706863279534,0.3550276154375864,0.35786829619715854,398602400
2002-02-12,0.3695335388183594,0.3744687415671424,0.3656451723001677,0.36878568099194164,224280000
2002-02-13,0.3740198314189911,0.37745931823238316,0.3686365733221686,0.36983248684061815,312872000
2002-02-14,0.3678886294364929,0.3773101774908421,0.36459822076722365,0.3746177004822827,260170400
2002-02-15,0.3574202060699463,0.3735707973028353,0.3566723486147235,0.36684172746894766,260187200
2002-02-19,0.33827829360961914,0.35697146780253536,0.3361846213610388,0.3553266749306176,390258400
2002-02-20,0.345905065536499,0.34695190148127425,0.33423996916682835,0.34052098483547966,285443200
2002-02-21,0.32152894139289856,0.3439605575457611,0.32078105862393425,0.34276464395464834,446751200
2002-02-22,0.34007224440574646,0.34321275352251246,0.3215289917818626,0.3239216429710064,406476000
2002-02-25,0.3560744524002075,0.36968331894771167,0.3343898520944165,0.34171770331230333,426848800
2002-02-26,0.35398074984550476,0.3644491078179902,0.34769973506201346,0.3575693128420523,260131200
2002-02-27,0.3284079432487488,0.3626545875802317,0.3131542532881154,0.3580183629421783,1030159200
2002-02-28,0.3245195150375366,0.3378294319354872,0.31928533414181054,0.33124943647113536,456937600
2002-03-01,0.35069042444229126,0.3514383071477781,0.32631421532490806,0.32795898323051725,348992000
2002-03-04,0.36325252056121826,0.3675897664912233,0.34037199960276104,0.347848930585022,348258400
2002-03-05,0.3518872559070587,0.36534622711025383,0.34994263569664585,0.3611588818072097,274702400
2002-03-06,0.35996213555336,0.36400040335694317,0.34291375137262986,0.3511393893343139,226206400
2002-03-07,0.3645983040332794,0.36684187731539564,0.3530830815500428,0.3598130027230388,258249600
2002-03-08,0.36878564953804016,0.3752165673911626,0.36340239145812103,0.36998238668463174,269774400
2002-03-11,0.3747676610946655,0.3759644231138584,0.3604109345260273,0.367888687983469,262785600
2002-03-12,0.36968332529067993,0.3699823036022156,0.3604108794745127,0.3665428175719869,254055200
2002-03-13,0.36624303460121155,0.37162711538290183,0.36115875577829987,0.3644491646390697,200765600
2002-03-14,0.3653460741043091,0.36788862515407017,0.3569713870055171,0.36340230329853124,217296800
2002-03-15,0.3731228709220886,0.3732719482858134,0.3626545101876039,0.3657950184079493,240900800
2002-03-18,0.36998236179351807,0.3746177617989511,0.3637013453682457,0.37312287000615424,304556000
2002-03-19,0.37162715196609497,0.3783570726563044,0.3634023644521498,0.36923450148261705,242345600
2002-03-20,0.37267401814460754,0.37596445255372074,0.36639300125598373,0.36878565193280677,294319200
2002-03-21,0.3629535138607025,0.36340239324687096,0.3478489034655664,0.3568215493975284,616352800
2002-03-22,0.3602617681026459,0.3672898168391137,0.3569713597231558,0.36220553875986655,202193600
2002-03-25,0.34919473528862,0.3602619026521268,0.34754994230040004,0.35996210062523043,262830400
2002-03-26,0.35084038972854614,0.3535320190137479,0.3439605669060815,0.3469519982291699,257840800
2002-03-27,0.35098931193351746,0.35472777606836714,0.3478488043886437,0.3491946185319229,127702400
2002-03-28,0.35398074984550476,0.35712125723725036,0.3508402424537591,0.3544287804917725,108455200
2002-04-01,0.36579498648643494,0.36938355011663837,0.3481478271829943,0.34964354248077933,199046400
2002-04-02,0.35996213555336,0.36340244650901304,0.35697152768168744,0.3589152742949252,203795200
2002-04-03,0.355176717042923,0.3662430589972573,0.3529339925835147,0.35966306446916835,214530400
2002-04-04,0.37237492203712463,0.3746176709986405,0.35398075657346895,0.35398075657346895,338497600
2002-04-05,0.36998236179351807,0.3767114339407086,0.360410936160409,0.37312287000615424,278348000
2002-04-08,0.3672899603843689,0.36908465441716753,0.3556256846191122,0.3613087451176485,261514400
2002-04-09,0.3604109287261963,0.3738707449651653,0.3590651143245184,0.3677387810711954,191531200
2002-04-10,0.36878564953804016,0.37312289510855023,0.35906514588761096,0.3620557533062441,224980000
2002-04-11,0.3717770576477051,0.3768613370352202,0.3701314412186989,0.37431878552553943,407254400
2002-04-12,0.3747676610946655,0.3764124538752043,0.36743980863174464,0.37401980338573754,320241600
2002-04-15,0.3738706707954407,0.3761133948508363,0.3708792156427825,0.3747675807161455,299370400
2002-04-16,0.3849371373653412,0.3886756029483411,0.3756646635120148,0.3761135429442102,614577600
2002-04-17,0.3904702365398407,0.3913671716332613,0.3795529713027963,0.3877786076277208,396250400
2002-04-18,0.3800017833709717,0.3816465508336639,0.37207595096653245,0.38134757254177326,401710400
2002-04-19,0.37357085943222046,0.3811985375236654,0.3728238254843155,0.3811985375236654,375407200
2002-04-22,0.3668418228626251,0.3728238604284198,0.3623555005962223,0.3714772224799035,269427200
2002-04-23,0.3626546263694763,0.37058043814135544,0.36026197509676416,0.36699104941623345,233469600
2002-04-24,0.35547566413879395,0.36639292777579,0.3541298498799783,0.36340232093750385,140448000
2002-04-25,0.3607100546360016,0.36400046512199113,0.3521862853945735,0.3523353378572907,194202400
2002-04-26,0.3441104590892792,0.3644492514474846,0.34396055807418485,0.3631026132074892,304981600
2002-04-29,0.35831713676452637,0.3598128516579711,0.3453062042224337,0.34635303992153516,272288800
2002-04-30,0.3629535138607025,0.3645983067674519,0.35517675649077896,0.3572704537422393,280963200
2002-05-01,0.35861629247665405,0.36325251676161907,0.34934464258013664,0.36325251676161907,214704000
2002-05-02,0.3542798161506653,0.36400031902147906,0.3529340017386241,0.35607450991066386,239344000
2002-05-03,0.3515874445438385,0.35921512618582463,0.35039153076515883,0.3524852284684751,230781600
2002-05-06,0.3387264013290405,0.35143836273245405,0.3358848708939755,0.34919476417822215,249664800
2002-05-07,0.33603474497795105,0.3432126973710299,0.3310995423687338,0.34306361998914264,242748800
2002-05-08,0.364449143409729,0.36669189254764256,0.3445592363610441,0.34695188646961506,436682400
2002-05-09,0.3617568612098694,0.3641495124418244,0.3559247223549732,0.362654620191911,224616000
2002-05-10,0.3487465977668762,0.3632523990915356,0.34366147075414716,0.3632523990915356,235396000
2002-05-13,0.35801833868026733,0.3602619121494839,0.3430636281561703,0.35173729636627304,265608000
2002-05-14,0.3829924464225769,0.38403928248267705,0.3622056262142303,0.3656451127500119,526506400
2002-05-15,0.3780580759048462,0.3885264360306053,0.3714772328971475,0.3794038902593301,335826400
2002-05-16,0.37701135873794556,0.3805998986453171,0.3701315352196051,0.3747677600601506,227052000
2002-05-17,0.3740198314189911,0.3855350539680591,0.36803779293104405,0.3811986320158298,236493600
2002-05-20,0.36998236179351807,0.37282389164759483,0.3668418535808819,0.36743981029800066,269914400
2002-05-21,0.35084038972854614,0.3738708118941938,0.3499426059202861,0.37132823503741846,280991200
2002-05-22,0.36370131373405457,0.3644491713813264,0.3487466316839287,0.34949364074089195,290875200
2002-05-23,0.37656232714653015,0.3774592621521069,0.3599620286732518,0.36564508793723693,369398400
2002-05-24,0.3611588478088379,0.37372088253541935,0.3583173175304019,0.37372088253541935,166174400
2002-05-28,0.35861629247665405,0.36190670214416787,0.35039147879726057,0.3542798702239731,149716000
2002-05-29,0.35861629247665405,0.36549609021200896,0.35069045719758785,0.35771935727567217,221793600
2002-05-30,0.36190682649612427,0.36459845665587653,0.3515875132047881,0.35547588100900795,196375200
2002-05-31,0.3484468460083008,0.36265452068329035,0.34814786764035466,0.36026187010785377,365495200
2002-06-03,0.34261462092399597,0.3506903293157939,0.33767942003836077,0.34979341940042097,235110400
2002-06-04,0.34067097306251526,0.34455933951492906,0.3316974779707264,0.3421658650580948,347821600
2002-06-05,0.33977311849594116,0.3414187346753265,0.3342399605914812,0.3414187346753265,277082400
2002-06-06,0.33139848709106445,0.3474000068756768,0.32960376830862625,0.34336256349580396,259996800
2002-06-07,0.32003316283226013,0.3281088981001934,0.3130042886068289,0.32541642061728693,612376800
2002-06-10,0.32122910022735596,0.32661318204558937,0.3191354279033619,0.32122910022735596,277575200
2002-06-11,0.3059753179550171,0.3245193832599626,0.3052274604690348,0.32362247341427247,349496000
2002-06-12,0.3004421293735504,0.31031255512017825,0.2981985569647744,0.30522745377958244,528718400
2002-06-13,0.2922174334526062,0.2998442891128672,0.2898239593684593,0.29939538480957134,352083200
2002-06-14,0.3005921244621277,0.30447964142969514,0.27083178801624186,0.28773026587688016,424900000
2002-06-17,0.307172030210495,0.30851784412551014,0.2968527258509695,0.3026857092832689,324609600
2002-06-18,0.30133914947509766,0.30791999257661856,0.29879744667528435,0.30537744118645793,353360000
2002-06-19,0.2560262084007263,0.26320498355605626,0.2524376444549057,0.2597654969740625,1709467200
2002-06-20,0.25587716698646545,0.263205020535152,0.2519888005030048,0.2567741021909748,396636800
2002-06-21,0.25198882818222046,0.26155943260942455,0.25109104428859147,0.25378352242033386,445177600
2002-06-24,0.258269727230072,0.2651486989473977,0.24974511447528167,0.2507919503292952,431933600
2002-06-25,0.25632524490356445,0.26440095696923643,0.2521378746985238,0.26021361172274216,301201600
2002-06-26,0.24750247597694397,0.25856879493693485,0.2389778602744354,0.25124094142494924,558952800
2002-06-27,0.25512921810150146,0.2582697256442589,0.2455577695514677,0.2510909270841832,251658400
2002-06-28,0.2649996280670166,0.2664945195865249,0.2542314423778735,0.25572718248760906,269858400
2002-07-01,0.25512921810150146,0.26739226997774457,0.2549793171382752,0.26484971902456017,222689600
2002-07-02,0.2533346116542816,0.2566250212896472,0.25168981865257317,0.25468042625858384,305188800
2002-07-03,0.26245713233947754,0.264400903540262,0.25049303091373454,0.25139081460484164,199029600
2002-07-05,0.28025341033935547,0.2804024627692548,0.26484982008421865,0.26484982008421865,161649600
2002-07-08,0.2693360149860382,0.2783086574993415,0.26440081451424513,0.27696284348550476,211204000
2002-07-09,0.26215827465057373,0.2735235759838418,0.2611114380686052,0.2705329673063219,226749600
2002-07-10,0.2590177357196808,0.27172885070721203,0.2579708992556652,0.26484987498143864,206880800
2002-07-11,0.27367332577705383,0.274421183372907,0.2537834185693347,0.258119839540884,373676800
2002-07-12,0.261859267950058,0.2810013278274293,0.2581199779654855,0.27741193889510185,443492000
2002-07-15,0.27262648940086365,0.27815964724261544,0.25139076800977456,0.2606623901926564,295993600
2002-07-16,0.26709336042404175,0.2777108239225827,0.26335407169767483,0.27142978226199815,446768000
2002-07-17,0.23374363780021667,0.24226822703454087,0.2271636432694905,0.24122139100392967,1215485600
2002-07-18,0.22417305409908295,0.2326968203834279,0.22058366638363455,0.2317998852705038,559462400
2002-07-19,0.22372421622276306,0.226864725148309,0.21729327238389615,0.21983582445658437,385207200
2002-07-22,0.22312626242637634,0.22716370668651525,0.218490012714602,0.22058371031885923,430897600
2002-07-23,0.21639636158943176,0.22626679389709342,0.2159474820829843,0.22282645756527633,399890400
2002-07-24,0.2273135483264923,0.22761252667890117,0.21310587438984566,0.21430261143130588,406593600
2002-07-25,0.21475152671337128,0.22357427229725935,0.20951734559074164,0.223275293894818,479354400
2002-07-26,0.21445170044898987,0.21729323039907406,0.20637681359953325,0.21624639429282566,207704000
2002-07-29,0.22462108731269836,0.22581784939997038,0.21490058380734942,0.21654537668145396,274960000
2002-07-30,0.23075303435325623,0.23194894776043673,0.2177420974847778,0.22207936762390504,354838400
2002-07-31,0.2282104194164276,0.23060306919686444,0.22282631472821615,0.23030409092825907,310699200
2002-08-01,0.22133155167102814,0.2306031768525726,0.22028471542640318,0.22596692748726632,228956000
2002-08-02,0.21609733998775482,0.22432212871528015,0.21310590871814017,0.22043376224395558,179060000
2002-08-05,0.20921753346920013,0.21983579621971633,0.20891855508117363,0.21699426608558037,204024800
2002-08-06,0.22043372690677643,0.22776160421642233,0.21056414674230525,0.21250791785038772,272053600
2002-08-07,0.22477105259895325,0.22970625571658684,0.2146016429786209,0.2256679629199635,333474400
2002-08-08,0.2288084328174591,0.2300051698208894,0.22088259906056482,0.22088259906056482,227348800
2002-08-09,0.224322110414505,0.22806057556457224,0.22058367022297992,0.22806057556457224,205716000
2002-08-12,0.22417305409908295,0.2246210848810653,0.21968588268029277,0.22282639102334112,179765600
2002-08-13,0.2181909680366516,0.22746261605454374,0.21759218772536532,0.22282636775043316,269869600
2002-08-14,0.22686466574668884,0.22955629451180845,0.21744311647841733,0.21938688755726748,399084000
2002-08-15,0.2334446758031845,0.23553834801104379,0.22447203023574974,0.22806056932506155,322078400
2002-08-16,0.23643533885478973,0.24077258529294962,0.22850952752277062,0.23105207969796995,245224000
2002-08-19,0.23897777497768402,0.24301606597483466,0.23508940990154628,0.23598716841308834,216557600
2002-08-20,0.2379310578107834,0.240622687424619,0.23224799650862124,0.23882881677011045,186625600
2002-08-21,0.24107149243354797,0.2428661861657205,0.2310520113633879,0.23942669969231414,202428800
2002-08-22,0.23882882297039032,0.243016193495646,0.23419259791236602,0.24226831059560075,258311200
2002-08-23,0.23523922264575958,0.238229828088833,0.23105188084664494,0.2377817726327515,163245600
2002-08-26,0.2322479486465454,0.23852896553914044,0.22671478952191212,0.23852896553914044,189968800
2002-08-27,0.22207936644554138,0.23538843300483314,0.21998569436226148,0.23494037729542944,262231200
2002-08-28,0.2198358178138733,0.2261168604337191,0.2190879599543846,0.2213315584913962,247973600
2002-08-29,0.2198358178138733,0.2255189035989297,0.21699428740061785,0.2190879599543846,164169600
2002-08-30,0.22058363258838654,0.22641576900855137,0.21804105641828972,0.2202846542632178,193519200
2002-09-03,0.2101152390241623,0.2175921677260163,0.2101152390241623,0.21669523278921093,276936800
2002-09-04,0.21654537320137024,0.22103254459662325,0.21190997302776304,0.21235802876593687,420660800
2002-09-05,0.21205903589725494,0.21475148830156304,0.21011526481308027,0.21265781622699859,226178400
2002-09-06,0.21505050361156464,0.21908794746422502,0.2128069301610043,0.2169942750298181,181591200
2002-09-09,0.21490056812763214,0.2172932185786332,0.21161098261943997,0.21355475372593308,158244800
2002-09-10,0.21430262923240662,0.21669527988224835,0.21116212082350935,0.21549854274138086,249468800
2002-09-11,0.2137046456336975,0.21834004534654308,0.21161097362409315,0.2144516796670221,202412000
2002-09-12,0.21146106719970703,0.21699422542109637,0.21116208886770876,0.2123580021957018,269830400
2002-09-13,0.2119099646806717,0.21445169253644406,0.21011527090305407,0.21131118433357302,282951200
2002-09-16,0.21684518456459045,0.21848995233542012,0.21116210010046782,0.21146107844837023,286641600
2002-09-17,0.22133155167102814,0.2247710388130846,0.21789206452897167,0.21789206452897167,427996800
2002-09-18,0.22462108731269836,0.22566792343838032,0.21714415706176143,0.21968588505849984,328641600
2002-09-19,0.21804112195968628,0.2213315567476579,0.21654540625249277,0.22058369889406115,205945600
2002-09-20,0.22237834334373474,0.2234251793785394,0.2171441382111717,0.21863902995245452,352788800
2002-09-23,0.22207936644554138,0.22372415918759878,0.21609730358737048,0.22073270346333398,263709600
2002-09-24,0.21893882751464844,0.22163045591961794,0.2153494155950174,0.2153494155950174,250661600
2002-09-25,0.22327525913715363,0.22686467163014867,0.2190879148909014,0.219685871602699,254682400
2002-09-26,0.2198358178138733,0.2271636967106025,0.21759224423540727,0.2258178820163244,208644800
2002-09-27,0.22013475000858307,0.2220793697198794,0.21654536248951883,0.2166952634827427,206152800
2002-09-30,0.21684518456459045,0.21789202059815507,0.21146107844837023,0.21534944423472627,237697600
2002-10-01,0.21699422597885132,0.21834004029218704,0.20936739578210178,0.21819096294168902,342423200
2002-10-02,0.2119099646806717,0.21878893780167322,0.210863128613048,0.2143026151735488,229348000
2002-10-03,0.21385368704795837,0.21834000865289552,0.21026430031134813,0.21205899367965325,217896000
2002-10-04,0.20981627702713013,0.21534943531363843,0.20921749672431805,0.21475147864260463,190825600
2002-10-07,0.20592787861824036,0.21250787184741535,0.20577796517918956,0.20891848512908456,244697600
2002-10-08,0.2045821100473404,0.2087694542736254,0.1997959730010085,0.20787169557837545,453644800
2002-10-09,0.20323629677295685,0.2071238265554102,0.20054383182470897,0.2024884390666761,356686400
2002-10-10,0.21101222932338715,0.21265784592018872,0.20308641925781082,0.2038342770505515,321574400
2002-10-11,0.21699422597885132,0.22103251750916766,0.21086311107770622,0.21310586038934218,294677600
2002-10-14,0.22088263928890228,0.2240231728676436,0.2159474366525994,0.2175922296540508,194404000
2002-10-15,0.22671476006507874,0.228060549461249,0.2210325243042824,0.22761251872274912,405518400
2002-10-16,0.21774208545684814,0.22626669931385934,0.20787168223372793,0.22222840774959982,307624800
2002-10-17,0.21101222932338715,0.2150504966778006,0.2090684579678057,0.21250794490886843,469296800
2002-10-18,0.21445170044898987,0.2146016014492552,0.20832058481176477,0.20936742091801316,288299200
2002-10-21,0.21774208545684814,0.21878892144621612,0.20936739754190437,0.2132557631640965,238520800
2002-10-22,0.2198358178138733,0.22252744720242942,0.21325582173517835,0.21639633056582847,218148000
2002-10-23,0.2225273996591568,0.22402314001711282,0.21684518863720725,0.21878893479244524,209036800
2002-10-24,0.21968583762645721,0.22746259316296455,0.21759216582713484,0.22462103881510376,174748000
2002-10-25,0.2306031435728073,0.23105202293628843,0.21819098649011834,0.21968587831528943,279070400
2002-10-28,0.2334446758031845,0.23852895532289947,0.22806056932506155,0.23254774069918813,349300000
2002-10-29,0.23090210556983948,0.2374821000297337,0.2237241544222643,0.23284670025250442,259179200
2002-10-30,0.23897777497768402,0.24480991077605965,0.23150084675036386,0.23164992408117957,270676000
2002-10-31,0.24032361805438995,0.2458567762258047,0.23808086876877482,0.2391277047371982,295836800
2002-11-01,0.24466091394424438,0.24675461127636916,0.2376320390283737,0.23837989682350033,189828800
2002-11-04,0.2525867819786072,0.2599146362430762,0.24451104486280312,0.24675464349971482,376818400
2002-11-05,0.2527365982532501,0.25363353324457927,0.24451096286458826,0.2504930003687424,210694400
2002-11-06,0.25752201676368713,0.2590177327327903,0.24974525712437112,0.2554283438597994,216389600
2002-11-07,0.23927684128284454,0.25572726747667945,0.23643531100388032,0.2533346166185951,336179200
2002-11-08,0.2368841916322708,0.24226827381437951,0.23209888989170913,0.23942674352093068,190064000
2002-11-11,0.22671476006507874,0.23763199952142824,0.2261168033811625,0.23538842650904832,152975200
2002-11-12,0.2338935285806656,0.23987556615616995,0.2285094476731794,0.2291074043411976,223792800
2002-11-13,0.23314575850963593,0.2403237121175342,0.22850953351148798,0.23179994368516021,231739200
2002-11-14,0.2437630295753479,0.24540867028827598,0.23598712450164064,0.2377818175591142,141713600
2002-11-15,0.23852890729904175,0.24286615184146101,0.23568820155904854,0.24271625087170784,160994400
2002-11-18,0.23404261469841003,0.24226822553475383,0.23209884363865524,0.2421183245462473,164578400
2002-11-19,0.22836032509803772,0.23553827458807167,0.2244719602624152,0.23254766820846026,210952000
2002-11-20,0.2322479486465454,0.23479050033123475,0.22806057909293953,0.22880846181944378,208740000
2002-11-21,0.2445109784603119,0.24585679284902834,0.2355383334476577,0.23778190651672967,418482400
2002-11-22,0.23942667245864868,0.2437630934889845,0.2377818799045023,0.24062258572285528,227858400
2002-11-25,0.23882882297039032,0.2413705516129668,0.23494045585386292,0.23972575832093013,199427200
2002-11-26,0.23045408725738525,0.23778194058160562,0.22836041487903658,0.2370340827847761,240262400
2002-11-27,0.23508939146995544,0.23718306299052197,0.23105194937954746,0.23329469821924165,286798400
2002-11-29,0.23179991543293,0.23748215248458923,0.23045410077248482,0.23613633782414406,143432800
2002-12-02,0.2270137518644333,0.2407725483039223,0.22447204867031606,0.23778194074646566,398742400
2002-12-03,0.22671476006507874,0.22940721240629386,0.2258178250392044,0.22731354038079102,227869600
2002-12-04,0.22387325763702393,0.2271636923883111,0.21684523084050816,0.22701376640791893,325757600
2002-12-05,0.21878889203071594,0.2255188113394538,0.21729317692363387,0.22477095378591277,243398400
2002-12-06,0.22357426583766937,0.22716367878572813,0.21714417129105515,0.21908794266674486,245358400
2002-12-09,0.22058363258838654,0.22357421451328582,0.21938687069742394,0.2234251621251142,236084800
2002-12-10,0.22850951552391052,0.23105206756560237,0.22028472618528572,0.2205837046080697,308610400
2002-12-11,0.2316499501466751,0.23164995014667508,0.22551883536512662,0.22880842059316323,253500800
2002-12-12,0.22716371715068817,0.2325478000442616,0.22447208751994044,0.23194901952359037,149340800
2002-12-13,0.22118157148361206,0.22656567736578573,0.21908789950749455,0.2264157763824445,164780000
2002-12-16,0.22207936644554138,0.22581783127087868,0.2184899540208591,0.2214805611547652,251624800
2002-12-17,0.2255188673734665,0.2271636602209335,0.21923785072109617,0.22207938067791202,222661600
2002-12-18,0.21789206564426422,0.22222846307451685,0.21684522939428097,0.22133155280392589,150701600
2002-12-19,0.2123579978942871,0.22312618437725967,0.21086310626457555,0.217293199351715,347519200
2002-12-20,0.21146106719970703,0.21774208306697632,0.2060769738491633,0.21370464013734689,318096800
2002-12-23,0.21669529378414154,0.2175922289734143,0.21116213437042763,0.21176009116327615,125826400
2002-12-24,0.21475152671337128,0.21639631974277984,0.2138537678740847,0.21594744032313654,39340000
2002-12-26,0.21534942090511322,0.22148053545243682,0.2135547273803123,0.2156483992206262,85422400
2002-12-27,0.21026431024074554,0.21505043399279342,0.209517276297688,0.21400359811448455,80035200
2002-12-30,0.21041426062583923,0.21161099775283704,0.20697477387956068,0.21056416162867037,155041600
2002-12-31,0.21430262923240662,0.21475150861421857,0.2086195691690992,0.20936742692815474,200726400
2003-01-02,0.22133155167102814,0.22312624575209639,0.214601629816472,0.21475153083655205,181428800
2003-01-03,0.22282642126083374,0.2232753006941466,0.21819102043388908,0.22133155416164882,147453600
2003-01-06,0.22282642126083374,0.23000522262443387,0.22252744284928774,0.22477104134240947,390532800
2003-01-07,0.22207936644554138,0.22432209092947628,0.2163962819375792,0.22118158280455646,342344800
2003-01-08,0.21759219467639923,0.21998569369296445,0.21594740193934603,0.21804107401625603,229644800
2003-01-09,0.21953678131103516,0.22312619359263156,0.216845177593174,0.21863902266437782,215252800
2003-01-10,0.22013475000858307,0.22163049037203864,0.2166952634827427,0.21804107789443408,175100800
2003-01-13,0.21878889203071594,0.2228263344618373,0.21475144959959458,0.2228263344618373,178942400
2003-01-14,0.21848997473716736,0.22163050811839943,0.2166952808339308,0.21968588825139382,186860800
2003-01-15,0.2157982587814331,0.21983570071363662,0.21325570813991693,0.21819090847809797,371128800
2003-01-16,0.21863901615142822,0.22073268808887986,0.2125079013196462,0.2125079013196462,559070400
2003-01-17,0.2108631283044815,0.2177421014154167,0.21056414994728928,0.2177421014154167,266761600
2003-01-21,0.20966637134552002,0.21549850783686542,0.2093673930167023,0.21250790091692826,253456000
2003-01-22,0.20757272839546204,0.21161099547776516,0.20637681491320545,0.20906844388015763,215140800
2003-01-23,0.2119099646806717,0.21475149452591297,0.20861955548306618,0.21011527090305407,228256000
2003-01-24,0.2063768059015274,0.21295680066224024,0.2027874183477426,0.21295680066224024,305468800
2003-01-27,0.21131116151809692,0.21684516820671262,0.2041332108144761,0.20458209011837436,391406400
2003-01-28,0.21804112195968628,0.21968591505840074,0.2117601043478704,0.21295684164002468,286255200
2003-01-29,0.22327525913715363,0.22581783556858562,0.2138537345830861,0.2175921994795729,373044000
2003-01-30,0.21415267884731293,0.2253689203415977,0.2137046232007094,0.22402310613838042,407058400
2003-01-31,0.21475152671337128,0.2175922333525451,0.2101153023956243,0.21220897484467613,341224800
2003-02-03,0.21923787891864777,0.22297634446439893,0.21460162955890597,0.21549856478237436,264784800
2003-02-04,0.21834002435207367,0.21908788194527787,0.21400360339588417,0.21609727520417166,317413600
2003-02-05,0.21609733998775482,0.22327529249730652,0.2159474389714911,0.21998573141762354,221614400
2003-02-06,0.2157982587814331,0.21819090847809797,0.21265775162364198,0.21475142306216938,179149600
2003-02-07,0.21161098778247833,0.21834005995515438,0.21041425071186654,0.2175922022400026,269701600
2003-02-10,0.21460160613059998,0.21789204047992994,0.21026436061072787,0.2132557916263328,167888000
2003-02-11,0.21460160613059998,0.21878895064693685,0.2123580328688963,0.21684520435084573,164780000
2003-02-12,0.2151995450258255,0.2183400531525097,0.2134048512917461,0.2134048512917461,228687200
2003-02-13,0.21744313836097717,0.2189388788425809,0.21295681542368886,0.2154985434546181,208493600
2003-02-14,0.21938690543174744,0.22013476317894837,0.21460160420791763,0.2184899703142344,243297600
2003-02-18,0.22836032509803772,0.22880838069443227,0.22013469124025345,0.22058359542679268,290897600
2003-02-19,0.22207936644554138,0.22656568896230989,0.21953679006249904,0.2253689519296562,240368800
2003-02-20,0.22088263928890228,0.2237241944702841,0.21998572905536776,0.2220794014688327,224352800
2003-02-21,0.224322110414505,0.22521989413347307,0.21908792975165478,0.22163050635554998,157444000
2003-02-24,0.22043372690677643,0.22477099705818193,0.20637680254167343,0.22222842065445086,180252800
2003-02-25,0.22462108731269836,0.2255188710257591,0.2180410921843953,0.21953680768733663,188641600
2003-02-26,0.21684518456459045,0.22462106754695038,0.2165453576263359,0.22417303679954276,217095200
2003-02-27,0.22222842276096344,0.22432209488112537,0.21699424246055862,0.21789202611735886,154341600
2003-02-28,0.2244720160961151,0.22566790453423904,0.22088260368395202,0.22222841807110674,195098400
2003-03-03,0.21908795833587646,0.22671481559365708,0.21759224262794868,0.22447206566376318,203761600
2003-03-04,0.21774208545684814,0.2214805500955116,0.21594739181339195,0.22043371410614362,126414400
2003-03-05,0.21863901615142822,0.2213314933379481,0.21714412450450662,0.21848993880261675,126683200
2003-03-06,0.21774208545684814,0.21834004212740768,0.21534943514283245,0.2180410637921279,99859200
2003-03-07,0.21729321777820587,0.21998569516205083,0.21400363228213132,0.21639628272431874,200984000
2003-03-10,0.21490056812763214,0.21938689067723727,0.21385373207833014,0.21699424022623617,134573600
2003-03-11,0.21280692517757416,0.2166952915549817,0.2111621321981878,0.21475152018224672,161190400
2003-03-12,0.21265782415866852,0.2151995520355724,0.21026435001405328,0.21190996644245702,222560800
2003-03-13,0.22013475000858307,0.22133151201742177,0.211909962545211,0.21639628512812584,335445600
2003-03-14,0.22103251516819,0.22447200140623572,0.21893884322922635,0.2195367749298886,153098400
2003-03-17,0.2244720160961151,0.22536895114361297,0.21998569359499404,0.22267732236930352,399912800
2003-03-18,0.224322110414505,0.2256679249232536,0.22163050635554998,0.224322110414505,229980800
2003-03-19,0.22357426583766937,0.2265657219981219,0.22118161505530556,0.22536898479097056,141316000
2003-03-20,0.22297628223896027,0.22417301916825852,0.2183400341730447,0.2232752356048101,163178400
2003-03-21,0.224322110414505,0.22656570864222164,0.22163050635554998,0.2256679249232536,297948000
2003-03-24,0.21490056812763214,0.22133151037409532,0.2146015897752351,0.21938689067723727,161100800
2003-03-25,0.21759219467639923,0.2217795388302192,0.21490056590089104,0.21549852259948926,167697600
2003-03-26,0.21549853682518005,0.21774211004075256,0.21385374397954923,0.21759220904029947,178343200
2003-03-27,0.21669529378414154,0.2198358023945153,0.21415274196661627,0.21415274196661627,122393600
2003-03-28,0.21789206564426422,0.21863907489400786,0.21490060932463423,0.21534948875519352,145303200
2003-03-31,0.21146106719970703,0.21729320375309463,0.20996535190794713,0.21430259680134342,256659200
2003-04-01,0.21176008880138397,0.21400366219746103,0.21041427421651251,0.2123580455875631,154341600
2003-04-02,0.21834002435207367,0.21968583856715698,0.21340482314229445,0.21475146098908834,171371200
2003-04-03,0.21624638140201569,0.21983576887571782,0.21460158865649406,0.2177420967880283,145712000
2003-04-04,0.21549853682518005,0.21938690288638335,0.2151995584561445,0.21714415330268147,146020000
2003-04-07,0.21669529378414154,0.22357426779773762,0.21549855656649844,0.22207940077416016,196862400
2003-04-08,0.21609733998775482,0.21908794762541198,0.21475152536921124,0.21699427518946474,128934400
2003-04-09,0.21220897138118744,0.21863906600863597,0.2114611135713087,0.2171441740208277,146725600
2003-04-10,0.21490056812763214,0.21519954648002917,0.21235801668452017,0.21235801668452017,107100000
2003-04-11,0.19740337133407593,0.21594745906149526,0.193365927102834,0.21011532062791222,1392708800
2003-04-14,0.20308637619018555,0.20562892741993016,0.2018896267699321,0.2050301346542911,502958400
2003-04-15,0.20024491846561432,0.20338542767226317,0.19889910361020802,0.20323636274099366,303968000
2003-04-16,0.1980021744966507,0.2044322576387939,0.19321602354142625,0.1942628723899612,1016176000
2003-04-17,0.19620738923549652,0.19815116015854164,0.1902253518566505,0.19740330253221752,616257600
2003-04-21,0.19650641083717346,0.19725426862820172,0.19411376008504017,0.19635650982619646,152320000
2003-04-22,0.20203958451747894,0.2036843775956916,0.19575856698395383,0.19710438165085392,300568800
2003-04-23,0.20308637619018555,0.20383423382433136,0.1997959548470261,0.20233850607677073,209680800
2003-04-24,0.20099273324012756,0.20353529747351173,0.19441273778706458,0.20218948290719493,325108000
2003-04-25,0.19964689016342163,0.20308638907253407,0.1978521964539803,0.2012916828838229,205318400
2003-04-28,0.2072737216949463,0.2087694369752091,0.20084279241595687,0.20159065005608828,636798400
2003-04-29,0.21026431024074554,0.21176002539024114,0.2030863600602091,0.20906839702650126,458236800
2003-04-30,0.21265782415866852,0.2146015953153416,0.20712382930580217,0.20832057885738017,458175200
2003-05-01,0.21475152671337128,0.21519958250105192,0.20936744457353967,0.21310591005200008,342759200
2003-05-02,0.21609733998775482,0.2181910124237021,0.21445172333668377,0.21624641737206107,321182400
2003-05-05,0.2406226545572281,0.25243767998591277,0.22058368896374492,0.22088264240678038,1555708000
2003-05-06,0.2617092728614807,0.26769131105519933,0.240772526040854,0.24107150440576106,1514492000
2003-05-07,0.2639528810977936,0.2727756267456785,0.2558771696454493,0.2591667557281278,1054379200
2003-05-08,0.26918694376945496,0.27023377944372423,0.2585686611298227,0.26469977423703,687736000
2003-05-09,0.27367332577705383,0.27516819237850987,0.26739228537140686,0.27412135647065816,588386400
2003-05-12,0.2775617837905884,0.28025341312918145,0.2711308402654169,0.27142981867726185,419372800
2003-05-13,0.27920660376548767,0.28369292763927106,0.2684392367834465,0.2756171902550863,446796000
2003-05-14,0.27741172909736633,0.2817489727464878,0.2756170110299411,0.2815990718076082,355488000
2003-05-15,0.28010353446006775,0.28189822870634607,0.27621514257325996,0.27815976281196453,284995200
2003-05-16,0.2811502516269684,0.28429075931874215,0.27337434469855615,0.27800971897665816,341628000
2003-05-19,0.2706819176673889,0.27890755398391837,0.2700839609390521,0.2771128601670508,445888800
2003-05-20,0.26604652404785156,0.27157970795777225,0.26320499407133213,0.27068192425302584,416220000
2003-05-21,0.26694342494010925,0.27053281220101505,0.2642517963103157,0.2660464899407686,305009600
2003-05-22,0.2727756202220917,0.2751682710337186,0.26529868938975115,0.2675414391866737,178460800
2003-05-23,0.27397236227989197,0.27606603454028456,0.2685882556666739,0.2723275693986945,206718400
2003-05-27,0.2823471426963806,0.28264612116863846,0.2678404845921626,0.2685883425888847,290130400
2003-05-28,0.27337440848350525,0.27905664494320664,0.2714297886153593,0.2766639693229115,339679200
2003-05-29,0.2706819176673889,0.27666395584632847,0.26769131039384775,0.2735234475747745,333765600
2003-05-30,0.2684391438961029,0.27187863022144415,0.2621581279197973,0.27098087157809597,382748800
2003-06-02,0.2609614431858063,0.2735234776534362,0.2582698139804421,0.270681947433575,418588800
2003-06-03,0.25886768102645874,0.2642517612025024,0.2545312603247807,0.26081227538100044,360858400
2003-06-04,0.2632051110267639,0.26604664226592034,0.25632531089903243,0.2587187861978697,271202400
2003-06-05,0.26380303502082825,0.26529875098735434,0.2591668097038816,0.2609615041372848,205497600
2003-06-06,0.256475031375885,0.2697849190546692,0.25632513041316607,0.2652985973847226,241388000
2003-06-09,0.2510910630226135,0.2548303777695765,0.24869841173729565,0.25333466185421083,259952000
2003-06-10,0.25692397356033325,0.25856876639478193,0.2504930309997012,0.25258672815912814,176646400
2003-06-11,0.2609614431858063,0.26185920200889284,0.2513908399525346,0.2564751199662167,225114400
2003-06-12,0.2657465934753418,0.26739220916993633,0.260961294583653,0.2624570093491103,252588000
2003-06-13,0.26051250100135803,0.2684391329568536,0.2561760798411664,0.26544770244330834,191245600
2003-06-16,0.27322447299957275,0.27322447299957275,0.2609614181074662,0.2632049913176279,238526400
2003-06-17,0.2720276117324829,0.27666383340491185,0.2690370057824759,0.27531804450436415,177464000
2003-06-18,0.28593647480010986,0.2913197334951798,0.27382247051367475,0.27591614303553336,454983200
2003-06-19,0.2862354516983032,0.29326432707477607,0.28070229201009783,0.2895250378541074,381528000
2003-06-20,0.2871323227882385,0.2928153822285002,0.2826460003576436,0.28937589581943746,356546400
2003-06-23,0.28503862023353577,0.2944601434188097,0.28040237235254883,0.288628007246511,307361600
2003-06-24,0.2808513939380646,0.2941612880097784,0.27995445862592994,0.29117068000393725,514382400
2003-06-25,0.2854875326156616,0.2901237560756055,0.2798044731248795,0.282048046176023,329812000
2003-06-26,0.28847813606262207,0.28892701539352383,0.2796553922229522,0.2796553922229522,161705600
2003-06-27,0.28010353446006775,0.2887772036237011,0.2763650685656862,0.2886281262218762,365792000
2003-06-30,0.28503862023353577,0.287282193024574,0.2780097222211369,0.2793555364430739,222152000
2003-07-01,0.2854875326156616,0.2868333469936236,0.27681386602183167,0.28219712353367976,180992000
2003-07-02,0.2881791293621063,0.2901237238501304,0.28444066499059373,0.2845897423316917,325298400
2003-07-03,0.2860853970050812,0.29236641116355533,0.28384264830936584,0.2841416265600249,137771200
2003-07-07,0.2971518337726593,0.30178805766104155,0.2860855157473787,0.2881791880025338,286272000
2003-07-08,0.30507853627204895,0.30657340340417316,0.29146963968036976,0.29191769549156776,256737600
2003-07-09,0.2974516749382019,0.3058263643586303,0.2974516749382019,0.30223697642646796,213645600
2003-07-10,0.2928154468536377,0.2981987055057298,0.28967493809592243,0.29730177027437604,170934400
2003-07-11,0.29685285687446594,0.29909645510264227,0.2920675555908482,0.29401132685235215,136858400
2003-07-14,0.297600656747818,0.30507843418549263,0.29715177745481985,0.2992454493131707,188406400
2003-07-15,0.2932642996311188,0.30268585000650433,0.2905718469177995,0.29939541556808685,206645600
2003-07-16,0.2971518337726593,0.2990964536149232,0.28982398087961664,0.298647549278309,250930400
2003-07-17,0.3125554025173187,0.3133032602228807,0.30104018088315987,0.30193796454110833,751212000
2003-07-18,0.311957448720932,0.3167427497230472,0.3050784755764111,0.3125554054382359,298838400
2003-07-21,0.3082190155982971,0.31106054574650027,0.3035827914811274,0.3094149291563235,183808800
2003-07-22,0.31106051802635193,0.3134531685611107,0.3065733467293029,0.3121073541122998,198424800
2003-07-23,0.3109106421470642,0.31345319388459086,0.3059754396814796,0.31330329287512215,143035200
2003-07-24,0.30672335624694824,0.32152899143966945,0.30477958454286225,0.31464916773356655,229236000
2003-07-25,0.32212674617767334,0.3225756503718041,0.30507839517287594,0.3052274724969915,216686400
2003-07-28,0.31390124559402466,0.32152892566660946,0.3119574742875632,0.32152892566660946,170357600
2003-07-29,0.3098638355731964,0.3152479179495277,0.30687322778545606,0.31390127963144576,197120000
2003-07-30,0.3032838702201843,0.3125554965690619,0.3016390769521104,0.31061172485516375,173594400
2003-07-31,0.31524792313575745,0.3192853672604279,0.30762026706913714,0.3101628190913439,301464800
2003-08-01,0.31001365184783936,0.31808853775688795,0.3086670138978909,0.31405109480236365,149604000
2003-08-04,0.3171916604042053,0.3215289310711724,0.3032838117463155,0.3070222770464554,230115200
2003-08-05,0.304779589176178,0.3200332554926738,0.30059224362795633,0.31928539755447843,249440800
2003-08-06,0.2935633063316345,0.30163904294530425,0.291618711204888,0.29999340127213,245464800
2003-08-07,0.29804953932762146,0.3004421895304464,0.29042270942119836,0.2950581088502857,174378400
2003-08-08,0.293712317943573,0.30104017011130596,0.29311436125325335,0.30074119176614617,137659200
2003-08-11,0.29401132464408875,0.29804959177272156,0.29176857502318987,0.2964048238583531,137228000
2003-08-12,0.29461002349853516,0.29610491495483515,0.29102063674010237,0.29550695837231516,164438400
2003-08-13,0.3017880618572235,0.3041807125203996,0.29281541596233873,0.2970027605308713,284099200
2003-08-14,0.29864752292633057,0.3040316290509984,0.29819864358786646,0.30223693532895574,192780000
2003-08-15,0.29475924372673035,0.3001433514331137,0.29401138582019287,0.2993954685680291,125865600
2003-08-18,0.304180771112442,0.3052276324147665,0.2949091450527242,0.29700281774027887,192774400
2003-08-19,0.3038817048072815,0.30582629937061256,0.2990964043358907,0.30462956243688954,133688800
2003-08-20,0.3142010271549225,0.3180885695147703,0.3011901147272708,0.30178804649611307,273212800
2003-08-21,0.32422056794166565,0.3246694723437211,0.3133033256963024,0.31450006300165984,255326400
2003-08-22,0.31225642561912537,0.329005802680032,0.30866703806840595,0.3261642728383656,250264000
2003-08-25,0.311957448720932,0.3127053064334829,0.30642429000626586,0.31076071165448216,137782400
2003-08-26,0.31479889154434204,0.31509786982033633,0.30433053372647056,0.3103125701411992,164959200
2003-08-27,0.32122910022735596,0.32122910022735596,0.3089668682998879,0.31270533355504493,225702400
2003-08-28,0.33184725046157837,0.3322961296686171,0.31898621849770653,0.31898621849770653,319625600
2003-08-29,0.3381284475326538,0.34171783586525034,0.32975375717794037,0.33199733079381755,263155200
2003-09-02,0.34171774983406067,0.3424656075177384,0.3349878543127716,0.3388762200888095,242132800
2003-09-03,0.3432125747203827,0.34874658073388937,0.3403718691602401,0.3409698257379912,268828000
2003-09-04,0.3414188027381897,0.3476998444563752,0.34052104398287747,0.3463531813648648,199780000
2003-09-05,0.3364836275577545,0.3462041318539415,0.33513781294836886,0.3399231145888405,240133600
2003-09-08,0.34007224440574646,0.3408201023333687,0.3360347999550812,0.33618470099343717,167244000
2003-09-09,0.3345390558242798,0.3390253793787459,0.33080059013422625,0.3369317068111944,180370400
2003-09-10,0.33169737458229065,0.33812831582917136,0.33065053869570177,0.3327442104688795,224890400
2003-09-11,0.3373805582523346,0.34082004523753406,0.33050158428193566,0.3327443090984634,213684800
2003-09-12,0.34545624256134033,0.3460541993039215,0.33364206692003984,0.33663267426482246,179989600
2003-09-15,0.3321463167667389,0.34246559947459837,0.3308005024204509,0.3411189614965195,226844800
2003-09-16,0.33438995480537415,0.33932515745620906,0.33199730398750443,0.3321463813706488,269007200
2003-09-17,0.33080050349235535,0.3346888691896708,0.32676306044040865,0.33453896820324597,289396800
2003-09-18,0.34216588735580444,0.34381150410611105,0.32825801232434704,0.33050161087039787,252907200
2003-09-19,0.3376794159412384,0.3447082884123662,0.3354366669678518,0.34216573751965806,205956800
2003-09-22,0.33020246028900146,0.33648347470077694,0.32780981055569336,0.3316973266440503,179821600
2003-09-23,0.3354368507862091,0.33588490664743176,0.327211212066575,0.3293048848592735,132451200
2003-09-24,0.31883636116981506,0.3336419893019525,0.31524779791729046,0.3321462741615842,301285600
2003-09-25,0.3055265545845032,0.3195843300423913,0.30283492529976835,0.31913545061761145,574380800
2003-09-26,0.3094147741794586,0.32451935252355,0.3013390422214287,0.3035826394254093,347250400
2003-09-29,0.3185374438762665,0.3240706025973504,0.3088169408655144,0.32137897373451885,365702400
2003-09-30,0.3098638355731964,0.3173415904905456,0.3056764904911606,0.3153969953413154,285426400
2003-10-01,0.3109106421470642,0.3155468662256316,0.3019379960088669,0.3097139049670752,236112800
2003-10-02,0.30762022733688354,0.3110605378082301,0.303283805351813,0.3110605378082301,204058400
2003-10-03,0.32436954975128174,0.3269121010059363,0.3122563974020089,0.3139011900341907,299600000
2003-10-06,0.33334317803382874,0.33394113493692984,0.3227248880686975,0.32407070291672385,268329600
2003-10-07,0.34725090861320496,0.3500924633192715,0.3276600023596763,0.3297536744229265,418174400
2003-10-08,0.3448583483695984,0.35203630147814896,0.3399231452684584,0.34769990381862076,428668800
2003-10-09,0.35069042444229126,0.35398085876101504,0.3408200199936252,0.3484468512014563,347748800
2003-10-10,0.3541298508644104,0.35607447036021644,0.3494936278020283,0.35143824729783435,174837600
2003-10-13,0.36414939165115356,0.3650471503354029,0.35472784229891763,0.3548777682487727,279865600
2003-10-14,0.3671407997608185,0.369982329365845,0.3617567188831204,0.36370131349108203,275419200
2003-10-15,0.37117817997932434,0.37401970910423327,0.36758961696563497,0.3716270592178969,610103200
2003-10-16,0.3476998805999756,0.35652260131718894,0.3351378208163133,0.3559246694646245,975682400
2003-10-17,0.3402220606803894,0.3512883785351208,0.3354367594943229,0.3496435856833867,359811200
2003-10-20,0.34725090861320496,0.3490456023291067,0.3346888762337036,0.3379784616863477,279132000
2003-10-21,0.34665289521217346,0.3499424801266992,0.3402219790848282,0.3485966659678772,176461600
2003-10-22,0.3403719365596771,0.3469519311128394,0.33917519953555086,0.34306356532419513,161599200
2003-10-23,0.3438114821910858,0.3462041330193761,0.33782944330438286,0.33992311573313116,165211200
2003-10-24,0.33797842264175415,0.34171771063116013,0.33244526477549224,0.3373804660161355,219856000
2003-10-27,0.33797842264175415,0.34231566725677876,0.336333630105445,0.3402219954353977,162013600
2003-10-28,0.3547278046607971,0.3554756622743806,0.3349878229154719,0.3373804730998992,251714400
2003-10-29,0.3542798161506653,0.357420324322705,0.34904561090539205,0.3515873387362115,267080800
2003-10-30,0.3453064262866974,0.358915299126792,0.34201683976346686,0.3587662466790542,260556800
2003-10-31,0.342315673828125,0.34919464604994066,0.34067088126024114,0.348446788437703,218153600
2003-11-03,0.34620413184165955,0.3484468816465721,0.3406709723890695,0.34141883020135766,302842400
2003-11-04,0.34261462092399597,0.34545615013885606,0.3378293209998403,0.3450072708860738,249233600
2003-11-05,0.3444092869758606,0.34590500194535095,0.33603460095726045,0.34126877971888553,322470400
2003-11-06,0.3457552194595337,0.3462040988304955,0.33872634505258276,0.3426147111265475,397073600
2003-11-07,0.3364836275577545,0.34754994646332715,0.33573576974543984,0.3468020886510125,210145600
2003-11-10,0.32751017808914185,0.3387264245303632,0.32661324276863724,0.3357358164966146,234276000
2003-11-11,0.32212674617767334,0.32930469578909466,0.3212289877064801,0.3275100024783331,215073600
2003-11-12,0.3339409828186035,0.3397731190474025,0.32122902585112934,0.32122902585112934,300003200
2003-11-13,0.3352867662906647,0.33738043793780087,0.3278098381975482,0.33005258717282426,212772000
2003-11-14,0.32093021273612976,0.33812850055032867,0.31823858288065054,0.33618472868407073,237048000
2003-11-17,0.31599485874176025,0.31958424593136797,0.31330323016543216,0.3192852676041932,228256000
2003-11-18,0.30522745847702026,0.31913530145706415,0.30433052367865077,0.31719153091146995,267192800
2003-11-19,0.3053775429725647,0.30881703054766046,0.302984891773893,0.30747121572541275,344584800
2003-11-20,0.304779589176178,0.3152479530467321,0.30059224362795633,0.30059224362795633,239590400
2003-11-21,0.3032838702201843,0.30777019417171103,0.29685292596412943,0.30418078059910886,241836000
2003-11-24,0.31629472970962524,0.318088600064059,0.3058263678157533,0.30657337702225634,381824800
2003-11-25,0.30926576256752014,0.31778952692145923,0.3082189266902512,0.31749054861819515,268654400
2003-11-26,0.3098638355731964,0.31629475422003667,0.3028349351366625,0.31240638755357497,245128800
2003-11-28,0.31270530819892883,0.31509795871349466,0.3068731710926842,0.3107607134089495,76098400
2003-12-01,0.3246694803237915,0.3267631529356227,0.3140511912772328,0.3146491481286055,361536000
2003-12-02,0.32212674617767334,0.3275100024783331,0.3201821519111713,0.32302368101724166,205296000
2003-12-03,0.31449997425079346,0.32661312675121557,0.31345313826602184,0.322126804478162,191296000
2003-12-04,0.31629472970962524,0.31659370810203086,0.3106116693581133,0.31315422114146363,177940000
2003-12-05,0.3118075132369995,0.3162946590159866,0.3100136432835058,0.3125553708668307,186177600
2003-12-08,0.31479889154434204,0.3152477707741406,0.30522746855445343,0.31076062573938346,148237600
2003-12-09,0.3058263957500458,0.3177896506986739,0.3050785378847546,0.31659373701981613,135144800
2003-12-10,0.304779589176178,0.30821907678620425,0.2984985708538455,0.3058264255632334,271336800
2003-12-11,0.3171916604042053,0.31913543174333947,0.3022369755717225,0.30283490738954016,183136800
2003-12-12,0.31240642070770264,0.3188365164049379,0.3095648900101925,0.3188365164049379,192673600
2003-12-15,0.30163902044296265,0.3213790068580013,0.3001433048619675,0.3213790068580013,388908800
2003-12-16,0.3008911907672882,0.3064243505756669,0.29924554906311285,0.30193802704541406,373956800
2003-12-17,0.29730167984962463,0.30104014429118287,0.295955865595933,0.3002922866765244,274260000
2003-12-18,0.299694299697876,0.3017879713542728,0.2976006280414792,0.2976006280414792,330915200
2003-12-19,0.29461002349853516,0.3053773851007121,0.29341328670183875,0.3019378993037375,453560800
2003-12-22,0.29685285687446594,0.2974516622173781,0.28788021105971007,0.2938622494801775,377064800
2003-12-23,0.296254962682724,0.298348635390418,0.293114453621183,0.29789975591532236,308498400
2003-12-24,0.30522745847702026,0.30791991013530307,0.29386214124787113,0.2949089769950958,177475200
2003-12-26,0.31076082587242126,0.31270542136614426,0.3041808037095712,0.30433072971846303,103695200
2003-12-29,0.31629472970962524,0.31644380708986053,0.31195748393990613,0.3127053417368877,233458400
2003-12-30,0.3182384669780731,0.3215289011643898,0.31629469581973746,0.31674275154437076,204853600
2003-12-31,0.31958433985710144,0.32197699080945413,0.31674280946618344,0.31928536144205705,174451200
2004-01-02,0.3182384669780731,0.325267366116799,0.31674275154437076,0.32227591029085345,144642400
2004-01-05,0.33154842257499695,0.3348380085677506,0.3203321777743602,0.3203321777743602,395018400
2004-01-06,0.33035168051719666,0.33528690839737274,0.32466946833349725,0.33274433146635174,509348000
2004-01-07,0.3378293514251709,0.3414187385073805,0.32795892380642244,0.33050149991750244,586874400
2004-01-08,0.3493447005748749,0.3548778859379304,0.3387264356247547,0.34156796634752185,460303200
2004-01-09,0.34396055340766907,0.3608598585089435,0.34082004482085587,0.34740004038866346,427459200
2004-01-12,0.354877769947052,0.3589151881914941,0.34545622054972897,0.3476998185978088,487547200
2004-01-13,0.3607100546360016,0.3714773978858992,0.3568216622420679,0.3693837249308591,679016800
2004-01-14,0.36190682649612427,0.3669911083125719,0.3556258070352091,0.3648974351589335,620043200
2004-01-15,0.34171774983406067,0.34994253709089496,0.336483569680127,0.3426146848753878,1018208800
2004-01-16,0.33977311849594116,0.3445592424290785,0.3381283259482772,0.34231566961994647,372820000
2004-01-20,0.33992305397987366,0.34096989000407085,0.3327442542086648,0.3390252953123875,315946400
2004-01-21,0.3381284475326538,0.3435125300315486,0.3354368180992152,0.3394742622493731,226660000
2004-01-22,0.33169737458229065,0.3414187244577492,0.33169737458229065,0.3373804582485083,205004800
2004-01-23,0.3373805582523346,0.3400721874351966,0.3327443090984634,0.33528688585856614,227169600
2004-01-26,0.3441104590892792,0.3448583169008485,0.33543679101258705,0.3358848467939678,271269600
2004-01-27,0.34500738978385925,0.3476998675553234,0.34096994601238895,0.3445593340083227,307070400
2004-01-28,0.33678269386291504,0.34964371014861995,0.3351379004256718,0.34156799675244087,275402400
2004-01-29,0.33917519450187683,0.34096988819552493,0.3318473423713643,0.3384273368268734,212699200
2004-01-30,0.3373805582523346,0.34201678244766215,0.33528688585856614,0.3387263728437656,185298400
2004-02-02,0.3337910771369934,0.3411189284709498,0.33020251377158394,0.33588474894669523,287431200
2004-02-03,0.33289429545402527,0.33498796822756555,0.32900590339717517,0.3334922523515824,180812800
2004-02-04,0.32586538791656494,0.3303517118254098,0.3245195731071189,0.3290058970159638,305552800
2004-02-05,0.3352867662906647,0.3426146170556412,0.3261641972079442,0.32631412312626606,352844800
2004-02-06,0.3396240472793579,0.3423156757934817,0.33498782423590534,0.3357356818524367,193340000
2004-02-09,0.33902525901794434,0.3418667884411081,0.3364835315397173,0.33827822505075317,188260800
2004-02-10,0.34366148710250854,0.34575515895814163,0.3355857779976768,0.3382782301204402,255343200
2004-02-11,0.35592469573020935,0.35697153204288745,0.3447084497598214,0.3453064066150569,348544000
2004-02-12,0.354877769947052,0.3587661357898262,0.35293399884157706,0.35308305124324496,183988000
2004-02-13,0.34396055340766907,0.3604109791017016,0.3414188252411583,0.3566725137265259,315980000
2004-02-17,0.3463531732559204,0.3512883753989364,0.34545623815349313,0.34545623815349313,170956800
2004-02-18,0.3478488028049469,0.3505404310792508,0.34470829527437136,0.3466528896304398,141635200
2004-02-19,0.33603474497795105,0.35353200695755815,0.33513780979079527,0.34889575778551574,323080800
2004-02-20,0.3349878191947937,0.336632611747369,0.3321462897474303,0.3364835344053479,277603200
2004-02-23,0.33184725046157837,0.33588469243020935,0.3273609292859086,0.33409082286519953,194079200
2004-02-24,0.33438995480537415,0.3400721916358331,0.32900584778266,0.33109954516083384,259056000
2004-02-25,0.3411189913749695,0.34246562947099973,0.3321463458592791,0.3331931819571718,276276000
2004-02-26,0.3445592522621155,0.3466529241576994,0.34096986511775884,0.34216577841138107,198408000
2004-02-27,0.3577192723751068,0.35921498765370924,0.3432126212040002,0.343362522184565,468837600
2004-03-01,0.3592151403427124,0.36340248599727504,0.3569715664711489,0.36041105416852376,321680800
2004-03-02,0.3560744524002075,0.3604108732906396,0.3554756471971614,0.3589151331683759,256687200
2004-03-03,0.3577192723751068,0.3617567152692197,0.35293397184169273,0.35293397184169273,225131200
2004-03-04,0.37626340985298157,0.377160319986032,0.35756941265031456,0.3578683660556373,660223200
2004-03-05,0.39989176392555237,0.4111080075989139,0.37237502204503803,0.3731228797769412,1540599200
2004-03-08,0.38882535696029663,0.40063952969611166,0.3858339267193262,0.3980969787176217,522872000
2004-03-09,0.4052758812904358,0.40721965254024706,0.38508614296376553,0.3873297411784456,618363200
2004-03-10,0.41394945979118347,0.420828431821898,0.40288229556340466,0.40437801074632823,1006964000
2004-03-11,0.40602290630340576,0.41933282305146813,0.405125971145065,0.4078176002520049,595851200
2004-03-12,0.41215479373931885,0.41544437900272113,0.40632265722200495,0.408565406514004,329224000
2004-03-15,0.3955545127391815,0.40901432941109317,0.3927138064841689,0.4042290283552442,481717600
2004-03-16,0.3861328959465027,0.39794789203644787,0.3797028036164782,0.3970501335325761,605432800
2004-03-17,0.39166703820228577,0.39450774494905017,0.3855350980081249,0.3882267273640037,411432000
2004-03-18,0.3838902413845062,0.38972237856771874,0.3826934793369653,0.38792768475014777,321081600
2004-03-19,0.3867317736148834,0.40288237080627276,0.38194562390346526,0.3822454508599496,408576000
2004-03-22,0.3867317736148834,0.3913671737369263,0.3776092271060442,0.37940392093439024,419031200
2004-03-23,0.3782072067260742,0.3888254949990234,0.37716037049642726,0.3870308009436334,385515200
2004-03-24,0.38134753704071045,0.3850860007888025,0.37790805155667595,0.37790805155667595,428215200
2004-03-25,0.40183553099632263,0.40243433631335496,0.38717982577074683,0.3909191143918615,566445600
2004-03-26,0.40437808632850647,0.40916338745023056,0.4024343400913044,0.4037801545547979,419893600
2004-03-29,0.41738900542259216,0.4185849188343775,0.40677071895941264,0.4093132953657361,350728000
2004-03-30,0.41753819584846497,0.41798707531534984,0.40886450177842343,0.41484656631125444,359676800
2004-03-31,0.40437808632850647,0.4184358599179577,0.40303227186501295,0.4175381011877203,390773600
2004-04-01,0.40542489290237427,0.40781754328900083,0.39809704075441693,0.4021353324412283,318332000
2004-04-02,0.4112569987773895,0.4176879403673324,0.40721958094300337,0.4149963118387166,274478400
2004-04-05,0.42352017760276794,0.4242680354014603,0.4103601865152059,0.410958143301385,385672000
2004-04-06,0.41619232296943665,0.4209784481398357,0.4102102592718451,0.4143976289845288,257992000
2004-04-07,0.40841636061668396,0.4142484975831269,0.40258337505987396,0.4129026831779344,255119200
2004-04-08,0.41170597076416016,0.41873484519563225,0.40677074360344123,0.41694015133739726,240917600
2004-04-12,0.41933274269104004,0.4202305013092531,0.41110795593739297,0.4112570083273837,230540800
2004-04-13,0.4027332663536072,0.41918371435365825,0.4013874519808251,0.4184358317142826,436396800
2004-04-14,0.3983960449695587,0.404826987460605,0.39346084288774885,0.3998917604202541,639732800
2004-04-15,0.43817591667175293,0.4423632617483525,0.42112758290871405,0.43099798876984097,1761446400
2004-04-16,0.43638116121292114,0.4383257310165432,0.42621260257943583,0.4359331054947439,402931200
2004-04-19,0.4239690601825714,0.42995107367426244,0.41619230287553644,0.42052957339086355,712353600
2004-04-20,0.41469722986221313,0.4248657847912703,0.4121546793141814,0.4218752036468204,354519200
2004-04-21,0.41469722986221313,0.4205293897189021,0.4093131505190051,0.4127526358084707,325875200
2004-04-22,0.41544440388679504,0.4214264417433742,0.40542489792518693,0.4121548184263549,344584800
2004-04-23,0.41424840688705444,0.41873472846606397,0.4045279061939261,0.41424840688705444,315828800
2004-04-26,0.4057238698005676,0.41335072522423233,0.40378012371183963,0.4124537901943704,231128800
2004-04-27,0.4028823673725128,0.4103601459467858,0.39914390238057457,0.40736953867960635,283864000
2004-04-28,0.3955545127391815,0.40392920140284283,0.3939097199322056,0.4010885201063712,231168000
2004-04-29,0.40034058690071106,0.4037800980360404,0.3885264131172104,0.3955544628170578,460790400
2004-04-30,0.3855350911617279,0.4031822549069712,0.38119866879115166,0.39944294076278225,466502400
2004-05-03,0.38987234234809875,0.3937607089736816,0.38493713946301256,0.38882550608859534,297634400
2004-05-04,0.3909190893173218,0.3970502044517168,0.38134763918726106,0.38837653794442045,279983200
2004-05-05,0.3985459506511688,0.40004169107798354,0.3882266670046948,0.39181605467580455,238106400
2004-05-06,0.39749911427497864,0.40004169080145396,0.38732973163510787,0.3948074853394398,263558400
2004-05-07,0.398844838142395,0.4123038283531933,0.3970501447157577,0.3970501447157577,419036800
2004-05-10,0.3930128216743469,0.39779812317861357,0.38792771814812627,0.3928629206633699,249978400
2004-05-11,0.4058738052845001,0.40662166297619257,0.3948074632052778,0.3948074632052778,305172000
2004-05-12,0.40826648473739624,0.40886441652198213,0.39241401703095197,0.4006396285924058,245420000
2004-05-13,0.4066217243671417,0.4145475345584305,0.40228445359468057,0.40527590977163447,229852000
2004-05-14,0.4046771824359894,0.4085655745492128,0.3955546332715797,0.40751871318871724,257801600
2004-05-17,0.3983960449695587,0.404677061504252,0.39420870061309654,0.3992938036927184,300445600
2004-05-18,0.4046771824359894,0.40811667009494346,0.4007888152813146,0.4033313675809293,206063200
2004-05-19,0.39585426449775696,0.41125700179360053,0.3951064068717142,0.4097621351317995,375592000
2004-05-20,0.3994428515434265,0.4037801215357564,0.3958542878115189,0.3982469381767224,196296800
2004-05-21,0.40542489290237427,0.406770707267864,0.3997418334642597,0.402284384838964,179894400
2004-05-24,0.4088643193244934,0.4172390312234493,0.40542483342134683,0.40811646175742994,235603200
2004-05-25,0.4248659014701843,0.4263616167482036,0.40811650101946567,0.4112570089242495,319978400
2004-05-26,0.42636165022850037,0.4303999420284476,0.41873481952251845,0.4236700214221128,322168000
2004-05-27,0.42127737402915955,0.42770744239962677,0.41604316909036787,0.4256137704075256,235972800
2004-05-28,0.4196317195892334,0.42277225262408097,0.41574420242341587,0.4199315714836994,145717600
2004-06-01,0.4196317195892334,0.4217253916401054,0.41290267269268877,0.4155943014347224,182134400
2004-06-02,0.43249356746673584,0.43623200696169984,0.4157441675078887,0.41918367859945593,318712800
2004-06-03,0.42471688985824585,0.43354043280272914,0.42307207211501946,0.4295021908492445,250930400
2004-06-04,0.43039992451667786,0.43742794964088505,0.42636163288103746,0.4271094905483448,399112000
2004-06-07,0.44580286741256714,0.44834544502370605,0.43084820221465,0.4342876903510941,295876000
2004-06-08,0.45387834310531616,0.4552241573669346,0.44610246081542043,0.44849508605884225,415620800
2004-06-09,0.4516356289386749,0.4592624590129036,0.4486441484784455,0.44998996277016146,349204800
2004-06-10,0.45971137285232544,0.46315085951664126,0.4516356873837555,0.4516356873837555,257577600
2004-06-14,0.4504390060901642,0.458813696385506,0.44116740549258654,0.45836484189765514,243986400
2004-06-15,0.4589634835720062,0.46569255543884297,0.45253256641946504,0.45671991052852234,444634400
2004-06-16,0.48962074518203735,0.498294436502066,0.45657084745856685,0.4585146184787089,909641600
2004-06-17,0.4906676709651947,0.4954529727736185,0.4816950241664049,0.4869292303629073,551320000
2004-06-18,0.4921635687351227,0.4996405018647964,0.4849847405454665,0.4884242286209806,406252000
2004-06-21,0.48348870873451233,0.5009859398074089,0.48034822615769857,0.4953037299150727,390213600
2004-06-22,0.49350932240486145,0.494855087338519,0.4828910074596575,0.4830409085017856,360511200
2004-06-23,0.5039776563644409,0.505921428003701,0.4918636262480941,0.49350929300215485,390868800
2004-06-24,0.49620071053504944,0.5039774917328863,0.49321012849502477,0.5011359620867711,252515200
2004-06-25,0.5039776563644409,0.5039776563644409,0.49350929300215485,0.49455610437983644,323428000
2004-06-28,0.4858822226524353,0.5113052882965834,0.48169487892464685,0.5111553873212771,521096800
2004-06-29,0.48603132367134094,0.4933591502170866,0.46973080313887267,0.47960120579452364,590553600
2004-06-30,0.4866293966770172,0.4930603147648768,0.4769088926717766,0.4869291986985312,373044000
2004-07-01,0.48304063081741333,0.48573225897159267,0.4770586192753952,0.4800492007513241,341941600
2004-07-02,0.4647955596446991,0.46629127473119225,0.4446067005036633,0.4558229163890511,910683200
2004-07-06,0.46285203099250793,0.4698800586262537,0.4606084571894599,0.4676373334138401,348980800
2004-07-07,0.4544771909713745,0.4689829945203879,0.4505888002079918,0.4613561639012723,397992000
2004-07-08,0.450737863779068,0.45881354808533764,0.4478962843399542,0.4505887614745914,233380000
2004-07-09,0.4490930736064911,0.4561219473513038,0.4490930736064911,0.45268246097230946,208863200
2004-07-12,0.4357832372188568,0.4492430296750854,0.43264270383811404,0.44894322766467865,511621600
2004-07-13,0.4369799494743347,0.44266221088924645,0.4339885184249749,0.4374280052262212,316176000
2004-07-14,0.4423631429672241,0.4481961531261835,0.42980111111051905,0.43159582971026944,835800000
2004-07-15,0.4924623966217041,0.5029307592381675,0.48019931493644563,0.488424104007099,1767724000
2004-07-16,0.4815450608730316,0.4923124253240969,0.4803483487182376,0.49051770651148896,488381600
2004-07-19,0.4781056046485901,0.4818440949228648,0.4734694054911932,0.4787035614274447,533170400
2004-07-20,0.4815450608730316,0.4815450608730316,0.4718245574927238,0.4778066207541951,323747200
2004-07-21,0.47287145256996155,0.48917192720763425,0.46868405790287904,0.48483553003621566,301257600
2004-07-22,0.4737683832645416,0.47451624109249857,0.46449673322966273,0.4673383134402006,334118400
2004-07-23,0.4591127038002014,0.4748152232834566,0.45582311751640625,0.4715256869167535,273571200
2004-07-26,0.46748727560043335,0.4703288053452081,0.4603092994170497,0.4613561604062006,393932000
2004-07-27,0.48498472571372986,0.4897700286609537,0.47212373423150594,0.47556322220183417,425006400
2004-07-28,0.48259204626083374,0.4846857190246013,0.46599256519042803,0.48319000315559973,285051200
2004-07-29,0.4881249666213989,0.49081659495654056,0.4804981372507101,0.48558239066207304,222157600
2004-07-30,0.4836387634277344,0.49350921834524775,0.47855450850746956,0.488275012497376,243023200
2004-08-02,0.4722736179828644,0.4815452200988564,0.465543694754253,0.46629155274338724,365092000
2004-08-03,0.4679362177848816,0.47436718608181005,0.4658425453307893,0.47032889360067937,211629600
2004-08-04,0.4754139482975006,0.48034835184702235,0.46614150059640685,0.4664404540101778,276488800
2004-08-05,0.4694317579269409,0.48304059738498334,0.4673380864782371,0.47571277227305236,244501600
2004-08-06,0.4453546702861786,0.46509463019130864,0.4441579082305073,0.4621040478548197,492290400
2004-08-09,0.4531305134296417,0.45537408642518723,0.44580263643682644,0.4464014417065849,290847200
2004-08-10,0.4713756740093231,0.4716746773514536,0.4538784376982027,0.45447724305583154,351036000
2004-08-11,0.4637489914894104,0.46554371095791997,0.4525327685262994,0.46509480646383566,322392000
2004-08-12,0.45417749881744385,0.4613562754644221,0.4528316841041393,0.45537421117739946,226200800
2004-08-13,0.4612062871456146,0.46778625711340494,0.45462626726074185,0.45761769817480324,328048000
2004-08-16,0.46030932664871216,0.47436712513188284,0.45821565446362916,0.4635989122927804,435674400
2004-08-17,0.4616551697254181,0.4655435609304322,0.45387843723247523,0.45731792408807037,323019200
2004-08-18,0.47466588020324707,0.47631069729655046,0.45597189075651695,0.4562708939548687,364655200
2004-08-19,0.45926254987716675,0.4764608329662124,0.4540283440642899,0.4712266271533356,388920000
2004-08-20,0.46060821413993835,0.4634497433382392,0.4559719666140888,0.4592624000210909,316780800
2004-08-23,0.4647955596446991,0.4676370888563739,0.45761758480797676,0.4615051262222102,254660000
2004-08-24,0.47780656814575195,0.47780656814575195,0.4664403996150014,0.4674872605704952,374136000
2004-08-25,0.4942571520805359,0.49575201929726626,0.4745162891292552,0.47660996180669607,505618400
2004-08-26,0.5183342695236206,0.5261101526228428,0.4896207669310071,0.4941070645220519,955858400
2004-08-27,0.5136978626251221,0.5198289760382725,0.5084636590340573,0.5186330629974485,388813600
2004-08-30,0.5102584362030029,0.5192310795732623,0.5078657612545096,0.5084637178440825,218142400
2004-08-31,0.515791654586792,0.5226706270734339,0.5084637778306419,0.5095106387602676,376560800
2004-09-01,0.5362794399261475,0.5382240092715324,0.5113052313968605,0.5129500487420647,515726400
2004-09-02,0.5332891345024109,0.5355319097899379,0.5208761494968487,0.5308965080817177,406324800
2004-09-03,0.5268580317497253,0.5371773402606915,0.5235684461077439,0.5235684461077439,293468000
2004-09-07,0.5347838997840881,0.5412148177388545,0.5268580649537835,0.529400641619084,301957600
2004-09-08,0.5436074733734131,0.5468979079941135,0.5335880155935012,0.5338869690347976,343526400
2004-09-09,0.5338868498802185,0.5428594944007115,0.5276058339895191,0.5398689123963428,461339200
2004-09-10,0.5364293456077576,0.5418126020593973,0.5302973830295076,0.5332888131752168,328014400
2004-09-13,0.5322422385215759,0.539420166561387,0.5282039458004432,0.5365786361145332,281976800
2004-09-14,0.530746340751648,0.531643250748273,0.5201280305572978,0.5270078513656709,254822400
2004-09-15,0.5264092087745667,0.5305966037062378,0.5204280432125283,0.5288027332416907,232668800
2004-09-16,0.5436074733734131,0.5497394382405314,0.5246153690704647,0.5264091895524194,501916800
2004-09-17,0.5554214715957642,0.5590108581813212,0.5443551072767816,0.5465987297177266,502308800
2004-09-20,0.5639461874961853,0.5679836306023909,0.5513841552122508,0.551533207610346,245000000
2004-09-21,0.568432629108429,0.5812936679570058,0.5602078398221114,0.5645442873314745,386652000
2004-09-22,0.5521320700645447,0.5703763150991601,0.5504864036314419,0.5697783583470932,401688000
2004-09-23,0.557366132736206,0.5608056189343398,0.5522810302967239,0.5539266465380723,397404000
2004-09-24,0.5576654076576233,0.5682828247913219,0.5555717347231345,0.5600580341053243,369488000
2004-09-27,0.5612545609474182,0.5679836328173352,0.5507862006699831,0.5525800208303432,397516000
2004-09-28,0.5688813328742981,0.572619772306286,0.5600577412676679,0.5602076422412471,353186400
2004-09-29,0.5784518718719482,0.5811443486460157,0.565590838929459,0.5672356562635271,273509600
2004-09-30,0.5794989466667175,0.5872757300256292,0.5750126480648318,0.5832382859108439,425012000
2004-10-01,0.5783029198646545,0.5860788025236752,0.5769571055391497,0.5850319914921791,465404800
2004-10-04,0.580097496509552,0.585929657163845,0.5794986913433042,0.585929657163845,574084000
2004-10-05,0.5887712836265564,0.5932575809930508,0.5742646320642332,0.5766572574369265,406162400
2004-10-06,0.607763409614563,0.6095580782407343,0.5902661267862607,0.5907150310489135,446303200
2004-10-07,0.592509925365448,0.6121008875662602,0.5901172991769258,0.6062687239597265,426148800
2004-10-08,0.5841350555419922,0.594753316862498,0.5808446214944499,0.591612833721822,359228800
2004-10-11,0.577106237411499,0.5841351119742882,0.5712740750286411,0.5802467707726561,323870400
2004-10-12,0.572620153427124,0.5769574508841072,0.5630487477626438,0.5757606882355726,460191200
2004-10-13,0.5944535732269287,0.5946034742314279,0.5793498115757925,0.5812935828429253,1163008000
2004-10-14,0.6726676225662231,0.6841827988283241,0.636327274511824,0.645898728794828,2768427200
2004-10-15,0.6804441213607788,0.6820888892539713,0.6608532136134849,0.6711724724002491,1031128000
2004-10-18,0.7140927910804749,0.7140927910804749,0.6684800103474744,0.6684800103474744,1200752000
2004-10-19,0.7091576457023621,0.7230654939143866,0.7075119792551563,0.7193270037755541,801992800
2004-10-20,0.7099054455757141,0.7118492166940295,0.6976423663033616,0.705568150442935,605108000
2004-10-21,0.7169333696365356,0.7197748990474956,0.7082596791050076,0.7100543975668725,724505600
2004-10-22,0.7090076804161072,0.7128960212905712,0.703175518523972,0.7109522501899803,483067200
2004-10-25,0.7111012935638428,0.7154385383804696,0.7039233178690909,0.7058670888085591,392644000
2004-10-26,0.7173824310302734,0.7185791432133477,0.702427721776941,0.7096056487724164,594361600
2004-10-27,0.7522271871566772,0.7570133382283402,0.7203740394542867,0.7254582954278078,1193494400
2004-10-28,0.7804914712905884,0.7809403755557096,0.7402636491031818,0.747441574891199,864264800
2004-10-29,0.7836320996284485,0.7955961759624557,0.7746594541938709,0.7752574109210146,810219200
2004-11-01,0.7843801379203796,0.7964933193672832,0.7782490209761131,0.7851279958173966,602050400
2004-11-02,0.8000826239585876,0.8087562671586181,0.783632197886074,0.783632197886074,729988000
2004-11-03,0.8271511197090149,0.8391143461535275,0.8074102636213133,0.8130933727246931,1204173600
2004-11-04,0.8142890930175781,0.8307395123498236,0.8130932298204103,0.8229636311709615,928625600
2004-11-05,0.8183276653289795,0.8225150099325373,0.7782488882552262,0.8204213376307584,1205047200
2004-11-08,0.8132426142692566,0.8292449845339693,0.8054666799980593,0.811597796291184,526920800
2004-11-09,0.8083080053329468,0.8157849338876939,0.7982876521775999,0.8109996337221199,475764800
2004-11-10,0.8187764286994934,0.8283470297843952,0.8062143970517376,0.8068123037945267,508676000
2004-11-11,0.8270014524459839,0.8289452239633809,0.8109999299714121,0.8217672461344477,407299200
2004-11-12,0.82999187707901,0.8328334069336093,0.820122321675909,0.8226640495400521,395701600
2004-11-15,0.8261045217514038,0.8293941080725119,0.8126447271446069,0.8255057662253619,376045600
2004-11-16,0.821617066860199,0.8255054571686874,0.8147380947350571,0.8249075005399934,295103200
2004-11-17,0.8210192918777466,0.8292449286434463,0.8108498838228817,0.8253565374746715,397751200
2004-11-18,0.8283470273017883,0.829244785920659,0.8118966051921447,0.8120465061725433,459149600
2004-11-19,0.8250576257705688,0.8510786547306707,0.8150372696247927,0.8298429273642463,765279200
2004-11-22,0.9174783229827881,0.9571082001099895,0.8658843175622857,0.9242074463085004,2568210400
2004-11-23,0.9162813425064087,0.933928426574709,0.9129917073593506,0.9316848536737399,911450400
2004-11-24,0.9578558206558228,0.9750541509824128,0.9204687276752787,0.9225623497737347,1390788000
2004-11-26,0.9653335809707642,0.9834288210289286,0.9621930979635329,0.9772969074075678,550144000
2004-11-29,1.0235079526901245,1.0404063860334585,1.0081043366005036,1.0311347852619144,1712916800
2004-11-30,1.0027201175689697,1.0287418937296968,1.0027201175689697,1.0287418937296968,1028518400
2004-12-01,1.0137872695922852,1.0161798953706478,0.9910558271852522,1.0137872695922852,800553600
2004-12-02,0.9752036333084106,1.0004776595404203,0.9669788925235397,0.9889623835027171,987442400
2004-12-03,0.9373679757118225,0.9720627419281347,0.9234601788781412,0.9650338181409267,1238848800
2004-12-06,0.9837280511856079,0.990607025373662,0.9414056476877096,0.9608466566358451,1247920800
2004-12-07,0.9405086636543274,0.9979347757403629,0.935573461295451,0.9859706488097535,1056899200
2004-12-08,0.9463409781455994,0.9635392146101162,0.9279468279036633,0.9433503451114255,691902400
2004-12-09,0.9569589495658875,0.9630900648760229,0.9282454469430111,0.939311764152439,741501600
2004-12-10,0.9743063449859619,0.987765287856006,0.9675764242972112,0.972511626257243,775773600
2004-12-13,0.9707170724868774,0.9855226808829569,0.9660808730539262,0.9813353359182446,395040800
2004-12-14,0.9763999581336975,0.9852236007842078,0.9723616663217751,0.9780448257701186,415721600
2004-12-15,0.975951075553894,0.9789425062672947,0.96697848059438,0.9756520722503753,398361600
2004-12-16,0.9959912300109863,1.0094501770167532,0.9877655913808383,0.9892613072542362,1126115200
2004-12-17,0.9719138741493225,1.0025710533032133,0.9705680095983616,0.9995796219995273,783496000
2004-12-20,0.9379661679267883,0.9870175950611536,0.923609414039913,0.9790917596225834,1168126400
2004-12-21,0.9524719715118408,0.9536686838072154,0.9212167854748677,0.9505282000601897,1064414400
2004-12-22,0.9533693194389343,0.9624918627405148,0.948135115834542,0.9520234555317301,565829600
2004-12-23,0.9572581648826599,0.9608467045832347,0.9511262495411937,0.953369823131151,245929600
2004-12-27,0.9445462822914124,0.9743066557828489,0.9403589367025411,0.9690724488382115,559490400
2004-12-28,0.9597999453544617,0.9608468067065178,0.9279468476063173,0.9466400016480587,611755200
2004-12-29,0.96368807554245,0.971763760668292,0.9506779871698948,0.9542665260907685,449562400
2004-12-30,0.9690721035003662,0.9725115899180892,0.9603984120032635,0.9692211558985335,345340800
2004-12-31,0.9630901217460632,0.9720628173016038,0.957557012731702,0.970418049407199,278588800
2005-01-03,0.9464899897575378,0.9737076584815864,0.9361706388166574,0.9687724599674715,691992000
2005-01-04,0.9562112092971802,0.9790917042236,0.9417046051290484,0.9539676359285852,1096810400
2005-01-05,0.9645857214927673,0.9758019889280618,0.9578558012969433,0.9639869162334691,680433600
2005-01-06,0.9653335809707642,0.9707168382653543,0.9470884898462598,0.9671275008981869,705555200
2005-01-07,1.0356208086013794,1.041303868351893,0.9683242962464323,0.9720627861625936,2227450400
2005-01-10,1.0312846899032593,1.057305772764588,1.0151332150945962,1.0442947820800674,1725309600
2005-01-11,0.9654827117919922,1.0341250881720314,0.9592017452673139,1.0206661451690204,2611627200
2005-01-12,0.9789422750473022,0.985522243019571,0.9466394433104051,0.9787924240113834,1919702400
2005-01-13,1.043846607208252,1.1129378490663189,1.0427998458423562,1.1023195856313823,3164716800
2005-01-14,1.0498276948928833,1.0725591349113803,1.0347238843551463,1.0505755526005698,1770742400
2005-01-18,1.0565574169158936,1.0573052744829545,1.01318816724567,1.0445932931892106,1006460000
2005-01-19,1.0450423955917358,1.0686707468881917,1.0430986243612688,1.0541649422648933,751895200
2005-01-20,1.0537160634994507,1.065830040871074,1.0389112558882763,1.0416028848011445,914922400
2005-01-21,1.0541651248931885,1.070764654541486,1.0468372957697394,1.0664282569146992,911332800
2005-01-24,1.0582021474838257,1.073456604371097,1.0550616649493494,1.0614925808962234,841629600
2005-01-25,1.0774941444396973,1.0893083173947637,1.0608946214512078,1.0673247390101486,969231200
2005-01-26,1.080485463142395,1.0879623409309391,1.065081854958051,1.0866165768062603,739496800
2005-01-27,1.086318016052246,1.090505360835083,1.0700174913696419,1.0791392400634172,496227200
2005-01-28,1.1063563823699951,1.1063563823699951,1.0833259496509262,1.086018375925491,801612000
2005-01-31,1.1500250101089478,1.1648306154449046,1.114283482950038,1.1153303439333886,1681097600
2005-02-01,1.1594465970993042,1.1630359347077093,1.1452396967470644,1.1522686207216246,678395200
2005-02-02,1.1908515691757202,1.1950389128502823,1.1618390668932532,1.1657274072941985,1020062400
2005-02-03,1.1636335849761963,1.187860732864534,1.1564556107967474,1.182925532436338,731651200
2005-02-04,1.1790374517440796,1.1803833160727448,1.159446594932918,1.1645316479394128,563556000
2005-02-07,1.1805331707000732,1.1866642855487626,1.1589984446903276,1.1803832198020106,524456800
2005-02-08,1.2098445892333984,1.2170225650794482,1.1782895089744212,1.1824769527342331,890019200
2005-02-09,1.177541732788086,1.2261451954036175,1.1679711309426455,1.2119382951207676,1191456000
2005-02-10,1.171859860420227,1.1856178098708936,1.1464367855518551,1.1772431193767379,1093019200
2005-02-11,1.2144811153411865,1.2227059543473227,1.1805335004155744,1.1942914492382681,1201054400
2005-02-14,1.2656258344650269,1.2680184596321202,1.227042732004171,1.237211339047244,1271463200
2005-02-15,1.322155237197876,1.3321746936458367,1.2861139062905391,1.295984310332916,2312217600
2005-02-16,1.3478771448135376,1.3489239058861482,1.3063026103325028,1.3182667349812056,1639243200
2005-02-17,1.3131823539733887,1.359093283677819,1.3077982983253824,1.3556537975813028,1518473600
2005-02-18,1.2982277870178223,1.3139303020363724,1.2898530990300412,1.312135683252924,1163254400
2005-02-22,1.2754963636398315,1.3205103869865198,1.2754963636398315,1.2906001734065522,1219293600
2005-02-23,1.319463849067688,1.3227533853436932,1.279385017621638,1.2968814570769118,1345181600
2005-02-24,1.3299317359924316,1.3356139962738298,1.311985649130442,1.3232019159813795,1519028000
2005-02-25,1.3308290243148804,1.3445877703277505,1.3188648973471673,1.340250574633614,915510400
2005-02-28,1.3417466878890991,1.3501213795805567,1.3148278934034148,1.3363625296551627,651610400
2005-03-01,1.3309791088104248,1.3492234072938791,1.3208096989386895,1.3456348674134562,468188000
2005-03-02,1.3196126222610474,1.3426430651843881,1.3184167088555296,1.3235009631340844,458161200
2005-03-03,1.2499232292175293,1.3282861465754923,1.232874951157993,1.3270902333206571,1411653600
2005-03-04,1.280431866645813,1.2864130322286267,1.2517183583484348,1.2789361509548427,756618800
2005-03-07,1.2786372900009155,1.2935920525559699,1.2666732603216506,1.2801322071849484,450632000
2005-03-08,1.2122373580932617,1.2609898755105398,1.1993763215020623,1.2532138921607607,1021451200
2005-03-09,1.1769438982009888,1.2047595940145026,1.161391232473568,1.1856175904760091,1322465200
2005-03-10,1.191300868988037,1.2041619080946768,1.1694671326297335,1.1823281717363732,777109200
2005-03-11,1.2044602632522583,1.2140317615903358,1.1904034166723934,1.2026656447516713,632830800
2005-03-14,1.2059568166732788,1.220014570369063,1.1820294538534541,1.2119387821709864,605385200
2005-03-15,1.2250984907150269,1.230482547705429,1.2038627636164088,1.215527887648368,508608800
2005-03-16,1.2316786050796509,1.2654763703733278,1.2197153748080822,1.2325764139090207,697813200
2005-03-17,1.2636826038360596,1.2825257081334076,1.2358660032333304,1.2421470712771763,801920000
2005-03-18,1.284918189048767,1.2992749429069896,1.27115934208495,1.2959845082212802,940150400
2005-03-21,1.3070504665374756,1.3151261508324272,1.2819264038073952,1.2947874384541773,541128000
2005-03-22,1.281030297279358,1.3148280720663879,1.2765439473953577,1.3073502898105824,551415200
2005-03-23,1.2726547718048096,1.2980778391234749,1.2568023058476199,1.2696633411555085,609823200
2005-03-24,1.2711591720581055,1.2861139306446037,1.2711591720581055,1.2834223017209303,352704800
2005-03-28,1.2720569372177124,1.2849179732553004,1.2702622184941228,1.2786369069764638,275410800
2005-03-29,1.2487268447875977,1.2810297890817375,1.2412499640058685,1.2729540030911157,461356000
2005-03-30,1.2801319360733032,1.2801319360733032,1.2508205238123682,1.2582983028429864,394959600
2005-03-31,1.2463340759277344,1.2717571448817708,1.2439414503919959,1.2696634228282155,636134800
2005-04-01,1.2230044603347778,1.261588362086431,1.213433859679059,1.258895934932787,641284000
2005-04-04,1.2289867401123047,1.2355668100116621,1.2011710445382024,1.2259962076614588,580014400
2005-04-05,1.2529141902923584,1.263382602099612,1.2289868339985492,1.2328752752379464,556239600
2005-04-06,1.2660750150680542,1.2804317681119388,1.2606909581326224,1.2681687373385877,414825600
2005-04-07,1.302863359451294,1.3085464195198953,1.2636823416632692,1.2660749673567975,506987600
2005-04-08,1.3082473278045654,1.3294830524515249,1.302265264804021,1.30705061570197,649950000
2005-04-11,1.2538118362426758,1.323500972455011,1.2535128329306504,1.3205104401639534,821662800
2005-04-12,1.275944471359253,1.29179693811508,1.2565034656865166,1.2708602170423398,981061200
2005-04-13,1.2274909019470215,1.2858148147303343,1.2080498971883862,1.2846189013720246,1371946800
2005-04-14,1.1144328117370605,1.1832251528829598,1.1018707763238382,1.1607926116303058,2753192400
2005-04-15,1.0573054552078247,1.114133555111029,1.055211733197776,1.0952905561913917,1728087200
2005-04-18,1.0653815269470215,1.0857203484725253,1.0169279979954489,1.0468374247728227,1327177600
2005-04-19,1.109347939491272,1.1198162465980548,1.0728576673845647,1.0946921897408233,1081642800
2005-04-20,1.0620908737182617,1.1287894877385867,1.059997251212117,1.1263968618751437,945131600
2005-04-21,1.1120396852493286,1.1129373938189002,1.0737555894826876,1.0887102441956533,759592400
2005-04-22,1.0617916584014893,1.1066566289956272,1.043846369002927,1.1018704797165886,839129200
2005-04-25,1.1060577630996704,1.1072544750636066,1.0800367904038934,1.0914020099489397,746460400
2005-04-26,1.0824297666549683,1.1219105920130794,1.0803360441684453,1.1000760575107689,810507600
2005-04-27,1.0752516984939575,1.0875139308298563,1.0620908587520095,1.073456979536225,613888800
2005-04-28,1.062988042831421,1.0869153852439803,1.0540145531501057,1.085419670518273,575106000
2005-04-29,1.07854163646698,1.0836266915771688,1.0534174608711224,1.0812332664036797,671630400
2005-05-02,1.0896074771881104,1.0961882454160166,1.0773452468323477,1.0830274077993138,465920000
2005-05-03,1.083027720451355,1.0988801913925634,1.0776444614009744,1.088710781566353,496739600
2005-05-04,1.1111433506011963,1.112638167924475,1.0797382100257773,1.080037213424109,448176400
2005-05-05,1.0970854759216309,1.1147318674351192,1.0908045078373139,1.1141338606508573,387366000
2005-05-06,1.1138349771499634,1.116526606732737,1.1003759307283891,1.103366563708678,326247600
2005-05-09,1.1057591438293457,1.120115898684707,1.0991791725085247,1.1150316431284786,355695200
2005-05-10,1.089308500289917,1.11413356225458,1.0866168714765057,1.099178904114862,440263600
2005-05-11,1.0650821924209595,1.0668769112143315,0.9903078999665078,1.0528191625347132,2041981200
2005-05-12,1.0208159685134888,1.0644832262405746,1.0169275281886307,1.0593989724619397,970242000
2005-05-13,1.039957880973816,1.053715824412915,1.019021163886777,1.0229095040489302,702713200
2005-05-16,1.0632877349853516,1.067774083817788,1.032779604516559,1.0336773135534825,474294800
2005-05-17,1.057604432106018,1.0605958630932606,1.0330783719079835,1.051024461977258,588344400
2005-05-18,1.0719610452651978,1.1234059843063469,1.0465379783733326,1.0602959235074334,636722800
2005-05-19,1.1231058835983276,1.1269942232052448,1.0701660420127064,1.0701660420127064,793161600
2005-05-20,1.1231058835983276,1.1260973134016978,1.112338573254145,1.1141331915342607,452650800
2005-05-23,1.1892067193984985,1.1933940631351987,1.1320796223140128,1.1320796223140128,1042574400
2005-05-24,1.187412142753601,1.1960857339779067,1.1673731320340306,1.179935163688763,593460000
2005-05-25,1.1898051500320435,1.194890204254398,1.1760472006401865,1.1814304595736862,396006800
2005-05-26,1.2185187339782715,1.224500698884962,1.1945913735224654,1.1945913735224654,525520800
2005-05-27,1.2131344079971313,1.220014280666147,1.196684830416689,1.2155279324009398,316008000
2005-05-31,1.1892067193984985,1.2185182253895495,1.1838226637105354,1.2161255003260707,404205200
2005-06-01,1.2053583860397339,1.219116332792623,1.1921975474338973,1.193095356089046,453812800
2005-06-02,1.19758141040802,1.2059561977402984,1.1844214724371036,1.197880413686957,373973600
2005-06-03,1.1437442302703857,1.153913639676575,1.129687377603468,1.1413516042351353,956869200
2005-06-06,1.1341732740402222,1.1554089965592689,1.1234059610548233,1.1464364021283566,811966400
2005-06-07,1.092897891998291,1.128490369486567,1.0902062630515919,1.1246020283932825,745264800
2005-06-08,1.1042633056640625,1.1141337108050555,1.093794993653411,1.0955896127699551,404006400
2005-06-09,1.1260979175567627,1.1347716110617352,1.1012728505337428,1.1066569079309088,390255600
2005-06-10,1.0710643529891968,1.1186200625506617,1.0623898613936034,1.1186200625506617,678932800
2005-06-13,1.0737557411193848,1.094991463628275,1.0713631158283874,1.0734567378336242,435772400
2005-06-14,1.0767462253570557,1.0812325718723519,1.0692692473892649,1.0743535005599552,347846800
2005-06-15,1.110544204711914,1.1156292576086075,1.0857199418665748,1.102768321723445,563343200
2005-06-16,1.1359678506851196,1.138958482175467,1.1012723922637047,1.1123387071525594,547674400
2005-06-17,1.1458379030227661,1.1527176759587623,1.1314811490926253,1.1506240533931602,596125600
2005-06-20,1.1249006986618042,1.1392574464718055,1.1201153490047886,1.1320794719033502,323716400
2005-06-21,1.1323786973953247,1.1422491007239166,1.1180219467675028,1.1281913533931083,370526800
2005-06-22,1.1530171632766724,1.1545120808988996,1.1407541265991883,1.1443434663395338,424925200
2005-06-23,1.163185715675354,1.1898046939353217,1.1560069416732104,1.1613909972162813,674254000
2005-06-24,1.1293877363204956,1.1700653833315193,1.1269951097331523,1.1691675743145797,410709600
2005-06-27,1.1096469163894653,1.1395562219365496,1.0970847884246147,1.101870137544373,600171600
2005-06-28,1.1159284114837646,1.12430310088883,1.111741066781232,1.1213125682477607,350299600
2005-06-29,1.0878134965896606,1.1153302850018405,1.0803357188639495,1.1135355664339104,448358400
2005-06-30,1.1009737253189087,1.1114420369083153,1.0860189659528507,1.0949916618378133,418390000
2005-07-01,1.0917013883590698,1.1057591397778648,1.0854204204463211,1.1015717945579706,250000800
2005-07-05,1.1359678506851196,1.1410521039201618,1.0917008939493247,1.0931966090310574,454269200
2005-07-06,1.1183209419250488,1.1413513857426565,1.1126378821327012,1.127892442575581,394626400
2005-07-07,1.1254993677139282,1.1293868086786565,1.100674215037865,1.1009732182400367,383723200
2005-07-08,1.144042730331421,1.1449405387462055,1.1207133888241023,1.1326774122444725,290735200
2005-07-11,1.139556646347046,1.1560071199441082,1.1299860443772296,1.1476324314045996,388788400
2005-07-12,1.1437442302703857,1.148530380848536,1.1338747227506145,1.1434453267258,387038400
2005-07-13,1.1470345258712769,1.1515208738525726,1.1335747830881917,1.1452398069772505,684835200
2005-07-14,1.2188173532485962,1.2565035536520315,1.2032647872235869,1.2200141652543721,2096060400
2005-07-15,1.2427457571029663,1.2433436640074091,1.210143907259103,1.2253975716320937,687682800
2005-07-18,1.2409509420394897,1.2591952376991742,1.2373615042069337,1.2385583162650269,586297600
2005-07-19,1.2917970418930054,1.292993754076973,1.228388866956469,1.2418478107837172,671062000
2005-07-20,1.3049566745758057,1.3100418266092226,1.2756452696330687,1.2819263348950136,453395600
2005-07-21,1.2947872877120972,1.317219719289961,1.283122966389325,1.307050314367706,404264000
2005-07-22,1.3160239458084106,1.3160239458084106,1.2977788555950085,1.299274570827382,301106400
2005-07-25,1.3103408813476562,1.3243986277569768,1.3079482561234497,1.3157241383508973,294627200
2005-07-26,1.3049566745758057,1.3193134236985784,1.2968809907149776,1.3163228918711676,268592800
2005-07-27,1.3157246112823486,1.3181180360400566,1.276244583711475,1.310939259279712,283749200
2005-07-28,1.3100425004959106,1.3160245655693654,1.2950878369832584,1.3115374177590935,251311200
2005-07-29,1.275645136833191,1.327389069206919,1.2639809158279085,1.3028629170778943,562080400
2005-08-01,1.2786372900009155,1.2885068981759848,1.2585974729000677,1.2732532320514771,314249600
2005-08-02,1.2917970418930054,1.3010686411693104,1.2744496570168413,1.2828243461187272,296875600
2005-08-03,1.2926936149597168,1.295386041961719,1.2792346746422814,1.291796705019193,258322400
2005-08-04,1.2774401903152466,1.2861138820806628,1.2648781576366337,1.2828242466326105,269304000
2005-08-05,1.2858150005340576,1.296881318856481,1.2568024916819958,1.2708603409302126,241931200
2005-08-08,1.275645136833191,1.2935913209537495,1.2744492237291625,1.2861135445685798,176383200
2005-08-09,1.3106400966644287,1.3127337189499344,1.2834223081136982,1.2840202149311075,380839200
2005-08-10,1.2974799871444702,1.3276883065022247,1.2953862651371968,1.3160240825635543,360945200
2005-08-11,1.3160239458084106,1.3196124843231396,1.2935915118497512,1.2977788555950085,271983600
2005-08-12,1.3788340091705322,1.3824226472778403,1.2968809597857798,1.2998723900491576,916036800
2005-08-15,1.426090955734253,1.4455319600383987,1.3893025691687704,1.3901994792079955,1086727600
2005-08-16,1.383320689201355,1.4207078859558067,1.3821239770398577,1.4174174516410665,537622400
2005-08-17,1.4102388620376587,1.4189125505437201,1.3869086256570746,1.387806433932014,499724400
2005-08-18,1.3848158121109009,1.4057525375883348,1.3683662337774898,1.4030609082075223,442559600
2005-08-19,1.3707588911056519,1.3967799723984056,1.3689641719748873,1.384217836990713,376569200
2005-08-22,1.3719546794891357,1.3982755604332107,1.3537103833154562,1.380329369106557,387732800
2005-08-23,1.3680659532546997,1.3788340643587684,1.355503922361747,1.3713563869083156,295604400
2005-08-24,1.368963599205017,1.409341418308097,1.3635795438995792,1.3638785471563897,572070800
2005-08-25,1.3776371479034424,1.3904981801574554,1.3701593717290488,1.3794318660990457,276253600
2005-08-26,1.3680659532546997,1.3860120396996867,1.3567006342827972,1.3794320708997787,261058000
2005-08-29,1.3710577487945557,1.3767408091306768,1.353710363109442,1.3540093664595814,256295200
2005-08-30,1.3928914070129395,1.3994714775141361,1.3734503985330493,1.3755441208597237,518761600
2005-08-31,1.4024628400802612,1.4066501846944184,1.3839187427401798,1.4015650313847672,402956400
2005-09-01,1.3836195468902588,1.4108373330124313,1.3785343942881276,1.4057521804103001,356367200
2005-09-02,1.3824228048324585,1.399770985853387,1.3794321729013832,1.384815430178304,222378800
2005-09-06,1.4595898389816284,1.461982464531762,1.3922933268932212,1.3967796745095071,818619200
2005-09-07,1.4560004472732544,1.4775359732741589,1.4332698065516014,1.4670675630003096,963074000
2005-09-08,1.488901138305664,1.4990705448934278,1.4697591369869845,1.4760402028840143,702640400
2005-09-09,1.5346635580062866,1.5358602704495263,1.4892006649344423,1.4975753558507343,615641600
2005-09-12,1.5373544692993164,1.5442343396645248,1.5128292134852164,1.5283818756076604,452796400
2005-09-13,1.5200071334838867,1.5340648786243514,1.505052378592145,1.5259890953410675,492884000
2005-09-14,1.4838168621063232,1.5310736584371816,1.479330514890786,1.5271852179703616,474426400
2005-09-15,1.4915930032730103,1.5008655012761833,1.4754424300329312,1.4954814444139095,415156000
2005-09-16,1.531672477722168,1.531672477722168,1.4939863796037072,1.5023610680744763,591004400
2005-09-19,1.5744428634643555,1.5819206415122062,1.526886363477921,1.526886363477921,783731200
2005-09-20,1.5908933877944946,1.6094374844380244,1.5828177022102288,1.5849114243557483,819828800
2005-09-21,1.558590292930603,1.5867057860866238,1.551113413890848,1.5840141575527045,434747600
2005-09-22,1.552309274673462,1.5693584511629057,1.5349618935863079,1.551711268131686,463727600
2005-09-23,1.591192364692688,1.6001650601163449,1.5505156329567287,1.5582915164090163,558457200
2005-09-26,1.6103347539901733,1.631869386570411,1.5947820858128918,1.6160178148496382,546562800
2005-09-27,1.5983701944351196,1.6222983450960657,1.598071191138087,1.612726945063869,341703600
2005-09-28,1.5277841091156006,1.5885006493455176,1.5131283546402496,1.58730393727342,1125544000
2005-09-29,1.5654703378677368,1.5729473180500886,1.5197085515827728,1.5322705851150338,636846000
2005-09-30,1.603455662727356,1.6046515763168103,1.551711709350556,1.5651715525726477,531633200
2005-10-03,1.628280758857727,1.6312713914779193,1.60554931532198,1.6199060690467557,507553200
2005-10-04,1.6076431274414062,1.655498643081688,1.604352692602587,1.64353451458616,539459200
2005-10-05,1.5786305665969849,1.625888173865736,1.5777336563240592,1.6249903650851905,610769600
2005-10-06,1.5463283061981201,1.5998660750308904,1.5215032429157194,1.5911923828328625,757537200
2005-10-07,1.5343639850616455,1.5532070825459905,1.5119315502534403,1.5469261166073112,677882800
2005-10-10,1.5065487623214722,1.552609659446043,1.5038563341947193,1.5481224123470343,507505600
2005-10-11,1.5430376529693604,1.551412340651174,1.5074451804045765,1.5322703399986743,1225884800
2005-10-12,1.473049521446228,1.5044546502082938,1.4317739897238064,1.4551033342455815,2697486400
2005-10-13,1.6073440313339233,1.6136249987633544,1.4736477983007745,1.4787321532813202,1865575600
2005-10-14,1.6151196956634521,1.6255881063983513,1.5789293121595265,1.6160175042974043,1035552000
2005-10-17,1.5983701944351196,1.6219994416331889,1.575639554474644,1.6145216636851576,616834400
2005-10-18,1.5615817308425903,1.6136245749508602,1.561282727560167,1.592687855961413,609588000
2005-10-19,1.6432348489761353,1.643832855491546,1.5316721910727675,1.5573942582985674,1008683200
2005-10-20,1.6791268587112427,1.6898941734859239,1.6255881899975715,1.6291775278688592,1357762000
2005-10-21,1.6647700071334839,1.7042509267200763,1.6557974112075613,1.7000634823415852,796726000
2005-10-24,1.6985677480697632,1.6985677480697632,1.6477216074278442,1.652506958590778,609753200
2005-10-25,1.677930235862732,1.7003625767870358,1.6656680028618396,1.686903731303862,465127600
2005-10-26,1.7057466506958008,1.721598120437,1.6725467976781554,1.6833141125109898,631593200
2005-10-27,1.6572929620742798,1.7051476674876604,1.6572929620742798,1.7045496608756252,411541200
2005-10-28,1.6291769742965698,1.687799877806046,1.6202043814233826,1.6761356568221049,769787200
2005-10-31,1.7224957942962646,1.7341600177175016,1.6375520027103148,1.6510118432568757,940844800
2005-11-01,1.7198033332824707,1.7389461340474492,1.700960234664585,1.7120274502602295,749686000
2005-11-02,1.7930822372436523,1.794577952815743,1.7227949864510554,1.7263844242883901,857060400
2005-11-03,1.849911093711853,1.8639679437341314,1.7966713308279403,1.802354490473174,884382800
2005-11-04,1.8289742469787598,1.8316659756836005,1.7832124629765538,1.8050459947728321,878035200
2005-11-07,1.801457166671753,1.844527431433498,1.7987654373546957,1.8200011670124077,638831200
2005-11-08,1.7915875911712646,1.805944346349125,1.7676593330942056,1.7930825082959554,473765600
2005-11-09,1.7978678941726685,1.8307678391795015,1.794577560235873,1.794577560235873,552930000
2005-11-10,1.8298709392547607,1.8304689458203904,1.764967160219548,1.8137195706068967,665344400
2005-11-11,1.8406383991241455,1.8576868788161138,1.8346563363070911,1.8406383991241455,425448800
2005-11-14,1.8379470109939575,1.853798680000238,1.8217956398189101,1.840638540131187,369933200
2005-11-15,1.8627722263336182,1.8866994817622695,1.8382459658873516,1.8424334102971625,536841200
2005-11-16,1.9426307678222656,1.9459203036957922,1.8869983767311898,1.888793195424187,784515200
2005-11-17,1.9297688007354736,1.9704456143462672,1.9216930190167483,1.961771826242545,676205600
2005-11-18,1.9309654235839844,1.9569873978121435,1.925283262368379,1.953397960319244,524960800
2005-11-21,1.9429292678833008,1.949808240046093,1.9058410814132416,1.9387420240302324,511711200
2005-11-22,1.9895881414413452,1.9967668156694038,1.9297693171246453,1.9393398178644807,540282400
2005-11-23,2.007235288619995,2.033256261385849,1.9946733570771817,2.0003555176113297,485853200
2005-11-25,2.073934316635132,2.079915581527851,2.018899930832114,2.0236861806900177,395012800
2005-11-28,2.0835049152374268,2.125677263261254,2.0658584276041583,2.1152088522119707,1018519600
2005-11-29,2.036846160888672,2.1026470643720763,2.0144136217507023,2.093375464670507,891433200
2005-11-30,2.028470993041992,2.059278214400913,2.0194982989721297,2.046716083300166,595674800
2005-12-01,2.141529083251953,2.14541742319968,2.058081122926732,2.062268565947361,812893200
2005-12-02,2.1723363399505615,2.1756258748075195,2.1146104441714884,2.161568030125336,895762000
2005-12-05,2.1481099128723145,2.1693456395733857,2.138239507966661,2.151998254198784,583671200
2005-12-06,2.2148077487945557,2.2381369899134507,2.1938709329331627,2.2112183122352063,857029600
2005-12-07,2.2118167877197266,2.2270712474097007,2.18699242530222,2.220191475906438,679464800
2005-12-08,2.215705633163452,2.218398161020773,2.1714393570462756,2.1893855493945127,790479200
2005-12-09,2.2231829166412354,2.230959598255959,2.1938714080214603,2.2195934793045846,555402400
2005-12-12,2.240530014038086,2.2536899514725004,2.2300616051751243,2.2393340009710974,524994400
2005-12-13,2.242624282836914,2.2569810367920713,2.2195939354042657,2.238735941230545,493816400
2005-12-14,2.153792381286621,2.1923754845488426,2.101749638045791,2.169345144034785,1450716400
2005-12-15,2.158876657485962,2.179215468612227,2.1340514995291886,2.173831413145377,561162000
2005-12-16,2.1268744468688965,2.1624669308543467,2.125378731122422,2.157681479072776,671171200
2005-12-19,2.1349496841430664,2.1714390724587,2.1247803761468775,2.126874098313103,529295200
2005-12-20,2.15678334236145,2.1648591275816536,2.127172928560685,2.1424265905271946,479108000
2005-12-21,2.1983582973480225,2.201648632356734,2.1696447882599212,2.1714394075364734,475736800
2005-12-22,2.2139101028442383,2.2279679489996873,2.201348171573836,2.210620567642536,370610800
2005-12-23,2.19387149810791,2.2210892858721283,2.1923757826830355,2.2183977568469904,229857600
2005-12-27,2.2201905250549316,2.2486049116286937,2.2118158404548858,2.213311555171023,590590000
2005-12-28,2.2004518508911133,2.2360443318032135,2.1929740714779085,2.227370538967534,398115200
2005-12-29,2.137042999267578,2.207929038572662,2.1361452906020824,2.2067322267975324,490025200
2005-12-30,2.1502039432525635,2.1663553175625325,2.1038439422121487,2.120892426519209,624262800
2006-01-03,2.2357444763183594,2.2357444763183594,2.1609703013770374,2.164858641535992,807234400
2006-01-04,2.242326021194458,2.2725344547496333,2.228268166747222,2.24711127443541,619603600
2006-01-05,2.2246785163879395,2.240231080135849,2.2058354189450986,2.2381373582714654,449422400
2006-01-06,2.282104730606079,2.294068856654348,2.229762877154854,2.2506996984026744,704457600
2006-01-09,2.274627208709717,2.3090238753097183,2.2653556089815527,2.2949660256174362,675040800
2006-01-10,2.418492317199707,2.4492995391806587,2.2680468424081326,2.280608774094219,2279869200
2006-01-11,2.5094187259674072,2.536336616107811,2.470236806036079,2.5076241067794807,1493794400
2006-01-12,2.5210824012756348,2.5841917645860817,2.501043489729812,2.5414212146273565,1280809600
2006-01-13,2.559964895248413,2.572526824961071,2.530354489734097,2.5420187108924086,776305600
2006-01-17,2.5336451530456543,2.5835943900765286,2.5085210827614857,2.5632555717488277,835623600
2006-01-18,2.4672446250915527,2.5139043104642247,2.448102625241358,2.4848919080793777,1200637200
2006-01-19,2.3640570640563965,2.442420893873677,2.3550845682720074,2.4301578639965196,1695848000
2006-01-20,2.2758243083953857,2.393967086352718,2.268047624604104,2.371236439434595,1134758800
2006-01-23,2.3230814933776855,2.3796105920170514,2.273132264814302,2.2761226973605178,1059730000
2006-01-24,2.2743287086486816,2.3754240057461975,2.266252921222635,2.355682992369701,1142254400
2006-01-25,2.2192938327789307,2.3179954395914346,2.1908792437532623,2.3147057055002183,1275786400
2006-01-26,2.163362979888916,2.25608334247082,2.151399654700366,2.2291646627868498,1181387200
2006-01-27,2.154391050338745,2.201348855470515,2.126575251169147,2.18190774630573,953864800
2006-01-30,2.2432217597961426,2.2910772622308797,2.1196949625236927,2.1286684557558693,1398401200
2006-01-31,2.258476495742798,2.283301659224878,2.205835736118735,2.2581775922446425,913542000
2006-02-01,2.255783796310425,2.28688992149634,2.2324543521722156,2.241726748474321,521186400
2006-02-02,2.156484842300415,2.253990492813163,2.1549891265707544,2.246213809294431,707322000
2006-02-03,2.1490066051483154,2.1771221014510287,2.124780248451061,2.1606716279448093,692123600
2006-02-06,2.012917995452881,2.1687477662480004,1.9961686157378735,2.154092108914458,1651767600
2006-02-07,2.0218911170959473,2.0781215094658605,1.9943744266976342,2.041930228942198,1388830800
2006-02-08,2.058081865310669,2.0661576511920936,1.9740358681911447,2.048510363856932,953114400
2006-02-09,1.9426307678222656,2.070643929889533,1.930068634317991,2.0667553890011003,1149764000
2006-02-10,2.0132172107696533,2.0239845228657134,1.8813157407441807,1.9495092498013296,1760477600
2006-02-13,1.9354521036148071,1.9964685581073012,1.9333585808592308,1.9928791199979075,883498000
2006-02-14,2.023087739944458,2.0368464886261752,1.944126882661242,1.9471175156465956,1160938800
2006-02-15,2.070345163345337,2.0823092921216975,1.9964686648350176,2.0087308984889334,1159771200
2006-02-16,2.110722541809082,2.123882681893332,2.078121694103789,2.0909827310193814,948175200
2006-02-17,2.1023476123809814,2.120293800448527,2.0820089985743913,2.1026467155154407,575999200
2006-02-21,2.066157102584839,2.117601039006792,2.0541929785298203,2.111320073546199,779606800
2006-02-22,2.133155584335327,2.1436239980460425,2.0338551058690415,2.0637654298093255,978238800
2006-02-23,2.1460165977478027,2.1834037035371625,2.136445094536922,2.147213410027378,856917600
2006-02-24,2.1373419761657715,2.180112320639679,2.12956509610623,2.157680587083254,534744000
2006-02-27,2.123283624649048,2.1570814673112135,2.113114321614684,2.1531929283743336,791240800
2006-02-28,2.0485098361968994,2.1654567537435536,2.036845613823831,2.140931297577537,1266980400
2006-03-01,2.066756010055542,2.078421236889532,2.034454055915062,2.058979325278481,763817600
2006-03-02,2.0820095539093018,2.09337567571875,2.0538948501126755,2.0634661529683225,625273600
2006-03-03,2.025480031967163,2.090982830341162,2.019797870166118,2.075728168678366,737668400
2006-03-06,1.958482027053833,2.0254795259304146,1.9423314575558535,2.024582615942593,912665600
2006-03-07,1.9833065271377563,2.0009538061030745,1.9465182510267058,1.9668562593329224,872877600
2006-03-08,1.9638659954071045,2.0099268736722546,1.95459439847168,1.9827090910459517,653251200
2006-03-09,1.912122368812561,1.988093365256564,1.9085337302842365,1.973437711332399,799304800
2006-03-10,1.889989972114563,1.928871985910322,1.867856337890844,1.915711845978834,1043142800
2006-03-13,1.9644644260406494,1.982410415937636,1.93784544286208,1.9456213263337279,861187600
2006-03-14,2.013516664505005,2.013516664505005,1.9590812839515652,1.967156870064869,642020400
2006-03-15,1.9809138774871826,2.0350505285094393,1.9596781609957483,2.025180128349244,891996000
2006-03-16,1.9234884977340698,2.000954411230761,1.9231893946046819,1.9994586959155105,749638400
2006-03-17,1.9339563846588135,1.9602762549182844,1.9175059166589383,1.9366479127589036,812042000
2006-03-20,1.9139169454574585,1.957884105930628,1.9103275083348925,1.950706230027022,605441200
2006-03-21,1.848713994026184,1.9243852838740578,1.8361520627373755,1.848713994026184,1345366400
2006-03-22,1.8445271253585815,1.8917846276986416,1.8325629985197427,1.8591827813994823,1345895600
2006-03-23,1.7993632555007935,1.851406212088243,1.7829135784338905,1.8490133865742568,1427826400
2006-03-24,1.7933822870254517,1.822693805415034,1.7655656858243272,1.8020560812799993,1071980000
2006-03-27,1.7799220085144043,1.8358533022039536,1.7766324726940432,1.8050460754485589,1108072000
2006-03-28,1.7559946775436401,1.798765030743038,1.742235932506064,1.7835113689454871,1370322800
2006-03-29,1.8642663955688477,1.8699495538372295,1.724888152021588,1.7685562039757006,2346834000
2006-03-30,1.876828908920288,1.8932793822451193,1.8403395231999509,1.8789226309375986,1390650800
2006-03-31,1.8759323358535767,1.9025521212338559,1.8615755819667015,1.8917848054041457,815357200
2006-04-03,1.8738380670547485,1.9178052261551748,1.8726414549390502,1.9043463847951296,815791200
2006-04-04,1.8295725584030151,1.8609775959817376,1.8259831203058374,1.85738815788456,931924000
2006-04-05,2.0102264881134033,2.0102264881134033,1.9187027057326638,1.93545208563181,2233408800
2006-04-06,2.130763053894043,2.154989419033043,2.039837262374354,2.0428286942396543,2663768800
2006-04-07,2.087393283843994,2.129864735590367,2.047912464433935,2.1214900465743445,1545238800
2006-04-10,2.0538933277130127,2.1214888070121694,2.0473132615454404,2.1023466148263057,903515200
2006-04-11,2.033554792404175,2.072736490927155,2.006037912462129,2.0634648959389543,939316000
2006-04-12,1.9952718019485474,2.0389400721997775,1.9830087699325813,2.0341548201475015,739894400
2006-04-13,1.9880949258804321,2.017106554369743,1.9683541039512984,1.9842065821671178,734678000
2006-04-17,1.9384428262710571,1.9991593566881025,1.924684083944099,1.9892889545839803,721938000
2006-04-18,1.9806157350540161,1.988093513474091,1.9378453822722745,1.945322162350727,794844400
2006-04-19,1.963566780090332,2.003944493471544,1.9581825259017207,1.9985612376242117,1086033200
2006-04-20,2.0227882862091064,2.0936741356161277,1.9800177336461964,2.079018480560679,1666982800
2006-04-21,2.005141496658325,2.0529969952308806,1.9880932186375866,2.0395373554738097,788986800
2006-04-24,1.9665576219558716,2.0015522864609725,1.9590808428851096,1.999458564692666,707028000
2006-04-25,1.9791207313537598,1.9916826688374933,1.9608764309802154,1.9728397626118932,529062800
2006-04-26,2.0383408069610596,2.0422283476409753,1.985998975220136,1.9934759518940341,710886400
2006-04-27,2.0745325088500977,2.0894870700976935,2.014413762976132,2.0257800841048907,845947200
2006-04-28,2.1053390502929688,2.1325568366172836,2.069746775511665,2.0751300329454754,760037600
2006-05-01,2.081709384918213,2.139734380431565,2.068549449234318,2.1167038440628883,750380400
2006-05-02,2.142127752304077,2.152895066922409,2.0969645720044983,2.0981605853294956,771663200
2006-05-03,2.1277706623077393,2.1519978151927677,2.0990579609950903,2.1484083781091563,686991200
2006-05-04,2.127472162246704,2.1801129233076195,2.1074330482181747,2.1301636914819184,860420400
2006-05-05,2.1502039432525635,2.1609712599013795,2.128070304837799,2.1493068332554723,563911600
2006-05-08,2.1502039432525635,2.207331061273422,2.145119587818349,2.1831046986477713,594851600
2006-05-09,2.124481439590454,2.170243225027057,2.112218209950527,2.1481097907111306,531666800
2006-05-10,2.1116206645965576,2.133454199782416,2.0820094478946842,2.132257587318023,459888800
2006-05-11,2.0383408069610596,2.118797324912403,2.0203946253323584,2.1173016101084356,812688800
2006-05-12,2.024881362915039,2.054491769659467,1.999757302777717,2.0293677095221447,641774000
2006-05-15,2.027573823928833,2.0452209123243317,2.007534708661595,2.015011689485136,529177600
2006-05-16,1.9435276985168457,2.0413324397099584,1.9366487248530375,2.0368460917692843,936740000
2006-05-17,1.951902151107788,1.9650630885022007,1.9163096763975112,1.935451678203879,754194000
2006-05-18,1.889690637588501,1.9818124045034933,1.8878960188171094,1.964464223378399,658442400
2006-05-19,1.9294698238372803,1.9405360363956963,1.8789218136016634,1.8920825459395534,985866000
2006-05-22,1.8956719636917114,1.9139170554645806,1.8774276705921087,1.9103276181357027,718975600
2006-05-23,1.888792872428894,1.9498083114865752,1.884306525302778,1.9399387072120673,694414000
2006-05-24,1.8944764137268066,1.9037482139471684,1.841236840749865,1.8840082006603684,916031200
2006-05-25,1.9240858554840088,1.927675291867032,1.8929797362942233,1.9219923337353302,463372000
2006-05-26,1.9007571935653687,1.930965413758532,1.8884941640621333,1.9234886336686847,432950000
2006-05-30,1.8310678005218506,1.8932792538482817,1.8310678005218506,1.8929801507232358,563402000
2006-05-31,1.787698745727539,1.8481161826768873,1.755395806090023,1.8472184739150874,1280977600
2006-06-01,1.859481930732727,1.8627724653851059,1.7802213769619173,1.7900917829088647,942508000
2006-06-02,1.8442281484603882,1.8872976103507697,1.8208986985323194,1.8840080742498726,685787200
2006-06-05,1.7945775985717773,1.828974058231485,1.793680688543267,1.828974058231485,605785600
2006-06-06,1.7862030267715454,1.8134208136086347,1.7619766706823066,1.8011575848226584,726037200
2006-06-07,1.7515078783035278,1.8065414465855425,1.745226913378549,1.7975687536460154,750506400
2006-06-08,1.8173097372055054,1.8223938932299653,1.7093354653194337,1.7479193835602773,1397482800
2006-06-09,1.771846055984497,1.8412361791064857,1.767658612527976,1.829870860157953,775838000
2006-06-12,1.7048486471176147,1.7865020113351988,1.703652833503806,1.776632405903478,717785600
2006-06-13,1.74462890625,1.7676592546216465,1.7156164936246536,1.7230940739417786,1080643200
2006-06-14,1.7230939865112305,1.758088661282998,1.6955772910138844,1.7431339007442914,878136000
2006-06-15,1.7760335206985474,1.786800834446676,1.697371790571332,1.7138220640030868,1190383600
2006-06-16,1.7215979099273682,1.770351321563511,1.720402096393102,1.76347155012643,838101600
2006-06-19,1.7108304500579834,1.7401419557562088,1.704848387873674,1.7296735466019642,704575200
2006-06-20,1.7189064025878906,1.7452272791119654,1.7135223464256757,1.7230936468592726,672974400
2006-06-21,1.7305716276168823,1.7559947983653685,1.713822249233605,1.7269823895340342,863296000
2006-06-22,1.7820158004760742,1.7871009538329459,1.7368528179964593,1.7407403606326417,965633200
2006-06-23,1.7595831155776978,1.799662938052758,1.7565926830546872,1.7862030965084787,660203600
2006-06-26,1.764369010925293,1.7706499762051788,1.7458248188418328,1.7697522675902961,466536000
2006-06-27,1.717710256576538,1.7712489404582583,1.7168133461498298,1.767360598149773,550611600
2006-06-28,1.6755369901657104,1.7138217867139212,1.6572926998433,1.7135220846162125,850704400
2006-06-29,1.7637710571289062,1.7673604956431,1.686604817964561,1.6976712384023798,873398400
2006-06-30,1.7129242420196533,1.7272809921820516,1.6898939006711493,1.7224957415750946,739695600
2006-07-03,1.733263373374939,1.740142347097315,1.7150182792779476,1.7204023361229455,194770800
2006-07-05,1.7048486471176147,1.72279483639949,1.691688707315889,1.709334994769756,518240800
2006-07-06,1.668060302734375,1.7168127176926,1.6632741532434279,1.7075411192022831,633208800
2006-07-07,1.6569929122924805,1.6913894687663136,1.6351591849980904,1.659386336060911,799360800
2006-07-10,1.6450296640396118,1.6895947295002172,1.6300750077390338,1.6659663825287185,529345600
2006-07-11,1.66447114944458,1.6746405582766044,1.630972390158747,1.6483197765254378,825022800
2006-07-12,1.584014654159546,1.6522081891107319,1.5828179418213018,1.6501144666482592,927329200
2006-07-13,1.5627778768539429,1.6187091696406501,1.5376538103253405,1.556197906811927,1249906000
2006-07-14,1.5155210494995117,1.5819206479353536,1.5002673885482665,1.5702555257817556,993036800
2006-07-17,1.566367268562317,1.588500702167948,1.5448325404322023,1.5472251659826823,1024542400
2006-07-18,1.5822196006774902,1.610633199717248,1.55081447119858,1.5899954833020429,1000448400
2006-07-19,1.6181111335754395,1.6474226438268658,1.5660682826633312,1.5840143721698268,1390743200
2006-07-20,1.8095322847366333,1.8421341279917767,1.7862030382524898,1.8232912289849716,1972146400
2006-07-21,1.8161126375198364,1.8289744740137455,1.7838106910420728,1.7891947481250685,891892400
2006-07-24,1.8370493650436401,1.857387981539223,1.807438949490618,1.8322639139279184,722856400
2006-07-25,1.8523041009902954,1.8570893531465735,1.8179074305525968,1.847817752383961,589069600
2006-07-26,1.9103280305862427,1.9333585778773013,1.844826226153644,1.854397728316665,898427600
2006-07-27,1.8962706327438354,1.944724139670573,1.8801190644316517,1.9291705779238715,735044800
2006-07-28,1.9617725610733032,1.9644642896528903,1.8992614027724208,1.9124213418683336,691507600
2006-07-31,2.032658576965332,2.0526974886150735,1.982410248761525,1.9988607214741378,892841600
2006-08-01,2.0093295574188232,2.031761099228637,1.9722413599215731,2.010525371204152,711765600
2006-08-02,2.0386409759521484,2.054193542822841,2.019199069353702,2.023386314254915,550768400
2006-08-03,2.081411600112915,2.093674632540391,2.0281728239706003,2.031163456852355,841044400
2006-08-04,2.042827606201172,2.052099203096205,1.9429291696400273,2.0054405181812007,1852866400
2006-08-07,2.0102264881134033,2.0817103560512358,1.9833075993924836,2.025480152340989,1245512800
2006-08-08,1.9375450611114502,2.007235081653326,1.929470276148785,2.0066362764778103,997864000
2006-08-09,1.9019526243209839,1.9620711474655557,1.8962704642780461,1.9569869939349729,955838800
2006-08-10,1.9163094758987427,1.9384429061027446,1.8753337480024217,1.8917842191851582,697760000
2006-08-11,1.90374755859375,1.9181043081360794,1.871744324651583,1.891185427702749,777529200
2006-08-14,1.912421464920044,1.9507064694630807,1.9022529558930483,1.9157117993252881,717620400
2006-08-15,1.9874942302703857,1.9889899453294113,1.9381438197218737,1.9542943876005827,861352800
2006-08-16,2.0332560539245605,2.0359477820272,1.9839056421372583,2.006936180396354,781284000
2006-08-17,2.021591901779175,2.053594934703741,2.009328874513759,2.033854130371437,581148400
2006-08-18,2.031163454055786,2.0458191125695113,2.0117223436674228,2.0251813896270234,536354000
2006-08-21,1.990784764289856,2.0132172977419938,1.9785217365189818,2.012917395960535,526226400
2006-08-22,2.022489070892334,2.043425890954683,1.9889903185272269,1.9943743746124205,576968000
2006-08-23,2.0132172107696533,2.053296027205248,2.00214999690509,2.0338541263391448,536258800
2006-08-24,2.028172254562378,2.039537574796752,1.9821113696709127,2.030564879997077,655191600
2006-08-25,2.056288003921509,2.065260503646442,2.013218527695532,2.014115438231714,543958800
2006-08-28,2.0033469200134277,2.0520993295883634,1.9943742259905728,2.048809794361461,738161200
2006-08-29,1.988391399383545,2.0117208341450423,1.9477139907959253,2.0036450532259855,947332400
2006-08-30,2.00274920463562,2.0284712773325646,1.9943745159508413,2.0141145255384236,680142400
2006-08-31,2.0293679237365723,2.042827763651797,1.9937754515345867,2.0123196450953773,574697200
2006-09-01,2.0452208518981934,2.053296637874483,2.0284714729136946,2.048211484404569,408494800
2006-09-05,2.1379401683807373,2.138538175004186,2.0503049433195715,2.0628668761101094,1012457600
2006-09-06,2.094571352005005,2.144221683634309,2.0847017452567966,2.125976388764032,974103200
2006-09-07,2.1774206161499023,2.1977594269567637,2.101151523219259,2.1116199318837685,1267957600
2006-09-08,2.169046640396118,2.200451876687623,2.1508015452731337,2.1944698128216107,895921600
2006-09-11,2.1684484481811523,2.2052367367442303,2.136145508710765,2.16635472619994,949124400
2006-09-12,2.1723363399505615,2.1968615943651373,2.13704277571076,2.1777195963559297,1684687200
2006-09-13,2.2192938327789307,2.222883069245531,2.162465653068845,2.178915920870929,1146138000
2006-09-14,2.218397378921509,2.2333519349343707,2.1971606594597413,2.204937539737255,801729600
2006-09-15,2.216304302215576,2.2426241846967465,2.192077143704464,2.231258862580566,981853600
2006-09-18,2.210022449493408,2.239034251658603,2.1923753669127874,2.207330122305552,705278000
2006-09-19,2.2064340114593506,2.224080301757753,2.177421400113551,2.2163044171554653,710049200
2006-09-20,2.25099778175354,2.263559909858992,2.219891664366268,2.224677912046722,822791200
2006-09-21,2.232753276824951,2.274926617085099,2.213910179597783,2.250699464028548,794124800
2006-09-22,2.183403491973877,2.223482323332701,2.170841556628313,2.2222855111690913,665112000
2006-09-25,2.2656545639038086,2.268944898391203,2.2049380190122267,2.2076295481638795,858992400
2006-09-26,2.321286678314209,2.3263710326223355,2.276122700827299,2.2785155260719026,1102948000
2006-09-27,2.2853949069976807,2.3170990373913725,2.2677476241695262,2.308125544922652,810373200
2006-09-28,2.303340196609497,2.3173980431371373,2.271636264484418,2.3036392997271062,723609600
2006-09-29,2.302443504333496,2.3185940758702346,2.2934700106199934,2.3063318452301353,405812400
2006-10-02,2.239034414291382,2.2692434297023123,2.2222848394461994,2.246213088751177,712639200
2006-10-03,2.215705633163452,2.2417274124000346,2.1890866458570706,2.226772851114922,790708800
2006-10-04,2.2545883655548096,2.2569809914422954,2.18818885405873,2.2163043546714953,829082800
2006-10-05,2.2381370067596436,2.2779169172620537,2.2172003904089372,2.2291645134692413,683883200
2006-10-06,2.2198920249938965,2.2444182787729487,2.207628997938513,2.22587408681032,466958800
2006-10-09,2.2321548461914062,2.2456144828330835,2.1992539115149143,2.2073296934999207,438222400
2006-10-10,2.207629442214966,2.2306597858381054,2.1857957108642094,2.2294639722390226,531588400
2006-10-11,2.1902823448181152,2.212714884408701,2.17143924317731,2.1959655050987306,571855200
2006-10-12,2.25099778175354,2.254886320970796,2.201347675084447,2.2016473771314358,592855200
2006-10-13,2.2438199520111084,2.299451321949315,2.2354452663316744,2.262064239605866,684196800
2006-10-16,2.255185842514038,2.269542592808207,2.236940751605032,2.248904876573762,508692800
2006-10-17,2.2219862937927246,2.251297804906292,2.214509313685847,2.2444188314600306,480925200
2006-10-18,2.2291648387908936,2.2542889018792818,2.2106206450093797,2.2357447080977684,1133907600
2006-10-19,2.362560987472534,2.3912744870730367,2.3377368266945995,2.3706367715485945,1512977200
2006-10-20,2.39127516746521,2.392471979598054,2.3529911559992156,2.3619638526334708,639413600
2006-10-23,2.436439037322998,2.4495989784585688,2.385292991690655,2.3924718674676857,832507200
2006-10-24,2.424175500869751,2.443018598259407,2.398752334450339,2.4289607514953655,463212400
2006-10-25,2.443019390106201,2.452589894459482,2.4229794743939124,2.433148784191479,485214800
2006-10-26,2.458273410797119,2.4705364449051785,2.4265692636096277,2.449599615843145,432756800
2006-10-27,2.405033588409424,2.466049030323651,2.393069463064182,2.4451122103061045,594966400
2006-10-30,2.405332326889038,2.419689076650262,2.3778156391556498,2.392471292361689,499917600
2006-10-31,2.425072431564331,2.443018619075596,2.3996492649282968,2.4361396465328933,501474400
2006-11-01,2.3676459789276123,2.434045667699776,2.3437179311069314,2.4256709807469243,611192400
2006-11-02,2.36226224899292,2.3724315559083395,2.3479054981900807,2.3604676301840257,465483200
2006-11-03,2.3416249752044678,2.378713171936004,2.3266702149699654,2.373628817018498,431888800
2006-11-06,2.38409686088562,2.3945652713005274,2.3458118579638483,2.361365421184395,434576800
2006-11-07,2.408024549484253,2.42268040658193,2.396659226915666,2.406229930288412,525932400
2006-11-08,2.4660489559173584,2.4732268319029904,2.389479953696263,2.3933682943161467,690916800
2006-11-09,2.492668867111206,2.5330465930685793,2.456178683307039,2.479508129260959,923053600
2006-11-10,2.486088752746582,2.5004455081748613,2.467545550423671,2.4989505910240952,373864400
2006-11-13,2.5228776931762695,2.5258683257273336,2.4717324455739456,2.48907983151793,450674000
2006-11-14,2.542318344116211,2.542318344116211,2.509418394363573,2.536336280946948,588954800
2006-11-15,2.5139050483703613,2.569237542081205,2.512409332727475,2.5438143695192266,655323200
2006-11-16,2.5605642795562744,2.5812022046119134,2.530953855799721,2.5384308382162852,693940800
2006-11-17,2.567741870880127,2.5704343986859493,2.5423186978781307,2.546506142679295,466424000
2006-11-20,2.5862843990325928,2.602136859621118,2.548299312567348,2.5542813731667917,570794000
2006-11-21,2.6499929428100586,2.6499929428100586,2.6054271803134643,2.6146995759988365,622666800
2006-11-22,2.701138973236084,2.714298914403629,2.627561386559012,2.6616581513917077,671941200
2006-11-24,2.7406201362609863,2.7839893049190305,2.6769129467824317,2.677809857114614,518677600
2006-11-27,2.6781084537506104,2.7863816117074576,2.676912640000869,2.7669407031154845,1074836000
2006-11-28,2.7460038661956787,2.75078911785541,2.6891748596181198,2.7026347027139286,1036173600
2006-11-29,2.7457034587860107,2.786082181965361,2.6993436713041246,2.7815958346506,1157083200
2006-11-30,2.7415168285369873,2.772024955517234,2.723571435259263,2.7579673048238544,870486400
2006-12-01,2.7313480377197266,2.761556259726331,2.6948576508333284,2.745703791796815,795079600
2006-12-04,2.7253661155700684,2.7531817133384755,2.706821917831654,2.748097558215856,709536800
2006-12-05,2.7298521995544434,2.7615561356473073,2.717888073352744,2.741217520441074,662838400
2006-12-06,2.686782121658325,2.7334416179211867,2.681996870198301,2.7110092791483087,638184400
2006-12-07,2.6033339500427246,2.706821644568913,2.599146505889741,2.6927639960093654,1004827600
2006-12-08,2.6398236751556396,2.6736215269665777,2.602137483023521,2.6090164550244097,784277200
2006-12-11,2.65447998046875,2.670930455434825,2.633543357211789,2.6589663284279768,499780400
2006-12-12,2.576415538787842,2.657171183757919,2.558170448379828,2.6502922114264034,1026620000
2006-12-13,2.663452625274658,2.6640506319451833,2.606624420761069,2.6305518756422255,857052000
2006-12-14,2.648498058319092,2.6918674220285723,2.639824465112888,2.6634528185391244,832330800
2006-12-15,2.6236732006073,2.6685380821217763,2.612008774677295,2.662556018052502,739939200
2006-12-18,2.5563759803771973,2.6320472761724663,2.5300551042854793,2.6209808595645345,721576800
2006-12-19,2.581501007080078,2.5925674278139947,2.501044430485959,2.534243493019321,911405600
2006-12-20,2.5351409912109375,2.5922681089362154,2.5345429844387617,2.5862860445307443,567691600
2006-12-21,2.4795079231262207,2.5566747299446524,2.4585711043685596,2.533345485598536,903599200
2006-12-22,2.458571195602417,2.5136055719161066,2.440625806671756,2.496257390897364,613303600
2006-12-26,2.4379332065582275,2.469638134446187,2.419389813116137,2.4570760041966024,490688800
2006-12-27,2.4382340908050537,2.4525900479015017,2.2961632473070357,2.3374378968452674,1935754800
2006-12-28,2.4187920093536377,2.4301581303342097,2.382302617887682,2.3993509008509526,1119876800
2006-12-29,2.5375332832336426,2.554282662027131,2.493267210471098,2.5109134994705844,1076429200
2007-01-03,2.5064263343811035,2.589575394218529,2.4495981462141123,2.580901604468369,1238319600
2007-01-04,2.562060594558716,2.570734191023221,2.507026185720891,2.513905961038133,847260400
2007-01-05,2.543813705444336,2.578209565537591,2.5243728015239815,2.5653485308507613,834741600
2007-01-08,2.5563759803771973,2.588080113869436,2.550692821169786,2.5710316345887696,797106800
2007-01-09,2.7687339782714844,2.7809970069245487,2.546804447675347,2.5856874552113776,3349298400
2007-01-10,2.901235580444336,2.925162843303857,2.7950561177149735,2.8339389431622513,2952880000
2007-01-11,2.865342855453491,2.8946543648415823,2.8444062341777023,2.8695302995096426,1440252800
2007-01-12,2.830050230026245,2.843210172958142,2.7884756803077897,2.829152321343596,1312690400
2007-01-16,2.904224395751953,2.908710742558886,2.8548741815391137,2.8617531534645417,1244076400
2007-01-17,2.839918851852417,2.9191793821676204,2.836031309939642,2.917983568684538,1646260000
2007-01-18,2.664051055908203,2.754976836538756,2.6634530491425097,2.754677733321725,2364605600
2007-01-19,2.647002696990967,2.6813993689070337,2.635637373211677,2.650891238664544,1364473600
2007-01-22,2.5958569049835205,2.666742952971197,2.561760144650379,2.6661441476736916,1454026000
2007-01-23,2.563255548477173,2.617392030229726,2.5575733862915433,2.5641532574232193,1207424400
2007-01-24,2.593165397644043,2.6066242406652096,2.574621202088887,2.592566592341541,927813600
2007-01-25,2.5797057151794434,2.6470021307819906,2.573125645169617,2.6054277888843713,905973600
2007-01-26,2.5536837577819824,2.6132036725138734,2.54201873782698,2.6054269925438716,986874000
2007-01-29,2.570434808731079,2.5916705403195124,2.5581715755713934,2.5812021263149996,901664400
2007-01-30,2.5587680339813232,2.5868835225920166,2.5497953413139367,2.585088904191232,577970400
2007-01-31,2.564152479171753,2.572228263204595,2.5228770483437586,2.538130708067562,856069200
2007-02-01,2.5345418453216553,2.5803028204414873,2.5345418453216553,2.57910700710295,664342000
2007-02-02,2.534841537475586,2.5497960962382855,2.5034363051684343,2.5159984380249605,621530000
2007-02-05,2.5106141567230225,2.549198060971621,2.5106141567230225,2.5213814700148354,578852400
2007-02-06,2.5168957710266113,2.5264672732743976,2.478312655513475,2.525868467858099,864393600
2007-02-07,2.5767157077789307,2.5835946829559786,2.4989506624642885,2.526766465085749,1066825200
2007-02-08,2.577611207962036,2.587481609473113,2.554580870107683,2.555178676923319,679030800
2007-02-09,2.4905755519866943,2.5782101907805295,2.488780932850536,2.568639487726071,860540800
2007-02-12,2.538729190826416,2.5477018837199257,2.501341905539332,2.525269352813056,724071600
2007-02-13,2.5333456993103027,2.5509919859480368,2.521381573675721,2.5471044437900714,580986000
2007-02-14,2.5512912273406982,2.561459933620391,2.5294567020008167,2.531251520190185,507981600
2007-02-15,2.5485997200012207,2.5608627508382016,2.5357386824664725,2.555479492548219,363661200
2007-02-16,2.5372345447540283,2.5545819313693143,2.5321493910113446,2.5497964798320556,399868000
2007-02-20,2.569236993789673,2.5770136751976453,2.5171940473240317,2.5318499010784374,617702400
2007-02-21,2.6679396629333496,2.6766132577527078,2.5710326070027034,2.571630613827841,1155313600
2007-02-22,2.6772115230560303,2.7160935396111046,2.647900209461083,2.7157946360930416,838224800
2007-02-23,2.664051055908203,2.7020369648028053,2.657470984801884,2.666743583866592,517893600
2007-02-26,2.647301435470581,2.691867411437611,2.620383346384474,2.687081161393231,615848800
2007-02-27,2.5103156566619873,2.6045309684432514,2.4947630889134307,2.5812017174837,1145813200
2007-02-28,2.530653476715088,2.5602638832073095,2.482499078445778,2.482499078445778,919475200
2007-03-01,2.6039321422576904,2.6413192290046377,2.504930619011592,2.5133053056774073,1415528800
2007-03-02,2.5545814037323,2.6182893739066935,2.5485993409608465,2.595258831573232,860000400
2007-03-05,2.581798553466797,2.651487775938188,2.565049179879704,2.5689377196909793,838899600
2007-03-06,2.637730598449707,2.6413200362152773,2.614102246316312,2.6260655746337123,723186800
2007-03-07,2.6236732006073,2.6610603023668236,2.6155974141137794,2.6335436063216022,626284400
2007-03-08,2.632046937942505,2.6535815621237977,2.6158953708016712,2.649694020559341,511011200
2007-03-09,2.631150960922241,2.6574708446224253,2.614102477787491,2.655975927621232,451836000
2007-03-12,2.687978982925415,2.691568421023658,2.6317487788674,2.6341414048189624,729408400
2007-03-13,2.6440110206604004,2.70981170389906,2.6440110206604004,2.6742192347964746,867890800
2007-03-14,2.6918675899505615,2.6918675899505615,2.6296553203237707,2.649993939252977,796586000
2007-03-15,2.6790060997009277,2.702634450618406,2.6712292178887895,2.690670324243317,559498800
2007-03-16,2.6796038150787354,2.6915679410448217,2.671528229719951,2.6781080996646507,571704000
2007-03-19,2.7256643772125244,2.738226508313052,2.6796034960683217,2.699044599443751,712961200
2007-03-20,2.736132860183716,2.746900173224573,2.723570728744975,2.7322445196029634,488916400
2007-03-21,2.8076171875,2.8115055287431203,2.7412176808727855,2.7513869890710683,686896000
2007-03-22,2.810309410095215,2.8222733394305872,2.781596698496469,2.803430435254809,561492400
2007-03-23,2.7971489429473877,2.8135994187502567,2.7905690720956025,2.792064787715883,450884000
2007-03-26,2.866838216781616,2.8683339324162387,2.7905690988537692,2.811206819851579,864987200
2007-03-27,2.8551735877990723,2.896149321811055,2.841414842851978,2.8626505675696916,932052800
2007-03-28,2.788774013519287,2.853379099078075,2.7860824843739227,2.8378255348468833,942337200
2007-03-29,2.804027557373047,2.8171884953988355,2.758565675280051,2.8171884953988355,725723600
2007-03-30,2.7789041996002197,2.83184487199172,2.7741189472853,2.819880742862538,600558000
2007-04-02,2.801036834716797,2.8189820236378944,2.7821937374276526,2.815692488311329,501992400
2007-04-03,2.826460599899292,2.848294335231003,2.8043271623569463,2.815693283836212,583934400
2007-04-04,2.8195810317993164,2.845602006861224,2.8153935878033503,2.8396199440098435,476784000
2007-04-05,2.831843614578247,2.831843614578247,2.7971480548461187,2.8150942405713106,355516000
2007-04-09,2.801036834716797,2.8503870526742645,2.78279154433313,2.847695523921481,413341600
2007-04-10,2.8189828395843506,2.8192827414654205,2.793858769149504,2.801635452547579,352466800
2007-04-11,2.7693324089050293,2.8100090313755732,2.761555528914232,2.808513316260652,549018400
2007-04-12,2.7573695182800293,2.760958956625247,2.7134023428305474,2.7528831696023466,656675600
2007-04-13,2.699045181274414,2.733740750588155,2.693661923075067,2.718785991023795,719941600
2007-04-16,2.7346384525299072,2.7367321753822376,2.699344866310116,2.708916370446312,609033600
2007-04-17,2.702336549758911,2.760660493776463,2.6828948357495546,2.7516869956660748,751920400
2007-04-18,2.7038302421569824,2.717290083887303,2.6799029879439757,2.696652365395574,464044000
2007-04-19,2.6999423503875732,2.7292538569687994,2.686781613517332,2.697548926436857,425913600
2007-04-20,2.720878839492798,2.7271598045458383,2.7083167097184373,2.71848541583222,522779600
2007-04-23,2.796849489212036,2.8055230806902003,2.734338332397436,2.739422486628755,780290000
2007-04-24,2.788774013519287,2.8829895137071015,2.730749197583247,2.810308842370549,1055252800
2007-04-25,2.8518824577331543,2.8533783725122643,2.805522677024012,2.8183837104933174,1187144000
2007-04-26,2.956268310546875,3.0657372852538085,2.9401169375828498,3.038220589812805,1737778000
2007-04-27,2.988569736480713,2.9894674451915413,2.9218719360156022,2.9365275897911314,699403600
2007-04-30,2.9849812984466553,3.0208726774839376,2.9810929575639427,2.993654890309911,616509600
2007-05-01,2.975111484527588,3.0014323668222906,2.9475947884214637,2.9787009226454573,532523600
2007-05-02,3.0026285648345947,3.00711491380217,2.9751118652075754,2.9804959232391153,505145200
2007-05-03,3.00292706489563,3.03433210036566,2.991262639790257,3.0127974699121314,576077600
2007-05-04,3.0151891708374023,3.038817516319511,3.0059175740345014,3.0148900677468298,381987200
2007-05-07,3.1082093715667725,3.1210702085056488,3.0211719489211766,3.023265471383242,861557200
2007-05-08,3.142305850982666,3.1449975796966183,3.0932537324677787,3.094749447904038,783997200
2007-05-09,3.1967413425445557,3.1991339680417656,3.1372208148935643,3.137819620189912,717757600
2007-05-10,3.2104992866516113,3.255364159473513,3.1680278379987734,3.189263562325192,1197257600
2007-05-11,3.2523725032806396,3.2640377248155046,3.193749688501223,3.222463189143826,653696400
2007-05-14,3.270916223526001,3.2900582217343253,3.2377163804892617,3.2786929036438472,651946400
2007-05-15,3.215883731842041,3.2960413878497774,3.184777599951988,3.2771982867404046,954514400
2007-05-16,3.2104992866516113,3.255065255996322,3.0932536489672344,3.246091762294306,1126767600
2007-05-17,3.2733097076416016,3.2861715428565446,3.2048172803623998,3.2048172803623998,735291200
2007-05-18,3.2906575202941895,3.3092015147883167,3.283179742468323,3.29693848627823,621345200
2007-05-21,3.3492815494537354,3.3633384031438767,3.291555623493834,3.2993323075966683,639892400
2007-05-22,3.395939826965332,3.4022209941002717,3.350178235849477,3.3645347899640563,572409600
2007-05-23,3.3764989376068115,3.439608115175718,3.367525442310511,3.4102968003811616,911374800
2007-05-24,3.310696601867676,3.423455890601107,3.301126100006494,3.3741058689035,887362000
2007-05-25,3.3983314037323,3.4031166537875497,3.334923146637014,3.34987790164987,632959600
2007-05-29,3.4201667308807373,3.435420193219925,3.3705164054741386,3.423157363115158,645694000
2007-05-30,3.5523674488067627,3.55565718449202,3.3956409745186154,3.4186711209988845,1478444800
2007-05-31,3.6247472763061523,3.654058580377022,3.5753968639303735,3.5912485289861387,1297066400
2007-06-01,3.5413002967834473,3.624748489255077,3.5380109603744025,3.6220565605512567,885262000
2007-06-04,3.628934383392334,3.640898507169591,3.5263444180218046,3.5481789439152984,886673200
2007-06-05,3.6690142154693604,3.669612821127945,3.6041104268875346,3.6313280158616346,920785600
2007-06-06,3.698025703430176,3.7102889306420037,3.6474788764155694,3.6579470856744463,1112241200
2007-06-07,3.7108874320983887,3.816767953599247,3.6845675521416865,3.7384053220365825,1915079600
2007-06-08,3.723449230194092,3.763528648370738,3.6576481420709905,3.763228746581761,1241682400
2007-06-11,3.5948381423950195,3.773099209532485,3.575397238233321,3.7686130620610365,1874258400
2007-06-12,3.6005208492279053,3.64030076279689,3.538607705627691,3.5697136293092897,1426566400
2007-06-13,3.5143816471099854,3.62474791100311,3.451571584720998,3.6235518977733565,1721353200
2007-06-14,3.5517683029174805,3.5727047239268535,3.4820788690346554,3.5054081151506162,973266000
2007-06-15,3.6041104793548584,3.609195233165213,3.5849682761113697,3.607699717338638,811218800
2007-06-18,3.741396427154541,3.744087956586468,3.6651271087266784,3.687259547258682,910604800
2007-06-19,3.698627471923828,3.7390052229525463,3.676195121794395,3.7294339165135844,943026000
2007-06-20,3.6355156898498535,3.7285351814400576,3.6340205732872346,3.7049068289043685,897512000
2007-06-21,3.705803394317627,3.7174684172469106,3.6106909879910707,3.640002298216993,867045200
2007-06-22,3.6788852214813232,3.7222543882405494,3.6603412218054565,3.7043081956477146,631876000
2007-06-25,3.6591451168060303,3.7413965007828556,3.620860306235354,3.7144776119034373,965403600
2007-06-26,3.578687906265259,3.708795016782777,3.550872104372433,3.7081968103189844,1345005200
2007-06-27,3.645684242248535,3.6501707892617525,3.567022513969892,3.6074002390789643,974696800
2007-06-28,3.6059043407440186,3.663630041511595,3.5891549663421034,3.659741701179443,838143600
2007-06-29,3.6501710414886475,3.7087940618356554,3.6217574397847745,3.6480773194044698,1137841600
2007-07-02,3.6268417835235596,3.6516665466332343,3.5682187633472005,3.620560617289311,994862400
2007-07-03,3.803609609603882,3.810488585442894,3.6340216503877754,3.6489764144766625,1162481600
2007-07-05,3.970503568649292,3.977084237785072,3.849070076558683,3.852360610794913,1453051600
2007-07-06,3.957045793533325,3.988152135698485,3.9002177669827742,3.981870966741353,874694800
2007-07-09,3.8981220722198486,3.974989979894588,3.863725611332961,3.9594366170109128,995820000
2007-07-10,3.958540201187134,4.02284538599407,3.8526596757887863,3.854753397976843,1255007600
2007-07-11,3.9597363471984863,3.998918468359712,3.9274343985386038,3.9501658431548865,821772000
2007-07-12,4.009983062744141,4.015067814998377,3.9597345450224264,4.003402795121011,704608800
2007-07-13,4.119452953338623,4.123041391692229,4.023442859556374,4.038696717583419,907606000
2007-07-16,4.130519866943359,4.1867500558091315,4.112573679642635,4.139193458135432,936112800
2007-07-17,4.1547465324401855,4.175384251035944,4.112574185110005,4.136502437785273,709959600
2007-07-18,4.1311187744140625,4.140690076857656,4.0689065065408565,4.133212496823599,756856800
2007-07-19,4.187348365783691,4.211575721550344,4.176880154603896,4.196321061175422,732891600
2007-07-20,4.299509048461914,4.312370083091673,4.187347776170239,4.236698991554002,1167773600
2007-07-23,4.298014163970947,4.3434770455286635,4.215164186159713,4.286349140753773,1036490000
2007-07-24,4.034511566162109,4.217259262546227,4.012377925257737,4.153850969734914,1795292800
2007-07-25,4.105395793914795,4.138296739484365,4.037800082635847,4.108087322797763,1496182800
2007-07-26,4.366806983947754,4.441580788944421,4.096424074459421,4.364114655750539,2186629200
2007-07-27,4.302499771118164,4.454141459847189,4.300406448602093,4.372487904939042,1161098400
2007-07-30,4.230119228363037,4.350356310487974,4.174487634329237,4.316857553061232,1106988400
2007-07-31,3.9408926963806152,4.291433986735858,3.9337146204049356,4.276179327360561,1762392800
2007-08-01,4.0377984046936035,4.04916391978335,3.821551320285498,3.997121193841148,1750156800
2007-08-02,4.082364559173584,4.096422404157441,4.0123756353487465,4.087149809193229,852644800
2007-08-03,3.943584442138672,4.066213515938746,3.9331158338527126,4.045575801797286,679187600
2007-08-06,4.0452775955200195,4.0458754025037456,3.8374056912250434,3.9749903495577095,925170400
2007-08-07,4.038697242736816,4.1047978352311825,3.9669140902144493,4.036005314616736,949936400
2007-08-08,4.008189678192139,4.093432491606962,3.9480719325490408,4.0904418589871225,808096800
2007-08-09,3.780278444290161,3.9779808337809692,3.7413958335852784,3.921451536618023,1125395600
2007-08-10,3.7387030124664307,3.820954362134419,3.598128160005029,3.682472831879939,1410749200
2007-08-13,3.8221514225006104,3.868810307638888,3.783567522310948,3.838003087973894,752911600
2007-08-14,3.7096922397613525,3.837406108353528,3.7001205382580276,3.837107404497527,739006800
2007-08-15,3.586165189743042,3.7345171692502834,3.5786872110615686,3.671108095079803,992852000
2007-08-16,3.5009219646453857,3.5442911209947385,3.338513153698778,3.499725951429671,1866690000
2007-08-17,3.650770425796509,3.69384009127582,3.583772902159753,3.649274909703122,1195062400
2007-08-20,3.6555540561676025,3.723748361761322,3.6041095233887557,3.7075971944549724,803317200
2007-08-21,3.8155713081359863,3.857145850337955,3.6190657156632446,3.6552564007734447,1303047200
2007-08-22,3.9633243083953857,3.9705023830598116,3.8981214335660006,3.9247412086497646,1061765600
2007-08-23,3.920255422592163,3.988151050843328,3.8810745004362937,3.980673071448834,866838000
2007-08-24,4.04677152633667,4.0488652476379885,3.8825675497332264,3.904102968832505,911834000
2007-08-27,3.9555490016937256,4.027631671806198,3.951062453885267,3.9896463657013124,707439600
2007-08-28,3.7931406497955322,3.9603357676384325,3.787457688211269,3.917863506713871,1179365600
2007-08-29,4.010282516479492,4.013273947113279,3.8744936889544093,3.8846619973549057,1166860800
2007-08-30,4.075186252593994,4.13500567399495,3.957043324613928,3.968109739868327,1435582400
2007-08-31,4.1418843269348145,4.176878987258642,4.1098810966877375,4.172093338074317,876887200
2007-09-04,4.311771869659424,4.358730264389857,4.182562906043294,4.185553538133642,1316842800
2007-09-05,4.090441703796387,4.362020606423361,4.0707008936321225,4.335999428062038,2328222400
2007-09-06,4.0380988121032715,4.11466721102561,3.969306694648004,4.054549483034099,1901261600
2007-09-07,3.941192150115967,3.957044619447081,3.8882524819607798,3.948371026130916,1430576000
2007-09-10,4.088944911956787,4.128724425046703,4.006394455530639,4.097319399167507,1487838800
2007-09-11,4.052456378936768,4.136502368364855,4.000413228914788,4.124538242228007,971885600
2007-09-12,4.093133449554443,4.169402768902218,4.06023289621435,4.0674113730173005,1022770000
2007-09-13,4.10360050201416,4.157437859565635,4.087149832259359,4.152352707759405,656163200
2007-09-14,4.1517558097839355,4.156840164030053,4.07369188381409,4.08475830109876,607320000
2007-09-17,4.139791488647461,4.204994375348831,4.115565332492772,4.157139869978489,793371600
2007-09-18,4.214865207672119,4.272591320473324,4.122444724699224,4.159234015058767,1064089600
2007-09-19,4.2103776931762695,4.281861330510366,4.169400971758404,4.277674286850109,1026880400
2007-09-20,4.196620941162109,4.240887817346336,4.167010521750609,4.191835289754438,691840800
2007-09-21,4.3114728927612305,4.326427650997423,4.196620077958352,4.22144484085597,1138880400
2007-09-24,4.434999942779541,4.4819587408032735,4.386247723758423,4.388640149764956,1052161600
2007-09-25,4.581556797027588,4.582753608904381,4.391331196507679,4.391930201451019,1192550800
2007-09-26,4.569293022155762,4.6359918152851085,4.5238309484117645,4.620140149696514,975268000
2007-09-27,4.621040344238281,4.621638151525171,4.555837419596444,4.599206601144953,658198800
2007-09-28,4.590230941772461,4.624029600105167,4.5686963121276305,4.589334031595881,615101200
2007-10-01,4.6760711669921875,4.708075203641464,4.574079789475768,4.624926126329171,837068400
2007-10-02,4.7391815185546875,4.74336896294365,4.662612704217501,4.682352714806402,792069600
2007-10-03,4.723330020904541,4.761016229474371,4.696112425457863,4.719142974992039,692518400
2007-10-04,4.6730804443359375,4.72811382483412,4.591128180532949,4.725721399047072,656958400
2007-10-05,4.828908443450928,4.832796783678072,4.716747977745135,4.7367870863964985,943471200
2007-10-08,5.022127151489258,5.022127151489258,4.8743729681078705,4.889926733627566,835928800
2007-10-09,5.020631313323975,5.11783745744111,4.985337934347509,5.090619465539344,1104286400
2007-10-10,4.9886274337768555,5.021228477848267,4.953034958985205,5.011358872955632,667590000
2007-10-11,4.852240562438965,5.14086756096595,4.582455468029632,5.0693838933635424,1643992000
2007-10-12,5.002387046813965,5.003284755864895,4.839379376105016,4.875570468572876,988176000
2007-10-15,4.99431037902832,5.071776107345617,4.890225265889941,5.0242206975614385,1077930000
2007-10-16,5.072075843811035,5.09002123567234,4.939575533050148,4.951240956234367,1067830400
2007-10-17,5.166889667510986,5.175563261127332,5.060112219247005,5.165095048279317,1127613200
2007-10-18,5.1893205642700195,5.209957481680347,5.116042296055401,5.1295011378735875,823676000
2007-10-19,5.097200393676758,5.223119642879197,5.084638059606365,5.211454618385261,1291780000
2007-10-22,5.2150421142578125,5.231193681237522,5.083439948374978,5.095104968971435,1649499600
2007-10-23,5.567976474761963,5.640956046304896,5.466284198715066,5.6397600330368,1795164000
2007-10-24,5.56109619140625,5.599380187728333,5.361001421781934,5.557506954437648,1288481600
2007-10-25,5.466883182525635,5.560201788437765,5.433384421054824,5.5293945565703835,973602000
2007-10-26,5.524310111999512,5.54434922844577,5.469874525654643,5.541956402759834,706876800
2007-10-29,5.5359721183776855,5.580837182659411,5.524307896510068,5.546739430309507,540554000
2007-10-30,5.593101501464844,5.663987360598541,5.525206674250155,5.568575838402378,939414000
2007-10-31,5.681334018707275,5.6864183724453055,5.531785652381321,5.611942893067753,833310800
2007-11-01,5.606261253356934,5.685821093865227,5.383733301922894,5.640956020727315,805036400
2007-11-02,5.619123458862305,5.666081465148193,5.488119047329716,5.6592024906071545,1002114400
2007-11-05,5.56857442855835,5.65172269883521,5.510549622030328,5.541954650555432,804176800
2007-11-06,5.736367225646973,5.7426479912496,5.541356402141758,5.594595155232489,954727200
2007-11-07,5.57216215133667,5.762986307232674,5.567077798715952,5.701072773249896,994327600
2007-11-08,5.248242378234863,5.590109240242972,5.017938178945854,5.583230268170096,1890378000
2007-11-09,4.946156024932861,5.237775244824356,4.9413703739088,5.119034074146752,1526380800
2007-11-12,4.598905086517334,5.015845300578111,4.50528779566978,4.943463535065837,1769065200
2007-11-13,5.083441734313965,5.113949861101771,4.598905736117201,4.810965110961789,1739446800
2007-11-14,4.968287467956543,5.311052011414472,4.897401635100288,5.29878918442908,1449168000
2007-11-15,4.914152145385742,5.072374517165568,4.794513680649266,4.976663505774398,1487410400
2007-11-16,4.976661682128906,4.995504774352054,4.7654997274826,4.9440598500368065,1383494000
2007-11-19,4.903685092926025,5.030801166448611,4.848352594407679,4.967991087407924,1154428800
2007-11-20,5.050240993499756,5.138175324890637,4.8911217081573675,4.955128985021033,1543642800
2007-11-21,5.038578033447266,5.154925995912566,4.925219905289413,4.960214184733237,1217809600
2007-11-23,5.1306986808776855,5.145952143601842,5.077160013077468,5.144456627778559,465757600
2007-11-26,5.160608768463135,5.302080587599269,5.154925408370477,5.192013805546247,1305754800
2007-11-27,5.22850227355957,5.257813583078387,5.084936358077018,5.24076510316044,1317030400
2007-11-28,5.390312671661377,5.401677789943002,5.244652268150048,5.288619621907083,1150912000
2007-11-29,5.512045860290527,5.538365738048016,5.358309644914776,5.366684532658939,1050926800
2007-11-30,5.450133323669434,5.614037878057837,5.374761316640595,5.603270562578489,1187802000
2007-12-03,5.349637031555176,5.50756032034267,5.31494225970958,5.439365991395024,961469600
2007-12-04,5.378050327301025,5.410651370112302,5.293704842890077,5.298490892255485,773799600
2007-12-05,5.548235893249512,5.56319064992986,5.45581542508437,5.470171975524039,892402000
2007-12-06,5.681334018707275,5.685820565537841,5.566779918986508,5.5688736408407715,899810800
2007-12-07,5.811440467834473,5.832078181739422,5.6242055272376446,5.698979702505565,1066066400
2007-12-10,5.808749198913574,5.852118359239122,5.763287115102799,5.79020600066199,722377600
2007-12-11,5.639161586761475,5.887112914725875,5.6047659214129375,5.82490065553088,1110925200
2007-12-12,5.708554267883301,5.816826446316284,5.556014809829276,5.785720108622051,1225660800
2007-12-13,5.737564563751221,5.746239354709488,5.617627382367568,5.6885132392110584,864617600
2007-12-14,5.6944966316223145,5.778542648759042,5.669073653873268,5.693898824455038,674312800
2007-12-17,5.515334606170654,5.7620890743842335,5.4728631637350045,5.704364172433614,1024693600
2007-12-18,5.472864627838135,5.6029717165401145,5.341860229590923,5.578745157492199,1222603200
2007-12-19,5.47705078125,5.522513655484577,5.4106510885655466,5.472863337692705,827478400
2007-12-20,5.599381446838379,5.617925442676178,5.48333262011728,5.546142683845428,774057200
2007-12-21,5.799776077270508,5.799776077270508,5.679539808260808,5.686418781225573,993960800
2007-12-24,5.9460344314575195,5.961886898362876,5.826097263338477,5.833274940244966,480202800
2007-12-26,5.950523376464844,6.0106419356604315,5.886815977369885,5.952317996082934,703732400
2007-12-27,5.939155578613281,6.0704582697221445,5.916125434335147,5.9505210991747415,795527600
2007-12-28,5.976841449737549,6.028584695405369,5.888608020471383,5.999572888950574,699647200
2007-12-31,5.924500942230225,5.996881921556594,5.91463053641068,5.9669723995647574,539333200
2008-01-02,5.827592372894287,5.989703095962578,5.759100143144176,5.960092680875028,1079178800
2008-01-03,5.830284595489502,5.903862376462658,5.763287084122184,5.844641547356785,842066400
2008-01-04,5.385229587554932,5.772559436552466,5.350534815224519,5.726199639711012,1455832000
2008-01-07,5.313148021697998,5.491409541410977,5.0915173352278735,5.421121485102602,2072193200
2008-01-08,5.122025012969971,5.457312519831031,5.108565767996709,5.387921374506329,1523816000
2008-01-09,5.365790843963623,5.368781477759634,5.033793354277854,5.123522351579837,1813882000
2008-01-10,5.3245134353637695,5.4136441933960935,5.246449495869999,5.311353293735722,1482975200
2008-01-11,5.165093421936035,5.319427432570347,5.084636681733388,5.264094155690224,1232285600
2008-01-14,5.347244739532471,5.366386545397601,5.239270482490759,5.309558535520619,1100450400
2008-01-15,5.055923938751221,5.360403339954641,4.924919162858896,5.3155394674682395,2343278000
2008-01-16,4.774773597717285,5.0550260571003145,4.686839269589267,4.941967863413802,2213845200
2008-01-17,4.812159538269043,4.945855839131681,4.738283063439636,4.830703931928046,1757859600
2008-01-18,4.826218605041504,4.957522114106646,4.7738767432022735,4.836686817674664,1724343600
2008-01-22,4.655134677886963,4.784942657257188,4.366806412406136,4.428420067579604,2434754000
2008-01-23,4.159531593322754,4.1873473817708255,3.772800086816289,4.073391900856053,3372969600
2008-01-24,4.055746555328369,4.208286000487122,3.948371296357878,4.187050071530647,2005866800
2008-01-25,3.8885498046875,4.160129391280898,3.8765864810415525,4.1571387600376735,1554739200
2008-01-28,3.8885498046875,3.9839616834988907,3.7820711127310345,3.8332173363082314,1474844000
2008-01-29,3.934311628341675,3.971698714327253,3.859837358120892,3.92264740700127,1099982800
2008-01-30,3.953456401824951,4.051261175134004,3.8882534858434563,3.929229835454409,1243051600
2008-01-31,4.048568248748779,4.087150960202478,3.8703067533943165,3.8718014705659445,1345674400
2008-02-01,4.00041389465332,4.085356808340998,3.9534554904248043,4.074888595565817,1010744000
2008-02-04,3.937602996826172,4.06471823760214,3.9307232252529922,4.01417100483049,899234000
2008-02-05,3.869110107421875,4.007890789097983,3.8553513610576435,3.9011133492044223,1141042000
2008-02-06,3.648974895477295,3.9456788249419064,3.6420959225018694,3.913076981582232,1573272400
2008-02-07,3.6262435913085938,3.7321241115570105,3.507502034724338,3.588258688611427,2083331600
2008-02-08,3.7530617713928223,3.759641642939727,3.6370117179467236,3.6513686726019596,1355972800
2008-02-11,3.8718018531799316,3.8876543227032347,3.8045056301891016,3.8287325899351714,1201432400
2008-02-12,3.7345175743103027,3.9181621508970346,3.6974291760740625,3.909189454046751,1225980000
2008-02-13,3.8703067302703857,3.8816722512876276,3.7575472322529033,3.7889522661364268,968534000
2008-02-14,3.812284231185913,3.9121827530746587,3.7988241811430123,3.8703090828854205,954097200
2008-02-15,3.7276363372802734,3.8009150045322126,3.71058825806734,3.776688849756456,901300400
2008-02-19,3.6543567180633545,3.7910439983731403,3.6322238939808926,3.7683125689338004,1005046000
2008-02-20,3.7034103870391846,3.726739633077567,3.639403513660718,3.6549568768018155,967439200
2008-02-21,3.635215997695923,3.7826710461203525,3.614878182770512,3.7701091139381258,938114800
2008-02-22,3.5730056762695312,3.664229764259979,3.465629614724,3.6633328539179337,1529878000
2008-02-25,3.5813803672790527,3.594241405955919,3.489258575400204,3.546983498172928,1256774400
2008-02-26,3.5637316703796387,3.6217568747001545,3.452767212588041,3.5185686983855526,1504888000
2008-02-27,3.6776881217956543,3.6803796505529243,3.5320280962974486,3.5362151406624296,1475138000
2008-02-28,3.8855597972869873,3.9540528112139923,3.7617339067602655,3.804504452908099,1618254400
2008-02-29,3.7393031120300293,3.894533694560706,3.7327228409900277,3.867016996157844,1255480800
2008-03-03,3.6408989429473877,3.768015377275811,3.5293362707275966,3.721954293893488,1593043200
2008-03-04,3.72733736038208,3.73511404095331,3.6011190473416836,3.6486752420560027,1785383600
2008-03-05,3.723449230194092,3.7428909327191753,3.6564517296079084,3.6962312459955777,1221836000
2008-03-06,3.6169724464416504,3.8134780418288083,3.6133828089905546,3.7270392205901426,1473698800
2008-03-07,3.6564531326293945,3.6782872691220385,3.5607428942139747,3.601419336220353,1230462800
2008-03-10,3.579883575439453,3.692643061838599,3.5703122750749814,3.6483769956628103,999588800
2008-03-11,3.808990716934204,3.8128790574313736,3.648974543685951,3.711784999861187,1163943200
2008-03-12,3.7695114612579346,3.8487722221663723,3.743789381403267,3.7997208883666374,1059629200
2008-03-13,3.8266382217407227,3.873297114830419,3.678884461285047,3.7117854082366053,1262102800
2008-03-14,3.786858081817627,3.8972239307166032,3.7147750335921943,3.884661600551703,1156640800
2008-03-17,3.7904465198516846,3.846078897615996,3.665425018446162,3.665425018446162,1072598800
2008-03-18,3.9725966453552246,3.977980901466618,3.8484720310753104,3.8637258926004168,1205120000
2008-03-19,3.878380060195923,4.016562469718681,3.8783800601959233,3.9815686121153537,1010536800
2008-03-20,3.986055850982666,3.9866536578289904,3.863725082600064,3.9217498843311662,908787600
2008-03-24,4.173290252685547,4.212771068313079,3.9971228967281345,4.008188914184636,1066920400
2008-03-25,4.216660499572754,4.280068784016229,4.107490621092628,4.18615237087825,1052391200
2008-03-26,4.338689804077148,4.359028413994957,4.2064894386162255,4.213368410056884,1182084400
2008-03-27,4.194825172424316,4.3461677482832215,4.187048491758126,4.335400435928158,999829600
2008-03-28,4.277377128601074,4.326428457234188,4.235204774396725,4.241186838540629,714610400
2008-03-31,4.2920331954956055,4.358133812575699,4.262721877070229,4.285154220411197,768065200
2008-04-01,4.472385883331299,4.476274223508306,4.295321645771045,4.375777981106619,1032567200
2008-04-02,4.41137170791626,4.522336590123568,4.362320384429315,4.44995481958636,1044968400
2008-04-03,4.534597873687744,4.595015496576486,4.396714551379357,4.398509169821883,1051568000
2008-04-04,4.578566551208496,4.627318768985866,4.508877112212222,4.551946769281123,854417200
2008-04-07,4.662611484527588,4.776267864282821,4.639281842657117,4.669789160071996,1158326400
2008-04-08,4.57138729095459,4.67936152603356,4.555834726603942,4.592624012881552,1014294400
2008-04-09,4.529513835906982,4.602792509649875,4.500202526144483,4.585445325779535,873398400
2008-04-10,4.622533321380615,4.648554496545336,4.5043899741129625,4.52024244093382,955763200
2008-04-11,4.400903701782227,4.585146873991701,4.378770065737459,4.567799687657045,1210076000
2008-04-14,4.4200439453125,4.464011300001771,4.323137341420702,4.389835731828293,845087600
2008-04-15,4.437992572784424,4.478071609437711,4.358433105312045,4.46849990614228,698037200
2008-04-16,4.597111225128174,4.609074554628279,4.504989434875459,4.537889589342552,795774000
2008-04-17,4.620739459991455,4.6659032440041095,4.586642893589583,4.611168157700366,704267200
2008-04-18,4.816646575927734,4.853135956656527,4.737086747499857,4.759219578553346,1026765600
2008-04-21,5.029603004455566,5.039772511236803,4.8381817864954515,4.851640629150286,1039152800
2008-04-22,4.791523456573486,5.024818342911311,4.728413485172695,5.006872152368897,1439572400
2008-04-23,4.871979713439941,4.930303628698528,4.817843242210889,4.90667527891944,1504190800
2008-04-24,5.0529327392578125,5.084039069553429,4.761314337015222,4.945258792916355,1696066400
2008-04-25,5.076562404632568,5.1175379424464476,4.9775608506058475,5.105574614065621,992474000
2008-04-28,5.151634216308594,5.196797185544427,5.058614752681123,5.077158744921314,787214400
2008-04-29,5.235682487487793,5.253926585977968,5.092115736612288,5.117837814972161,923476400
2008-04-30,5.202779769897461,5.383732764788048,5.171972547875214,5.26977727142854,1139524400
2008-05-01,5.383734226226807,5.383734226226807,5.229998774849816,5.232989407524917,903576800
2008-05-02,5.411847114562988,5.441158416534943,5.340363478039939,5.3894147838140425,1006082000
2008-05-05,5.525206089019775,5.542553672975865,5.415138522078835,5.441160097681302,854557200
2008-05-06,5.582932472229004,5.596690419595982,5.44893744461653,5.523112635944364,918870400
2008-05-07,5.461197853088379,5.628991489564916,5.399883317832754,5.564685524114099,1157133600
2008-05-08,5.535077095031738,5.578146756775566,5.475556757687444,5.496493182505534,899085600
2008-05-09,5.486922264099121,5.510849719035212,5.424710002724598,5.4782486715023735,673072400
2008-05-12,5.627796173095703,5.649032098497428,5.468975986335762,5.539563135343516,818563200
2008-05-13,5.681634426116943,5.7261996035211995,5.618824353416665,5.641255894709088,823236400
2008-05-14,5.570966720581055,5.7498259742414115,5.550329006875784,5.719617361070696,916823600
2008-05-15,5.674753189086914,5.679838341353357,5.509352761339651,5.5874174759586195,873208000
2008-05-16,5.6116437911987305,5.691802224208651,5.593099798284494,5.686118865956494,765769200
2008-05-19,5.491408348083496,5.64364825479188,5.422615822773625,5.618823492441063,945820400
2008-05-20,5.560201644897461,5.5679775296281715,5.387323584789301,5.438169532777307,969850000
2008-05-21,5.329596042633057,5.621513863155436,5.271571242493847,5.553319558186009,1157657200
2008-05-22,5.295499801635742,5.423512753431691,5.14445630693424,5.361600398892378,1206735600
2008-05-23,5.418727874755859,5.443253935076624,5.317932503647155,5.406763748093695,906917200
2008-05-27,5.576051712036133,5.576051712036133,5.438766973158589,5.465984558569334,789905200
2008-05-28,5.593400478363037,5.621515377086263,5.494997933495079,5.605363806241431,743979600
2008-05-29,5.583828449249268,5.628992222421443,5.548235976070821,5.5859221711228955,647186400
2008-05-30,5.645442962646484,5.6690721131349955,5.604467026265045,5.60656074846023,610184400
2008-06-02,5.566183090209961,5.672361522498911,5.519224291134706,5.640956487839451,679840000
2008-06-03,5.544346332550049,5.628990899632003,5.453720503050817,5.588911489663375,750520400
2008-06-04,5.538965702056885,5.595794113390721,5.48034307081733,5.503971425502707,726983600
2008-06-05,5.665781497955322,5.678044727780445,5.554218812220044,5.573361015537224,755445600
2008-06-06,5.552422046661377,5.681332666215012,5.549730518540391,5.623008769312023,966422800
2008-06-09,5.431886672973633,5.531486006149961,5.256616653371169,5.526999859096479,1888392800
2008-06-10,5.552422046661377,5.58651859644685,5.354419820374746,5.3989857756124255,1140941200
2008-06-11,5.407958984375,5.563189888556777,5.371469606697354,5.513539576048792,961550800
2008-06-12,5.18214225769043,5.461498592693805,5.120528609896815,5.428298544406388,1308333600
2008-06-13,5.15552282333374,5.2090610894898175,4.9443615889003905,5.133689091928159,1345957200
2008-06-16,5.289218902587891,5.320923038991411,5.05682133712467,5.123519744703835,1051730400
2008-06-17,5.426505088806152,5.44325446843771,5.306268000089917,5.32690572126768,899656800
2008-06-18,5.346346855163574,5.4495350506402644,5.304473610247381,5.41723230829101,811468000
2008-06-19,5.410651683807373,5.453722137226973,5.288022988739512,5.340364840954187,791949200
2008-06-20,5.242262363433838,5.413644516025996,5.234186576451448,5.364293283140437,888367200
2008-06-23,5.179150581359863,5.260504620107596,5.131294888603273,5.226407269300494,645780800
2008-06-24,5.1818437576293945,5.257514862085262,5.13339024265698,5.155523078308945,621947200
2008-06-25,5.305668830871582,5.348738881344589,5.20068603209731,5.222519761116277,644450800
2008-06-26,5.032594680786133,5.229400164218121,5.025117101905616,5.206369620602785,869610000
2008-06-27,5.087329387664795,5.1016859398562895,4.909666105870485,4.98025285353727,1042249600
2008-06-30,5.0080695152282715,5.144457383657976,4.983543451459453,5.090320900910794,684196800
2008-07-01,5.224613666534424,5.2258100790527475,4.905179111537726,4.912058084181468,1111280800
2008-07-02,5.030203819274902,5.3074657416698,5.030203819274902,5.240169108162513,837519200
2008-07-03,5.088225841522217,5.149541184502056,4.9575209683986206,5.072374174304664,523362000
2008-07-07,5.238969802856445,5.297891517374922,5.1414649856849755,5.179151178356819,820391600
2008-07-08,5.370275020599365,5.374761568649749,5.1665905311525915,5.24615038589918,888350400
2008-07-09,5.211751937866211,5.410949803624067,5.208462203215147,5.389713883585915,895776000
2008-07-10,5.282937526702881,5.3041730500205055,5.125612876124097,5.231792090058691,840688800
2008-07-11,5.161803722381592,5.297294658244838,5.114547020538965,5.248243337445657,930011600
2008-07-14,5.200687885284424,5.362797840220275,5.176760425905769,5.361004019539863,886054400
2008-07-15,5.0738701820373535,5.196500100519952,4.976664435410381,5.158813895224203,1040043200
2008-07-16,5.16868257522583,5.172271413164066,5.042763362193385,5.090617862508122,747790400
2008-07-17,5.1387739181518555,5.233588028623304,5.126211584623892,5.207266948850428,757526000
2008-07-18,4.939574718475342,5.074168729269661,4.9350885709181584,5.040370076003029,868414400
2008-07-21,4.973673343658447,5.009863630246894,4.81904019506741,4.99191743953689,1360469600
2008-07-22,4.845958232879639,4.868091065538035,4.38265747396135,4.456534748098967,1879592400
2008-07-23,4.972774982452393,5.035884147490432,4.832199701691673,4.93478968243921,1061768400
2008-07-24,4.756528854370117,4.942865727230943,4.739181270716863,4.9147500306610885,839619200
2008-07-25,4.848949432373047,4.875270111214336,4.74516263215012,4.797504487334922,633637200
2008-07-28,4.618045806884766,4.859415985489996,4.606679491304348,4.855527645722349,780712800
2008-07-29,4.698204040527344,4.769089877387159,4.595614073961574,4.648254621848502,684070800
2008-07-30,4.781952381134033,4.8001972763784435,4.668295964346317,4.719142308611441,725183200
2008-07-31,4.754136562347412,4.851342702604481,4.695214831550761,4.711964210772605,637498400
2008-08-01,4.685643196105957,4.785242961946124,4.65842560423878,4.782550234537928,544639200
2008-08-04,4.583052158355713,4.722730522359488,4.573480858356735,4.683847515450256,592527600
2008-08-05,4.804684162139893,4.809469414177406,4.630610086769079,4.648555480749033,688371600
2008-08-06,4.910862922668457,5.006872248558069,4.725722046715892,4.784643776115391,791408800
2008-08-07,4.8923187255859375,4.9694857459125625,4.830405567555737,4.866595853028163,672372400
2008-08-08,5.0711774826049805,5.074168913312633,4.897701656452124,4.900991790960246,713997200
2008-08-11,5.19111442565918,5.279048740788924,5.074766114569259,5.086730238625404,891304400
2008-08-12,5.2859296798706055,5.36249769473518,5.18962045661317,5.189919559780688,836278800
2008-08-13,5.362795352935791,5.3837321696841025,5.261103098736628,5.32331534280771,842346400
2008-08-14,5.363393783569336,5.397191632616936,5.319127726157185,5.3337833776021775,711300800
2008-08-15,5.256319999694824,5.376257191941139,5.235682277587987,5.3550216627523755,708251600
2008-08-18,5.245850563049316,5.318231531649063,5.198892165237346,5.2512340206345325,552014400
2008-08-19,5.190218925476074,5.296099056112965,5.138773976734172,5.2204271489133465,616204400
2008-08-20,5.2593092918396,5.292209837805681,5.192610491171555,5.227306055272773,506951200
2008-08-21,5.212950229644775,5.2476446005641115,5.141167065061717,5.2183332881161455,539744800
2008-08-22,5.28772497177124,5.308960500694026,5.251234780027115,5.2587123601666335,439611200
2008-08-25,5.160905838012695,5.270973783220482,5.1342860611854935,5.268580159723598,484425200
2008-08-26,5.193508148193359,5.230595738316705,5.162700925129006,5.167187472080605,445550000
2008-08-27,5.2243146896362305,5.256916532211672,5.150139108390999,5.183637861040234,477780800
2008-08-28,5.196499347686768,5.271572644196056,5.1668889332456,5.242560436080434,431384800
2008-08-29,5.070579528808594,5.189320675442584,5.055923874851697,5.173169505843491,599289600
2008-09-02,4.970682144165039,5.189321785796706,4.935089662938335,5.156421233301944,780763200
2008-09-03,4.993714809417725,5.045159785785054,4.905182615833478,4.990125569298575,734834800
2008-09-04,4.822030067443848,5.022126068953413,4.809767238394959,4.960810725699098,743386000
2008-09-05,4.7909255027771,4.857325218808861,4.7152539863735115,4.7433696887156085,786884000
2008-09-08,4.723330020904541,4.931800580966963,4.530114125015469,4.922229277540081,1045979200
2008-09-09,4.536692142486572,4.784343527382337,4.480163252073838,4.691623959352567,1245025600
2008-09-10,4.534597873687744,4.635692316597439,4.450552305982049,4.555833792587757,973142800
2008-09-11,4.565707206726074,4.5758767179441255,4.366807924136764,4.432010839893494,971135200
2008-09-12,4.45474100112915,4.513663130492593,4.3817614214244545,4.513663130492593,793027200
2008-09-15,4.198113918304443,4.417351648787662,4.198113918304443,4.248063325990296,920634400
2008-09-16,4.183760643005371,4.262124101331993,3.9525594091562124,4.003704470283143,1199836400
2008-09-17,3.8233487606048584,4.142783790958206,3.8233487606048584,4.142185185219964,1200455200
2008-09-18,4.01058292388916,4.050661550313946,3.609494361780497,3.905300605639308,1676253600
2008-09-19,4.214565753936768,4.31296869142643,4.0769815026739105,4.2651129871585,1430875600
2008-09-22,3.91965651512146,4.1948253939460205,3.907992292179377,4.185553197277452,856713200
2008-09-23,3.7937371730804443,4.061727168975035,3.788352917789563,3.943584635782031,1280364400
2008-09-24,3.84966778755188,3.9166652783664144,3.743189489887157,3.806597743835939,1047015200
2008-09-25,3.9459784030914307,4.031520323883904,3.843986604407148,3.882270617312492,1006045600
2008-09-26,3.8356096744537354,3.8822685524301517,3.6788832696577285,3.7360103550893515,1126451200
2008-09-29,3.148287534713745,3.5795842468017947,3.008609373843704,3.577789628096511,2622057200
2008-09-30,3.399529218673706,3.4396078461483213,3.1793942733918517,3.2377173958838807,1626682400
2008-10-01,3.2637391090393066,3.3606461399198433,3.211995259066792,3.34748619946922,1296484000
2008-10-02,2.993952989578247,3.253867345562769,2.990962358469411,3.2305381067621015,1609364400
2008-10-03,2.9033281803131104,3.1853754811352353,2.8309466108761248,3.110602084680753,2294398400
2008-10-06,2.9353315830230713,2.9544735879493116,2.6182897928083873,2.750490206515256,2107417200
2008-10-07,2.666743755340576,3.035828363481389,2.6604625873790346,3.005320232719238,1878772000
2008-10-08,2.6855857372283936,2.88119439447632,2.5626569450615118,2.569535917794627,2207741200
2008-10-09,2.6541807651519775,2.865342789975603,2.5901736915265183,2.792064317682394,1617383600
2008-10-10,2.895253896713257,2.9909649574492385,2.542319584876306,2.563256416850132,2219299600
2008-10-13,3.2978358268737793,3.3059116123382872,3.021470891475118,3.1270523121610743,1539076000
2008-10-14,3.112994909286499,3.4814816520764764,3.0848794091878804,3.477294207430332,1980994400
2008-10-15,2.9296481609344482,3.200330929740486,2.927853541976309,3.105815728956814,1584175600
2008-10-16,3.0474932193756104,3.093554116844059,2.7439104399279586,2.9840843351734114,1980521200
2008-10-17,2.9131972789764404,3.0519785299550493,2.5689379764391385,2.978998966554409,1762227600
2008-10-20,2.944303512573242,2.9918601113828065,2.8007378044362525,2.9843823334939295,1549170000
2008-10-21,2.7364323139190674,2.928153460050321,2.7265619089215023,2.8997390571212933,2193660000
2008-10-22,2.897346019744873,3.028349809404953,2.779502369782275,2.912300778401556,2248808800
2008-10-23,2.9380226135253906,2.968530734024291,2.7486951207032746,2.886578471541408,1675430400
2008-10-24,2.8826904296875,2.9281533123459913,2.695156737560398,2.7017366078901763,1590058400
2008-10-27,2.754378318786621,2.920077476914405,2.747498546734484,2.8435084652379046,1208771200
2008-10-28,2.9882712364196777,3.0059185240089095,2.762753225236574,2.8542762041885674,1634133200
2008-10-29,3.1270523071289062,3.2763011923694196,2.9891689428168147,3.016685635311591,1950978400
2008-10-30,3.3211653232574463,3.355561788438483,3.218575332063799,3.2371193292497167,1638089600
2008-10-31,3.2179770469665527,3.3133891528366948,3.1446985737405857,3.212294087233589,1659756000
2008-11-03,3.199134111404419,3.2631411891091284,3.1363238456727514,3.16832708502261,1057938000
2008-11-04,3.319671154022217,3.343598614315002,3.1904613509614683,3.2897610299827047,1398681200
2008-11-05,3.089665651321411,3.281684918875723,3.080393252218212,3.257458557403933,1256455200
2008-11-06,2.9640448093414307,3.074111783929077,2.93114405873394,3.022368731099021,1319074400
2008-11-07,2.938321828842163,2.98647644044976,2.8629496276757096,2.9682321455808447,1095253600
2008-11-10,2.867734909057617,3.002926110119732,2.8264594816945467,2.9960471384502636,1123822000
2008-11-11,2.83453631401062,2.9063190848245704,2.7594630086829874,2.835732127797176,1224538000
2008-11-12,2.6954550743103027,2.788773445671013,2.6921655391737445,2.764546293934167,1178976400
2008-11-13,2.8844845294952393,2.8844845294952393,2.572826095900958,2.6879779910093995,1854087200
2008-11-14,2.699045181274414,2.811206676680485,2.6918673040069416,2.8043269042493173,1405266800
2008-11-17,2.6362342834472656,2.708316934165509,2.6099144080625765,2.646403789076944,1162526400
2008-11-18,2.689174175262451,2.721477111599378,2.5979503220466866,2.681099189934339,1209695200
2008-11-19,2.580902338027954,2.739123920748724,2.5785097123490317,2.675117839392912,1171900800
2008-11-20,2.407425880432129,2.5856871303562077,2.392770028582049,2.54949665454004,1716814400
2008-11-21,2.469937562942505,2.515998450758445,2.367048473000055,2.4504956580777923,1569271200
2008-11-24,2.7801008224487305,2.83513421534667,2.5375335119262257,2.548599931280039,1442257600
2008-11-25,2.715794324874878,2.832741061671717,2.6368326900576484,2.830348436122957,1235292800
2008-11-26,2.8414146900177,2.8488924680594043,2.6873805688921544,2.6894742908367033,899836000
2008-11-28,2.771726131439209,2.8342373041824707,2.7474989712790263,2.832442684935912,297774400
2008-12-01,2.659862518310547,2.7597609550812403,2.6595636148846618,2.7307485539513836,923767600
2008-12-02,2.7657437324523926,2.771127789208618,2.587183531740952,2.6927641559410893,1148722400
2008-12-03,2.868333101272583,2.8782035037898592,2.655975086973534,2.6739204746953997,1338680000
2008-12-04,2.734039306640625,2.847695704487672,2.66375126674837,2.824366258571908,1091370000
2008-12-05,2.81150484085083,2.8261606930514733,2.657769042469355,2.702334805270018,1043795200
2008-12-08,2.982588768005371,3.0148907106658402,2.865342927186128,2.909609195689159,1185142000
2008-12-09,2.9927566051483154,3.09863710134075,2.907514820978788,2.9323399778813375,1203496000
2008-12-10,2.9374241828918457,2.9757083803860067,2.8862791514265234,2.9272548774163027,938047600
2008-12-11,2.8414146900177,3.0280506535145975,2.8363303360604237,2.911702529049365,1040617200
2008-12-12,2.9392194747924805,2.9610530057196756,2.7675380657469213,2.7756138505449655,1041174400
2008-12-15,2.833937883377075,2.877605146724352,2.7815960295830084,2.871025276691356,891758000
2008-12-16,2.854276657104492,2.885681697849916,2.7741189874618453,2.8109082857301324,1093506400
2008-12-17,2.666743755340576,2.724767786491948,2.6326459864064944,2.7226740638381006,1293860400
2008-12-18,2.674818992614746,2.7166924418638043,2.6452077761040824,2.6712295545814615,857416000
2008-12-19,2.6918675899505615,2.7199822933292968,2.65597600344884,2.6900727710234382,801920000
2008-12-22,2.5644519329071045,2.6927639909461853,2.5330467008237574,2.6924648877929633,844740400
2008-12-23,2.5835940837860107,2.628159258160388,2.5692373312768217,2.598249739797226,635031600
2008-12-24,2.5435149669647217,2.5797054481061865,2.528859312626402,2.5764157129443586,271334000
2008-12-26,2.5665459632873535,2.614700582145349,2.5494976791844386,2.5913711305815874,308324800
2008-12-29,2.590472936630249,2.6206821557607904,2.5444120488825264,2.5877812078907576,686000000
2008-12-30,2.580902338027954,2.6335432976576327,2.5339437395930053,2.614700197384641,967601600
2008-12-31,2.5527865886688232,2.6242704418690623,2.552487685198165,2.5713307836169736,607541200
2009-01-02,2.714298963546753,2.7229735550953333,2.5471048720626306,2.5686395031524563,746015200
2009-01-05,2.8288540840148926,2.8767096130781886,2.7729227659519347,2.786681717249411,1181608400
2009-01-06,2.782193660736084,2.9063182578548337,2.7633505639663527,2.8698288761031656,1289310400
2009-01-07,2.7220752239227295,2.766640394476255,2.699642887405285,2.7460034755004212,753048800
2009-01-08,2.7726218700408936,2.786081708370443,2.693062247413223,2.704727467254603,673500800
2009-01-09,2.709214448928833,2.7929615405005603,2.696054508298787,2.7878771858873286,546845600
2009-01-12,2.651787757873535,2.7214769824519136,2.618587913115223,2.7056245183127383,617716400
2009-01-13,2.6233737468719482,2.6840902913836935,2.5826971143145645,2.6392262145373384,798397600
2009-01-14,2.5521886348724365,2.609614841397493,2.53394354268571,2.5794064220774624,1021664000
2009-01-15,2.4938652515411377,2.5159986875641978,2.3942664866183248,2.4098192532342706,1831634000
2009-01-16,2.4624598026275635,2.5237743528938,2.4047346899387043,2.5213817272894326,1047625600
2009-01-20,2.3389339447021484,2.452590396031323,2.3389339447021484,2.4504966730660374,919914800
2009-01-21,2.477414608001709,2.478910323493704,2.372132889704313,2.3745255153538367,1089270000
2009-01-22,2.642815351486206,2.691867680537911,2.56684513032582,2.6332446474558426,1409528400
2009-01-23,2.642815351486206,2.687979139011378,2.5871839496078373,2.5967544539698295,763770000
2009-01-26,2.681100368499756,2.7208803010973455,2.641020733654367,2.6577703155738273,692238400
2009-01-27,2.713701009750366,2.738227272235074,2.6840905919219202,2.6975496367813387,618038400
2009-01-28,2.8174874782562256,2.8414149324190694,2.7367312222808056,2.755275218892174,861406000
2009-01-29,2.7815964221954346,2.8216752520350115,2.7696322943801057,2.784287951617174,592729200
2009-01-30,2.6957550048828125,2.8001387945198615,2.6921655679309713,2.7696314756194993,651478800
2009-02-02,2.737030029296875,2.7516856843057766,2.6589661038538184,2.6649481668520023,558247200
2009-02-03,2.780996561050415,2.7929606843238055,2.700241124974375,2.749292433049045,599309200
2009-02-04,2.7980458736419678,2.878802337958194,2.7845870286495966,2.788176466628825,808421600
2009-02-05,2.8850834369659424,2.9087117915838387,2.7702304014663417,2.774716749891273,749246400
2009-02-06,2.982588768005371,2.9909634566590078,2.901234507035522,2.9018323140075792,687209600
2009-02-09,3.0660359859466553,3.080691641333875,2.9760079321832666,2.9909634894014343,715010800
2009-02-10,2.9260592460632324,3.066035717898451,2.903028903944125,3.0307429460618676,849060800
2009-02-11,2.89585018157959,2.94041535250154,2.864445149797524,2.882391338629156,674973600
2009-02-12,2.9691288471221924,2.9834855984796547,2.866239760790603,2.866239760790603,817188400
2009-02-13,2.9658396244049072,2.9891690732780325,2.9347334929057305,2.960754471043495,608977600
2009-02-17,2.827357769012451,2.902431083131294,2.819880787194296,2.897346727508213,678238400
2009-02-18,2.8225724697113037,2.866838549439231,2.7732220344447973,2.842911289544256,684779200
2009-02-19,2.7110095024108887,2.8189827623784898,2.695157032841285,2.792662679170746,922804400
2009-02-20,2.7277591228485107,2.763650511603761,2.661957411512323,2.673921540544698,750316000
2009-02-23,2.6006429195404053,2.751686458723474,2.5874829762457203,2.7412182448671913,786982000
2009-02-24,2.699343681335449,2.7184858825310747,2.602137758695678,2.6155968006899784,807105600
2009-02-25,2.7265617847442627,2.77920274432375,2.6694346769796153,2.687679770566733,833053200
2009-02-26,2.667640447616577,2.7792031502647165,2.6607614730816707,2.751686253783262,629868400
2009-02-27,2.6712288856506348,2.7307488096171757,2.622176772287024,2.6299534534635955,706658400
2009-03-02,2.6302528381347656,2.7277586767884876,2.6221772520268574,2.6356368949872753,770929600
2009-03-03,2.6431143283843994,2.7140003957793972,2.6284586695413714,2.6598637098245383,724340400
2009-03-04,2.7268598079681396,2.7747152975733433,2.6754156807717218,2.6972494047242783,741403600
2009-03-05,2.6571714878082275,2.7477973463081558,2.6455072636225387,2.705625000135611,706899200
2009-03-06,2.5512912273406982,2.6440109879123788,2.462459207893191,2.64221616972301,1011147200
2009-03-09,2.4857892990112305,2.620083425394229,2.469638726443943,2.5177931379958345,698297600
2009-03-10,2.650891065597534,2.667042439357822,2.5231767895836326,2.5384304543722642,844258800
2009-03-11,2.772023916244507,2.813598446671011,2.679304355279101,2.686183326944634,846372800
2009-03-12,2.8817927837371826,2.8886725560570903,2.751685898427323,2.7786047846771864,768457200
2009-03-13,2.8692305088043213,2.9072166099276133,2.8417138169001386,2.8802977250036728,601168400
2009-03-16,2.8539769649505615,2.912898891927885,2.8168887707712833,2.8871768179089057,797244000
2009-03-17,2.9807939529418945,2.98169086300929,2.843508209814261,2.8485933624403605,786646000
2009-03-18,3.0364253520965576,3.0950481690679137,2.9825885846373064,2.988270745547422,796037200
2009-03-19,3.039416790008545,3.0866734882570235,2.9984402592887105,3.04629576281549,500180800
2009-03-20,3.0385193824768066,3.083982268072791,3.008012055516657,3.053474142439247,695587200
2009-03-23,3.2200708389282227,3.2350255971084785,3.0433052697815457,3.072017974204056,666397200
2009-03-24,3.185375213623047,3.2733095415048767,3.1521761622308193,3.181187969264461,640612000
2009-03-25,3.1850759983062744,3.2410070828940016,3.106414075282446,3.21767783855861,646618000
2009-03-26,3.2861716747283936,3.289461210614967,3.2176784460272803,3.2251552266529946,616252000
2009-03-27,3.1958436965942383,3.246091828048243,3.1823846537785117,3.2371191328377584,492872800
2009-03-30,3.1252574920654297,3.1408100569896282,3.0690272986075278,3.125855498689319,502796000
2009-03-31,3.1441006660461426,3.213789903738706,3.140511228538803,3.153970271430122,570080000
2009-04-01,3.2508785724639893,3.260150172569433,3.107311833206607,3.113293897148872,589372000
2009-04-02,3.3711154460906982,3.4321313144591223,3.2834801856717823,3.2942477035996456,812366800
2009-04-03,3.469217300415039,3.473404743708211,3.3953408332826527,3.41537994179826,636241200
2009-04-06,3.5427958965301514,3.5517685920737048,3.3881627561210292,3.4378130824515787,658064400
2009-04-07,3.439607620239258,3.4895570485534764,3.4153806639711832,3.485369604374881,536580800
2009-04-08,3.479088306427002,3.4931453555355,3.4270455573299072,3.4524685259215473,455630000
2009-04-09,3.5762946605682373,3.589155697257091,3.528139849936714,3.541898994789054,530756800
2009-04-13,3.5957348346710205,3.6184662711186775,3.5592454541850196,3.5894536695201116,389236400
2009-04-14,3.5386083126068115,3.5942406999953915,3.5069041772878577,3.576294510943172,454622000
2009-04-15,3.5185699462890625,3.536814443687621,3.462339740011705,3.505409005523324,412882400
2009-04-16,3.6325247287750244,3.6833706674050126,3.5529648874758983,3.5649290135880394,593446000
2009-04-17,3.691446304321289,3.716271465670613,3.596633004709187,3.6244487981298215,497495600
2009-04-20,3.6041104793548584,3.678585570171609,3.564031453875991,3.640899370015261,466466000
2009-04-21,3.641796112060547,3.6531624311544886,3.5472819122040327,3.5559555042611035,470685600
2009-04-22,3.63431978225708,3.7491730106470214,3.625047184074769,3.6678185407033044,938767200
2009-04-23,3.7506656646728516,3.8045034103255264,3.694136391140375,3.7871558342681912,945156800
2009-04-24,3.705803394317627,3.7428913864964044,3.6779875998518694,3.7279366282314106,540764000
2009-04-27,3.73062801361084,3.7387037984047606,3.6687148615340206,3.6758937362430313,480690000
2009-04-28,3.705803394317627,3.774894625090623,3.686661191924172,3.689352720955817,455856800
2009-04-29,3.7428925037384033,3.794037560656068,3.7037107777997695,3.734218909077059,458110800
2009-04-30,3.7635276317596436,3.7985214888423786,3.7363100542497953,3.7751918514507263,498489600
2009-05-01,3.805701971054077,3.826937898413251,3.76263190994993,3.76263190994993,397516000
2009-05-04,3.950164794921875,3.955548251934913,3.818861315972609,3.835610691946043,609358400
2009-05-05,3.9693069458007812,3.9737930933655417,3.9217503473194033,3.940593444968576,398255200
2009-05-06,3.963024616241455,3.992934121459979,3.8948303213782793,3.9878497691349204,473538800
2009-05-07,3.860137462615967,3.9597360281328413,3.825441892399044,3.957941409017999,531776000
2009-05-08,3.864025354385376,3.925041199179679,3.7763901278252625,3.859538407783707,467964000
2009-05-11,3.875391960144043,3.9169665111034453,3.802113264972624,3.8095912451786176,404658800
2009-05-12,3.72135591506958,3.8795782859105836,3.6863620447099574,3.8750917386837167,609481600
2009-05-13,3.573901653289795,3.7093925840474173,3.5706111193234453,3.6851652290468744,595971600
2009-05-14,3.6773884296417236,3.6947368110167846,3.580182704955246,3.582575130727361,447826400
2009-05-15,3.6615374088287354,3.7273385135974273,3.637310449659275,3.65854597757769,367567200
2009-05-18,3.788054943084717,3.789550858409778,3.6361145120355824,3.700719604722122,458841600
2009-05-19,3.8119821548461914,3.8676137370291612,3.760836320726256,3.7931390578905844,372422400
2009-05-20,3.764725685119629,3.8646241562661876,3.7476772022218596,3.817366649798418,388584000
2009-05-21,3.714177370071411,3.7919421821723938,3.6755942667999255,3.7431899724734476,407946000
2009-05-22,3.663930892944336,3.7141790401271595,3.6414985488913123,3.710290697939594,297998400
2009-05-26,3.9115824699401855,3.913078385533552,3.7252455370746587,3.7315267053523042,636927200
2009-05-27,3.9794771671295166,4.037202084282649,3.9154698851758067,3.941491861879343,646422000
2009-05-28,4.0398945808410645,4.049465483679811,3.9489688075210836,3.991440262914539,487552800
2009-05-29,4.062027454376221,4.064718983800167,4.003404426043179,4.049465519496537,456534400
2009-06-01,4.167906284332275,4.187048082350358,4.067708751459632,4.081766595904714,452499600
2009-06-02,4.172095775604248,4.227428279279604,4.137998404581231,4.157141411839302,456223600
2009-06-03,4.215761184692383,4.220546434082135,4.159531010168337,4.187346794716714,565199600
2009-06-04,4.299210071563721,4.31237061025438,4.188545099994573,4.1912366290264655,550634000
2009-06-05,4.327027797698975,4.378770659870578,4.283359524737307,4.346169605769651,632716000
2009-06-08,4.302499771118164,4.313865290410397,4.170299385970288,4.30160286108934,931652400
2009-06-09,4.268702507019043,4.32373588654394,4.2037983246968835,4.301303550742764,676964400
2009-06-10,4.194825172424316,4.257635625949177,4.136501664774228,4.255541904231357,688623600
2009-06-11,4.185850143432617,4.234004926592238,4.143976922457153,4.173887221731996,524823600
2009-06-12,4.096721172332764,4.160428127496373,4.068904587723835,4.151754538083882,563085600
2009-06-15,4.070402145385742,4.095526415721667,4.034510958149281,4.068009719039361,539750400
2009-06-16,4.078179359436035,4.141587245395386,4.0707013795989315,4.087450760582998,514805200
2009-06-17,4.055148124694824,4.1110792193636785,4.0237430905805684,4.087749172150028,571412800
2009-06-18,4.064119815826416,4.1275280747197876,4.055446225394357,4.070998787685654,427680400
2009-06-19,4.171794891357422,4.172392698205745,4.094627890852184,4.129621355322286,721856800
2009-06-22,4.108686923980713,4.234008384950401,4.07758138533704,4.207389394862589,634914000
2009-06-23,4.008189678192139,4.096124021031147,3.974392215093258,4.079674543280254,706532400
2009-06-24,4.074289321899414,4.112573723206614,4.033612894266668,4.050362269921491,485525600
2009-06-25,4.183160781860352,4.193330288879533,4.0440814122454665,4.060232183543817,589447600
2009-06-26,4.2603278160095215,4.293826570022619,4.179571563129987,4.181067078874916,439384400
2009-06-29,4.246269702911377,4.305490525366772,4.23340866764456,4.290834871318079,567616000
2009-06-30,4.260029315948486,4.301005255150498,4.241186613568144,4.264515863818427,434224000
2009-07-01,4.2719926834106445,4.326728168580277,4.262721283069324,4.292032597410233,414178800
2009-07-02,4.1879448890686035,4.271990853912693,4.181065917888714,4.224734166841651,370479200
2009-07-06,4.145772933959961,4.157139250841476,4.075186201290296,4.14846446246298,498688400
2009-07-07,4.049762725830078,4.177776050865177,4.043182857296073,4.141884479335208,461596800
2009-07-08,4.104198932647705,4.128724990127832,4.020452052395577,4.065317122845694,575929200
2009-07-09,4.078476428985596,4.127229036301499,4.065615395015412,4.120350064334462,343025200
2009-07-10,4.1430816650390625,4.156540506407129,4.0772797790660835,4.077878783963336,445275600
2009-07-13,4.257335186004639,4.257335186004639,4.113470605231854,4.173588324561165,483501200
2009-07-14,4.255241394042969,4.282459373146436,4.222042551753484,4.248063719281302,347247600
2009-07-15,4.393126010894775,4.396715248348795,4.316557608558732,4.338092234609632,485587200
2009-07-16,4.41226863861084,4.427224196807777,4.353945515739281,4.359628076769492,393570800
2009-07-17,4.538788318634033,4.546864106966655,4.4454700945855725,4.4589297418066085,602154000
2009-07-20,4.573480129241943,4.6371882860304074,4.513063304313262,4.584248239360732,735526400
2009-07-21,4.531606197357178,4.589033185724226,4.478965656583189,4.584846142255744,874781600
2009-07-22,4.688034534454346,4.747555252257061,4.669191438625196,4.719439561057402,874104000
2009-07-23,4.720337867736816,4.738881064144293,4.65274175706405,4.684745393254164,526962800
2009-07-24,4.785242080688477,4.785540784489514,4.6808570823246605,4.694316324183197,438362400
2009-07-27,4.78853178024292,4.811861427416586,4.703588878712469,4.790625502365642,433311200
2009-07-28,4.785540580749512,4.78853121266226,4.713757028774626,4.752041829429868,363554800
2009-07-29,4.786438465118408,4.7990007989229335,4.7331996953888735,4.752641003130608,382158000
2009-07-30,4.868988990783691,4.9267139000056135,4.830405085137127,4.836387147925221,469604800
2009-07-31,4.886933326721191,4.935087723772059,4.872576379125511,4.874969203724791,422536800
2009-08-03,4.977859973907471,4.984140740291913,4.9312002850304735,4.941369392099385,394240000
2009-08-04,4.951539039611816,4.952137245888013,4.911460417116558,4.932995044386361,395810800
2009-08-05,4.938379764556885,5.006572890435567,4.911460878933539,4.957521568521777,423183600
2009-08-06,4.902488708496094,4.980253543361653,4.877962645575006,4.952436945922927,341616800
2009-08-07,4.950343608856201,4.982945460668106,4.929108078799836,4.9497458017498515,387354800
2009-08-10,4.92671537399292,4.982945583014185,4.895011230403971,4.954831077508684,300294400
2009-08-11,4.870183944702148,4.916543723216355,4.84176995131224,4.895905611086383,355342400
2009-08-12,4.944361209869385,4.986234449896635,4.859118415497461,4.8618099443203695,445071200
2009-08-13,5.037380218505859,5.044858197148449,4.979954006783179,4.984440554366725,439980800
2009-08-14,4.988329887390137,5.031698258640244,4.950942782100602,5.023024664257575,305816000
2009-08-17,4.773279190063477,4.892917680726562,4.768194036070881,4.891720868529624,524381200
2009-08-18,4.905179023742676,4.912357099387522,4.82771331125082,4.834293180647212,431152400
2009-08-19,4.923124313354492,4.944061132292065,4.858819139623974,4.8677918338334445,413271600
2009-08-20,4.974870681762695,4.986535708830404,4.923426518708691,4.93449254058652,342031200
2009-08-21,5.061306953430176,5.065794299048568,4.988925992731552,5.014349359417439,416074400
2009-08-24,5.056522846221924,5.105874075106071,5.032894492307178,5.088226986464273,406929600
2009-08-25,5.0666913986206055,5.112752084303834,5.058615613817263,5.068486017465792,324354800
2009-08-26,5.007172107696533,5.071178191298006,4.987730401067939,5.0523350903639015,303998800
2009-08-27,5.0681867599487305,5.071775198856528,4.930004307771425,5.047249940062581,449181600
2009-08-28,5.086133003234863,5.159112582290914,5.040670916920858,5.1525327116240724,453700800
2009-08-31,5.03109884262085,5.0502406446550685,4.979953404365445,5.029602927603948,311337600
2009-09-01,4.944063186645508,5.084638915256387,4.933295869252794,5.024520361527076,469028000
2009-09-02,4.940472602844238,5.013152668424791,4.908468966533887,4.923723226515159,364249200
2009-09-03,4.981449127197266,4.997899402346436,4.9350893334744566,4.978159391636775,293955200
2009-09-04,5.093909740447998,5.1055747646699325,4.99760091084092,5.003283871359298,374628800
2009-09-08,5.172271728515625,5.178552494792918,5.144455936612981,5.173767244137984,315047600
2009-09-09,5.118732929229736,5.218331456083862,5.0756624865295565,5.16778423531428,811087200
2009-09-10,5.161204814910889,5.181842529174166,5.108862971181857,5.146250059464962,491134000
2009-09-11,5.149241924285889,5.179750048012063,5.110658813716422,5.1716742624954275,348961200
2009-09-14,5.195901870727539,5.201284929326033,5.092115063336478,5.10946224920581,322011200
2009-09-15,5.238969802856445,5.253625455709586,5.1920122125744825,5.205471053667383,426470800
2009-09-16,5.4396653175354,5.465985999857671,5.320325935824962,5.323616071032335,754023200
2009-09-17,5.519821643829346,5.586819147231307,5.442655432737022,5.442954535865363,810572000
2009-09-18,5.533879280090332,5.579640858973745,5.526102199713049,5.558106233226613,601582800
2009-09-21,5.503969192504883,5.53806574626791,5.432186448613558,5.512044975819474,437715600
2009-09-22,5.517728805541992,5.544647692066886,5.468976185824966,5.538965131055014,356753600
2009-09-23,5.548235893249512,5.649928957481777,5.5341780465935715,5.545245261382729,593563600
2009-09-24,5.497989654541016,5.614038510380124,5.466584614797052,5.5990837485656995,550880400
2009-09-25,5.4546217918396,5.5482391263763615,5.426805984112164,5.443854472569557,445239200
2009-09-28,5.5676774978637695,5.583529965236132,5.483332803336441,5.499483974530112,337444800
2009-09-29,5.544647216796875,5.605064455871789,5.512643978355809,5.5850257427914345,345385600
2009-09-30,5.543750762939453,5.576651313540081,5.461798489613101,5.567080011933101,539585200
2009-10-01,5.409455299377441,5.5697701690983665,5.404668851079696,5.543749397274478,524711600
2009-10-02,5.530291557312012,5.56139789290362,5.424113108740911,5.4259077280637,553308000
2009-10-05,5.563788890838623,5.588913155570327,5.5114470387061605,5.5691731467613375,423133200
2009-10-06,5.683125972747803,5.683125972747803,5.602071848645477,5.615231583020997,605085600
2009-10-07,5.690308094024658,5.69928079052678,5.6538179036167895,5.67565243682461,465668000
2009-10-08,5.660995960235596,5.726198849879941,5.649629641148229,5.702570499597806,438211200
2009-10-09,5.696885585784912,5.703764557051782,5.641553514570613,5.6520217226740455,293272000
2009-10-12,5.707057476043701,5.727994300339942,5.672063200930616,5.713338643133586,288024800
2009-10-13,5.683427810668945,5.717823472117731,5.673856510645673,5.7016723026650755,348020400
2009-10-14,5.721415042877197,5.752221077893487,5.68971089950692,5.750127754642442,375510800
2009-10-15,5.699580192565918,5.710347508800366,5.668773759914127,5.671764392680503,373556400
2009-10-16,5.624505996704102,5.693597230037859,5.618224830278609,5.663388609236201,431426800
2009-10-19,5.678641319274902,5.682828762709119,5.549731476150808,5.618523592366586,942230800
2009-10-20,5.944838523864746,6.034268781720604,5.917620931824301,5.999873112345079,1141039200
2009-10-21,6.1290812492370605,6.242439347623337,5.958895548422669,5.967569140529331,1193726800
2009-10-22,6.137455463409424,6.21671619811693,6.056999114815882,6.12250070575473,791392000
2009-10-23,6.099770545959473,6.155402942963464,6.078535017250666,6.1524123102745145,420786800
2009-10-26,6.056101322174072,6.183815149575139,5.984916382615705,6.091693791953256,484338400
2009-10-27,5.903263568878174,6.0659712697586885,5.875745683126783,6.031575609749999,756551600
2009-10-28,5.754613399505615,5.922705381558553,5.715730388158039,5.913432784289497,818386800
2009-10-29,5.872758388519287,5.886517538881903,5.746839100999611,5.8323806433019065,570270400
2009-10-30,5.637966156005859,5.886215814107121,5.628095750717896,5.864082976680246,717525200
2009-11-02,5.662193298339844,5.768970352993361,5.550331488923911,5.676848956847709,678983200
2009-11-03,5.645442962646484,5.6684731081201605,5.560798762010264,5.618524875289856,522541600
2009-11-04,5.707057476043701,5.797982451229403,5.689710289421245,5.704665049822358,487530400
2009-11-05,5.803364276885986,5.832376475949951,5.737263696546257,5.754611674574594,384801200
2009-11-06,5.812637805938721,5.8380607774965565,5.754613785859161,5.757903521493571,295097600
2009-11-09,6.0255937576293945,6.03875349639613,5.870063727368449,5.890401541765823,528855600
2009-11-10,6.071057319641113,6.130875954443303,6.012135195637889,6.012434298795315,401195200
2009-11-11,6.079131603240967,6.13147344828977,6.03665936192432,6.118312911749332,443870000
2009-11-12,6.041445255279541,6.127584545066475,6.02469588237599,6.0758409109772415,363731200
2009-11-13,6.115025997161865,6.126391520988274,6.043841023118509,6.067768483735872,343240800
2009-11-16,6.180226802825928,6.221202734904359,6.131773292264224,6.145830341139508,485206400
2009-11-17,6.191295146942139,6.204454890495946,6.1314760978013325,6.163778448231249,396513600
2009-11-18,6.160186290740967,6.191292614856167,6.101563678505121,6.177534670464141,374320800
2009-11-19,5.997178554534912,6.119808430896795,5.975943032868867,6.119808430896795,542326400
2009-11-20,5.979532241821289,5.99359008761314,5.9149275691455045,5.956502101643979,406666400
2009-11-23,6.157793998718262,6.16138323611745,6.070158382901181,6.07165429782078,474896800
2009-11-24,6.114725589752197,6.157795249279475,6.068664898451493,6.1413445745256325,318438400
2009-11-25,6.107246398925781,6.15091465262259,6.09438536503011,6.143436675825399,286454000
2009-11-27,5.999571800231934,6.070456835247183,5.933172113475015,5.958595076987303,295257200
2009-11-30,5.97923469543457,6.032174357381475,5.945137733884928,6.015125876606654,424858000
2009-12-01,5.891299724578857,6.0647755451229735,5.887112280794816,6.048923079369101,465763200
2009-12-02,5.869166374206543,6.024397310747519,5.854809822738953,5.950819535222401,715260000
2009-12-03,5.876644611358643,5.951419207167567,5.870363844014531,5.904759511161211,448719600
2009-12-04,5.782129764556885,5.978336234462897,5.691204006675051,5.972953176576597,826884800
2009-12-07,5.651425838470459,5.795590802321727,5.64335045046566,5.7821315560892215,714758800
2009-12-08,5.6789422035217285,5.75311859818278,5.643948327570052,5.663688339849446,690398800
2009-12-09,5.916125774383545,5.926893089253465,5.692102290291964,5.7211148986786196,684782000
2009-12-10,5.875147342681885,5.972952055134481,5.865875546351177,5.966969993413661,489669600
2009-12-11,5.822507858276367,5.922107214232307,5.785419864975917,5.915526545351908,429774800
2009-12-14,5.891598701477051,5.90505794349876,5.759398307717051,5.84344429373821,495790400
2009-12-15,5.807554244995117,5.907452723815321,5.780635753862158,5.8572045808535185,419459600
2009-12-16,5.833274841308594,5.877242204815759,5.8189182897291705,5.835368563317187,352984800
2009-12-17,5.738461494445801,5.83237788424894,5.712739422934923,5.810244651101539,388838800
2009-12-18,5.84523868560791,5.847332407515684,5.760594097254378,5.777643374982876,608770400
2009-12-21,5.928986549377441,5.97444943396217,5.852417732815807,5.863784052967021,611906400
2009-12-22,5.99269437789917,6.007350035446899,5.941848031616345,5.965177682014053,349515600
2009-12-23,6.044736862182617,6.053111751450133,6.00615374892452,6.017817974588017,345525600
2009-12-24,6.2523088455200195,6.261581442447015,6.082123147631365,6.088105210592881,500889200
2009-12-28,6.329176902770996,6.399165044346904,6.269357469790207,6.332467436812143,644565600
2009-12-29,6.254103660583496,6.3623770068999494,6.243037243094213,6.359685078482829,445205600
2009-12-30,6.330073356628418,6.340841468767246,6.230474808564447,6.246027372827705,412084400
2009-12-31,6.3028564453125,6.381220276646152,6.297772090836794,6.374640007006608,352410800
2010-01-04,6.4009599685668945,6.415615623607645,6.352207353035695,6.38361238517111,493729600
2010-01-05,6.4120259284973145,6.448216606206639,6.378227676336188,6.418606196930499,601904800
2010-01-06,6.310033798217773,6.437448920594852,6.30345353016583,6.412025557003461,552160000
2010-01-07,6.29836893081665,6.340841174450646,6.252607351541247,6.333363596462863,477131200
2010-01-08,6.340242862701416,6.340841468304788,6.252907543112988,6.28999473430469,447610800
2010-01-11,6.284310817718506,6.370749203094086,6.234660510123317,6.364767142097915,462229600
2010-01-12,6.212827205657959,6.274142544217993,6.173944999568623,6.2567941645910246,594459600
2010-01-13,6.300461769104004,6.308836655275862,6.1045544446732,6.217313908896414,605892000
2010-01-14,6.263972282409668,6.294779499525189,6.251709455779857,6.284311291329479,432894000
2010-01-15,6.15928840637207,6.328876248948886,6.157493787995292,6.308836343741521,594067600
2010-01-19,6.431767463684082,6.436254011409336,6.198472972021278,6.231074020814712,730007600
2010-01-20,6.332767486572266,6.447021714149782,6.266068671057579,6.42787950870807,612152800
2010-01-21,6.22329568862915,6.38002252965478,6.1975736188447526,6.343234043707786,608154400
2010-01-22,5.9146294593811035,6.20624824404075,5.89698317207535,6.184713615756559,881767600
2010-01-25,6.073746681213379,6.122498881129456,5.987606999297818,6.056997309711368,1065699600
2010-01-26,6.159587383270264,6.391985266928089,6.059091152248267,6.159886486326934,1867110000
2010-01-27,6.217614650726318,6.298370112120982,5.967868690468655,6.186807422975147,1722568400
2010-01-28,5.960690021514893,6.146429081752541,5.943043734580063,6.129381001109511,1173502400
2010-01-29,5.744443893432617,6.047727708117002,5.69030741963118,6.014228952962264,1245952400
2010-02-01,5.824302673339844,5.862287977402449,5.721712681655703,5.753715922295322,749876400
2010-02-02,5.858099937438965,5.87185868191304,5.783924355218435,5.859595852479305,698342400
2010-02-03,5.958896636962891,5.987909248788236,5.815031188677767,5.837463529930272,615328000
2010-02-04,5.744144916534424,5.933173312109314,5.729787965576353,5.8841211950091905,757652000
2010-02-05,5.84613561630249,5.862287185362351,5.708252267725189,5.761491826323333,850306800
2010-02-08,5.806056499481201,5.9185168710250595,5.80246726221854,5.853014888327844,478270800
2010-02-09,5.867971420288086,5.907152740921228,5.824901358773481,5.87485039445363,632886800
2010-02-10,5.835967063903809,5.880233932124005,5.810244990888686,5.858997208486419,370361600
2010-02-11,5.9421467781066895,5.9744495226169425,5.804263405083183,5.828789466815467,550345600
2010-02-12,5.99329137802124,6.030977572668726,5.8473322493767865,5.925396167429482,655468800
2010-02-16,6.083619594573975,6.0922931872898225,6.027389395829695,6.039951329810469,543737600
2010-02-17,6.0581955909729,6.110836143318554,6.007647562480161,6.107246905839547,436396800
2010-02-18,6.06956148147583,6.098274985616274,6.009442944080628,6.03067846985391,422825200
2010-02-19,6.031874179840088,6.0776361564729,6.015124805208472,6.037557538201606,415469600
2010-02-22,5.99448823928833,6.056700499371791,5.957699748137293,6.051915248085884,390563600
2010-02-23,5.8939924240112305,6.021706689433857,5.853614691798294,5.981926764257897,575094800
2010-02-24,6.001667499542236,6.0249967491504295,5.917321599918911,5.928986624059701,460566400
2010-02-25,6.041744232177734,6.067466299179164,5.888906147605655,5.903561799641804,665126000
2010-02-26,6.1201090812683105,6.136559356775945,6.04174604505698,6.053111566521824,507460800
2010-03-01,6.250814914703369,6.266068378500577,6.144934383649733,6.15390707988398,550093600
2010-03-02,6.246626853942871,6.305847681522823,6.2134268029419,6.278928796801944,566546400
2010-03-03,6.260982036590576,6.277133605552493,6.21940829901657,6.249317813235767,372052800
2010-03-04,6.302257537841797,6.308538703617113,6.240045284362819,6.2594873872897105,366041200
2010-03-05,6.5487141609191895,6.571146499349718,6.419504386736821,6.4287765850139325,899620400
2010-03-08,6.552600860595703,6.5828090752111805,6.527775703022458,6.580416649785364,429889600
2010-03-09,6.67044734954834,6.729668188729239,6.517010994393191,6.529572930077513,920259200
2010-03-10,6.724880695343018,6.744023295846218,6.67582937890007,6.694672476933782,596218000
2010-03-11,6.744619846343994,6.744619846343994,6.679417368348916,6.697064450945243,405700400
2010-03-12,6.777519702911377,6.811317147220447,6.752096344751624,6.800549438163215,416323600
2010-03-15,6.694972515106201,6.7446216454123915,6.587596472095236,6.741033205990122,493502800
2010-03-16,6.7132158279418945,6.729067894069505,6.655191419626846,6.705140442985411,446908000
2010-03-17,6.7033467292785645,6.773035769422474,6.67792375915226,6.726675977268429,450956800
2010-03-18,6.719199180603027,6.72966739254535,6.6581833300154285,6.702748106399323,342109600
2010-03-19,6.647415637969971,6.736845486856345,6.616907514737708,6.72338624388319,559445600
2010-03-22,6.722189426422119,6.759576920139032,6.58460517467817,6.59417647529988,456419600
2010-03-23,6.8301615715026855,6.842723901187409,6.702746052148463,6.748807128985982,602431200
2010-03-24,6.860372066497803,6.885197228807468,6.804739678831168,6.808628419148568,597780400
2010-03-25,6.779016971588135,6.908227125290286,6.76705284661389,6.906731210331891,542284400
2010-03-26,6.906134605407715,6.9375392391052015,6.835846561024789,6.84781068738954,640875200
2010-03-29,6.950698375701904,6.994964840733215,6.927668632460086,6.968944066160007,540744400
2010-03-30,7.054186820983887,7.10294024034688,7.006331110504205,7.076619160312695,527310000
2010-03-31,7.028762340545654,7.076917545944324,7.012611569928811,7.0434187934973735,430659600
2010-04-01,7.057775497436523,7.140325573135186,6.961466676451424,7.10084555357292,603145200
2010-04-05,7.133148193359375,7.1337463997011135,7.021884209816083,7.028165775741013,684507600
2010-04-06,7.164554119110107,7.18549054383576,7.088583505837472,7.124475090133884,447017200
2010-04-07,7.196258068084717,7.235738889632191,7.138232849160777,7.1648526331548155,628502000
2010-04-08,7.176815986633301,7.224372189670462,7.1196884827564695,7.191471641707396,572989200
2010-04-09,7.231850624084473,7.234842454789354,7.192071096076456,7.221083707444722,334182800
2010-04-12,7.24680757522583,7.270136832163256,7.232450617926714,7.2441152463954275,333026400
2010-04-13,7.250992774963379,7.262059993342323,7.211511948945745,7.233945089584251,306210800
2010-04-14,7.348498344421387,7.352087582794219,7.300045223734995,7.33623551265092,404076400
2010-04-15,7.445103168487549,7.4483929027740485,7.343111022856423,7.351186406049139,376784800
2010-04-16,7.399642467498779,7.511504647390482,7.314400068099654,7.434636337354234,750545600
2010-04-19,7.389772891998291,7.414298552568716,7.2312514110917405,7.388576479352254,566924400
2010-04-20,7.3155951499938965,7.454973995121436,7.266842544375546,7.433738075086274,738326400
2010-04-21,7.753174781799316,7.783982007838379,7.648789775995946,7.740612449121837,982391200
2010-04-22,7.970019817352295,7.978394706262794,7.662847644965828,7.723863894068952,793424800
2010-04-23,8.100421905517578,8.14079961773197,7.985868237052704,8.015478239874056,796955600
2010-04-26,8.06064510345459,8.149177236588994,8.021462991577705,8.131830053198263,479068800
2010-04-27,7.83751916885376,8.010995000887993,7.792057087819471,7.993946520831813,709343600
2010-04-28,7.824359893798828,7.896142257380893,7.669128945189354,7.87371071801525,758402400
2010-04-29,8.034923553466797,8.075599985667989,7.83662255212438,7.866830773116834,558840800
2010-04-30,7.809106826782227,8.092649468018488,7.806415297359787,8.05496326406382,542463600
2010-05-03,7.966434478759766,8.012196887655819,7.862647622785158,7.891361541676408,454342000
2010-05-04,7.737024307250977,7.874908087720434,7.679299386072285,7.862944758339511,723819600
2010-05-05,7.6565680503845215,7.720874044929907,7.439423903842294,7.568035892933065,883103200
2010-05-06,7.36524772644043,7.72416275896723,5.9594943204641755,7.5919623473884,1285860800
2010-05-07,7.054485321044922,7.374818031210971,6.73594802859363,7.289276919591063,1676018400
2010-05-10,7.596746921539307,7.616487730803058,7.4334405837241295,7.484885530404795,984306400
2010-05-11,7.672418594360352,7.773213553985318,7.49236250316053,7.532440725302163,848906800
2010-05-12,7.839016437530518,7.870122371541678,7.737623248463714,7.753773223856932,654379600
2010-05-13,7.727453231811523,7.926052950781051,7.668829807355507,7.872813383551201,599712400
2010-05-14,7.59166145324707,7.6712212876249435,7.462452097169649,7.6317404735627905,759362800
2010-05-17,7.6036272048950195,7.662250631612091,7.4089154204089525,7.617984158051871,762834800
2010-05-18,7.547992706298828,7.733133117487535,7.485181859063918,7.686175132604053,782678400
2010-05-19,7.427757740020752,7.564743792275469,7.323373532790362,7.4624529078233435,1025726800
2010-05-20,7.11131477355957,7.293464209704062,7.064954181974367,7.234541285094867,1282915200
2010-05-21,7.247702121734619,7.312905010335094,6.9195927586964885,6.963559723228834,1223891200
2010-05-24,7.380498886108398,7.5043251753213305,7.365544529560262,7.396052247538562,754238800
2010-05-25,7.334439277648926,7.380499562606106,7.093367744096961,7.158869333287251,1048006400
2010-05-26,7.301239013671875,7.5411149262837665,7.290471301243639,7.479799984077264,850654000
2010-05-27,7.577602863311768,7.593754429723237,7.450786351366025,7.49535151252874,666282400
2010-05-28,7.683183193206787,7.7585555620364035,7.577601816635346,7.758256858332527,815614800
2010-06-01,7.80132532119751,7.954163365568637,7.745394256231031,7.767228376665896,876472800
2010-06-02,7.894646167755127,7.920068733065221,7.786372443668751,7.912292052520331,688548000
2010-06-03,7.869823455810547,7.942503534500642,7.788767689103584,7.931436317102936,650106800
2010-06-04,7.65566873550415,7.833331201047795,7.615889217590524,7.722964942451007,758304400
2010-06-07,7.505524158477783,7.751081901269591,7.493858734073013,7.725359824151968,886942000
2010-06-08,7.457366943359375,7.591063231332847,7.347299400530379,7.574313458029823,1000770400
2010-06-09,7.27402400970459,7.534239041316855,7.252788877278823,7.521377202420188,854630000
2010-06-10,7.492660999298096,7.506717648032547,7.24411149611018,7.323073123029511,776356000
2010-06-11,7.582395076751709,7.592863293234202,7.398749638317941,7.424471724228916,545759200
2010-06-14,7.605423450469971,7.75108314149306,7.5973480619290115,7.655671998591267,602960400
2010-06-15,7.767231464385986,7.772017114457491,7.641910048494792,7.6460974923073595,585074000
2010-06-16,7.993347644805908,8.00830200074758,7.79534539107146,7.809402837072816,783678000
2010-06-17,8.13153076171875,8.162337983476187,8.060644520900524,8.093545065143282,872855200
2010-06-18,8.197327613830566,8.225144591421474,8.118067317637118,8.142892466635315,784621600
2010-06-21,8.080681800842285,8.345082494301659,8.037611762491027,8.30560169236909,776490400
2010-06-22,8.190753936767578,8.254162218545991,8.1204666806472,8.140206693399557,717262000
2010-06-23,8.104612350463867,8.214979415946177,8.012789680250565,8.212586590750176,768457200
2010-06-24,8.045693397521973,8.171313562635369,8.018774106134646,8.10551164902877,714277200
2010-06-25,7.976895809173584,8.083673606183988,7.950276035852742,8.077392841185635,549942400
2010-06-28,8.02475357055664,8.068123126623819,7.911694979385824,7.98377683961519,584948000
2010-06-29,7.661954879760742,7.907812232209945,7.606023753717908,7.899736042769061,1133344800
2010-06-30,7.5231709480285645,7.715788623766222,7.477708857328405,7.678102417874339,739452000
2010-07-01,7.431945323944092,7.620974530792418,7.274621052574866,7.60601937254756,1022896000
2010-07-02,7.385883331298828,7.505222671225951,7.274020370760669,7.492061336331096,693842800
2010-07-06,7.436432838439941,7.561155273693162,7.3625555490806684,7.507318297248514,615235600
2010-07-07,7.736722946166992,7.739714776135307,7.469930142705728,7.4920621769427775,654556000
2010-07-08,7.719378471374512,7.863244331780918,7.6236678323755465,7.850681995934604,738144400
2010-07-09,7.76513671875,7.773510806167226,7.631739143473429,7.683482777378995,433322400
2010-07-12,7.6954498291015625,7.83183768835811,7.622769750982682,7.732537825800571,562878400
2010-07-13,7.531246185302734,7.668830464851716,7.370631358315055,7.666438437886156,1190924000
2010-07-14,7.559059143066406,7.65088180061233,7.447496479049999,7.458863195836208,812047600
2010-07-15,7.520778179168701,7.6858791594304,7.396653141090964,7.424469340572165,824866000
2010-07-16,7.474416732788086,7.626058434395663,7.4298515618631695,7.572520169054333,1039858400
2010-07-19,7.345207214355469,7.47381918293376,7.166348308651847,7.47381918293376,1024478000
2010-07-20,7.533936500549316,7.564145520036174,7.178610735833643,7.265049551427542,1074950800
2010-07-21,7.6042256355285645,7.9305396388819585,7.597047957411872,7.9287450196844285,1185671200
2010-07-22,7.747192859649658,7.776504171090705,7.636227582328545,7.70711383428904,645318800
2010-07-23,7.774707794189453,7.787868330448795,7.665238456778938,7.6894654082834215,533388800
2010-07-26,7.75496768951416,7.779493344465903,7.708009701925008,7.776502313536039,420551600
2010-07-27,7.898534297943115,7.920068922833321,7.7854757202548805,7.802524197905972,584771600
2010-07-28,7.805216312408447,7.9556623901841075,7.783981188365875,7.886272061950817,519985200
2010-07-29,7.719974517822266,7.8557641535686855,7.659856781205155,7.7977397396701615,643806800
2010-07-30,7.6942524909973145,7.767530766680348,7.623964448166132,7.653576059601817,448210000
2010-08-02,7.831836700439453,7.8539695349222365,7.765138694503693,7.78966435419254,428055600
2010-08-03,7.834230899810791,7.8740104278291785,7.759157992485628,7.806714203787792,417653600
2010-08-04,7.865634918212891,7.904516730272398,7.78577637403899,7.861447474123003,420375200
2010-08-05,7.827350616455078,7.871617084455551,7.792954153173592,7.8282475265780285,289097200
2010-08-06,7.779195308685303,7.821068946625821,7.705616740165816,7.76992271266994,444897600
2010-08-09,7.828845500946045,7.8408096267196425,7.763642612826502,7.820769316712225,303128000
2010-08-10,7.758858680725098,7.7899654146250725,7.703226282231293,7.772019221990472,451920000
2010-08-11,7.483092308044434,7.647595887918987,7.471727184111381,7.638922293687577,620054400
2010-08-12,7.530942916870117,7.570124214950553,7.3613550965247,7.3784035695326695,534920400
2010-08-13,7.4504899978637695,7.53363828478429,7.45019049535104,7.526759311071929,354869200
2010-08-16,7.406820774078369,7.477707019615398,7.376312254070832,7.405026155254396,318430000
2010-08-17,7.536330223083496,7.615890066451662,7.453479845612264,7.479800923743483,422640400
2010-08-18,7.569229602813721,7.617085307490518,7.524664432078885,7.54799447746205,339696000
2010-08-19,7.473819255828857,7.581494003313423,7.437927673334003,7.5623514000237035,426706000
2010-08-20,7.466639995574951,7.5946529469397195,7.447497394295265,7.4591628162867165,384230000
2010-08-23,7.351787090301514,7.537227054560246,7.33533761465118,7.53094628759024,414041600
2010-08-24,7.176217079162598,7.268038942264973,7.137932678217879,7.258169737248307,602565600
2010-08-25,7.264750957489014,7.297652308837302,7.094565632763925,7.1196895023928395,596867600
2010-08-26,7.186686038970947,7.350291869754729,7.186686038970948,7.341318775158002,466505200
2010-08-27,7.226767539978027,7.256378362960396,7.04551496036199,7.230656281639556,548391200
2010-08-30,7.253085613250732,7.350292145005496,7.198649635998731,7.20104246131413,383289200
2010-08-31,7.271032333374023,7.314700599891343,7.188780953842124,7.233644834431,420786800
2010-09-01,7.4872727394104,7.521070174333117,7.36613884151373,7.401730894114244,697037600
2010-09-02,7.542313098907471,7.542313098907471,7.434638334115056,7.515095104816512,415427600
2010-09-03,7.739713191986084,7.740011895717831,7.61199897718314,7.629645658875557,520788800
2010-09-07,7.711001396179199,7.7624455352519615,7.664342108332683,7.676006730626009,342557600
2010-09-08,7.863844871520996,7.907811862018199,7.749588999412762,7.769928025389179,526551200
2010-09-09,7.86832857131958,7.97151639031998,7.863842422206001,7.927250709623704,438575200
2010-09-10,7.878497123718262,7.911098972492047,7.818378579799861,7.871916853457428,387542400
2010-09-13,7.987069129943848,8.024157128875412,7.948785516859763,7.950579337425267,388780000
2010-09-14,8.017577171325684,8.050776430532173,7.941606551257833,7.962244273974723,408150400
2010-09-15,8.082179069519043,8.086965518025243,8.010994125599625,8.020864927716781,429368800
2010-09-16,8.272101402282715,8.275092432071586,8.060640787582953,8.082774408020603,652103200
2010-09-17,8.23621940612793,8.313685163407081,8.185672146919117,8.305608975047027,634477200
2010-09-20,8.471304893493652,8.487755167512484,8.250571559418088,8.257450532575547,658677600
2010-09-21,8.487452507019043,8.594528999544789,8.458141207710522,8.490144833721196,668074400
2010-09-22,8.60649585723877,8.613374830023584,8.446777977460034,8.45575107153148,585289600
2010-09-23,8.641490936279297,8.75634416045833,8.554155204439644,8.564025209963821,786116800
2010-09-24,8.743183135986328,8.779374219133311,8.690243873168773,8.736603665117174,649488000
2010-09-27,8.708488464355469,8.815265503569808,8.704002316021098,8.792833963224584,482834800
2010-09-28,8.579876899719238,8.72673295939904,8.225149332173107,8.72673295939904,1035042400
2010-09-29,8.59512996673584,8.668109534747062,8.554154035016179,8.590942522821871,469644000
2010-09-30,8.486857414245605,8.673792472919578,8.412083231041372,8.64388295937253,673391600
2010-10-01,8.450067520141602,8.571500184305421,8.41507285670427,8.55863915031484,448142800
2010-10-04,8.334020614624023,8.46143457121864,8.307998239591015,8.422552756605297,435302000
2010-10-05,8.64208984375,8.657342907625456,8.429132377068283,8.434517032877704,501967200
2010-10-06,8.649564743041992,8.733312020128778,8.532020011068774,8.661528867961026,670868800
2010-10-07,8.650461196899414,8.688147386254334,8.581370382197468,8.683959943140108,408399600
2010-10-08,8.795530319213867,8.808391363591966,8.6737988529668,8.724943527800077,658403200
2010-10-11,8.834108352661133,8.890338949862313,8.811378109122385,8.81556555349602,427753200
2010-10-12,8.929222106933594,8.957936012958351,8.748268272370373,8.835604805848876,558544000
2010-10-13,8.977072715759277,9.031507867643631,8.966903213155826,8.978867333865768,630092400
2010-10-14,9.041979789733887,9.046764640888613,8.984851494249591,9.023435396650664,435296400
2010-10-15,9.413759231567383,9.421535915392402,9.119747551061517,9.195418670059707,922194000
2010-10-18,9.511263847351074,9.541172567886429,9.400298564691907,9.525321297418976,1093010800
2010-10-19,9.256734848022461,9.384747850020345,8.97349084640322,9.074585353377728,1232784000
2010-10-20,9.287834167480469,9.39909810608765,9.178365645846743,9.242072598829209,721624400
2010-10-21,9.2576265335083,9.413754341995398,9.1762720961727,9.342569408995017,551460000
2010-10-22,9.19631576538086,9.27318329214569,9.161321888513719,9.244170680686697,372778000
2010-10-25,9.237288475036621,9.31983853446543,9.225324351058607,9.244766451859462,392462000
2010-10-26,9.213662147521973,9.264209382203186,9.141878189710777,9.178368774257065,392929600
2010-10-27,9.207084655761719,9.268997030224005,9.140385830749858,9.201700797401184,399002800
2010-10-28,9.129619598388672,9.212169703429549,8.999811976196227,9.210673787769165,551051200
2010-10-29,9.002202033996582,9.148759406947002,8.998911499467855,9.099408577076977,430511200
2010-11-01,9.09791088104248,9.140382728353062,9.038690056524215,9.039288262805679,423889200
2010-11-02,9.252843856811523,9.277669022293376,9.182257899853681,9.182257899853681,433930000
2010-11-03,9.355735778808594,9.358128604850364,9.22802148418655,9.312964412648713,508348400
2010-11-04,9.519342422485352,9.576469950765809,9.42243455743338,9.434996895151802,642488000
2010-11-05,9.48524284362793,9.558222432471016,9.473877719861983,9.510965720727707,361253200
2010-11-08,9.529805183410645,9.56420084279955,9.474172804030307,9.48733334077415,281758400
2010-11-09,9.45383358001709,9.609962190901221,9.406576891384187,9.602484214669243,383544000
2010-11-10,9.512160301208496,9.534293136706063,9.378164479545195,9.470585360683602,384227200
2010-11-11,9.470887184143066,9.523229048328675,9.39910321180514,9.421535553409468,361284000
2010-11-12,9.21306324005127,9.466397622442539,9.081461845136733,9.451443263356635,795846800
2010-11-15,9.183449745178223,9.288133413797771,9.16041921029424,9.225921578444293,403606000
2010-11-16,9.02044677734375,9.200203404365002,8.95255155026638,9.143973601198843,657650000
2010-11-17,8.987842559814453,9.09222674245398,8.905889910826149,9.008778977358181,479449600
2010-11-18,9.225025177001953,9.26211316076988,9.113163818202889,9.128416877487508,494491200
2010-11-19,9.174181938171387,9.224130969859063,9.129616763576877,9.21126993280651,384843200
2010-11-22,9.372482299804688,9.372482299804688,9.148459230974264,9.172685388206979,393075200
2010-11-23,9.234002113342285,9.324330491511672,9.169098708122414,9.28544707101638,519447600
2010-11-24,9.415552139282227,9.43349832946219,9.324328467890812,9.331804849122436,413725200
2010-11-26,9.421530723571777,9.502286952213923,9.359917090719438,9.383844536783645,237585600
2010-11-29,9.47746467590332,9.495708770046557,9.313260640554509,9.436487943682819,445785200
2010-11-30,9.306380271911621,9.402390371998036,9.298005384966007,9.377863917371595,501858000
2010-12-01,9.463411331176758,9.503789075934437,9.421537670683435,9.429613059900243,461750800
2010-12-02,9.515748977661133,9.541171547131045,9.418242949143837,9.497204582558188,462837200
2010-12-03,9.494512557983398,9.530702838849848,9.461612012223627,9.481651522678025,342092800
2010-12-06,9.575569152832031,9.640772043838249,9.523824705907021,9.530404975373823,448481600
2010-12-07,9.517544746398926,9.690421594108154,9.514853217089,9.684739831642036,391454000
2010-12-08,9.601290702819824,9.601590205322669,9.484643662705649,9.560015264561267,321935600
2010-12-09,9.563904762268066,9.64585664026793,9.54177112621885,9.634791020253427,294151200
2010-12-10,9.587831497192383,9.60248715305554,9.529208075066409,9.5606135083008,262511200
2010-12-13,9.621033668518066,9.722428474987378,9.600994948238949,9.70179074951857,439815600
2010-12-14,9.579753875732422,9.647050874672034,9.541169975484706,9.622823923106846,351008000
2010-12-15,9.5818510055542,9.66081185208317,9.54685633148842,9.571082491987719,417312000
2010-12-16,9.608468055725098,9.649145282896765,9.574072393645519,9.603682405625696,322030800
2010-12-17,9.589324951171875,9.624618317186671,9.577959033729996,9.61983266773746,386929200
2010-12-20,9.637181282043457,9.66828800809109,9.518141428977286,9.618936390140611,385610400
2010-12-21,9.696701049804688,9.702383609707384,9.632395876148239,9.660809474334934,256354000
2010-12-22,9.725419044494629,9.742168827523544,9.677264616296915,9.701491581698361,265921600
2010-12-23,9.678755760192871,9.725115545924222,9.665894725330315,9.72062939844717,223157200
2010-12-27,9.711057662963867,9.733789501002947,9.61654346924218,9.656323786473944,249816000
2010-12-28,9.734691619873047,9.770283710706652,9.722428785238383,9.747851364973696,175924000
2010-12-29,9.729307174682617,9.764002352959201,9.723623813604002,9.757122578882305,163139200
2010-12-30,9.680551528930664,9.735883616189358,9.66230663572429,9.734986706056686,157494400
2010-12-31,9.64765453338623,9.675171235239402,9.610267024398606,9.659319161446648,193508000
2011-01-03,9.857319831848145,9.877957556022054,9.715847593697161,9.73977505416644,445138400
2011-01-04,9.908761978149414,9.94495226182154,9.814845185015239,9.943157642895155,309080800
2011-01-05,9.989815711975098,9.999985218791295,9.855222492924417,9.85671840796932,255519600
2011-01-06,9.981740951538086,10.027203030932,9.956915790549346,10.011350964036769,300428800
2011-01-07,10.053224563598633,10.060103536372393,9.927005436549512,9.989516793803604,311931200
2011-01-10,10.2425537109375,10.265882959672007,10.084631229543362,10.134280758731332,448560000
2011-01-11,10.218326568603516,10.317625617422832,10.153422384558622,10.315233590951234,444108000
2011-01-12,10.301475524902344,10.301775027425041,10.22909494991042,10.266482448823776,302590400
2011-01-13,10.339159965515137,10.367873866477339,10.284426088489084,10.323607401167202,296780400
2011-01-14,10.422908782958984,10.422908782958984,10.302074293284244,10.34544305624793,308840000
2011-01-18,10.188711166381836,10.311639717095742,9.750535208208742,9.855817079383005,1880998000
2011-01-19,10.134581565856934,10.426499111145237,10.075958933965646,10.419021131548531,1135612800
2011-01-20,9.950334548950195,10.118426501838751,9.873765750849685,10.06249541879944,764789200
2011-01-21,9.772076606750488,10.016139239347376,9.769384278480173,9.982939181836635,754401200
2011-01-24,10.093001365661621,10.093001365661621,9.772070602064217,9.776557546866472,574683200
2011-01-25,10.21114730834961,10.212344519596952,10.006865052704812,10.05950640729027,546868000
2011-01-26,10.28442668914795,10.336768542824085,10.214139444995599,10.257806907912816,506875600
2011-01-27,10.265284538269043,10.309551008108858,10.253919416648465,10.282333019373251,285026000
2011-01-28,10.052623748779297,10.300874514289161,9.975757052219562,10.29399554275389,592057200
2011-01-31,10.148938179016113,10.170473611136124,9.998792353991286,10.043656240227653,377246800
2011-02-01,10.319719314575195,10.338262910012496,10.19858534195137,10.208156642137459,426633200
2011-02-02,10.298484802246094,10.326300199212024,10.27545425735536,10.302373542815971,258955200
2011-02-03,10.272165298461914,10.296093555874302,10.125907419059347,10.282933014297488,393797600
2011-02-04,10.363687515258789,10.369669578589953,10.274257665141244,10.27814560696983,321840400
2011-02-07,10.524602890014648,10.565578031299376,10.397785530571035,10.405262711155542,485021600
2011-02-08,10.62389850616455,10.633469805355073,10.53267485611096,10.578436432355899,381040800
2011-02-09,10.712434768676758,10.73755943689093,10.614032613528192,10.623603117031607,482745200
2011-02-10,10.604162216186523,10.767469371158532,10.40855271380022,10.689405431463442,928550000
2011-02-11,10.67325210571289,10.701665707465818,10.574250957959135,10.610442040425745,367572800
2011-02-14,10.742940902709961,10.751913198496897,10.669064421670639,10.671457246860033,310416400
2011-02-15,10.764472961425781,10.766567082303313,10.694185734947038,10.74323704227524,284174800
2011-02-16,10.861083030700684,10.914022283441195,10.78242011233549,10.791392406784935,481157600
2011-02-17,10.716622352600098,10.77554448438154,10.663382782223264,10.685217714934518,530583200
2011-02-18,10.48512077331543,10.752512608926827,10.454014044680317,10.728883858627201,816057200
2011-02-22,10.127697944641113,10.330784554634837,10.101078967039726,10.233578044872623,872555600
2011-02-23,10.247638702392578,10.308055146141498,10.127700329039554,10.132486778387666,671854400
2011-02-24,10.255417823791504,10.323313066164891,10.120525846839929,10.289515595614196,499900800
2011-02-25,10.413337707519531,10.421413093575461,10.312841440876097,10.32659938768645,380018800
2011-02-28,10.56438159942627,10.619414986039619,10.501870234133838,10.50545947221819,403074000
2011-03-01,10.447732925415039,10.639453651777815,10.398980309996368,10.631976472367743,456136800
2011-03-02,10.531780242919922,10.598479055747886,10.420516253147476,10.46717555174196,602590800
2011-03-03,10.75430679321289,10.76118576627711,10.645435643410384,10.683421343852427,500788400
2011-03-04,10.76746940612793,10.776142999750343,10.700172382903416,10.76956272922962,453266800
2011-03-07,10.628686904907227,10.81741660275179,10.507552922653913,10.80934041824114,546123200
2011-03-08,10.640650749206543,10.689702870268711,10.535667533529143,10.6152273791681,356316800
2011-03-09,10.542243957519531,10.61073736025189,10.486313681980587,10.608643239495303,453306000
2011-03-10,10.368773460388184,10.461493858898427,10.31583338979606,10.442051750752933,507539200
2011-03-11,10.527894973754883,10.537765781537798,10.318827766722094,10.328696977157687,471080400
2011-03-14,10.574848175048828,10.662184690908814,10.507551968062561,10.56348225620689,435957200
2011-03-15,10.331685066223145,10.403766935413648,10.172266666432543,10.232085704665828,721081200
2011-03-16,9.870474815368652,10.259001349749337,9.758313950087047,10.229091838919118,1162011200
2011-03-17,10.00896167755127,10.157612383030196,9.889920992676709,10.074463285681652,659422400
2011-03-18,9.890218734741211,10.115438244862993,9.870179220398727,10.083434602950847,753214000
2011-03-21,10.14833927154541,10.16149901381399,10.027503973461732,10.049338906634075,409402000
2011-03-22,10.20516300201416,10.247635639056341,10.143549365341432,10.24584102058977,325922800
2011-03-23,10.145045280456543,10.175851699457539,10.048137480604195,10.147736808819952,372996400
2011-03-24,10.317926406860352,10.348733635106608,10.135178756329175,10.224608610590398,404712000
2011-03-25,10.51443099975586,10.529983563795847,10.379238781422124,10.410644210641063,448910000
2011-03-28,10.481532096862793,10.597582540637244,10.481532096862793,10.562587865718307,309355200
2011-03-29,10.497085571289062,10.497085571289062,10.350528995751617,10.398383910700133,352900800
2011-03-30,10.427391052246094,10.494688843178247,10.39179898518027,10.48750957087651,329406000
2011-03-31,10.423806190490723,10.462389301472939,10.350527910405885,10.359500206847008,274019200
2011-04-01,10.305660247802734,10.515925339326795,10.26797405499292,10.501569188863598,418661600
2011-04-04,10.20486831665039,10.306860509645945,10.12142052177831,10.298186916311998,460084800
2011-04-05,10.136075973510742,10.236572249154293,10.049637148435838,10.079247964857208,482731200
2011-04-06,10.110651969909668,10.285922434622321,10.08373348321246,10.205765180872271,402539200
2011-04-07,10.111847877502441,10.182134318217614,10.0505321347341,10.11244528509363,373447200
2011-04-08,10.021520614624023,10.17376051923428,9.988321364011068,10.166881546333746,377535200
2011-04-11,9.894107818603516,10.039766684110978,9.870778567707164,9.991612266983497,398946800
2011-04-12,9.941963195800781,9.981742721994445,9.876161292783738,9.884834885942595,425639200
2011-04-13,10.053524017333984,10.053822721131143,9.945549782720956,10.020323968820545,346220000
2011-04-14,9.942558288574219,10.04963480946504,9.931791374932416,10.013743233754859,301800800
2011-04-15,9.794207572937012,9.979049330993073,9.77446756320597,9.968879823633252,453605600
2011-04-18,9.925515174865723,9.9368810995638,9.575871824832376,9.753535180691982,609898800
2011-04-19,10.105269432067871,10.108857871628778,9.92132456659014,9.962899510134113,419378400
2011-04-20,10.241355895996094,10.341253945711069,10.214138709090218,10.274256441726495,700666400
2011-04-21,10.48930835723877,10.621808273594556,10.424105459882712,10.617919532830625,753810400
2011-04-25,10.558398246765137,10.580531878916114,10.47734249460051,10.478539705822474,266546000
2011-04-26,10.480935096740723,10.617621669862196,10.44893145256483,10.576645728047811,338800000
2011-04-27,10.472860336303711,10.538662252874936,10.381636640071829,10.535371717775911,356213200
2011-04-28,10.371164321899414,10.460892067034974,10.334375035906328,10.354414546464747,360959200
2011-04-29,10.472260475158691,10.58651469562335,10.368772371864795,10.372062906192951,1006345200
2011-05-02,10.357107162475586,10.482428592901028,10.333777914344614,10.460594461254177,442713600
2011-05-03,10.414536476135254,10.465083727930788,10.337369434133759,10.408255707152966,313348000
2011-05-04,10.455513000488281,10.523108736949201,10.375055425072242,10.416330874476156,389250400
2011-05-05,10.371164321899414,10.496784442966401,10.350227102606082,10.420514342121997,335969200
2011-05-06,10.3684720993042,10.468370150637954,10.355012857530323,10.459098352765125,280134400
2011-05-09,10.396588325500488,10.444444034675975,10.364584685213252,10.404364209352565,204747200
2011-05-10,10.451919555664062,10.459098030701954,10.36847178003165,10.435169780575647,282091600
2011-05-11,10.385520935058594,10.468371314876459,10.326001401100271,10.43906000298254,336000000
2011-05-12,10.365781784057617,10.382232859056295,10.237171404067466,10.35232333834431,322000000
2011-05-13,10.18423080444336,10.356210752703479,10.179744655754929,10.338564861814717,326116000
2011-05-16,9.968877792358398,10.205762652902774,9.947940575589671,10.145345424716472,449775200
2011-05-17,10.053823471069336,10.053823471069336,9.89201225765175,9.929997959139182,452334400
2011-05-18,10.165384292602539,10.200677659889534,10.049634187733346,10.063691634160557,334776400
2011-05-19,10.185129165649414,10.24135897381874,10.129496765248264,10.231488966868048,261170000
2011-05-20,10.026310920715332,10.197693505916954,10.020328855122557,10.156118549383987,337968400
2011-05-23,10.00178050994873,10.049038010833197,9.852831128759792,9.869281403319828,383600000
2011-05-24,9.935677528381348,10.046642769200487,9.91025416710426,10.034678646558781,321927200
2011-05-25,10.07296371459961,10.126203269467156,9.95541898781246,9.972766169506476,294224000
2011-05-26,10.01972770690918,10.076257012154217,10.002679224311791,10.048740317179616,222560800
2011-05-27,10.091808319091797,10.098388588490165,9.999088737225634,10.01374439245807,203599200
2011-05-31,10.403465270996094,10.403465270996094,10.199182235645093,10.202174065475747,417754400
2011-06-01,10.334076881408691,10.532078389084768,10.308355605982602,10.43457394977897,554682800
2011-06-02,10.351719856262207,10.407950433714154,10.297882901999289,10.363683978841998,338783200
2011-06-03,10.272165298461914,10.328694608588462,10.229394736347489,10.264389413476366,313250000
2011-06-06,10.110651969909668,10.380137936735895,10.103772996318312,10.339760206690087,461941200
2011-06-07,9.931195259094238,10.116037047574808,9.92700781419801,10.114541930877165,529785200
2011-06-08,9.93717098236084,10.013739757115312,9.889615599496487,9.923413042296998,333723600
2011-06-09,9.914742469787598,9.979945349765206,9.892608839870284,9.967383019271596,275088800
2011-06-10,9.747551918029785,9.91983139366539,9.735886492145907,9.886631332829642,433955200
2011-06-13,9.768484115600586,9.819629550298702,9.72272253697699,9.786429503842442,329473200
2011-06-14,9.943158149719238,9.967385107123675,9.84954085430424,9.870178573672957,334569200
2011-06-15,9.772972106933594,9.879150928847835,9.717040217736066,9.862700655086194,399196000
2011-06-16,9.725419044494629,9.83070099894126,9.521136703574015,9.777462214518005,510591200
2011-06-17,9.578862190246582,9.847750852646824,9.551943693213776,9.839974167220511,615020000
2011-06-20,9.431103706359863,9.502288649824495,9.28693920075469,9.492119143994348,640645600
2011-06-21,9.729599952697754,9.744554307394623,9.427513042682557,9.471779497984517,493382400
2011-06-22,9.64914321899414,9.837275454256725,9.642263449111175,9.725412504456623,390583200
2011-06-23,9.90696907043457,9.920727019239926,9.514853952033308,9.53937881758341,559759200
2011-06-24,9.761012077331543,9.964397510768409,9.723325863637072,9.911158725563903,439807200
2011-06-27,9.931195259094238,9.986827656899258,9.78792841703236,9.79809792606606,339813600
2011-06-28,10.027503967285156,10.070574029849977,9.973068781678123,9.979349549605315,294299600
2011-06-29,9.991011619567871,10.060700645796633,9.926406148073982,10.050830642746584,352545200
2011-06-30,10.03976821899414,10.053527766953314,9.95512479592047,10.01075640220653,322954800
2011-07-01,10.266777992248535,10.273955667829647,9.99579617986229,10.048138023289875,435313200
2011-07-05,10.451321601867676,10.463285727219828,10.244048321517772,10.25900267953471,355054000
2011-07-06,10.521012306213379,10.5910016519653,10.369968793684714,10.436966308950208,444626000
2011-07-07,10.683717727661133,10.707645175621016,10.588006338475362,10.60804664436706,399663600
2011-07-08,10.758794784545898,10.767469176656894,10.534173473389219,10.568270439414688,489633200
2011-07-11,10.588011741638184,10.76059151319189,10.552718358517076,10.65800110008283,442674400
2011-07-12,10.58053207397461,10.698076813695112,10.427094957131366,10.573951006162162,451609200
2011-07-13,10.708246231079102,10.767467055490277,10.65919331608786,10.7175172304151,391638800
2011-07-14,10.700765609741211,10.81561879118144,10.657995069269829,10.7976726072034,430533600
2011-07-15,10.914624214172363,10.917017039821594,10.742644263337938,10.802463307221787,484467200
2011-07-18,11.180220603942871,11.20564317466615,10.925390301000323,10.929876449087176,572653200
2011-07-19,11.271441459655762,11.325278414139518,11.165860074138688,11.305837114204145,819145600
2011-07-20,11.572036743164062,11.852290429589655,11.545118255943272,11.847804281277313,941340400
2011-07-21,11.58370304107666,11.666551831894495,11.482309053235795,11.573533532304298,526534400
2011-07-22,11.763458251953125,11.815800107486265,11.597459590460602,11.614508071420843,516728800
2011-07-25,11.918989181518555,11.9638530604421,11.653391152712091,11.67522448648691,589806000
2011-07-26,12.065845489501953,12.098447336911647,11.954282798286295,11.963853301410019,476582400
2011-07-27,11.74222469329834,12.042816644077034,11.729064151469336,11.98150168129305,659324400
2011-07-28,11.71919059753418,11.873823323193513,11.608824336864974,11.713209333550218,594034000
2011-07-29,11.679109573364258,11.818787917098106,11.485295568550361,11.594166694219815,632584400
2011-08-01,11.866649627685547,11.948900221459168,11.73564480756301,11.89745606269522,612836000
2011-08-02,11.632155418395996,11.901043187225474,11.615406438985648,11.8935660070605,639539600
2011-08-03,11.741622924804688,11.770934233130918,11.432656976175423,11.694065926050317,732508000
2011-08-04,11.28699779510498,11.70423672791032,11.28639958877348,11.647110019935305,871407600
2011-08-05,11.174840927124023,11.47034939169864,10.844340172412386,11.378825380828534,1204590800
2011-08-08,10.56438159942627,10.999865437574016,10.558698239789363,10.818014701333627,1143833600
2011-08-09,11.186498641967773,11.204444827283739,10.617916049973838,10.806347002425808,1082583600
2011-08-10,10.877833366394043,11.205642422742452,10.842241290565763,11.100958719238184,878656800
2011-08-11,11.177229881286621,11.229571737997837,10.908640825487648,11.082116670625581,741969200
2011-08-12,11.275632858276367,11.354892403142573,11.193081980522953,11.307934403360143,528976000
2011-08-15,11.467653274536133,11.514312574442451,11.308533568945068,11.354594662459336,460544000
2011-08-16,11.380017280578613,11.46645690655717,11.24781686211313,11.411124013086654,498750000
2011-08-17,11.378820419311523,11.500851315697513,11.305840844542123,11.434751513046216,442061200
2011-08-18,10.948423385620117,11.145828337768682,10.808446258007656,11.09169104835008,851435200
2011-08-19,10.648724555969238,10.976833895102672,10.647827645931589,10.832369881202464,775888400
2011-08-22,10.66098690032959,10.91342513411278,10.620609178332252,10.902357919663118,535315200
2011-08-23,11.174238204956055,11.175434617566378,10.67773815309842,10.776439797430125,656835200
2011-08-24,11.2514066696167,11.334554960719721,11.08451028368166,11.170350902841202,626267600
2011-08-25,11.177827835083008,11.229571484285495,10.917015467592357,10.91940829289698,871346000
2011-08-26,11.472734451293945,11.479313920652343,11.090488686011286,11.101555101091396,641477200
2011-08-29,11.663858413696289,11.709620796424849,11.604937089681195,11.61032014772145,405269200
2011-08-30,11.664457321166992,11.719790209372498,11.551398719406121,11.612414168480871,417922400
2011-08-31,11.510125160217285,11.72696978653239,11.421293507446181,11.68180640182315,522586400
2011-09-01,11.396467208862305,11.58519691459401,11.387195410019123,11.539734830542702,343725200
2011-09-02,11.187699317932129,11.305842287596985,11.121300004304677,11.20833624090048,438939200
2011-09-06,11.357885360717773,11.375531251527487,10.961282503805723,10.987902289298967,509698000
2011-09-07,11.483203887939453,11.533152911691387,11.425477384281917,11.531956499194099,350576800
2011-09-08,11.489485740661621,11.62318205451961,11.434751061744812,11.437442590781608,416158400
2011-09-09,11.290289878845215,11.545119421653093,11.216711288645325,11.48320705452866,564813200
2011-09-12,11.363866806030273,11.39198090798441,11.123392638092588,11.156293988338337,467832400
2011-09-13,11.503840446472168,11.551395841770477,11.373134390980349,11.429663677778445,440560400
2011-09-14,11.643819808959961,11.730856835925826,11.53793968136547,11.57562588262272,534724400
2011-09-15,11.753289222717285,11.774226444986597,11.661766047102958,11.707527634910122,417818800
2011-09-16,11.97880744934082,11.97880744934082,11.81520240485184,11.830456267483743,698513200
2011-09-19,12.3117036819458,12.359559399125965,11.820289464212703,11.874125648527585,823860800
2011-09-20,12.366134643554688,12.647584672965944,12.298538939734218,12.419971604659787,775754000
2011-09-21,12.326955795288086,12.60960149484522,12.322768351017265,12.55127757622592,605976000
2011-09-22,12.018288612365723,12.25756636782795,11.865151775331029,11.994660658809929,968480800
2011-09-23,12.092462539672852,12.165442102031285,11.959364449501795,11.972225484047604,546277200
2011-09-26,12.058666229248047,12.082893186010336,11.70363916236172,11.959665079403543,812876400
2011-09-27,11.941719055175781,12.24051551048953,11.905827476346367,12.224962945578314,632497600
2011-09-28,11.874422073364258,12.075713286084607,11.859466118368855,11.969533672880305,429637600
2011-09-29,11.681807518005371,12.029955685631302,11.551400907753221,12.021282091431567,651086800
2011-09-30,11.405139923095703,11.631556610445339,11.400952479078878,11.57861575328353,547640800
2011-10-03,11.204146385192871,11.444620516287806,11.16137663310957,11.376726100593435,669099200
2011-10-04,11.141334533691406,11.419494018170969,10.595185868471436,11.20324767534835,1233677200
2011-10-05,11.313321113586426,11.360278323222857,10.776442405532288,11.002559651568076,786469600
2011-10-06,11.28699779510498,11.508628049549467,11.120400925811925,11.166162512161756,812582400
2011-10-07,11.06058406829834,11.298066437961111,11.021402743878586,11.239443803275435,535458000
2011-10-10,11.629165649414062,11.629165649414062,11.312123432176117,11.338444514880194,442514800
2011-10-11,11.972527503967285,12.058967129713807,11.709622583064728,11.741625427068305,605687600
2011-10-12,12.029351234436035,12.240512411231926,11.96803630307026,12.18338572152097,622286000
2011-10-13,12.21599006652832,12.21599006652832,12.04909371380368,12.11280068414557,426185200
2011-10-14,12.62186336517334,12.62186336517334,12.420570559088697,12.467230645890782,573367200
2011-10-17,12.561748504638672,12.762442364422046,12.440613702130973,12.614090368007462,686044800
2011-10-18,12.629044532775879,12.705912857992042,12.442109423470262,12.614687579021547,881602400
2011-10-19,11.922576904296875,12.21569079061516,11.89805044705303,12.004230064047492,1104059600
2011-10-20,11.823576927185059,11.97432173863118,11.790677173985486,11.9638535264304,549270400
2011-10-21,11.750595092773438,11.938129160881715,11.687186826685746,11.907023234096684,621244400
2011-10-24,12.136432647705078,12.158265982647874,11.826270225894705,11.849599476129884,502138000
2011-10-25,11.89715576171875,12.159762792133408,11.885491934416844,12.11429990241098,430427200
2011-10-26,11.981799125671387,12.040123046202874,11.758971655229033,12.01649349627758,456304800
2011-10-27,12.104127883911133,12.233039345362814,12.020381397615996,12.189968491600794,494664800
2011-10-28,12.111905097961426,12.153778742285308,12.03892552322723,12.053581178939588,322842800
2011-10-31,12.106819152832031,12.242908279336033,11.995255683902151,12.036232412686113,385501200
2011-11-01,11.859464645385742,11.948894472401749,11.761062524364057,11.886383923422185,531790000
2011-11-02,11.886387825012207,11.97701409413257,11.817594890567165,11.966545881907768,327350800
2011-11-03,12.05567455291748,12.065544557389599,11.825071218943686,11.93603569064932,441386400
2011-11-04,11.971028327941895,12.06673892231087,11.93872599235895,12.024566583930694,302229200
2011-11-07,11.95577621459961,11.963852399218583,11.848102272195383,11.961160870127806,270275600
2011-11-08,12.150189399719238,12.203130260001885,12.010511817239511,12.029953123412763,400442000
2011-11-09,11.822675704956055,11.990468937514128,11.791271079807709,11.873222927076897,558684000
2011-11-10,11.521785736083984,11.88040195695662,11.429963083616904,11.875018101306134,744752400
2011-11-11,11.503840446472168,11.625871314221847,11.373433893411145,11.563359965539327,653786000
2011-11-14,11.343526840209961,11.522686038433735,11.311822704027032,11.470941591259722,432905200
2011-11-15,11.629762649536133,11.649801363311857,11.349210273922736,11.389588002645157,430810800
2011-11-16,11.508326530456543,11.698850807728652,11.494866491953804,11.642321521240468,349210400
2011-11-17,11.288190841674805,11.502642556192637,11.231063352061637,11.48469637159908,479900400
2011-11-18,11.214316368103027,11.365359865291968,11.212521749197458,11.33335702615259,371938000
2011-11-21,11.03695297241211,11.11681151399815,10.944232596487277,11.07852631213126,447980400
2011-11-22,11.261274337768555,11.303746183412974,11.094677488946473,11.097070313978454,409021200
2011-11-23,10.976534843444824,11.241235129674667,10.973244309600766,11.201454811785142,428271200
2011-11-25,10.87424373626709,11.100958318627539,10.866765758662881,11.019305160628628,254760800
2011-11-28,11.249610900878906,11.267557091784546,11.076434551343096,11.136851796711982,346413200
2011-11-29,11.162273406982422,11.330664877719782,11.072544862629004,11.241235037164314,375855200
2011-11-30,11.431463241577148,11.433856067366051,11.314815380388618,11.40424604623862,405938400
2011-12-01,11.602843284606934,11.634846124600019,11.388092008551505,11.441630275985908,387181200
2011-12-02,11.65578842163086,11.773333218913614,11.622289651918404,11.659676365053128,379055600
2011-12-05,11.754783630371094,11.856477106485423,11.676420999194656,11.769140581918524,357210000
2011-12-06,11.693167686462402,11.803236029415384,11.646210496658917,11.73982697117699,283598000
2011-12-07,11.63753890991211,11.692871798475442,11.56784906915677,11.66266277757477,304746400
2011-12-08,11.684497833251953,11.829260584603485,11.671636795233406,11.708126586265598,376356400
2011-12-09,11.773025512695312,11.78558784208652,11.695559811465648,11.749995773487766,296993200
2011-12-12,11.7197904586792,11.781404115402077,11.648306796514861,11.715004807877676,301067200
2011-12-13,11.629165649414062,11.826271072451515,11.578020198078834,11.754487100113856,338928800
2011-12-14,11.371341705322266,11.586392473919487,11.296268812594667,11.566053460055205,406887600
2011-12-15,11.333952903747559,11.477519192002395,11.315109808447282,11.465256364670541,256200000
2011-12-16,11.396164894104004,11.48978216561834,11.352796143587865,11.376424888620553,421478400
2011-12-19,11.431755065917969,11.510716666569653,11.380010642324201,11.439531744508642,235530400
2011-12-20,11.842717170715332,11.847204116959494,11.58280254325425,11.597756900939492,337215200
2011-12-21,11.857671737670898,11.883095102879988,11.724872351828306,11.864849413692953,262948000
2011-12-22,11.920485496520996,11.937833482422969,11.847207207929031,11.87412489905072,202358800
2011-12-23,12.063451766967773,12.071228449099616,11.9485985499636,11.95458061314194,269399200
2011-12-27,12.159162521362305,12.235731333577265,12.054179308060752,12.056572932032882,265076000
2011-12-28,12.042816162109375,12.210608671009709,12.003933543298757,12.169932231604056,228662000
2011-12-29,12.116990089416504,12.13284295729266,11.979107916144725,12.065545939804991,215978000
2011-12-30,12.113401412963867,12.15168582058027,12.068238031678955,12.06883543935387,179662000
2012-01-03,12.299737930297852,12.337723632941984,12.233039921140891,12.245004047749019,302220800
2012-01-04,12.365836143493652,12.402924931211073,12.241412437457184,12.262947063910191,260022000
2012-01-05,12.503121376037598,12.518673939573317,12.342805298730687,12.411000011281255,271269600
2012-01-06,12.633829116821289,12.644297328712831,12.5387167022535,12.555166977704031,318292800
2012-01-09,12.613789558410645,12.79384567752946,12.602423637688958,12.726549459413425,394024400
2012-01-10,12.658951759338379,12.741502631112322,12.606908610087858,12.738810303434787,258196400
2012-01-11,12.638313293457031,12.647286387395624,12.54140627493996,12.642201234827132,215084800
2012-01-12,12.603615760803223,12.648779127131846,12.524654146326219,12.630235535149495,212587200
2012-01-13,12.55635929107666,12.575501889433443,12.52196363266406,12.553070354993832,226021600
2012-01-17,12.702619552612305,12.741203458074091,12.6505764052784,12.687664395713693,242897200
2012-01-18,12.834524154663086,12.845291071401016,12.750478150496793,12.77021816341087,276791200
2012-01-19,12.793844223022461,12.902116366052644,12.756756231978368,12.865627379967593,261738400
2012-01-20,12.571016311645508,12.786365774555708,12.554566038729032,12.786067070760458,413974400
2012-01-23,12.783674240112305,12.814780965813652,12.630836133820887,12.64190255035878,306062400
2012-01-24,12.574307441711426,12.714584021856203,12.54858536982371,12.714584021856203,547638000
2012-01-25,13.359436988830566,13.592432380235735,13.271801752180934,13.592133676386993,958314000
2012-01-26,13.298720359802246,13.423143285223812,13.254155185457803,13.410283046916776,323985200
2012-01-27,13.377979278564453,13.413870856488643,13.272996872373323,13.290044553247217,299709200
2012-01-30,13.549361228942871,13.575981009397022,13.321450224143675,13.33102072606933,379341200
2012-01-31,13.65315055847168,13.70579112727377,13.5511583582416,13.62653077151714,391683600
2012-02-01,13.644472122192383,13.728219395815753,13.625331120459967,13.710872214073781,270046000
2012-02-02,13.61247444152832,13.673788605735322,13.578377472682089,13.635803694315692,186796400
2012-02-03,13.748856544494629,13.758427843639577,13.625629262696046,13.677672403123548,286599600
2012-02-06,13.87717056274414,13.90737958152158,13.704593236775729,13.709976294796032,249412800
2012-02-07,14.022533416748047,14.050050908711816,13.895416564685773,13.915456876648241,316223600
2012-02-08,14.257322311401367,14.260611247860542,14.048552317549333,14.07248056823338,407890000
2012-02-09,14.750531196594238,14.857607718020867,14.37337054663017,14.379352609057339,884214800
2012-02-10,14.758012771606445,14.883632925305488,14.612352303469903,14.68443577785385,631302000
2012-02-13,15.03258228302002,15.069370775870409,14.867779227449123,14.940758805467821,517216000
2012-02-14,15.237761497497559,15.240751730606418,15.014636117256627,15.09419516664389,460398400
2012-02-15,14.885125160217285,15.74113672678189,14.861794318148595,15.381324857616834,1506120000
2012-02-16,15.020920753479004,15.101078828541752,14.55492826453914,14.700588754493642,944552000
2012-02-17,15.018223762512207,15.187213446254551,14.96378778852261,15.047833776005712,535805200
2012-02-21,15.398972511291504,15.398972511291504,15.078041648218111,15.160592513029762,605595200
2012-02-22,15.344836235046387,15.418114508411643,15.226094283936785,15.346032647618607,483302400
2012-02-23,15.44503402709961,15.488104882584341,15.238957139108354,15.405852710745027,568027600
2012-02-24,15.625091552734375,15.639747209716083,15.512333244069989,15.543139674647561,415072000
2012-02-27,15.725288391113281,15.807240261214462,15.441744983847114,15.592189481139965,547582000
2012-02-28,16.013916015625,16.013916015625,15.727979785519597,15.791089353945605,600387200
2012-02-29,16.22417449951172,16.378808787656144,16.02258462412367,16.197855027100058,952011200
2012-03-01,16.28489875793457,16.396762557485555,16.114413925130858,16.39556454732344,683270000
2012-03-02,16.30613136291504,16.35458367366405,16.22657072948654,16.278016467537288,431712400
2012-03-05,15.946617126464844,16.374921596107438,15.732462495623988,16.313308751819843,809124400
2012-03-06,15.859882354736328,15.962471953537738,15.439951060104963,15.662479041399216,810238800
2012-03-07,15.872746467590332,16.084805468310964,15.651713571210347,16.055494150164098,798520800
2012-03-08,16.21072006225586,16.24062877736405,15.915511268377648,15.992378774703035,516457200
2012-03-09,16.30583381652832,16.382701329249276,16.244219366418488,16.277119914182784,418919200
2012-03-12,16.51011848449707,16.51011848449707,16.360568492547355,16.41979012323538,407282400
2012-03-13,16.99165916442871,16.994051989370554,16.62227440142677,16.675814258837175,690855200
2012-03-14,17.634117126464844,17.787852125510508,17.209997718796735,17.2892596404505,1418844000
2012-03-15,17.513887405395508,17.946081579545012,17.304221237288587,17.93411745061579,1159718000
2012-03-16,17.514184951782227,17.622756619282274,17.287769018138057,17.488761578824587,825487600
2012-03-19,17.978673934936523,17.998712642297985,17.618263127389735,17.897020794808718,901236000
2012-03-20,18.124040603637695,18.152153903468072,17.69094883036438,17.931122667631204,816662000
2012-03-21,18.020557403564453,18.234411828739088,17.98795714689331,18.027735881367388,644042000
2012-03-22,17.9260311126709,18.080365080011635,17.812074855992034,17.87937104042848,623870800
2012-03-23,17.827634811401367,17.999614722986795,17.77828319298568,17.96043340993273,430488800
2012-03-26,18.154544830322266,18.159630781305225,17.804005562369678,17.939494082572395,595742000
2012-03-27,18.378864288330078,18.43270124049355,18.127025108557795,18.130614345191766,607129600
2012-03-28,18.472787857055664,18.587341578101636,18.254147828113187,18.49551810108389,655460400
2012-03-29,18.240694046020508,18.441089240565308,18.1620326825407,18.328030602211424,608238400
2012-03-30,17.93231773376465,18.2616218881939,17.88416252999481,18.208083626849366,731038000
2012-04-02,18.50299835205078,18.507184998174644,17.95714659316858,18.000516157803816,598351600
2012-04-03,18.822729110717773,18.909169526132878,18.619045046572126,18.762311070014437,834559600
2012-04-04,18.672883987426758,18.719243784914724,18.454243943297605,18.674080400213803,572980800
2012-04-05,18.953134536743164,18.98244584523645,18.645662904014863,18.752739430093285,641298000
2012-04-09,19.02940559387207,19.137379843177364,18.702494210231436,18.72731857570356,597536800
2012-04-10,18.796403884887695,19.261797086325036,18.723424332222315,19.140064930636978,889725200
2012-04-11,18.729412078857422,19.04854756809768,18.643869372452812,19.028508854078936,696614800
2012-04-12,18.626819610595703,18.88284710985543,18.55892439490823,18.693518413707007,614336800
2012-04-13,18.102201461791992,18.68454280040327,18.050757327497937,18.666895318701705,859644800
2012-04-16,17.351472854614258,18.25324680285397,17.29524306509184,18.246667332851047,1050786800
2012-04-17,18.235904693603516,18.244876991075625,17.105620438028907,17.315885598335786,1025528000
2012-04-18,18.195228576660156,18.5514529125366,18.026836264709598,18.356142110347083,954531200
2012-04-19,17.570112228393555,18.087249973852686,17.482775709339464,17.952357253809527,834719200
2012-04-20,17.137619018554688,17.784863816676975,17.06105021451226,17.687955999765613,1030985200
2012-04-23,17.099328994750977,17.247981211959843,16.648292782716002,17.066728759413074,966529200
2012-04-24,16.757770538330078,16.979400815666075,16.59984724519571,16.827459586464588,1076149200
2012-04-25,18.244874954223633,18.484152699351522,18.12523688033304,18.413565948233668,905777600
2012-04-26,18.17608642578125,18.385155182192303,18.009489527598515,18.37259204837886,536068400
2012-04-27,18.035505294799805,18.130619292882763,17.960731907206196,18.09742004296831,406722400
2012-04-30,17.466625213623047,17.897923160522286,17.437313904275577,17.879976971938156,506144800
2012-05-01,17.41128921508789,17.848866232948787,17.38437073693577,17.494138770411652,610999200
2012-05-02,17.52644157409668,17.568913415267044,17.313484960723038,17.354760389503443,427389200
2012-05-03,17.402019500732422,17.68855470409788,17.356557423026832,17.661636221490287,390549600
2012-05-04,16.906421661376953,17.29853677736767,16.904028835743176,17.260253164574113,529992400
2012-05-07,17.032939910888672,17.131342870644296,16.786184953140324,16.79426113917572,460118400
2012-05-08,16.994047164916992,17.093346177120672,16.71140158762423,17.03591999216556,497252000
2012-05-09,17.023963928222656,17.16753185457948,16.774817772685708,16.860060180701282,480704000
2012-05-10,17.064044952392578,17.22436107793431,17.00183467953231,17.185478459386456,333200000
2012-05-11,16.950082778930664,17.182181975439,16.879496049863107,16.898937350598143,399546000
2012-05-14,16.696155548095703,16.97401562022695,16.677611949166284,16.82626263914568,352626400
2012-05-15,16.545106887817383,16.84569870870058,16.502635047123462,16.792759457721683,476336000
2012-05-16,16.333049774169922,16.656373465616202,16.18230499290998,16.571429774925733,560896000
2012-05-17,15.855687141418457,16.375516224598062,15.855687141418457,16.310013859398634,717220000
2012-05-18,15.863470077514648,16.253192312064414,15.618211874560297,15.970546613272798,732292400
2012-05-21,16.787675857543945,16.795453337753507,15.973236787006154,15.986697626136564,631106000
2012-05-22,16.658769607543945,17.164540716384497,16.527466104051555,17.035031033337383,694870400
2012-05-23,17.065244674682617,17.13224220296178,16.546910341563773,16.674623032084337,584897600
2012-05-24,16.908517837524414,17.24290807241219,16.786186608817925,17.22406416891994,496230000
2012-05-25,16.81787872314453,16.92435780326921,16.703623763001147,16.88667162059022,328507200
2012-05-29,17.11638069152832,17.168125128901938,16.90821132166339,17.075405563186404,380508800
2012-05-30,17.322763442993164,17.347289106648873,16.94560269495387,17.024564342178873,529429600
2012-05-31,17.279691696166992,17.39244999200476,17.092158409965613,17.369718152137533,491674400
2012-06-01,16.77900505065918,17.127752177069006,16.76494839894362,17.0233671619599,520987600
2012-06-04,16.877702713012695,16.973712816209673,16.405431274034587,16.79425573931434,556995600
2012-06-05,16.83403968811035,16.94291165841634,16.699447237950686,16.787381185034587,388214400
2012-06-06,17.092159271240234,17.16364213380496,16.913896975886818,16.98179219774362,401455600
2012-06-07,17.09993553161621,17.26742851914777,17.063445742597157,17.266532407624407,379766800
2012-06-08,17.35715675354004,17.364934234333813,17.01857996487501,17.096345188732908,347516400
2012-06-11,17.083478927612305,17.601811340392295,17.06732656407614,17.578482100929705,591264800
2012-06-12,17.23273468017578,17.246492628106495,16.949790253290978,17.181889534398177,435380400
2012-06-13,17.113094329833984,17.302122726930143,17.05985476827596,17.183681075266,293580000
2012-06-14,17.094249725341797,17.15317264359989,16.966537079400315,17.085576133763468,345573200
2012-06-15,17.17202377319336,17.18667943500781,17.035036862943162,17.07840644048258,335255200
2012-06-18,17.520458221435547,17.58356777234691,17.059551962919294,17.077199443707688,440412000
2012-06-19,17.5692195892334,17.64668452202134,17.440308906480492,17.44928120373119,361404400
2012-06-20,17.51926612854004,17.624248528980573,17.37151158232716,17.593141804300036,358943200
2012-06-21,17.277894973754883,17.59344119226462,17.27101520234638,17.510292917154743,326351200
2012-06-22,17.4103946685791,17.413086197413907,17.21059856967267,17.318871506770325,284471600
2012-06-25,17.071521759033203,17.341605935873442,17.059557632039162,17.26683094083405,304382400
2012-06-26,17.10920524597168,17.182782219291763,16.96862917211455,17.088267228380616,276536400
2012-06-27,17.183082580566406,17.250080090219576,17.105916362274083,17.198036939705545,202997200
2012-06-28,17.02007484436035,17.168128110389492,16.91718655396937,17.098439072117465,282836400
2012-06-29,17.467227935791016,17.467227935791016,17.175608299288758,17.28776920645212,421500800
2012-07-02,17.722043991088867,17.750457576092916,17.455250523125553,17.48904876042602,400092000
2012-07-03,17.928142547607422,17.945790044164124,17.766332830581963,17.792652327392677,241712800
2012-07-05,18.243078231811523,18.37468041162562,17.935307906061897,17.962525092325095,484383200
2012-07-06,18.121646881103516,18.198215692434417,17.99303651614456,18.15783796399335,418930400
2012-07-09,18.361221313476562,18.361520017266155,18.068705644101833,18.104297718111027,379405600
2012-07-10,18.191343307495117,18.54008891635632,18.104604162482193,18.483260096752538,511957600
2012-07-11,18.078275680541992,18.17488318819918,17.8626275329932,18.128822108655484,469322000
2012-07-12,17.912885665893555,18.049572270412185,17.72684741965977,17.9529647066197,428041600
2012-07-13,18.094430923461914,18.160829433237197,17.945780237400584,18.034014477271807,311427200
2012-07-16,18.152450561523438,18.29332372294643,18.09592047735753,18.098912306903806,301260400
2012-07-17,18.153352737426758,18.289740584113005,18.039993837448037,18.268503860351018,293624800
2012-07-18,18.133014678955078,18.195226542361322,18.05225761992025,18.142884684449395,252700000
2012-07-19,18.37407875061035,18.404885167228684,18.12522980118831,18.283153019345946,436861600
2012-07-20,18.07439422607422,18.37767769563705,18.0564480333154,18.33550454199056,397471200
2012-07-23,18.060333251953125,18.122246409623344,17.57819012730971,17.77828495501547,487975600
2012-07-24,17.97330093383789,18.23530897618733,17.901217454123557,18.166516031368104,565132400
2012-07-25,17.197145462036133,17.37151825641106,17.048494747356152,17.181892394967445,877312800
2012-07-26,17.194440841674805,17.35954091067595,17.059249476240623,17.340398318091754,406632800
2012-07-27,17.501924514770508,17.521964831481604,17.096051395548773,17.19834230911048,403936400
2012-07-30,17.7971248626709,17.929025735944347,17.58147512126876,17.674196283738073,379142400
2012-07-31,18.26760482788086,18.295721321643384,18.027132293312107,18.04238535540382,462327600
2012-08-01,18.149471282958984,18.436305352000872,18.03551492457019,18.421649689924124,384501600
2012-08-02,18.17877960205078,18.2655171469964,17.953261346253324,18.030727888623222,332158400
2012-08-03,18.41535758972168,18.483551501484158,18.29153129814885,18.353444443935263,344920800
2012-08-06,18.620241165161133,18.68963150105217,18.402200152527946,18.462915298754282,302103200
2012-08-07,18.571189880371094,18.693519479226964,18.485348471148228,18.62682067231387,290446800
2012-08-08,18.539783477783203,18.660020546230577,18.457232606988093,18.52572523061084,244706000
2012-08-09,18.645517349243164,18.675556085036156,18.55750585862576,18.559007394364194,221642400
2012-08-10,18.674659729003906,18.676461251551384,18.58454670490823,18.584846691298594,194938800
2012-08-13,18.92397117614746,18.92397117614746,18.72121411294518,18.725420338227963,278832400
2012-08-14,18.974729537963867,19.182594333757493,18.930273823350454,18.98013731127369,340169200
2012-08-15,18.948898315429688,19.044119087328838,18.856382232470715,18.96301692003377,257342400
2012-08-16,19.114412307739258,19.12702777488046,18.93898929618981,18.960317200010042,254534000
2012-08-17,19.46796417236328,19.470367271805088,19.188611081176802,19.224355982219752,442761200
2012-08-20,19.97980499267578,19.97980499267578,19.521724374293154,19.52502903573202,613384800
2012-08-21,19.706768035888672,20.272085201743096,19.53464963147872,20.15013029979278,812719600
2012-08-22,20.0915470123291,20.095451646505023,19.46795736313769,19.657497353751197,565322800
2012-08-23,19.904115676879883,20.122491307316714,19.859658340375766,20.00864728673608,420128800
2012-08-24,19.921831130981445,20.10986957986534,19.691440075892054,19.810390244352774,437340400
2012-08-27,20.29610824584961,20.452004864298836,20.231826156964253,20.425570778285188,427008400
2012-08-28,20.269678115844727,20.30872767570195,20.145620125028916,20.275084286936618,267416800
2012-08-29,20.229726791381836,20.355886289585953,20.20359429102268,20.283194945892003,202806800
2012-08-30,19.94135856628418,20.17205124262464,19.91071985813477,20.144717196435945,302699600
2012-08-31,19.982515335083008,20.08344229881017,19.742510200403594,20.0428912006588,338321200
2012-09-04,20.2747859954834,20.279892180653725,19.960287981690765,19.998135995113174,367892000
2012-09-05,20.132400512695312,20.316232750604996,20.113475709384314,20.292803340385692,336375200
2012-09-06,20.31383514404297,20.37451260051201,20.14952763759393,20.22071745056259,391196400
2012-09-07,20.439085006713867,20.500362406879574,20.29880695602823,20.3672920466213,329666400
2012-09-10,19.90741729736328,20.524697687144187,19.88819250613709,20.439390884487718,487998000
2012-09-11,19.84283447265625,20.128495224086986,19.719978051094103,19.978606347185032,503983200
2012-09-12,20.119178771972656,20.122483433227725,19.704955525694903,20.03086731464671,712233200
2012-09-13,20.5153865814209,20.591082591559918,20.26877377375207,20.34687288275915,598360000
2012-09-14,20.764699935913086,20.93591669882003,20.662869836980786,20.725050413641856,600474000
2012-09-17,21.020021438598633,21.020621411079766,20.864724818255297,21.00710438400486,398031200
2012-09-18,21.084014892578125,21.096630364485012,20.91910577748603,21.02303743801903,373503200
2012-09-19,21.0897159576416,21.146487167397684,21.0137199555004,21.03444628373936,326874800
2012-09-20,20.987579345703125,21.0284320168563,20.834985811863454,21.001396358843873,336568400
2012-09-21,21.029338836669922,21.17892774433383,21.007410958550736,21.09902710599289,571589200
2012-09-24,20.749982833862305,20.880048558245594,20.51598709122627,20.631934208338816,639766400
2012-09-25,20.23183250427246,20.80976509615597,20.215610780663393,20.67399157960366,518789600
2012-09-26,19.980712890625,20.206297814669448,19.86116111045356,20.08764759775892,576503200
2012-09-27,20.46552085876465,20.491053380412875,19.83562347529758,19.953973675385402,594090000
2012-09-28,20.038379669189453,20.459212268830555,20.027865712173135,20.388322467098618,535110800
2012-10-01,19.806787490844727,20.328248690693474,19.719977553668354,20.16033497272422,543594800
2012-10-02,19.86446189880371,20.015853924313554,19.54425618249096,19.87948046514567,627992400
2012-10-03,20.169042587280273,20.18135966957535,19.904108211006278,19.97109337489182,424281200
2012-10-04,20.02937126159668,20.253154641179517,19.991824845166793,20.163040033337925,370725600
2012-10-05,19.60253143310547,20.005340887062633,19.563181889121832,19.981311500649372,594006000
2012-10-08,19.16938591003418,19.45144368571993,19.10750690272274,19.43101734086481,637994000
2012-10-09,19.09969139099121,19.239067901933456,18.730223802904717,19.183798238119397,838597200
2012-10-10,19.251686096191406,19.373940947919998,19.134237442363048,19.21654117509718,510356000
2012-10-11,18.866901397705078,19.440629334741484,18.866901397705078,19.419603017576915,546081200
2012-10-12,18.915260314941406,19.085575541924303,18.78279309442192,18.910754103346623,460014800
2012-10-15,19.06694984436035,19.078063774536055,18.739234886804944,18.99455850297628,432502000
2012-10-16,19.518423080444336,19.53374323684543,18.95400766396477,19.085274934942,549771600
2012-10-17,19.362831115722656,19.608542420675587,19.344507883399945,19.490793755600567,389037600
2012-10-18,19.00327491760254,19.286232647103112,18.923974243268542,19.21203976204105,476624400
2012-10-19,18.318401336669922,18.97713427594709,18.3117920136318,18.955507993452684,744086000
2012-10-22,19.045026779174805,19.08557787587206,18.34604092570445,18.395904433048415,546730800
2012-10-23,18.424131393432617,19.041113200445558,18.374269513713593,18.954001695635622,707145600
2012-10-24,18.52837371826172,18.82034389264927,18.342438304766393,18.66685032262158,558527200
2012-10-25,18.30939292907715,18.68366838702802,18.189541171369697,18.62359091080439,656325600
2012-10-26,18.14297866821289,18.44335957187802,17.752484776811944,18.30608457167277,1018432800
2012-10-31,17.88224983215332,18.081702210839516,17.6533602966125,17.869032789356304,510003200
2012-11-01,17.91889762878418,18.112942247865735,17.847707829999603,17.9693611008613,361298000
2012-11-02,17.325946807861328,17.93121330571895,17.26436940388501,17.8993730474378,599373600
2012-11-05,17.560850143432617,17.655469387645443,17.3499821532993,17.527808324351344,529135600
2012-11-06,17.50767707824707,17.74467750858189,17.424773369363898,17.729358955279285,374917200
2012-11-07,16.837785720825195,17.336883573950207,16.76989027339794,17.315761226286277,793648800
2012-11-08,16.22674560546875,16.96543676226326,16.15251518414777,16.917155241209535,1056146000
2012-11-09,16.507671356201172,16.743641559835716,16.10513319163301,16.307307954974025,929913600
2012-11-12,16.380027770996094,16.73217327893789,16.25389477953965,16.72161129876687,515802000
2012-11-13,16.382137298583984,16.610865201796752,16.184790750240182,16.261738161131337,532949200
2012-11-14,16.200490951538086,16.519443846144416,16.179368595475225,16.460601961127004,477170400
2012-11-15,15.86070728302002,16.27953947883848,15.770182725461792,16.220094917311584,789910800
2012-11-16,15.922865867614746,15.99287239315697,15.261122823407568,15.848031194688149,1266893600
2012-11-19,17.071044921875,17.124454323698078,16.29101496700126,16.3160597896955,823317600
2012-11-20,16.925594329833984,17.25873017865517,16.734585914502233,17.257523141354632,642754000
2012-11-21,16.949432373046875,17.120525465095096,16.795537546750467,17.02637978619508,373002000
2012-11-23,17.245155334472656,17.260244111337357,16.976596700813662,17.114497130706813,272826400
2012-11-26,17.789209365844727,17.803390844185824,17.311836631908953,17.377920709446837,630579600
2012-11-27,17.645875930786133,17.816064945921404,17.504655807259102,17.789811485018543,533330000
2012-11-28,17.59035873413086,17.676659497126714,17.268086171329323,17.419263990582404,520864400
2012-11-29,17.78408432006836,17.93164104104711,17.66006563810772,17.81003643429181,514698800
2012-11-30,17.660968780517578,17.755116097051072,17.582512951995014,17.706533238977173,391319600
2012-12-03,17.688426971435547,17.94190000999806,17.66760597759481,17.91353543472014,364280000
2012-12-04,17.37640953063965,17.55595186890584,17.26415830255686,17.55595186890584,557068400
2012-12-05,16.258115768432617,17.177252744710973,16.25751144412981,17.16699373534657,1044638000
2012-12-06,16.513103485107422,16.696265388544617,15.649788014417167,15.960895897085667,1177212400
2012-12-07,16.09095001220703,16.75329609383338,15.992880234790336,16.698981020658582,787040800
2012-12-10,15.987447738647461,16.24966974623524,15.738802886434238,15.842002159535264,630484400
2012-12-11,16.33657455444336,16.58310668444516,16.215269723605175,16.287690349766443,592345600
2012-12-12,16.26445770263672,16.536034688231833,16.182079409429043,16.52909381987146,487144000
2012-12-13,15.9835205078125,16.22341469508621,15.866138166522102,16.027576555344684,625259600
2012-12-14,15.383040428161621,15.63470213554981,15.256003342594546,15.532709872344755,1009579200
2012-12-17,15.6558198928833,15.691125330580226,15.124736379833411,15.357085416792739,757607200
2012-12-18,16.11056137084961,16.14073569040209,15.698668372091992,15.842001224561367,625685200
2012-12-19,15.881531715393066,16.10452743166028,15.857089612205174,16.03723630878076,449369200
2012-12-20,15.743326187133789,15.99891023856465,15.657326811958926,15.992875053330321,481689600
2012-12-21,15.670904159545898,15.681163167751345,15.396610252913083,15.463901353545607,596268400
2012-12-24,15.696259498596191,15.819374115150547,15.652203430381064,15.701691973757256,175753200
2012-12-26,15.479901313781738,15.674833840110244,15.423172163131396,15.660952103171944,302436400
2012-12-27,15.542061805725098,15.57796995988191,15.228238526491578,15.496194384326156,455120400
2012-12-28,15.376998901367188,15.524557177505638,15.332641495064374,15.398122857109868,354278400
2012-12-31,16.058359146118164,16.1558262053908,15.3591992656381,15.40536643076504,659492400
2013-01-02,16.567115783691406,16.7472625126305,16.343820282389547,16.711655710563072,560518000
2013-01-03,16.357995986938477,16.586422525806523,16.324803271702912,16.53240882300755,352965200
2013-01-04,15.90235424041748,16.253292725174695,15.867048797792744,16.20320147663057,594333600
2013-01-07,15.80881118774414,15.971756408643602,15.54628618314127,15.751477714724716,484156400
2013-01-08,15.851358413696289,16.049912059740507,15.728848132497607,15.969042156278142,458707200
2013-01-09,15.603611946105957,15.842297440286341,15.57011627058868,15.766557086490986,407604400
2013-01-10,15.797041893005371,15.95425326435134,15.555940623277111,15.949123758692995,601146000
2013-01-11,15.700174331665039,15.851653437845144,15.66154914983025,15.721296672215297,350506800
2013-01-14,15.140430450439453,15.313937658048586,15.042662025205574,15.168492057688704,734207600
2013-01-15,14.66275405883789,15.057144233991396,14.586107995337397,15.036323243254733,876772400
2013-01-16,15.271389961242676,15.372478142273412,14.861309852293441,14.925883940641574,690804800
2013-01-17,15.168489456176758,15.412004796495502,15.148877114727734,15.398727386372371,453678400
2013-01-18,15.087620735168457,15.154608885148011,14.978988994358899,15.042960356983714,472922800
2013-01-22,15.231554985046387,15.325399302807991,14.985928566613746,15.225218442923559,461546400
2013-01-23,15.510376930236816,15.539948539857214,15.231557745578879,15.353465296148592,861509600
2013-01-24,13.593951225280762,14.053519929704422,13.58640603136786,13.880615413407329,1460852400
2013-01-25,13.273488998413086,13.766853944399083,13.126233631115351,13.629859202687767,1208026400
2013-01-28,13.573729515075684,13.675721752794024,13.152181797038761,13.21162717726021,785517600
2013-01-29,13.828407287597656,13.886646433469787,13.642829737525677,13.835348154840005,571158000
2013-01-30,13.784953117370605,13.959064588234911,13.714645222674445,13.790082622019407,417155200
2013-01-31,13.744521141052246,13.858885107527923,13.729132623792202,13.789482878569808,319334400
2013-02-01,13.688094139099121,13.86492108868927,13.529071393973474,13.853756395665187,539484400
2013-02-04,13.347112655639648,13.758099174089647,13.337456357545308,13.69684324170247,477117200
2013-02-05,13.81543254852295,13.87276601231983,13.344094975810687,13.399315721530224,573347600
2013-02-06,13.800649642944336,14.076751817987013,13.656712434600815,13.774094817781325,593706400
2013-02-07,14.210997581481934,14.26502136466714,13.783046032824359,14.060152753044287,704580800
2013-02-08,14.416171073913574,14.532415655228586,14.211907064939524,14.38642711425199,633158400
2013-02-11,14.566408157348633,14.718468681543586,14.36366457391193,14.46230429781808,517490400
2013-02-12,14.20128345489502,14.64076783142043,14.19642716647436,14.553659373567887,609053200
2013-02-13,14.174266815185547,14.37549475313194,14.059236351817976,14.180337174023744,475207600
2013-02-14,14.161523818969727,14.314796775274038,14.083521712313818,14.098696803176887,355275200
2013-02-15,13.966370582580566,14.269882220942453,13.959086147651124,14.230120941721443,391745200
2013-02-19,13.96120548248291,14.044368613183506,13.774851083184851,13.994896389425799,435783600
2013-02-20,13.623093605041504,13.891397029360894,13.621574799371137,13.891397029360894,476302400
2013-02-21,13.53841495513916,13.63280784758431,13.440077543963278,13.536593846943568,447182400
2013-02-22,13.682579040527344,13.706555742148753,13.554800824115329,13.635231862704103,330654800
2013-02-25,13.439473152160645,13.813398504261563,13.432491831227262,13.774852924555079,372579200
2013-02-26,13.626739501953125,13.70474162171028,13.283468255712906,13.470430528668096,501499600
2013-02-27,13.493188858032227,13.732052226347147,13.374213058664578,13.610343549626176,587350400
2013-02-28,13.396981239318848,13.593352162373462,13.396981239318848,13.477411501618688,322515200
2013-03-01,13.065239906311035,13.299247002258154,13.05036793043495,13.293782868124282,552448400
2013-03-04,12.748985290527344,12.996346441465134,12.717116298105157,12.984205718549605,582755600
2013-03-05,13.085576057434082,13.208498019049477,12.770228533703433,12.792384943956296,638433600
2013-03-06,12.919255256652832,13.21032302776736,12.881922936650916,13.187862689009288,460250000
2013-03-07,13.06857967376709,13.111982344828458,12.77963700620197,12.884044772330494,468473600
2013-03-08,13.103179931640625,13.21578227909565,13.0087878547056,13.044906093422227,391482000
2013-03-11,13.289838790893555,13.324439844073899,12.903468873563808,13.043387839720033,474236000
2013-03-12,13.003325462341309,13.32049492324854,12.9772237215251,13.220943438131563,465911600
2013-03-13,13.000892639160156,13.187551707885726,12.910143615039225,13.003928628910781,405549200
2013-03-14,13.126852989196777,13.191803406644855,13.064632207460768,13.136867867015669,303875600
2013-03-15,13.465569496154785,13.482869614204853,13.271018135810053,13.291657356566308,643960800
2013-03-18,13.8316068649292,13.884416568021605,13.390908433791502,13.398495978916596,606197200
2013-03-19,13.794278144836426,13.990952994930241,13.612473654282402,13.94633543261366,526775200
2013-03-20,13.721129417419434,13.889579096984505,13.64555544982795,13.88320562322486,308660800
2013-03-21,13.740859985351562,13.900203339711949,13.661037562200143,13.664679779375922,383255600
2013-03-22,14.019482612609863,14.025248240238028,13.75239319510675,13.797009135636761,395105200
2013-03-25,14.070165634155273,14.263502952300813,14.015534015298359,14.103854916327185,501135600
2013-03-26,13.996113777160645,14.13876323436024,13.977599577965897,14.126622510146559,294294000
2013-03-27,13.721129417419434,13.864386693837911,13.680155696743869,13.854067890696024,331237200
2013-03-28,13.435220718383789,13.713236724663608,13.403655656621455,13.652534745156196,442839600
2013-04-01,13.017891883850098,13.466784847165945,12.98238149575087,13.412152421024649,389732000
2013-04-02,13.044601440429688,13.298032891453294,12.941710864792336,12.978133024718787,529519200
2013-04-03,13.111374855041504,13.271932242810799,13.060384637423134,13.092556737535649,363216000
2013-04-04,12.98177719116211,13.202733478936322,12.9068102555247,13.165098859932238,358447600
2013-04-05,12.844587326049805,12.897701756028507,12.737750619679986,12.884043041910601,383695200
2013-04-08,12.935945510864258,12.97509812036962,12.823040047489076,12.894667869954334,300829200
2013-04-09,12.959314346313477,13.005447459294208,12.830929074761569,12.94049704163011,306614000
2013-04-10,13.223675727844238,13.265257297082547,12.929876727699208,12.993310786926456,375928000
2013-04-11,13.18239688873291,13.293481240626633,13.087396965515655,13.163881884544967,328364400
2013-04-12,13.044906616210938,13.176933311542545,13.023357241416292,13.176933311542545,238613200
2013-04-15,12.742911338806152,12.986934127420815,12.733805799184955,12.959921431775555,317520000
2013-04-16,12.936858177185059,12.948087129891059,12.76476708149874,12.795118077520897,305771200
2013-04-17,12.225425720214844,12.765676462359558,12.08307941248523,12.755659962227295,945056000
2013-04-18,11.899153709411621,12.316177801010125,11.829042252790211,12.291897166514808,666299200
2013-04-19,11.853017807006836,12.12830256505214,11.68821036333158,11.775318816964315,609274400
2013-04-22,12.100080490112305,12.207221181257365,11.875483543044663,11.917063503395548,429920400
2013-04-23,12.326494216918945,12.394783736988224,12.104323105512927,12.261542178972208,664238400
2013-04-24,12.306159019470215,12.6032962581509,11.912808599128772,11.94437447172445,969651200
2013-04-25,12.394783973693848,12.563535923276197,12.352899301671796,12.481284574408123,384837600
2013-04-26,12.662484169006348,12.710135291936554,12.390841565510867,12.438189575591748,764097600
2013-04-29,13.054622650146484,13.16085155687675,12.747468807631863,12.761126717301499,640326400
2013-04-30,13.438864707946777,13.513832453201182,13.113804564523676,13.205768510704893,691538400
2013-05-01,13.332942962646484,13.50412313782389,13.184223129373656,13.489858190764298,506909200
2013-05-02,13.522022247314453,13.615198606234129,13.373604813791061,13.408508160605667,421828400
2013-05-03,13.657395362854004,13.756036718671268,13.632202955457538,13.697761243782725,361300800
2013-05-06,13.983060836791992,14.028282999026242,13.788812531195802,13.831303436275146,496641600
2013-05-07,13.920835494995117,14.136024449088131,13.770293836759134,14.112350859940074,483753200
2013-05-08,14.078056335449219,14.124494184176367,13.834337460133613,13.932370937428388,472598000
2013-05-09,13.955233573913574,14.14557236704306,13.918877092451206,14.048112130339499,398487600
2013-05-10,13.839138984680176,14.045060094832268,13.763064804466149,13.991899214908768,334852000
2013-05-13,13.893221855163574,13.989766797519904,13.794234327397286,13.794539446616833,316948800
2013-05-14,13.560809135437012,13.907268537113065,13.508564435105386,13.866023622764532,447118000
2013-05-15,13.10222339630127,13.473430912230485,12.903941696855323,13.417215581747024,741613600
2013-05-16,13.277292251586914,13.377197572539913,12.79823718602013,12.930832682546885,603204000
2013-05-17,13.236960411071777,13.44563088231195,13.168218869943546,13.413856887506334,427904400
2013-05-20,13.53239917755127,13.62008339587959,13.140416562967372,13.19571573183709,451578400
2013-05-21,13.432493209838867,13.610305853898877,13.26567953834746,13.386359854193614,456022000
2013-05-22,13.484124183654785,13.697988985949351,13.388496280525754,13.56661483483795,443038400
2013-05-23,13.50826358795166,13.631083012730983,13.314258401155781,13.319146833882508,353021200
2013-05-24,13.600226402282715,13.615807875075841,13.453882605691069,13.468853024338845,276166800
2013-05-28,13.4868745803833,13.78231225246218,13.46884971126916,13.745345525328121,386145200
2013-05-29,13.594118118286133,13.67202631101593,13.424554236013163,13.442885863417857,330576400
2013-05-30,13.796676635742188,13.885888914565705,13.58067346968224,13.615502742192424,353519600
2013-05-31,13.740152359008789,13.965320459615251,13.733124829955804,13.824779668472953,384302800
2013-06-03,13.770397186279297,13.820501979538296,13.518648664580466,13.770702305347273,372352400
2013-06-04,13.727319717407227,13.883746284727815,13.668660162575241,13.84677792407503,292728800
2013-06-05,13.599003791809082,13.770400802030768,13.556230819040683,13.615501437297695,290589600
2013-06-06,13.395831108093262,13.656745475113356,13.26109736208503,13.610001064304795,416934000
2013-06-07,13.498181343078613,13.541870485991428,13.221990610130314,13.335950156308225,404535600
2013-06-10,13.408971786499023,13.720296152284067,13.345118661911716,13.587395534475435,450153200
2013-06-11,13.369552612304688,13.527201255564952,13.238790340706753,13.312727046951856,286112400
2013-06-12,13.204272270202637,13.481074086841106,13.183191310133262,13.427608072943796,265227200
2013-06-13,13.319453239440918,13.355504618455898,13.099173521290274,13.213744134822042,285832400
2013-06-14,13.138891220092773,13.329536035641093,13.091534931410527,13.302344533896312,271866000
2013-06-17,13.198464393615723,13.311506941833937,13.148359594743232,13.181355696579852,259414400
2013-06-18,13.191437721252441,13.287065637803932,13.143777138354732,13.185022061822322,195025600
2013-06-19,12.923498153686523,13.188078037385944,12.923498153686523,13.180134334535943,310940000
2013-06-20,12.735298156738281,13.014542534811516,12.68427636371056,12.810456178527197,357310800
2013-06-21,12.633254051208496,12.831842556967224,12.468273521354504,12.785708379774922,481118400
2013-06-24,12.298404693603516,12.485383173374315,12.161225900389091,12.446887580014838,480746000
2013-06-25,12.301156997680664,12.458804907564087,12.185059143171538,12.394951781036788,314162800
2013-06-26,12.161836624145508,12.367145892162418,12.0882058340799,12.339954394562486,367724000
2013-06-27,12.030767440795898,12.263268203942907,12.02343560802258,12.197887868074025,337246000
2013-06-28,12.114784240722656,12.229048066766074,11.880755471399436,11.956830464900193,578516400
2013-07-01,12.502490997314453,12.595675519444608,12.25807507958882,12.302987145914514,391053600
2013-07-02,12.7857084274292,12.881642290988939,12.510130366422452,12.52510078419525,469865200
2013-07-03,12.856282234191895,12.92288630740928,12.75393353990706,12.85811539627567,240928800
2013-07-05,12.753018379211426,12.932359090898474,12.689776317821021,12.843758691627063,274024800
2013-07-08,12.680607795715332,12.86239269670491,12.546179173690412,12.835202016366338,298138400
2013-07-09,12.903640747070312,12.938775136018092,12.537933414230833,12.636310682276552,352584400
2013-07-10,12.854143142700195,12.978490597870206,12.77837489068434,12.8196198138473,281405600
2013-07-11,13.054564476013184,13.083895068672389,12.867586842769468,12.921969018338839,326292400
2013-07-12,13.03073501586914,13.130945433029371,12.936024085183043,13.065564281045473,279563200
2013-07-15,13.059151649475098,13.181971102735833,12.978494938259772,12.984911415614837,241917200
2013-07-16,13.143468856811523,13.15904950715683,12.959239781498583,13.031036573499767,216538000
2013-07-17,13.146833419799805,13.20518868011954,13.082980304074644,13.12819749295218,198990400
2013-07-18,13.191133499145508,13.286149552298902,13.155999113615788,13.240627247506891,218878800
2013-07-19,12.983076095581055,13.25896010120416,12.964744471650869,13.232074535266499,268721600
2013-07-22,13.024629592895508,13.129728483771965,12.998966128425872,13.120868604440172,207796400
2013-07-23,12.800983428955078,13.044482331724563,12.792428672868379,13.015152555253755,369395600
2013-07-24,13.458463668823242,13.583115437876927,13.2980656439914,13.41019121231435,591936800
2013-07-25,13.397053718566895,13.485654926961935,13.314868985812739,13.464268850363059,229493600
2013-07-26,13.473128318786621,13.47465554600039,13.26995733393872,13.299287112551001,200152400
2013-07-29,13.680882453918457,13.748096771061627,13.448992733443909,13.467323540016345,248057600
2013-07-30,13.849835395812988,13.966849398085397,13.724876874582696,13.747179940845843,309422400
2013-07-31,13.825697898864746,13.972652730764135,13.730986965955935,13.900856733281907,322957600
2013-08-01,13.952488899230957,13.956155223669048,13.848001100224936,13.924076924402076,206250800
2013-08-02,14.131521224975586,14.140992969386158,13.95187625346757,13.993121172539139,274783600
2013-08-05,14.342636108398438,14.379909585177852,14.119607117525495,14.197208525143644,318855600
2013-08-06,14.21432113647461,14.417186206170594,14.120220435124931,14.298950091199671,334857600
2013-08-07,14.206069946289062,14.267785588872268,14.107997811847808,14.170018573539595,298858000
2013-08-08,14.17778205871582,14.272811236294835,14.083674282623553,14.265430169839485,255777200
2013-08-09,13.976035118103027,14.160865614236144,13.951433207572277,14.104893352471178,266865200
2013-08-12,14.373062133789062,14.41273329604763,14.043074075281984,14.050148004893959,364434000
2013-08-13,15.056103706359863,15.212640070922507,14.39428146430279,14.483161362824504,881941200
2013-08-14,15.330737113952637,15.507570620728186,15.173893581829859,15.311670183072346,756372400
2013-08-15,15.312591552734375,15.450676929899734,15.041036017256511,15.266769491960101,490294000
2013-08-16,15.448519706726074,15.467279498925985,15.341804705990917,15.381475868729197,362306000
2013-08-19,15.614897727966309,15.799419388575172,15.499878618489076,15.51033430392292,510518400
2013-08-20,15.409770011901855,15.701931357564314,15.40208181476751,15.675483368148726,358688400
2013-08-21,15.449446678161621,15.59675592261877,15.413771529328375,15.487273405880348,335879600
2013-08-22,15.467897415161133,15.548780355505126,15.321509574729022,15.530020558879835,244207600
2013-08-23,15.408234596252441,15.479890376178892,15.356875922045509,15.477430021399169,222731600
2013-08-26,15.468199729919434,15.69054970772093,15.392237531400319,15.39992572710341,330965600
2013-08-27,15.025964736938477,15.454058255426016,14.955539134575023,15.315356986879843,424188800
2013-08-28,15.097002983093262,15.247697216739803,14.94631039187278,14.94631039187278,307608000
2013-08-29,15.121610641479492,15.269228651291607,15.104081023344634,15.12007333026669,239657600
2013-08-30,14.983833312988281,15.160050886925568,14.961690119879611,15.130835405615892,272297200
2013-09-03,15.025666236877441,15.395325720681614,14.98783949231691,15.164673076609995,331928800
2013-09-04,15.336581230163574,15.445758270569497,15.26246507585494,15.363338006076393,345032800
2013-09-05,15.231398582458496,15.397778011701615,15.181270088564762,15.38455319492522,236367600
2013-09-06,15.322129249572754,15.357802764090424,15.067796143214995,15.328896048827486,359525600
2013-09-09,15.566617965698242,15.620437003491338,15.483890575726306,15.530635681763577,340687200
2013-09-10,15.212028503417969,15.605984269930238,15.053954782727711,15.567541629282756,743195600
2013-09-11,14.383830070495605,14.567735860580585,14.294643021829915,14.362301142759796,898696400
2013-09-12,14.536982536315918,14.62032418571774,14.331546183541558,14.408124320493648,404051200
2013-09-13,14.297414779663086,14.510537759985418,14.291265532675725,14.433961239809491,298835600
2013-09-16,13.84286880493164,14.196228627861261,13.753683410221555,14.177470476206892,543706800
2013-09-17,14.002789497375488,14.137798596889727,13.762295556845908,13.776441776163388,399380800
2013-09-18,14.290641784667969,14.34200045129003,14.16701143888471,14.244510960574145,456862000
2013-09-19,14.524989128112793,14.633550246093392,14.43119014103494,14.475783667530314,404541200
2013-09-20,14.374603271484375,14.717198684651732,14.331239923600505,14.700284975216535,699302800
2013-09-23,15.089009284973145,15.28183505282612,14.841748584248343,15.256924374044264,762106800
2013-09-24,15.04164981842041,15.23755022820585,15.002285784705654,15.219406343679337,364344400
2013-09-25,14.808844566345215,15.05825687899078,14.80576994401042,15.044726569805933,316957200
2013-09-26,14.95307731628418,15.02504022273128,14.881728677257167,14.94631216253191,237221600
2013-09-27,14.846362113952637,14.905408979524967,14.78393185033633,14.87803794631969,228040400
2013-09-30,14.661837577819824,14.81283728896295,14.589873044025516,14.677213969215257,260156400
2013-10-01,15.006592750549316,15.042882167267193,14.711970974143526,14.71412419547492,353883600
2013-10-02,15.055793762207031,15.12468204261895,14.877115862730786,14.934932548400871,289184000
2013-10-03,14.866660118103027,15.14159900163748,14.784548655938478,15.0850108447103,322753200
2013-10-04,14.854979515075684,14.903261939126981,14.71874020238884,14.880504471778108,258868400
2013-10-07,15.000129699707031,15.150822293847137,14.92632071346112,14.963533161476732,312292400
2013-10-08,14.790702819824219,15.089013496196367,14.778401043853403,15.06748456703409,290917200
2013-10-09,14.964459419250488,15.001363103137535,14.708896193628147,14.904489495810738,301725200
2013-10-10,15.058260917663574,15.142525629839817,14.978301006395897,15.109928383127764,278602800
2013-10-11,15.155741691589355,15.187417518501844,14.920475670930552,14.976755038605722,267738800
2013-10-14,15.255081176757812,15.302442188785735,15.049339329979414,15.064101459820826,261898000
2013-10-15,15.336273193359375,15.438376295284339,15.239092444432337,15.300290907914404,320073600
2013-10-16,15.411002159118652,15.454672635456227,15.353185463942628,15.401160739952276,251101200
2013-10-17,15.515252113342285,15.52386335250105,15.367019888174127,15.376245394631264,253593200
2013-10-18,15.650262832641602,15.661641560705695,15.552466212571112,15.561077452646176,290542000
2013-10-21,16.033767700195312,16.124183285209508,15.731150596855333,15.738838795828112,398106800
2013-10-22,15.98793888092041,16.25180612874515,15.623814659906094,16.18906873708211,534063600
2013-10-23,16.144481658935547,16.166317722459628,15.96118847704582,15.96118847704582,313723200
2013-10-24,16.35821533203125,16.37543781339272,16.06728580566447,16.14570673047526,384764800
2013-10-25,16.175230026245117,16.398808567294186,16.149089172047663,16.340068839377764,337792000
2013-10-28,16.295780181884766,16.330225134277814,16.09065270528621,16.269946467589982,550440800
2013-10-29,15.889839172363281,16.583951679004546,15.82402713551378,16.492305912990936,635807200
2013-10-30,16.14263916015625,16.223213340940895,15.900299065273165,15.979951844544903,354163600
2013-10-31,16.07497215270996,16.222283001063513,16.030994548764028,16.145706521889057,275696400
2013-11-01,15.992864608764648,16.13955958317156,15.864006387258215,16.11557194264564,274890000
2013-11-04,16.199527740478516,16.20168096151944,15.955343276849774,16.02576887945372,244627600
2013-11-05,16.1595516204834,16.265345258721354,16.084205290485322,16.132796487716778,265213200
2013-11-06,16.113767623901367,16.235645081246403,16.029628812921494,16.21368153268114,223375600
2013-11-07,15.853001594543457,16.18398795610927,15.849600093600303,16.072319934617,262620400
2013-11-08,16.102628707885742,16.120260668385757,15.856090187767702,15.917647586076669,279316800
2013-11-11,16.05591583251953,16.13696038549842,15.912385463325682,16.084992948932378,227452400
2013-11-12,16.085620880126953,16.206569919329286,15.99251161266786,16.013236151981825,204276800
2013-11-13,16.104799270629883,16.15491152100366,15.99127273783876,16.023444095515917,197220800
2013-11-14,16.337730407714844,16.372374840625497,16.14315923708156,16.172236375208513,282419200
2013-11-15,16.239667892456055,16.36649315088167,16.224201719870663,16.288851708970935,317920400
2013-11-18,16.042930603027344,16.307720656768296,16.029630223556854,16.239667516548778,244944000
2013-11-19,16.071388244628906,16.189862548029716,16.022513361185933,16.055302568100792,208938800
2013-11-20,15.93064022064209,16.098299973323893,15.909915685747391,16.061488111143056,193916800
2013-11-21,16.120574951171875,16.12274074409752,15.889504174592167,16.01107107315779,262026800
2013-11-22,16.079124450683594,16.152127037079662,16.039839510550113,16.070462930871994,223725600
2013-11-25,16.20099639892578,16.26688372997842,16.11623974772964,16.11685760149725,229311600
2013-11-26,16.499813079833984,16.584571392207238,16.209041814079175,16.21275224111676,401382800
2013-11-27,16.888338088989258,16.88957544884424,16.499815354603044,16.589832045041348,363448400
2013-11-29,17.20107650756836,17.270984869115058,16.945567451193376,16.997225991864156,318127600
2013-12-02,17.051355361938477,17.45657992888661,17.03867283791411,17.26077312381796,472544800
2013-12-03,17.518136978149414,17.51999384368447,17.250873894286748,17.27005214339394,450968000
2013-12-04,17.47730827331543,17.606918827909325,17.34800664568326,17.492774445591714,377809600
2013-12-05,17.5670166015625,17.79097380892426,17.520927005880797,17.713950212771575,447580000
2013-12-06,17.323253631591797,17.53143564155775,17.309335402829305,17.501739014823674,344352400
2013-12-09,17.521543502807617,17.618982705716284,17.3504822104882,17.3504822104882,320493600
2013-12-10,17.494319915771484,17.566395711407367,17.35975992800798,17.43338201039614,278269600
2013-12-11,17.36470603942871,17.66197630655352,17.313049168498168,17.539170434464108,359718800
2013-12-12,17.339344024658203,17.487823894718364,17.323568926422766,17.38883841602208,262290000
2013-12-13,17.150348663330078,17.411735652348014,17.126840470123497,17.410807219137745,332822000
2013-12-16,17.245309829711914,17.404308116182985,17.168287884570443,17.168596811575174,282592800
2013-12-17,17.16766357421875,17.305316122552625,17.117860259752074,17.1930286218295,229902400
2013-12-18,17.037128448486328,17.058163567939708,16.66685715119235,17.004030308358438,565863200
2013-12-19,16.841934204101562,17.013304376162978,16.81935280473484,16.997838207396335,320308800
2013-12-20,16.982990264892578,17.063108060569427,16.853070809969296,16.871940131004017,436413600
2013-12-23,17.634756088256836,17.65424326430878,17.40801529474166,17.5701044576369,501306400
2013-12-24,17.559907913208008,17.69013637444047,17.509176138300134,17.628578935363418,167554800
2013-12-26,17.443279266357422,17.61650631890984,17.427193590388942,17.57319872976393,204008000
2013-12-27,17.325422286987305,17.459053825345254,17.30717247113565,17.4408040094936,225884400
2013-12-30,17.153121948242188,17.32542054539358,17.08506882625233,17.244067047496053,253629600
2013-12-31,17.35419273376465,17.362234746534927,17.137040216793675,17.142300235006612,223084400
2014-01-02,17.11012840270996,17.23076850299422,17.075792907895675,17.189008849514835,234684800
2014-01-03,16.73429298400879,17.127763554398385,16.717278870897296,17.10178064625026,392467600
2014-01-06,16.825536727905273,16.914314371714955,16.505995691527826,16.625089465923327,412610800
2014-01-07,16.705215454101562,16.888339774872325,16.639637027256793,16.837609667769613,317209200
2014-01-08,16.811002731323242,16.875961634693898,16.66345131062048,16.66716173754173,258529600
2014-01-09,16.59632110595703,16.91617106594318,16.560128757738035,16.91431420089853,279148800
2014-01-10,16.485580444335938,16.728715783850454,16.428972490921264,16.69871023146994,304976000
2014-01-13,16.571889877319336,16.781307647601537,16.39092972949508,16.391858162318798,378492800
2014-01-14,16.901639938354492,16.91215667100066,16.63159152196462,16.648914559747794,332561600
2014-01-15,17.24098014831543,17.328831060070794,17.06466047078619,17.12219688724818,391638800
2014-01-16,17.144773483276367,17.225200212140052,17.06527353518034,17.16488016549229,229278000
2014-01-17,16.724708557128906,17.07734801579584,16.700889782112228,17.05909818866245,426739600
2014-01-21,16.984540939331055,17.01547328252543,16.716967249814573,16.734599214080415,328526800
2014-01-22,17.060014724731445,17.238807398195917,16.945561444031693,17.04145433142503,379985200
2014-01-23,17.20447540283203,17.214374281272015,16.85276455134417,17.011452229299667,403239200
2014-01-24,16.891746520996094,17.18715843162763,16.850913633019537,17.137046167846393,429354800
2014-01-27,17.028779983520508,17.161793734282853,16.881847994766055,17.0154795996541,554878800
2014-01-28,15.667712211608887,15.930643758625065,15.53067584047744,15.737620568556597,1065523200
2014-01-29,15.48984432220459,15.694623253559016,15.423956973210919,15.588831461194932,502810000
2014-01-30,15.45983600616455,15.667709126245523,15.364562615810978,15.545212171195026,678501600
2014-01-31,15.485199928283691,15.513968125455206,15.267120671810897,15.317541835579805,464797200
2014-02-03,15.513975143432617,15.705762660662163,15.44499520681353,15.547383867136313,401464000
2014-02-04,15.738546371459961,15.759272561685247,15.552018919511381,15.647602901676601,376681200
2014-02-05,15.856094360351562,15.939304746572205,15.65997695103636,15.669566903030857,328344800
2014-02-06,15.948518753051758,15.979327143234885,15.802261163966842,15.872278872824609,257765200
2014-02-07,16.171630859375,16.272766029450928,16.10005930018529,16.22453258863072,370280400
2014-02-10,16.461347579956055,16.554703397872327,16.1193559062589,16.13989372086725,345559200
2014-02-11,16.67824363708496,16.733944022545927,16.47721636574801,16.511759047207796,282256800
2014-02-12,16.676998138427734,16.790270219936993,16.59360211269024,16.709051288990675,308100800
2014-02-13,16.941818237304688,16.95488745414397,16.623475448238608,16.637789431534227,307398000
2014-02-14,16.92812156677246,16.99004910402172,16.84161446599057,16.880822110538364,272924400
2014-02-18,16.9903621673584,17.152176818112974,16.97853605527967,16.99067294349088,260251600
2014-02-19,16.722122192382812,17.01836998050353,16.628144811717426,16.95177580174137,313768000
2014-02-20,16.5285587310791,16.71060202708424,16.461653802144433,16.585816307625034,305858000
2014-02-21,16.344966888427734,16.6349908553478,16.32473984688135,16.579599573223,278784800
2014-02-24,16.416536331176758,16.49028832629335,16.2569004385516,16.279617010304467,288909600
2014-02-25,16.245698928833008,16.479397612672606,16.21271344674393,16.473486218084194,231952000
2014-02-26,16.0991268157959,16.33718295780692,16.044669539269876,16.29392857743147,276217200
2014-02-27,16.420272827148438,16.454813850097363,16.0586756479131,16.092595118582246,301882000
2014-02-28,16.375768661499023,16.578349771295407,16.24755941683876,16.464143729594568,371968800
2014-03-03,16.42306900024414,16.513001277242424,16.269032097443755,16.288014365763864,238781200
2014-03-04,16.5313663482666,16.57493317939292,16.423385753736692,16.523899410549625,259140000
2014-03-05,16.566221237182617,16.640593139808008,16.465707571729638,16.52141129750555,200062800
2014-03-06,16.5161190032959,16.630946649481157,16.433655290039866,16.57960044059848,185488800
2014-03-07,16.506473541259766,16.554396227052365,16.36986330770319,16.52670058414996,220729600
2014-03-10,16.521404266357422,16.59639935137426,16.44111767864383,16.44174089268632,178584000
2014-03-11,16.682283401489258,16.764747076213286,16.573368863264474,16.662368806281318,279224400
2014-03-12,16.698474884033203,16.72150223850005,16.555019251990885,16.633127120970922,199326400
2014-03-13,16.51300621032715,16.793382806409298,16.466639072842902,16.72430075727148,257742800
2014-03-14,16.32753562927246,16.52046939125855,16.27494467642429,16.455120001216024,237199200
2014-03-17,16.39133644104004,16.491848449321726,16.363640795900913,16.42121084350154,199544800
2014-03-18,16.53634262084961,16.5540801264781,16.343408815600583,16.365191396531216,209647200
2014-03-19,16.5319881439209,16.686957418010724,16.461659667804163,16.56310730634081,224756000
2014-03-20,16.45232391357422,16.575864904719626,16.410314292871558,16.489354468542835,208398400
2014-03-21,16.582088470458984,16.60947333430082,16.378574958118694,16.55283728776205,374046400
2014-03-24,16.77875518798828,16.81952003822515,16.650235143821465,16.754793851989454,355700800
2014-03-25,16.95924186706543,16.982892427729432,16.791201733524606,16.850639742248386,282293200
2014-03-26,16.79711151123047,17.084024282419488,16.76848355265457,17.006850445638513,299768000
2014-03-27,16.72492218017578,16.850641936063564,16.65210583203408,16.804585575090133,222031600
2014-03-28,16.706249237060547,16.77097542822125,16.625030306508396,16.751682379894433,200564000
2014-03-31,16.702518463134766,16.829170550650506,16.677310694190957,16.78000310311605,168669200
2014-04-01,16.85530662536621,16.86215367135132,16.703448452080956,16.73425517330085,200760000
2014-04-02,16.883317947387695,16.912258358421187,16.812057129384648,16.878028104254607,180420800
2014-04-03,16.766305923461914,16.881755079390505,16.730520141884636,16.847214064004717,162344000
2014-04-04,16.549413681030273,16.80396262015856,16.510827580442804,16.79805122555999,275251200
2014-04-07,16.289573669433594,16.520784465054323,16.240407887989388,16.43116294342298,289850400
2014-04-08,16.28864288330078,16.372040580638533,16.14114053928874,16.34310017369103,243888400
2014-04-09,16.502735137939453,16.50802497948995,16.24445193507141,16.26374498268678,206169600
2014-04-10,16.289886474609375,16.56248368305668,16.280239119021353,16.513937790880668,239652000
2014-04-11,16.169458389282227,16.269659597946106,16.092595305662165,16.150474454056454,271717600
2014-04-14,16.233877182006836,16.24881272094859,16.094777407456284,16.240722568109103,205674000
2014-04-15,16.118112564086914,16.232627758976903,15.911797085689923,16.189996583472333,266490000
2014-04-16,16.150789260864258,16.215515465335734,15.999241828210922,16.120914860998305,214765600
2014-04-17,16.33531951904297,16.423074732334726,16.15669966885388,16.181595000554328,284334400
2014-04-21,16.529186248779297,16.55936975604979,16.304820848545127,16.347764457611834,182548800
2014-04-22,16.545677185058594,16.549722259868183,16.38386089744143,16.440184492499696,202563200
2014-04-23,16.329418182373047,16.527954420211806,16.32008159628214,16.463538956188383,394940000
2014-04-24,17.668119430541992,17.737513903905114,17.449045551980817,17.681811859559108,759911600
2014-04-25,17.79788589477539,17.799439775382663,17.549560816594127,17.56729666027411,390275200
2014-04-28,18.487159729003906,18.53881670505942,17.81686713052501,17.82464816716536,669485600
2014-04-29,18.432388305664062,18.545971154901686,18.34463477302387,18.47626590293631,337377600
2014-04-30,18.36268424987793,18.653331387656333,18.35366010895267,18.442036861461588,456640800
2014-05-01,18.405948638916016,18.509260973141572,18.246621791297517,18.422128947546597,244048000
2014-05-02,18.440176010131836,18.490589899782336,18.350866894722962,18.432709070748295,191514400
2014-05-05,18.700942993164062,18.70218942155984,18.359885284084342,18.36424279775598,287067200
2014-05-06,18.497114181518555,18.808297418584335,18.497114181518555,18.72707850230544,374564400
2014-05-07,18.432388305664062,18.58673600542403,18.28924350277601,18.52325458505416,282864400
2014-05-08,18.399534225463867,18.600430931454202,18.349779652453318,18.407669562741017,230297200
2014-05-09,18.3228702545166,18.345087013746642,18.159835941033382,18.291577278995124,291597600
2014-05-12,18.550987243652344,18.576959155225385,18.381069342025103,18.38388696270023,213208800
2014-05-13,18.580087661743164,18.604495342680398,18.484335351782207,18.5250137058865,159737200
2014-05-14,18.583528518676758,18.693990602853805,18.516876588160958,18.538468317525954,166404000
2014-05-15,18.425504684448242,18.668958142736326,18.401097003357215,18.609504006310832,230846000
2014-05-16,18.697437286376953,18.69806231025676,18.318487313475128,18.419560693824412,276256400
2014-05-19,18.918983459472656,19.00472368662564,18.691800685485653,18.708073029151738,317755200
2014-05-20,18.9227352142334,18.975618232658938,18.798191728417923,18.91647662164069,234836000
2014-05-21,18.972806930541992,18.985009935696784,18.83981556554429,18.89520203457197,196859600
2014-05-22,19.002849578857422,19.083584620516906,18.90365460612423,18.98188453854241,200760000
2014-05-23,19.217514038085938,19.23628982234467,18.977815708203448,19.002223392146373,232209600
2014-05-27,19.577381134033203,19.584577266600427,19.264457994534318,19.272280822343692,348866000
2014-05-28,19.52667808532715,19.708798978772784,19.51948028498331,19.589574861213066,315481600
2014-05-29,19.88247299194336,19.92909910205374,19.64433890828498,19.646842346024957,376474000
2014-05-30,19.8079891204834,20.157522680521215,19.679690502066915,19.963823870194883,564020800
2014-06-02,19.6718807220459,19.865267148801102,19.47943350243078,19.838043511235274,369350800
2014-06-03,19.950061798095703,19.987613359787737,19.65935722720603,19.665928332705498,292709200
2014-06-04,20.17786979675293,20.273937956332677,19.90531430899055,19.946933539157968,335482000
2014-06-05,20.257043838500977,20.320254814418384,20.108719310249768,20.221058169496388,303805600
2014-06-06,20.201337814331055,20.37939271149661,20.16691805665327,20.336834275439976,349938400
2014-06-09,20.52459716796875,20.56402549106555,20.097458393742887,20.305551299917056,301660000
2014-06-10,20.645063400268555,20.820300681159253,20.49611221286743,20.750206103040288,251108000
2014-06-11,20.55963706970215,20.75677860618119,20.474209349092344,20.618778695052523,182724000
2014-06-12,20.21573829650879,20.61659253566515,20.130310563073753,20.599068469527978,218996000
2014-06-13,19.9945068359375,20.24860084844771,19.90688815330683,20.196028636156882,218100000
2014-06-16,20.196016311645508,20.316492135641372,20.031732008661884,20.044875889307292,142244000
2014-06-17,20.16973876953125,20.305546103408165,20.10840620956272,20.220118370425293,118904000
2014-06-18,20.19163703918457,20.215732205066043,20.00982866796488,20.211350354258634,134056000
2014-06-19,20.121545791625977,20.217926471076847,20.007641048422823,20.215735545311137,142112000
2014-06-20,19.9134521484375,20.272687084678545,19.91126122276173,20.119354039920722,403592000
2014-06-23,19.895931243896484,20.068977633647556,19.845549972475528,20.003263222435336,174776000
2014-06-24,19.775447845458984,20.0952544043845,19.755734532318726,19.87839960391036,156144000
2014-06-25,19.79297637939453,19.86745114078778,19.63745407955571,19.76011917887948,147476000
2014-06-26,19.911264419555664,19.944121625220962,19.670314363321648,19.795170407900258,130516000
2014-06-27,20.147830963134766,20.15221114327858,19.882784106801765,19.893737063941238,256116000
2014-06-30,20.355924606323242,20.531161900554732,20.171925280261508,20.174116206015743,197929200
2014-07-01,20.485157012939453,20.605632839257716,20.399729307436097,20.485157012939453,152892000
2014-07-02,20.476402282714844,20.60344757762662,20.390972882541273,20.561830011701574,113860000
2014-07-03,20.59687614440918,20.612209283440958,20.415067730756085,20.51801952333523,91567200
2014-07-07,21.02182960510254,21.026209786595395,20.612213281254448,20.620975315427295,225872000
2014-07-08,20.886018753051758,21.20363619704942,20.572783161350333,21.087540507816968,260888000
2014-07-09,20.894775390625,21.017440484250994,20.756777160295755,20.90572834735013,145744000
2014-07-10,20.8181095123291,20.9298233193713,20.485159016764342,20.53773120312923,158744000
2014-07-11,20.857545852661133,21.004306169304957,20.778689213917872,20.888212137596046,136072000
2014-07-14,21.12696647644043,21.223347162010903,20.95173084135125,20.997730258231663,171240000
2014-07-15,20.879440307617188,21.214580029452403,20.815916841143274,21.20362874493467,181911600
2014-07-16,20.76116180419922,21.269348021442127,20.752399771172474,21.240872667495392,213585200
2014-07-17,20.390974044799805,20.870684912750356,20.277070956720788,20.815923459192053,229192000
2014-07-18,20.68449592590332,20.75239959229165,20.375640531323686,20.50706935440509,199952000
2014-07-21,20.577163696289062,20.809351717515217,20.528973351237546,20.80716079150736,156316000
2014-07-22,20.748022079467773,20.785259470908763,20.61659491067261,20.739260045389813,220788000
2014-07-23,21.289058685302734,21.44019912852196,20.846585298938646,20.90134674083216,371672000
2014-07-24,21.254016876220703,21.317540368236376,21.120398784599296,21.256207802479747,182916000
2014-07-25,21.394203186035156,21.43144057147443,21.168586276249528,21.214585694354543,173876000
2014-07-28,21.689912796020508,21.73810313588963,21.367916897342347,21.427058523699277,221272000
2014-07-29,21.54972267150879,21.781912328646783,21.521247322480278,21.757817159781645,172572000
2014-07-30,21.499340057373047,21.619814213578422,21.394197365177828,21.56286352352631,132040000
2014-07-31,20.940784454345703,21.34601897218856,20.881642805851,21.282497141696496,227372000
2014-08-01,21.056873321533203,21.164206972747305,20.767732916326462,20.787447908438267,194044000
2014-08-04,20.938579559326172,21.15543602524246,20.84658075806932,21.10943662461403,159832000
2014-08-05,20.835634231567383,20.958299327914318,20.66915897853469,20.888204748403698,223732000
2014-08-06,20.800582885742188,20.914487604303126,20.745821451753443,20.754583481734002,154232000
2014-08-07,20.798391342163086,21.121988938439674,20.714738823282357,20.89745159089066,186844000
2014-08-08,20.855607986450195,20.873219205199366,20.534210802020002,20.749944032951692,167460000
2014-08-11,21.13079071044922,21.1506037642896,20.877634734817967,20.97229299772359,146340000
2014-08-12,21.126394271850586,21.32671660933542,21.047145394746753,21.141803682426342,135180000
2014-08-13,21.405956268310547,21.405956268310547,21.141794578054594,21.166009595602947,127664000
2014-08-14,21.463193893432617,21.478603298791523,21.309099839843558,21.425771291775163,112464000
2014-08-15,21.56886100769043,21.615089226812167,21.32230882620849,21.55124977769186,195804000
2014-08-18,21.8286190032959,21.874847218672077,21.56885926011128,21.681127063382345,190288000
2014-08-19,22.130207061767578,22.16322770105525,21.86384348264612,21.883656538018517,277596000
2014-08-20,22.13901138305664,22.25348102246135,22.002526865747726,22.11039439308031,210796000
2014-08-21,22.141212463378906,22.22046131857508,22.03774858690061,22.139010639762535,133912000
2014-08-22,22.304109573364258,22.33713020581049,22.05535727733437,22.077370472465482,176736000
2014-08-25,22.3525447845459,22.491229457524,22.295309120356727,22.407578624862538,161080000
2014-08-26,22.209447860717773,22.343730513434284,22.202844071157763,22.326119288275002,132608000
2014-08-27,22.482419967651367,22.579280047358814,22.167626388101404,22.238069624388846,209476000
2014-08-28,22.508832931518555,22.62550436405745,22.35693904715715,22.363542836999137,273840000
2014-08-29,22.563871383666992,22.651925851795795,22.49783011269557,22.643120237032985,178380000
2014-09-02,22.7399845123291,22.836842933578506,22.61230559397808,22.687150814011687,214256000
2014-09-03,21.780195236206055,22.717970754445,21.700946364312667,22.69595755214121,501684000
2014-09-04,21.599672317504883,22.03333736895977,21.527027278619514,21.76037011679812,342872000
2014-09-05,21.786800384521484,21.87925684764985,21.641510217177096,21.74937777032664,233828000
2014-09-08,21.65251350402832,21.86164141804782,21.584272081885015,21.859441273752495,185426800
2014-09-09,21.57105827331543,22.69154785983792,21.163808291064278,21.81100663140338,759385200
2014-09-10,22.23366928100586,22.25788430270156,21.520431251558165,21.57546508641214,403478400
2014-09-11,22.328325271606445,22.330527095036327,21.929880885256264,22.10378798723486,249412400
2014-09-12,22.378957748413086,22.495629200914873,22.25127885795862,22.279895845336664,250504400
2014-09-15,22.37235450744629,22.684947973761865,22.330529933956413,22.63211428172297,245266000
2014-09-16,22.202852249145508,22.2909067278762,21.769185326983912,21.96950930808373,267632400
2014-09-17,22.361351013183594,22.409781062709026,22.14341579031915,22.293107907261593,243706000
2014-09-18,22.40757179260254,22.53084701988429,22.356939935969528,22.438390599422977,149197600
2014-09-19,22.224868774414062,22.530856832175477,22.12360669654695,22.51764924621447,283609600
2014-09-22,22.246875762939453,22.48462232082246,22.141211745768743,22.40977711528481,211153600
2014-09-23,22.59469223022461,22.660733507143007,22.132408330294144,22.145615913878046,253608800
2014-09-24,22.398778915405273,22.640927540752905,22.277703762981474,22.489035243484825,240687200
2014-09-25,21.54465103149414,22.169834727350445,21.511630387389115,22.125808321543563,400368000
2014-09-26,22.17863655090332,22.17863655090332,21.661318813407448,21.689935804337203,249482000
2014-09-29,22.037752151489258,22.11039722708592,21.711951063040335,21.716354710985367,199065200
2014-09-30,22.17863655090332,22.35254367924438,22.130206505099554,22.19184413448637,221056400
2014-10-01,21.833019256591797,22.165424031913158,21.727353572956858,22.143409158177377,205965200
2014-10-02,21.99151611328125,22.06195933988269,21.58206433381693,21.852829803769755,191031200
2014-10-03,21.929880142211914,22.059759168688142,21.802201259591836,21.89025571931255,173878400
2014-10-06,21.929880142211914,22.15661924233084,21.885852072601992,22.00252351794481,148204800
2014-10-07,21.738367080688477,22.039953132402417,21.733965112411422,21.8880591946013,168376800
2014-10-08,22.189638137817383,22.2578795409974,21.64150005069731,21.74056193994143,229618800
2014-10-09,22.238067626953125,22.53745177415871,22.147813025831823,22.352538925325362,309506000
2014-10-10,22.17422866821289,22.460403539675646,22.079570425617757,22.16542305500648,265326400
2014-10-13,21.971702575683594,22.40536936211561,21.971702575683594,22.306309154234746,214333600
2014-10-14,21.738367080688477,22.128005933939754,21.69874264819686,22.099388941390075,254754400
2014-10-15,21.472003936767578,21.82642201262556,20.952484335367043,21.566662211925294,403734400
2014-10-16,21.190231323242188,21.511628763976848,21.003116593434285,21.03393541107325,288618000
2014-10-17,21.500614166259766,21.793394515865813,21.311297675499393,21.463191568655727,272718800
2014-10-20,21.960695266723633,22.00472164944788,21.621686745350626,21.64369993671275,310069200
2014-10-21,22.557266235351562,22.678339652182622,22.293102846858083,22.678339652182622,378495600
2014-10-22,22.671733856201172,22.918285994422497,22.585881224396225,22.638713225622567,273052400
2014-10-23,23.0767879486084,23.125217991820485,22.81262453458775,22.91168644465775,284298800
2014-10-24,23.16263771057129,23.222073505608964,23.0107438084207,23.153832096584384,188215600
2014-10-27,23.138427734375,23.219878421879475,23.04817143096468,23.081192070736737,136750800
2014-10-28,23.49724769592285,23.49724769592285,23.19125968196921,23.20226712169396,192243600
2014-10-29,23.62932586669922,23.63593133747664,23.413594180617363,23.47743362880465,210751600
2014-10-30,23.550071716308594,23.63152069061249,23.312325223721352,23.54566807042801,162619200
2014-10-31,23.77461051940918,23.783416132252533,23.600703444625484,23.77681234249475,178557200
2014-11-03,24.082807540893555,24.28092969109412,23.77681953983357,23.823047761630466,209130400
2014-11-04,23.906694412231445,24.102614704444598,23.712975943385615,24.07399771866597,166297600
2014-11-05,23.96393394470215,24.060794034562964,23.803234402842104,24.016765957581043,149743600
2014-11-06,24.03246307373047,24.05236203491719,23.833483582552173,24.01035442879749,139874000
2014-11-07,24.101015090942383,24.169552433309246,23.999313919862317,24.04353123362499,134766000
2014-11-10,24.06121063232422,24.171755565832886,24.02583544394617,24.103216560045873,108782000
2014-11-11,24.253555297851562,24.264610464803315,23.966139511704206,24.032465453069754,109769200
2014-11-12,24.596250534057617,24.636046782168272,24.180602143510125,24.182811827951483,187769600
2014-11-13,24.943363189697266,25.082649223583307,24.67363323381899,24.717852227198616,238091600
2014-11-14,25.244043350219727,25.246254721387373,24.587406116332485,25.016321036629357,176254400
2014-11-17,25.20203399658203,25.92941987670985,25.049483132158237,25.2639388907577,186986800
2014-11-18,25.52924919128418,25.577889235679624,25.179926769518687,25.190981938438362,176896000
2014-11-19,25.352380752563477,25.58894689978137,25.16003360146897,25.522620935769627,167476800
2014-11-20,25.714962005615234,25.836562107719953,25.392171000770325,25.405437539861094,173582000
2014-11-21,25.75033950805664,25.993538047337907,25.65305941763134,25.980273193836997,228717200
2014-11-24,26.22789192199707,26.258844370331033,25.783502476581468,25.834352204509297,189803200
2014-11-25,26.000167846679688,26.475511394883647,25.96700402949675,26.325170218865228,275361600
2014-11-26,26.30970001220703,26.331808666457487,26.051025215234066,26.075345240944227,163073200
2014-11-28,26.29421615600586,26.398128656292105,26.099657693559976,26.36938589600255,99257600
2014-12-01,25.44081687927246,26.36497280698003,24.600674513435685,26.267692702974326,335256000
2014-12-02,25.343528747558594,25.591149985327576,24.92788043927157,25.093697825785572,237395600
2014-12-03,25.630950927734375,25.723808276389924,25.449657286024117,25.591154680198855,172253600
2014-12-04,25.533666610717773,25.9117300563424,25.489449314899648,25.595571499575833,168178000
2014-12-05,25.425338745117188,25.66411624424686,25.345746245407295,25.64421727592834,153275600
2014-12-08,24.850500106811523,25.347952281911827,24.678050289328496,25.22635218661906,230659600
2014-12-09,25.230783462524414,25.270579717464607,24.176183550000463,24.3618999686488,240832000
2014-12-10,24.751012802124023,25.39217382802734,24.660366823283695,25.29489542229406,178261200
2014-12-11,24.678054809570312,25.160030850532696,24.61614822176628,24.819552208129725,165606800
2014-12-12,24.260190963745117,24.733323126935638,24.227027147547663,24.42158561617403,224112400
2014-12-15,23.928556442260742,24.6736281956619,23.512906423275293,24.47464698303927,268872400
2014-12-16,23.601348876953125,24.35526631115576,23.493015288833345,23.51733531489035,243162800
2014-12-17,24.189441680908203,24.284508698602036,23.616818083221016,23.683145713983205,213647200
2014-12-18,24.905778884887695,24.905778884887695,24.465810433000396,24.733329023684743,236024800
2014-12-19,24.71342658996582,25.03621761331136,24.6868968838274,24.819550474865277,353719200
2014-12-22,24.96989631652832,25.09149476149118,24.755438822422732,24.79744644734963,180670000
2014-12-23,24.881452560424805,25.056113748824295,24.86376496714294,25.034005100612834,104113600
2014-12-24,24.764280319213867,24.91904257542542,24.764280319213867,24.890301495495297,57918400
2014-12-26,25.20203399658203,25.319211358669097,24.7642769953216,24.784174274114413,134884000
2014-12-29,25.184345245361328,25.374480961669917,25.137914893189947,25.15781385651792,110395600
2014-12-30,24.877033233642578,25.186559411437624,24.786387257497882,25.124654513235008,119526000
2014-12-31,24.403900146484375,25.011897311484795,24.366315272021097,24.943359989018592,165613600
2015-01-02,24.1717529296875,24.63825263316067,23.73399429855066,24.627197466302736,212818400
2015-01-05,23.490798950195312,24.02141498148551,23.30508426697377,23.941822492452886,257142000
2015-01-06,23.493009567260742,23.75168430492422,23.132632007155845,23.554914459681218,263188400
2015-01-07,23.822429656982422,23.92191940775139,23.590284656146064,23.70082957334784,160423600
2015-01-08,24.737749099731445,24.79523294678256,24.03247176973318,24.14965083516332,237458000
2015-01-09,24.764280319213867,25.038431324552366,24.366317822124042,24.910198776958747,214798000
2015-01-12,24.154075622558594,24.901359002541184,24.05458582559967,24.894726574314905,198603200
2015-01-13,24.3685245513916,24.93893679296652,24.078897375604033,24.63604307861509,268367600
2015-01-14,24.275672912597656,24.428223804239163,23.98825535346539,24.107644107868847,195826400
2015-01-15,23.616817474365234,24.33314810893353,23.581443975843946,24.319883257835752,240056000
2015-01-16,23.43331527709961,23.784849053948268,23.258654074194936,23.663248948514042,314053200
2015-01-20,24.03689193725586,24.092164407057577,23.546072135531507,23.84233176401339,199599600
2015-01-21,24.22039794921875,24.55424246622366,23.93740147516654,24.087742666751595,194303600
2015-01-22,24.850500106811523,24.865976329232264,24.257979226331894,24.377367950769774,215185600
2015-01-23,24.978736877441406,25.148975353031684,24.65815552021267,24.82839568258497,185859200
2015-01-26,25.005268096923828,25.283841851514538,24.938942137018884,25.146765502192924,222460000
2015-01-27,24.129751205444336,24.86819233799424,24.105431181850108,24.85492579717245,382274800
2015-01-28,25.493873596191406,26.115137307785997,25.493873596191406,26.006802051792118,585908400
2015-01-29,26.287586212158203,26.3517024776813,25.549145159911046,25.71717393553082,337745600
2015-01-30,25.902894973754883,26.530789515977578,25.834355953826734,26.177045993120977,334982000
2015-02-02,26.22789192199707,26.347280659906044,25.664113738672494,26.099661073234326,250956400
2015-02-03,26.23232650756836,26.32960495191638,26.002392725575675,26.199162673157193,207662800
2015-02-04,26.433509826660156,26.643546259004726,26.157147431561143,26.1991550553865,280598800
2015-02-05,26.622175216674805,26.68654452657153,26.46902059335366,26.639930924608485,168984800
2015-02-06,26.39798927307129,26.690979584136734,26.291446572029862,26.639927485141328,174826400
2015-02-09,26.573347091674805,26.599981504185806,26.28701530310681,26.31365140905706,155559200
2015-02-10,27.0838565826416,27.11271278406764,26.6710079961241,26.673226401280676,248034000
2015-02-11,27.718671798706055,27.727550500448018,27.190401745853304,27.250330865812547,294247200
2015-02-12,28.069377899169922,28.29578060033829,27.871831407165082,27.980592559367416,297898000
2015-02-13,28.206981658935547,28.251373460711015,27.889575365268744,28.251373460711015,217088800
2015-02-17,28.37346649169922,28.606527791695186,28.17147980591079,28.297998361881305,252609600
2015-02-18,28.57100486755371,28.584322071736178,28.289111627138954,28.329064933125338,179566800
2015-02-19,28.51107406616211,28.63981268474202,28.484439657793157,28.51773266825435,149449600
2015-02-20,28.74413299560547,28.74413299560547,28.42228816839701,28.548804984884658,195793600
2015-02-23,29.52100372314453,29.52100372314453,28.7796500064065,28.859556618124714,283896400
2015-02-24,29.33677101135254,29.65417901545406,29.114808603712547,29.50768301356105,276912400
2015-02-25,28.58654022216797,29.21025750314069,28.444484400690435,29.2013771091795,298846800
2015-02-26,28.948339462280273,29.048221877535564,28.1026631532394,28.586539620727553,365150000
2015-02-27,28.513294219970703,28.98163506585965,28.464462216181126,28.85511485961998,248059200
2015-03-02,28.653125762939453,28.91726156415653,28.477776954963716,28.68864056023599,192386800
2015-03-03,28.71306610107422,28.748580910171963,28.431172807538633,28.624282465208474,151265200
2015-03-04,28.53105354309082,28.75745620398861,28.4822249170917,28.65535536751989,126665200
2015-03-05,28.05827522277832,28.577666563390302,27.91399928590638,28.53993335182909,226068400
2015-03-06,28.100446701049805,28.71528196146638,28.02498027856481,28.49997810735225,291368400
2015-03-09,28.220304489135742,28.759674979569876,27.75862220746112,28.4023136222176,354114000
2015-03-10,27.636545181274414,28.238063218815654,27.478952044658584,28.058274175841376,275426400
2015-03-11,27.132680892944336,27.694245444137334,27.103826393144036,27.68980694164443,275756000
2015-03-12,27.623220443725586,27.723104541383815,26.997286533467914,27.14822103561566,193450800
2015-03-13,27.432334899902344,27.83408803493527,27.208154073139987,27.612125613115115,207309200
2015-03-16,27.734210968017578,27.734210968017578,27.27253030047029,27.496711184129932,143497200
2015-03-17,28.198108673095703,28.260257885548853,27.889581015961117,27.94507162614272,204092400
2015-03-18,28.515506744384766,28.66866132587932,28.049386093003097,28.189221780386035,261083600
2015-03-19,28.300214767456055,28.688649087793685,28.278018859267466,28.577667853411505,183238000
2015-03-20,27.945068359375,28.499972702883888,27.780816646601348,28.46667969541809,274780400
2015-03-23,28.235841751098633,28.377897577031884,28.08268712580474,28.21586594437631,150838800
2015-03-24,28.120418548583984,28.420065772981385,28.091562351191943,28.240278454406234,131369200
2015-03-25,27.38572120666504,28.14927242977863,27.38572120666504,28.0871232266766,206620800
2015-03-26,27.576610565185547,27.718666378399934,27.212592332143824,27.248107132166854,190291600
2015-03-27,27.356870651245117,27.67871551094298,27.2814042347131,27.649861003464096,158184800
2015-03-30,28.04939842224121,28.05605702550457,27.523346749725256,27.534445550790377,188398800
2015-03-31,27.61878204345703,28.076024054558175,27.603244742888702,27.98723875412255,168362400
2015-04-01,27.578832626342773,27.771940554974115,27.32357548668681,27.70535114691117,162485600
2015-04-02,27.81633186340332,27.86960237283021,27.565514925306033,27.751962555019634,128880400
2015-04-06,28.26691436767578,28.302429168378975,27.59658859207262,27.627663195968463,148776000
2015-04-07,27.96949005126953,28.43782928378001,27.962831448421586,28.331288251334495,140049200
2015-04-08,27.87848472595215,28.05605537189241,27.73864898534564,27.93397534112858,149316800
2015-04-09,28.091564178466797,28.096004375326153,27.669836922529743,27.93397105873809,129936000
2015-04-10,28.211427688598633,28.235843694120984,27.80301758429594,27.95617052668988,160752000
2015-04-13,28.15593719482422,28.53771458339684,28.102666679566266,28.493319382710112,145460400
2015-04-14,28.03385353088379,28.253595846308986,27.94728832500602,28.189226543115986,102098400
2015-04-15,28.140398025512695,28.218084541248,27.969487690895026,28.05827300606639,115881600
2015-04-16,28.004995346069336,28.21142044392355,27.991678144091228,28.029411345321673,113476000
2015-04-17,27.689815521240234,27.998343189969706,27.625446207797804,27.867386157870317,207828000
2015-04-20,28.322402954101562,28.43782266127886,27.78303423431481,27.871819536302848,188217200
2015-04-21,28.169254302978516,28.45558436268727,28.115982097667967,28.4333901506331,129740400
2015-04-22,28.548809051513672,28.60429966365664,28.038296435861813,28.187010869979588,150618000
2015-04-23,28.781869888305664,28.948341722354005,28.442267617797302,28.477782421911698,183083600
2015-04-24,28.917264938354492,28.99495314314599,28.68420371085787,28.963878538604966,178103600
2015-04-27,29.443315505981445,29.54985991281968,29.110371855087372,29.367849091296165,387816800
2015-04-28,28.97941780090332,29.86282743012304,28.759677136402377,29.845073414042368,475696000
2015-04-29,28.55324363708496,29.20803205430719,28.477777232253114,28.89062744093221,253544400
2015-04-30,27.778594970703125,28.553243280125844,27.65207646920177,28.553243280125844,332781600
2015-05-01,28.622053146362305,28.883970560985873,27.811891674772614,27.989460593249742,234050400
2015-05-04,28.566570281982422,28.981642419512106,28.468906249622496,28.7441409420115,203953200
2015-05-05,27.922880172729492,28.511079379684627,27.91843997488117,28.4444899594742,197085600
2015-05-06,27.747522354125977,28.133736487363592,27.381284025661873,28.091563086034366,288564000
2015-05-07,27.919153213500977,28.101922626916142,27.642768870863186,27.80993607949338,175763600
2015-05-08,28.44516372680664,28.44516372680664,28.10860004502868,28.235647014896724,222201600
2015-05-11,28.155418395996094,28.431801065002727,28.001624004933824,28.393910235484267,168143200
2015-05-12,28.055118560791016,28.28023586449108,27.821083767246392,27.99493740793077,192640000
2015-05-13,28.086315155029297,28.349324915305054,28.055110751311194,28.117519558747397,138776800
2015-05-14,28.741613388061523,28.741613388061523,28.342642498454563,28.398364898742013,180814000
2015-05-15,28.701496124267578,28.861976916065597,28.576678486430353,28.76836368768768,152832000
2015-05-18,29.01799964904785,29.136130873437025,28.610111243675085,28.614569988281932,203531600
2015-05-19,28.991256713867188,29.171796775653014,28.89541240143432,29.129447200463556,178532800
2015-05-20,28.98902702331543,29.194085090988704,28.828546204957888,28.97565418862332,145819600
2015-05-21,29.28545570373535,29.338950416204796,28.937748575244935,28.991243287714376,158921600
2015-05-22,29.541786193847656,29.63763049072573,29.287692184974375,29.3322728259551,182384000
2015-05-26,28.890947341918945,29.624255991868104,28.779502547789,29.555160763671573,282790400
2015-05-27,29.430335998535156,29.479371973804785,28.98678795090275,29.051424426835563,183332800
2015-05-28,29.372398376464844,29.41028920957901,29.220835044008183,29.39022995693496,122933200
2015-05-29,29.038057327270508,29.298837755739736,28.953358189450856,29.249801770794196,203538000
2015-06-01,29.096010208129883,29.285467750161875,28.98679646832212,29.038060129885473,128451200
2015-06-02,28.966733932495117,29.122755972398,28.824084724437427,28.944443612069538,134670400
2015-06-03,29.002391815185547,29.185162908028698,28.953355834228855,29.122754096088396,123934000
2015-06-04,28.832996368408203,29.10492192963282,28.732696737044225,28.882032348368387,153800400
2015-06-05,28.67474365234375,28.90655072452968,28.61010716936459,28.864201159359645,142507200
2015-06-08,28.485292434692383,28.799567596586602,28.269089243973,28.73046896160397,210699200
2015-06-09,28.40060043334961,28.547708427082764,27.99940006051161,28.24011960400914,224301600
2015-06-10,28.72600555419922,28.828532839990938,28.496427895167987,28.512030095246587,156349200
2015-06-11,28.6613712310791,29.015764858843063,28.63685324042105,28.792875271415387,141563600
2015-06-12,28.34486961364746,28.603422362151573,28.331496782005065,28.572217954644202,147544800
2015-06-15,28.28915023803711,28.36047484860761,28.01945400117639,28.106380817168155,175955600
2015-06-16,28.440710067749023,28.496432462748732,28.16655683663748,28.31366307517019,125976400
2015-06-17,28.37384605407715,28.503120726470296,28.24902672483484,28.46745927562439,131672400
2015-06-18,28.50312042236328,28.59896301497603,28.35601417586037,28.358243547924655,141628800
2015-06-19,28.217823028564453,28.489748612730004,28.17324578875584,28.465230620681456,218867600
2015-06-22,28.442943572998047,28.54324321836797,28.324812350513934,28.416196207326763,136157200
2015-06-23,28.313661575317383,28.442937932991594,28.28022779998613,28.413962901311148,121075600
2015-06-24,28.55438232421875,28.931066233444163,28.333722130888372,28.353781375503665,221123600
2015-06-25,28.418426513671875,28.797338186982362,28.418426513671875,28.721556532525405,127752400
2015-06-26,28.25125503540039,28.527637645993725,28.19776201088517,28.45631304646923,176267200
2015-06-29,27.756444931030273,28.188851350839126,27.74530147000696,27.96373235180831,196645600
2015-06-30,27.957040786743164,28.11083514495422,27.829993790985686,27.98824519268271,177482800
2015-07-01,28.217823028564453,28.29360637685433,28.081860236481678,28.284690588790067,120955200
2015-07-02,28.182157516479492,28.23787990846841,28.032820213559727,28.17992814465645,108844000
2015-07-06,28.084087371826172,28.135352723984397,27.827764012060165,27.847824958735146,112241600
2015-07-07,28.014991760253906,28.117520762647978,27.587042475701974,28.05956899589914,187787200
2015-07-08,27.319580078125,27.780961513755635,27.312893661748337,27.745300059575833,243046400
2015-07-09,26.762351989746094,27.65168094402224,26.572896185523614,27.604874335956396,314380000
2015-07-10,27.477834701538086,27.604881729031547,27.016453212165732,27.17916339850585,245418000
2015-07-13,28.0083065032959,28.030595122040307,27.709633570480506,27.867884974232183,165762000
2015-07-14,27.997161865234375,28.166558431770294,27.870114865460593,28.09300445808215,127072400
2015-07-15,28.266855239868164,28.340409206196515,27.990472648815775,28.021677052619474,134596800
2015-07-16,28.643543243408203,28.656919477190332,28.384992173876547,28.471918987819443,144889600
2015-07-17,28.890947341918945,28.890947341918945,28.59896252546252,28.770588460709696,184658800
2015-07-20,29.437034606933594,29.6376339103909,29.131673505904224,29.191854657351737,235600800
2015-07-21,29.142818450927734,29.626488528758856,29.046977544728716,29.610888023551794,307025600
2015-07-22,27.910228729248047,27.97263752894381,27.190294760158203,27.190294760158203,461802400
2015-07-23,27.89686393737793,28.327039244992637,27.874573616340435,28.12866763145066,203998000
2015-07-24,27.749755859375,28.0261384937987,27.616022436299836,27.93252526769736,168649200
2015-07-27,27.364160537719727,27.551388720839586,27.219283631160483,27.435485154976575,177822000
2015-07-28,27.500112533569336,27.618245425504725,27.315115496318775,27.500112533569336,134472400
2015-07-29,27.413192749023438,27.52686692664547,27.252711957207104,27.448855902988303,148046800
2015-07-30,27.274993896484375,27.319571124728114,27.127885982357984,27.263848739167315,134513200
2015-07-31,27.036500930786133,27.335172087629974,26.94957414928608,27.326256302282253,171540000
2015-08-03,26.399044036865234,27.31957744718031,26.193984318156094,27.08108564980745,279904000
2015-08-04,25.55206871032715,26.234110478356683,25.24225224050242,26.1717016499766,496554400
2015-08-05,25.721454620361328,26.176149510139687,24.985918419143797,25.17537419809003,397250400
2015-08-06,25.777437210083008,26.08417881192571,25.551300924114155,25.965512864034878,211612000
2015-08-07,25.864749908447266,26.028196539403755,25.636374225907357,25.654286513066097,154681600
2015-08-10,26.805124282836914,26.86557611627786,26.09088763872919,26.09088763872919,219806400
2015-08-11,25.410234451293945,26.460318721771483,25.374411587789787,26.377475680840618,388331200
2015-08-12,25.802064895629883,25.842366697447588,24.545994065223155,25.195300113081718,404870000
2015-08-13,25.78190803527832,26.06178111054576,25.645329837891037,25.981177528211962,194143200
2015-08-14,25.963266372680664,26.041630495528047,25.526665039524,25.59607301858743,171718000
2015-08-17,26.23194694519043,26.341656722963474,25.86027464549625,25.981180030642193,163538800
2015-08-18,26.084169387817383,26.294634477144445,25.974459625772464,26.06849656466811,138242800
2015-08-19,25.750564575195312,26.088650048930123,25.676677667077175,25.994613097621496,193146000
2015-08-20,25.22216796875,25.602794759643356,24.993790527645906,25.54234291241586,274006400
2015-08-21,23.679508209228516,25.05424500021834,23.65487923510572,24.725113898950227,513102000
2015-08-24,23.088411331176758,24.360154736085217,20.5986596770011,21.24124891448916,648825200
2015-08-25,23.22722816467285,24.87736060051428,23.17349300701332,24.87736060051428,414406400
2015-08-26,24.559431076049805,24.604210100176438,23.52054200077737,23.977293513141916,387098400
2015-08-27,25.28261375427246,25.35426119331706,24.63330787706283,25.12812497808205,338464400
2015-08-28,25.365453720092773,25.369930937147757,24.973631461716586,25.1146868597766,212657600
2015-08-31,25.246803283691406,25.643103001798043,25.07663989184068,25.083356575640885,224917200
2015-09-01,24.118350982666016,25.049768020045622,24.037747371674186,24.66242450275572,307383600
2015-09-02,25.152755737304688,25.152755737304688,24.43404178394238,24.680331491377068,247555200
2015-09-03,24.711673736572266,25.25126813889937,24.637786834528608,25.186337380274008,212935600
2015-09-04,24.465389251708984,24.729589559846293,24.295227615302622,24.398220724141225,199985200
2015-09-08,25.14603614807129,25.20201076452285,24.700478679415603,25.020653553846913,219374400
2015-09-09,24.66242027282715,25.528906380060143,24.577337749033934,25.47069399960268,340043200
2015-09-10,25.204248428344727,25.36321612273452,24.606439977285298,24.689281310465983,251571200
2015-09-11,25.571447372436523,25.571447372436523,25.022896733028254,25.0296134146864,199662000
2015-09-14,25.817731857299805,26.171491847516478,25.716978229754055,26.102083868905392,233453600
2015-09-15,26.034912109375,26.090886723200867,25.618460845853757,25.956547991660713,173364800
2015-09-16,26.064022064208984,26.093128250746073,25.846840272065933,26.02819748858507,148694000
2015-09-17,25.506515502929688,26.08193455236949,25.461736488332857,25.89610010440373,256450400
2015-09-18,25.401287078857422,25.591602192431484,25.047528706192068,25.12365338505354,297141200
2015-09-21,25.79534339904785,25.8311679754042,25.448301783697282,25.45053953856219,200888000
2015-09-22,25.39008903503418,25.564729583421176,25.193057271143285,25.385610108649438,201384800
2015-09-23,25.596080780029297,25.685640536816063,25.367705023022815,25.441590242277385,143026800
2015-09-24,25.74832534790039,25.860274588543437,25.15947295707352,25.35650300564973,200878000
2015-09-25,25.68338966369629,26.126709323337327,25.52889919457434,26.070734713737725,224607600
2015-09-28,25.17514419555664,25.652047315679575,25.17514419555664,25.49084014600147,208436000
2015-09-29,24.418367385864258,25.4147166346998,24.149689896408503,25.26246560181892,293461600
2015-09-30,24.69600486755371,24.973638525143357,24.34448429608788,24.666896969730384,265892000
2015-10-01,24.534791946411133,24.543748089171945,24.02654152104465,24.420603261472692,255716400
2015-10-02,24.713911056518555,24.854968177613188,24.08027972176033,24.183272806944387,232079200
2015-10-05,24.803476333618164,24.935577341025226,24.42061009161065,24.6019673356642,208258800
2015-10-06,24.92214012145996,25.018416539507857,24.577336245386334,24.769889081482127,192787200
2015-10-07,24.803476333618164,25.025135377262504,24.49673647226439,25.018418695365714,187062400
2015-10-08,24.516876220703125,24.671366672282485,24.228047062980956,24.671366672282485,247918400
2015-10-09,25.103498458862305,25.13932132777321,24.514644356961238,24.628833061271347,211064400
2015-10-12,24.98706817626953,25.24455175084694,24.951245310391037,25.24007453319077,121868800
2015-10-13,25.02961540222168,25.177387535065,24.78108791187552,24.812433567575923,132197200
2015-10-14,24.675857543945312,24.969164080623525,24.53032315333488,24.91766837374016,177849600
2015-10-15,25.045286178588867,25.099021339929475,24.738544620691677,24.837060506657778,150694000
2015-10-16,24.8616886138916,25.07663095999206,24.747499905328574,25.027373018721345,156930400
2015-10-19,25.01618003845215,25.020657256818605,24.65346385520979,24.80795436610727,119036800
2015-10-20,25.472925186157227,25.56248490527218,24.81242546057738,24.928851899680126,195871200
2015-10-21,25.47068977355957,25.878184910201075,25.45725470412081,25.52442492668545,167180800
2015-10-22,25.860273361206055,25.860273361206055,25.546815160640392,25.598312560504443,166616400
2015-10-23,26.661834716796875,26.69541983460637,26.046113820393007,26.12895517501837,237467600
2015-10-26,25.81101417541504,26.449124444276887,25.730410593220945,26.437930546211405,265335200
2015-10-27,25.647573471069336,26.093131001043727,25.522189151379532,25.837886851554078,279537600
2015-10-28,26.704378128051758,26.711096519151894,25.985664019263854,26.180456364120694,342205600
2015-10-29,26.986482620239258,27.022307195784105,26.480471594031872,26.57674800554642,204909200
2015-10-30,26.755868911743164,27.14097457859815,26.74467330422836,27.089477175523875,197461200
2015-11-02,27.13201904296875,27.172320839432444,26.7804984825615,27.046938231860914,128813200
2015-11-03,27.443241119384766,27.64922734474677,27.02455027826429,27.044702033033463,182076000
2015-11-04,27.31561851501465,27.723113739287285,27.230537695251382,27.56862321909153,179544400
2015-11-05,27.189695358276367,27.58769302350806,27.023301736159723,27.39881233945184,158210800
2015-11-06,27.221172332763672,27.389814986499818,27.12223647579328,27.232415862554795,132169200
2015-11-09,27.11099624633789,27.38981832077774,26.994071413676664,27.19869029971431,135485600
2015-11-10,26.25653839111328,26.548853035442512,26.09689020446397,26.285770884859364,236511600
2015-11-11,26.108135223388672,26.402697218240867,25.905763666973336,26.166598498691332,180872000
2015-11-12,26.020435333251953,26.267777528729074,26.00469542214491,26.141858239872718,130102400
2015-11-13,25.260421752929688,25.98671024962961,25.244681839528607,25.903512584211384,183249600
2015-11-16,25.674165725708008,25.687656593271125,24.95912058098327,25.04456560142022,152426800
2015-11-17,25.56398582458496,25.86979139743973,25.48078813995517,25.840558897571867,110467600
2015-11-18,26.37346649169922,26.418437186317135,25.970972427437328,26.029435702858247,186698800
2015-11-19,26.708498001098633,26.92660943341436,26.254287891164125,26.452161313671542,173183200
2015-11-20,26.82543182373047,26.96484201921842,26.72424517822365,26.80294475882527,137148400
2015-11-23,26.476900100708008,26.92211751965151,26.384707947819734,26.81868183550105,129930000
2015-11-24,26.730979919433594,26.836662906336283,26.33523312512424,26.38245285459792,171212800
2015-11-25,26.539857864379883,26.809687155716535,26.515123469785976,26.805189057323886,85553200
2015-11-27,26.49039077758789,26.62530628968746,26.44317103456184,26.598322844163146,52185600
2015-11-30,26.600574493408203,26.850165813456325,26.476902500403398,26.53086768120451,156721200
2015-12-01,26.384708404541016,26.715248329315557,26.27677805085262,26.701757463985018,139409600
2015-12-02,26.146360397338867,26.557848941412235,26.10138970296319,26.38470816546962,133546400
2015-12-03,25.903518676757812,26.26104210170369,25.68315983731395,26.20707691671042,166278000
2015-12-04,26.76471710205078,26.814185895586963,25.88327844701967,25.923752758501813,231108000
2015-12-07,26.596073150634766,26.951347454917414,26.49039013596013,26.7534740057645,128336800
2015-12-08,26.584829330444336,26.668025277025105,26.27677479127488,26.42517943806766,137238000
2015-12-09,25.99795150756836,26.463405152338424,25.876528593864638,26.452161622811104,185445600
2015-12-10,26.12161636352539,26.294757075589867,25.97321175442009,26.092385594517733,116850800
2015-12-11,25.44930076599121,25.9462342457726,25.37509758672638,25.901263557714888,187544800
2015-12-14,25.291900634765625,25.336871321031932,24.68703512601002,25.224442889844447,257274800
2015-12-15,24.844436645507812,25.363857214368085,24.81295681897348,25.17048015678753,213292400
2015-12-16,25.035564422607422,25.181721739036185,24.464429451891355,24.974853819286913,224954000
2015-12-17,24.504907608032227,25.240188972948975,24.504907608032227,25.18847112712789,179091200
2015-12-18,23.841577529907227,24.626327653515816,23.792108735976694,24.489166518783954,385813200
2015-12-21,24.133882522583008,24.14287700110405,23.738134045264047,24.122638995551366,190362400
2015-12-22,24.111404418945312,24.221583811726266,23.936014608439336,24.149629677488637,131157600
2015-12-23,24.421703338623047,24.47566850387436,24.104654347288033,24.120394258633066,130629600
2015-12-24,24.291284561157227,24.50939597412602,24.2732956019281,24.50939597412602,54281600
2015-12-28,24.01920509338379,24.21483114151767,23.875296867924853,24.1923440874286,106816800
2015-12-29,24.45093536376953,24.606087151769415,24.028205069209697,24.05069041292171,123724800
2015-12-30,24.131635665893555,24.441937483207315,24.100155845971354,24.41495576071487,100855200
2015-12-31,23.668434143066406,24.066430040175042,23.569496573278652,24.06193365769457,163649200
2016-01-04,23.688671112060547,23.693169210190845,22.935400934284008,23.072563763387645,270597600
2016-01-05,23.095046997070312,23.801097373091256,23.02759097097603,23.77861203105983,223164000
2016-01-06,22.643083572387695,23.018595806788426,22.4564536951053,22.611603751375167,273829600
2016-01-07,21.68744659423828,22.514920027214217,21.68295021121818,22.188878219315704,324377600
2016-01-08,21.8021240234375,22.285566683920138,21.757153331285508,22.15964737347701,283192000
2016-01-11,22.155149459838867,22.274323339005928,21.887569207392257,22.254087042025237,198957600
2016-01-12,22.47669219970703,22.640838467302366,22.224851891300492,22.609358643191765,196616800
2016-01-13,21.898815155029297,22.75327213152083,21.878578855815334,22.557645994841828,249758400
2016-01-14,22.377758026123047,22.593622160679065,21.52779921507601,22.026981809633032,252680400
2016-01-15,21.84035301208496,21.970770443322397,21.442357000472644,21.631235998384323,319335600
2016-01-19,21.734663009643555,22.182127641552068,21.473828251411668,22.12816248021916,212350800
2016-01-20,21.763896942138672,22.078696907422867,21.006128662589358,21.383888277826035,289337600
2016-01-21,21.653715133666992,22.00898764946542,21.347909683356278,21.824605102853514,208646000
2016-01-22,22.804981231689453,22.81397571151908,22.119168871016083,22.17763041662624,263202000
2016-01-25,22.359773635864258,22.829723795434656,22.30805578720919,22.82747474579168,207178000
2016-01-26,22.483440399169922,22.683562898019467,22.051715573484742,22.469949534467872,300308000
2016-01-27,21.006134033203125,21.727924574163627,20.988145067039827,21.59525980863434,533478800
2016-01-28,21.156782150268555,21.2534706733341,20.77452615611461,21.089326118341155,222715200
2016-01-29,21.887571334838867,21.887571334838867,21.21524963773195,21.31418722953494,257666000
2016-02-01,21.682952880859375,21.745912544024144,21.4513505275652,21.691947363528936,163774000
2016-02-02,21.244483947753906,21.595260216959534,21.19951153149532,21.45584829984132,149428800
2016-02-03,21.66495132446289,21.77513067096811,21.154527167145055,21.36139500175274,183857200
2016-02-04,21.83904266357422,22.004079668837694,21.520274920299574,21.671746129691293,185886800
2016-02-05,21.25575828552246,21.91138191520352,21.18115418813304,21.820950772345686,185672400
2016-02-08,21.47957420349121,21.635566145722503,21.034202280013222,21.054548380153207,216085600
2016-02-09,21.475055694580078,21.689829898955924,21.235414604793277,21.31680247016064,177324800
2016-02-10,21.312286376953125,21.782527135058476,21.273853685862257,21.685313917996613,169374400
2016-02-11,21.183412551879883,21.414012039734246,20.932466963536864,21.20376037719903,200298800
2016-02-12,21.248977661132812,21.364277419045337,21.027423157507165,21.294194097976302,161405600
2016-02-16,21.84808921813965,21.895565198709427,21.389153014467205,21.48184372181831,196231600
2016-02-17,22.182676315307617,22.203022417805666,21.737304340212145,21.85486362369464,179452800
2016-02-18,21.762178421020508,22.356760471773796,21.72374400969727,22.345455928767354,156084000
2016-02-19,21.71243667602539,21.87521240241181,21.65817867550683,21.703393388467173,141496800
2016-02-22,21.90234375,21.906866256857242,21.685309991289156,21.77347990186447,137123200
2016-02-23,21.40723419189453,21.816433057926353,21.375583546170017,21.79382570024182,127770400
2016-02-24,21.72599983215332,21.789301117570563,21.09750603432402,21.24671768551952,145022800
2016-02-25,21.87520980834961,21.87520980834961,21.53383307403958,21.714695354094964,110330800
2016-02-26,21.90912628173828,22.160070203651877,21.834520446256214,21.974687104013064,115964400
2016-02-29,21.85938835144043,22.207547180937677,21.850345063356375,21.897821032174523,140865200
2016-03-01,22.727521896362305,22.78177989666207,22.024422246230593,22.076420718272963,201628400
2016-03-02,22.77726173400879,22.808912381558407,22.526316082129018,22.723003727471006,132678400
2016-03-03,22.946823120117188,22.994299098903202,22.709441501355908,22.738832625007632,147822800
2016-03-04,23.28819465637207,23.455491170685054,22.917428476094212,23.143505499426116,184220400
2016-03-07,23.03046226501465,23.24749595592753,22.824731388052065,23.148021534114374,143315600
2016-03-08,22.84055519104004,23.00559213219759,22.698127325942952,22.78403595054956,126247600
2016-03-09,22.86090850830078,22.96490372881502,22.668741664588698,22.90386196851119,108806800
2016-03-10,22.87220573425293,23.114108013570352,22.64160799291954,22.926465446779883,134054400
2016-03-11,23.118640899658203,23.123161681983586,22.946821849164948,23.11411839250172,109632800
2016-03-14,23.17741584777832,23.265587474386763,23.010119332204216,23.039510449350633,100304400
2016-03-15,23.64313507080078,23.778780937290975,23.478098087936687,23.502966698023478,160270800
2016-03-16,23.957387924194336,24.034253301808956,23.645400456666003,23.64992296407345,153214000
2016-03-17,23.9189453125,24.070416476018195,23.72903975128799,23.855642308875673,137682800
2016-03-18,23.946077346801758,24.077202431278902,23.78104208946911,24.041029280458684,176820800
2016-03-21,23.94381332397461,24.337186778734647,23.769733086782967,23.948334104563152,142010800
2016-03-22,24.12694549560547,24.25580935816386,23.785568632577355,23.794611922473,129777600
2016-03-23,23.993549346923828,24.206062260782247,23.941552607254522,24.072677670053565,102814000
2016-03-24,23.889558792114258,24.02068388043272,23.713218988776717,23.844344077095183,104532000
2016-03-28,23.781044006347656,24.007121042704743,23.751652887729456,23.964165853851004,77645600
2016-03-29,24.343971252441406,24.3688398602475,23.710954967100033,23.71321622003621,124760400
2016-03-30,24.768999099731445,24.9634254854401,24.551965355765457,24.56326989730956,182404400
2016-03-31,24.640132904052734,24.845863811631762,24.615264294898548,24.805169880727707,103553600
2016-04-01,24.866209030151367,24.86847028312969,24.461530988564398,24.59265606401662,103496000
2016-04-04,25.12167739868164,25.36357972486646,24.92951056470371,24.963422460395734,149424800
2016-04-05,24.825515747070312,25.033507905725035,24.737345851757283,24.757693679430663,106314800
2016-04-06,25.085498809814453,25.090021314835635,24.687602884634522,24.92046359797735,105616400
2016-04-07,24.53840446472168,24.96342871944634,24.443452512841343,24.8571722245574,127207600
2016-04-08,24.56553077697754,24.816474692097593,24.454751790988905,24.622050034176734,94326800
2016-04-11,24.646913528442383,25.006376851669792,24.603960071767485,24.635610713456614,117630000
2016-04-12,24.96794319152832,24.981507258908653,24.56552642749345,24.719257124018643,108929200
2016-04-13,25.32967758178711,25.397499674453844,25.04934247080235,25.04934247080235,133029200
2016-04-14,25.343236923217773,25.40879947460225,25.1691583538963,25.234720905280778,101895600
2016-04-15,24.83455467224121,25.388444280577385,24.807426539882638,25.345489104569126,187756000
2016-04-18,24.29876136779785,24.631093172522302,24.176679557461316,24.617529101873007,243286000
2016-04-19,24.169891357421875,24.416314443797106,24.01615893822697,24.389184584587234,129539600
2016-04-20,24.21962547302246,24.43665915991197,23.97772318114068,24.108848239312596,122444000
2016-04-21,23.957387924194336,24.174421709309453,23.855652205501148,24.174421709309453,126210000
2016-04-22,23.891815185546875,24.072677458496123,23.65217413999502,23.7403440237294,134732400
2016-04-25,23.75617790222168,23.885041757555705,23.627314046887655,23.73809132344436,112126400
2016-04-26,23.591140747070312,23.805914987885917,23.491668014057062,23.491668014057062,224064800
2016-04-27,22.11485481262207,22.31606322957976,21.631050110630447,21.7033946906059,458408400
2016-04-28,21.43888282775879,22.128416659063998,21.30775775071809,22.067376626555074,328970800
2016-04-29,21.192459106445312,21.414015342196215,20.914385341232986,21.2489783607375,274126000
2016-05-02,21.169851303100586,21.269325740502186,20.889516290677836,21.244457131151787,192640400
2016-05-03,21.518009185791016,21.644611755356102,21.178893681743983,21.29645296422147,227325200
2016-05-04,21.294189453125,21.68078084844939,21.21054035683375,21.522525941262998,164102000
2016-05-05,21.207765579223633,21.396552416060036,21.080392164169012,21.38063073917821,143562000
2016-05-06,21.0894832611084,21.25552330073232,20.891598143338758,21.237328344361668,174799600
2016-05-09,21.105409622192383,21.328313071417906,21.059917882827285,21.153174647026425,131745600
2016-05-10,21.24871253967285,21.282830922956794,20.950748912014753,21.228242550902323,134747200
2016-05-11,21.041717529296875,21.282817612473057,21.030344163537556,21.262347636504654,114876400
2016-05-12,20.54814338684082,21.103130347906575,20.35026000031779,21.089483696513835,305258800
2016-05-13,20.589088439941406,20.850660291471097,20.470813392773838,20.470813392773838,177571200
2016-05-16,21.353330612182617,21.46933236491437,20.846110358379693,21.01442543613503,245039200
2016-05-17,21.264619827270508,21.53983825823196,21.15544315705916,21.505721633373344,187667600
2016-05-18,21.507997512817383,21.655842601257323,21.355604118958222,21.417017521776273,168249600
2016-05-19,21.426116943359375,21.526197029031923,21.282821876872852,21.526197029031923,121768400
2016-05-20,21.658117294311523,21.705882309485858,21.49889884173168,21.526193879830757,128104000
2016-05-23,21.933340072631836,22.106205210629504,21.760474934634164,21.805966673755872,152074400
2016-05-24,22.267698287963867,22.31091327350232,22.026596394788104,22.113029836530032,140560800
2016-05-25,22.658916473388672,22.686209780582036,22.31546123010262,22.442834624557907,152675200
2016-05-26,22.838607788085938,22.91139284192371,22.43601410331719,22.672565962123095,225324800
2016-05-27,22.824960708618164,22.85225575612499,22.57476218013658,22.617978904855892,145364800
2016-05-31,22.7135066986084,22.8363317971175,22.476954849850046,22.654368302585688,169228800
2016-06-01,22.39505958557129,22.64070965244002,22.36549127089196,22.52243292305956,116693200
2016-06-02,22.22675323486328,22.25404654048954,21.978828051653846,22.19945819390477,160766400
2016-06-03,22.27224349975586,22.35185186766778,22.165340090560306,22.242675173197796,114019600
2016-06-06,22.43373680114746,23.175235654761575,22.188088354006602,22.288166708274215,93170000
2016-06-07,22.52471923828125,22.715781075657503,22.50879756311093,22.574759284625802,89638000
2016-06-08,22.50425148010254,22.64527154973399,22.445113079913398,22.5224464425716,83392400
2016-06-09,22.665739059448242,22.743072407745238,22.395068869744176,22.4041672169554,106405600
2016-06-10,22.47922706604004,22.597502107995926,22.399618697864703,22.410990330271307,126851600
2016-06-13,22.14032554626465,22.5451942831204,22.085737185527297,22.447389196827427,152082000
2016-06-14,22.167612075805664,22.39961555661814,22.00612034148782,22.135768733001132,127727600
2016-06-15,22.094831466674805,22.38369836536012,22.069811444416,22.249499906396323,117780800
2016-06-16,22.18808937072754,22.233579376085263,21.851457430949985,21.937889135262647,125307200
2016-06-17,21.683143615722656,21.983382180768608,21.67632028804725,21.9765588530932,244032800
2016-06-20,21.63082504272461,21.96518192734931,21.61490336894878,21.835533516508335,137647600
2016-06-21,21.815059661865234,21.91513799268005,21.535291174833038,21.594429553495416,142185600
2016-06-22,21.73317527770996,22.03796203179401,21.68768355187748,21.89239197979388,116876400
2016-06-23,21.8582763671875,21.901493078328414,21.664941280256883,21.821884717278408,128960800
2016-06-24,21.244155883789062,21.530747761291018,21.07356576973615,21.132704161834226,301245600
2016-06-27,20.9348201751709,21.16454869416482,20.8119950779464,21.153175325125847,181958400
2016-06-28,21.287364959716797,21.30328836519613,20.957558191520455,21.130423278358293,161779600
2016-06-29,21.471607208251953,21.50572557469528,21.29646707033125,21.373802149958266,146124000
2016-06-30,21.744550704956055,21.78321737716716,21.448862244401933,21.480705590379575,143345600
2016-07-01,21.81051254272461,21.942435968436794,21.683139158082344,21.719530809980615,104106000
2016-07-05,21.605804443359375,21.699061198215826,21.485254382950593,21.696786177642384,110820800
2016-07-06,21.728628158569336,21.7581982181687,21.4647830545983,21.517096377173566,123796400
2016-07-07,21.821884155273438,21.949257529673048,21.74909912199765,21.76729407881754,100558400
2016-07-08,21.990201950073242,22.037966971404515,21.846906886079424,21.946985234678728,115648400
2016-07-11,22.058435440063477,22.21082882883504,22.001572079895098,22.006120385162472,95179600
2016-07-12,22.158517837524414,22.222204534939202,22.09028283400815,22.101654466928018,96670000
2016-07-13,22.033424377441406,22.2153861627327,22.026599313768493,22.15624949356272,103568800
2016-07-14,22.470129013061523,22.51561901394798,22.13577212701593,22.15169380085942,155676000
2016-07-15,22.467851638793945,22.586128405240313,22.404164950091495,22.499694983145172,120548000
2016-07-18,22.706682205200195,22.774917210646212,22.426913650407556,22.449658652222894,145975600
2016-07-19,22.715782165527344,22.745350496453025,22.59523035021682,22.64527039896222,95119600
2016-07-20,22.736248016357422,22.849974748173135,22.686207976705354,22.745346363142545,105104000
2016-07-21,22.61570167541504,22.972803602596557,22.5474649309773,22.706683422887863,130808000
2016-07-22,22.440561294555664,22.58613138373862,22.360951187847068,22.577033036248142,113254800
2016-07-25,22.14032554626465,22.48150583770534,22.044795481141104,22.34730908936503,161531600
2016-07-26,21.987924575805664,22.283614754680112,21.931061213355353,22.02204294034227,224959200
2016-07-27,23.416336059570312,23.73477129206841,23.370846055784476,23.716574596421108,369379200
2016-07-28,23.73249626159668,23.757516284268405,23.3867677211011,23.389042741889188,159479200
2016-07-29,23.702930450439453,23.780265547457358,23.582380365852,23.69838214371256,110934800
2016-08-01,24.121442794799805,24.144187796248808,23.74841921797252,23.74841921797252,152671600
2016-08-02,23.764341354370117,24.125991569835236,23.655162915827727,24.12144326358999,135266400
2016-08-03,24.06230354309082,24.07367517574286,23.830300024735596,23.839398372056618,120810400
2016-08-04,24.210947036743164,24.240675539017396,24.076021614689463,24.14462799807037,109634800
2016-08-05,24.579132080078125,24.618008218125887,24.28184006560408,24.30242093466482,162213600
2016-08-08,24.78266716003418,24.78266716003418,24.505957703409404,24.588282941029536,112148800
2016-08-09,24.883281707763672,24.91301195493757,24.700334258942462,24.750645374406457,105260800
2016-08-10,24.698049545288086,24.903866973778754,24.64316547926824,24.860416143116,96034000
2016-08-11,24.682039260864258,24.910724882944077,24.663743992361994,24.81696294041959,109938000
2016-08-12,24.739213943481445,24.798672701623637,24.6477393335857,24.6477393335857,74641600
2016-08-15,25.0365047454834,25.05022532562946,24.716344499122467,24.730065079268527,103472800
2016-08-16,25.013633728027344,25.208017910453925,24.97475758943519,25.070805135862713,135177600
2016-08-17,24.9770450592041,25.011348253023485,24.775800585987955,24.949602155202015,101424000
2016-08-18,24.94502830505371,25.063944061948497,24.931305981184153,24.97933149762833,87938800
2016-08-19,25.009069442749023,25.084536145958786,24.780383732222592,24.874143966277003,101472400
2016-08-22,24.814678192138672,24.94960187632509,24.663744838913637,24.8947178136673,103280800
2016-08-23,24.892433166503906,24.999915703376054,24.819253826785246,24.832974407753408,85030800
2016-08-24,24.704910278320312,24.869564224064508,24.62487065045384,24.82840073762846,94700400
2016-08-25,24.599716186523438,24.670608182261617,24.396186090273154,24.55855269825186,100344800
2016-08-26,24.455642700195312,24.686613938501324,24.311569631542795,24.56312522927482,111065200
2016-08-29,24.428194046020508,24.569979736395354,24.30699096549433,24.38245762705187,99881200
2016-08-30,24.240676879882812,24.35501969535396,24.12633406441167,24.194940451587517,99455600
2016-08-31,24.263545989990234,24.371028519659294,24.158350805240275,24.16292549507847,118649600
2016-09-01,24.407621383666992,24.423629310159114,24.153780160196813,24.272695936319277,106806000
2016-09-02,24.636301040649414,24.698045386433105,24.428196302236472,24.629439006911042,107210000
2016-09-06,24.629444122314453,24.76665690985694,24.585995034676863,24.67518229973964,107521600
2016-09-07,24.780378341674805,24.871852954933342,24.485373629900923,24.659175220618827,169457200
2016-09-08,24.13091468811035,24.53111466960806,24.06688297022807,24.526541723216518,212008000
2016-09-09,23.584354400634766,24.176651240451452,23.584354400634766,23.92967027841052,186228000
2016-09-12,24.112607955932617,24.176639638756953,23.447132085010058,23.474574982534417,181171200
2016-09-13,24.686616897583008,24.878713763901224,24.524250284414737,24.585996391162194,248704800
2016-09-14,25.560195922851562,25.84834034830154,24.835262785991265,24.86499303896986,443554800
2016-09-15,26.429195404052734,26.465785938468404,25.95352892504526,26.038143227331968,359934400
2016-09-16,26.280550003051758,26.557259383053502,26.079307293432148,26.326288172101272,319547600
2016-09-19,25.97411346435547,26.56869573487193,25.89864679007236,26.342297456755436,188092000
2016-09-20,25.971832275390625,26.09761009567407,25.729426016007892,25.852916490995298,138057200
2016-09-21,25.967252731323242,26.067873217249353,25.713411554693913,26.035857370172934,144012800
2016-09-22,26.211950302124023,26.28512964164971,26.070164568472283,26.15020419846396,124296000
2016-09-23,25.77515983581543,26.250826414554755,25.509885384613206,26.166212094527168,209924800
2016-09-26,25.814035415649414,25.930665585095237,25.50988482865758,25.53046569958347,119477600
2016-09-27,25.8620548248291,25.882637437011933,25.69054061714738,25.841473957379012,98429600
2016-09-28,26.058725357055664,26.21651899108683,25.939809603908138,25.9992683528483,118564400
2016-09-29,25.653955459594727,26.024426828753022,25.567055543500654,25.878068157050905,143548000
2016-09-30,25.8529109954834,25.926090326801813,25.56705395990633,25.71798556742992,145516400
2016-10-03,25.731708526611328,25.852913386481216,25.676824459229802,25.7751593583521,86807200
2016-10-04,25.841474533081055,26.141052130858036,25.756860227302564,25.855195111686786,118947200
2016-10-05,25.8529109954834,25.99240936842364,25.770584029658572,25.932950616498402,85812400
2016-10-06,26.04500961303711,26.147917461887886,25.87120802334415,26.00155877943059,115117200
2016-10-07,26.083879470825195,26.19822227298695,25.958103435286883,26.141050871906074,97433600
2016-10-10,26.538972854614258,26.699052126645185,26.234820493022287,26.30342514757845,144944000
2016-10-11,26.596147537231445,27.142706219200647,26.573277571505464,26.91630612059409,256164000
2016-10-12,26.8339786529541,26.980339103122226,26.699054930179397,26.836265998432786,150347200
2016-10-13,26.751649856567383,26.856845053088335,26.46350543017242,26.708199021907344,140769600
2016-10-14,26.900293350219727,27.023783815035245,26.78595052110163,26.957464764778777,142608800
2016-10-17,26.88199806213379,26.948315363311753,26.70590913977948,26.83168694146113,94499600
2016-10-18,26.863706588745117,27.032933500144,26.859131898183037,27.026073209034124,98214000
2016-10-19,26.783662796020508,26.930021466102616,26.024426540694705,26.813391301128977,80138400
2016-10-20,26.769941329956055,26.843120667344646,26.603001784381934,26.72420489836307,96503200
2016-10-21,26.664743423461914,26.735637153357494,26.59156409353278,26.712767195159202,92770800
2016-10-24,26.904865264892578,26.92544613453879,26.756219253426952,26.779087467944834,94154800
2016-10-25,27.042076110839844,27.06723167005647,26.827111057437026,26.973469723024884,192516000
2016-10-26,26.433765411376953,26.458920964809465,25.91236256701677,26.14104814750685,264536800
2016-10-27,26.179933547973633,26.495519111665708,26.093031885777496,26.388036578780813,138248000
2016-10-28,26.006135940551758,26.346877116953255,25.944389829588207,26.040439141672255,151446800
2016-10-31,25.964967727661133,26.122761377288192,25.887213702941654,25.99012328759394,105677600
2016-11-01,25.49616050720215,26.01756346663362,25.276622510848522,25.94667147935056,175303200
2016-11-02,25.519027709960938,25.692829271127486,25.436702491232396,25.475578628218926,113326800
2016-11-03,25.24549674987793,25.6201675108488,25.18113630050288,25.509835812974636,107730400
2016-11-04,25.01793670654297,25.34203982636608,24.85014005529243,24.94668073850706,123348000
2016-11-07,25.378814697265625,25.401800320493166,25.160446892377394,25.302960562293165,130240000
2016-11-08,25.528226852416992,25.67993515045531,25.215617408299515,25.355832015750337,97016800
2016-11-09,25.486846923828125,25.587985768958156,24.8363452030517,25.256987187580318,236705600
2016-11-10,24.776588439941406,25.535124739590028,24.326063435338263,25.535124739590028,228538000
2016-11-11,24.923690795898438,25.024829639098517,24.49155513132728,24.622575108340758,136575600
2016-11-14,24.298479080200195,24.78118430613732,23.92380824010955,24.758198677033853,204702000
2016-11-15,24.620277404785156,24.751297389168002,24.401911348710634,24.496152932155507,129058000
2016-11-16,25.282268524169922,25.337436116162834,24.503044262596447,24.52602988241497,235362000
2016-11-17,25.273082733154297,25.365026998161273,25.015640895563948,25.2409025034555,110528000
2016-11-18,25.29836082458496,25.408694264436743,25.206418337347433,25.220209359694955,113715600
2016-11-21,25.682231903076172,25.741994178360056,25.286872833028042,25.312157547067688,117058400
2016-11-22,25.698322296142578,25.84083422734658,25.60637803987788,25.73279985776237,103862000
2016-11-23,25.567304611206055,25.631665070299782,25.360430454339802,25.597185751873575,109705600
2016-11-25,25.696022033691406,25.714411234842505,25.50293892898638,25.54431375473098,45903600
2016-11-28,25.64545249938965,25.85232662724157,25.604077673819265,25.6132722743561,108776000
2016-11-29,25.62017250061035,25.751192513409958,25.300667526350065,25.46386777010459,114115200
2016-11-30,25.404102325439453,25.79026682920152,25.346637379961116,25.652351310791705,144649200
2016-12-01,25.167348861694336,25.500646621932145,25.061613564764404,25.369626606856894,148347600
2016-12-02,25.261585235595703,25.30525739275054,25.020231812289612,25.09378685736632,106112000
2016-12-05,25.079998016357422,25.291468570139198,24.88231848669901,25.284573058077516,137298000
2016-12-06,25.273082733154297,25.36732608705147,25.09839055870113,25.169646531078318,104782000
2016-12-07,25.521329879760742,25.55810828458429,25.09149323395342,25.114478860122706,119994800
2016-12-08,25.77187728881836,25.84313325425005,25.422489466585745,25.48225349606858,108273200
2016-12-09,26.19251823425293,26.364913049538554,25.815548378456956,25.815548378456956,137610400
2016-12-12,26.04310417175293,26.43386495217858,25.856916626102095,26.04080508376728,105497600
2016-12-13,26.477542877197266,26.645339498140288,26.14654430459981,26.16723083854187,174935200
2016-12-14,26.477542877197266,26.70969994199189,26.429272544308564,26.4430635669366,136127200
2016-12-15,26.622356414794922,26.83152963095171,26.486740002844183,26.521217562702347,186098000
2016-12-16,26.65683937072754,26.778664775381205,26.583284310161684,26.771769262467373,177404400
2016-12-19,26.810840606689453,26.98093632752822,26.60626557324657,26.617759262011504,111117600
2016-12-20,26.88210678100586,27.00853039069416,26.820045397689736,26.83383642649524,85700000
2016-12-21,26.907384872436523,26.985538108355716,26.843024415615375,26.8476225932117,95132800
2016-12-22,26.730392456054688,26.78096188527395,26.580983257095284,26.74418348086327,104343600
2016-12-23,26.783262252807617,26.783262252807617,26.569492575616366,26.569492575616366,56998000
2016-12-27,26.953357696533203,27.077482185425456,26.77636468778853,26.783260200445167,73187600
2016-12-28,26.83842658996582,27.128048630534312,26.709703929355662,27.013118748301817,83623600
2016-12-29,26.831531524658203,26.91887760528146,26.755677380235163,26.76716931643538,60158000
2016-12-30,26.622356414794922,26.939562241325184,26.532711251782224,26.813140429900198,122345200
2017-01-03,26.69820785522461,26.739582676563,26.3787029724356,26.617757300869563,115127600
2017-01-04,26.66832733154297,26.780959871312433,26.606265970880596,26.629251595063298,84472400
2017-01-05,26.80394172668457,26.86140665590674,26.620053251697435,26.64533796085043,88774400
2017-01-06,27.102767944335938,27.160232890274713,26.771769294547475,26.843025266330446,127007600
2017-01-09,27.351015090942383,27.45215395665387,27.109663370982208,27.111960706154942,134247600
2017-01-10,27.378599166870117,27.440660537275928,27.19241330196169,27.300445927950253,97848400
2017-01-11,27.52570915222168,27.56708398351671,27.261370049708496,27.29355027919452,110354400
2017-01-12,27.41077423095703,27.422267919532228,27.17171988885633,27.330323672002628,108344800
2017-01-13,27.362499237060547,27.495818285596087,27.309630733782537,27.378589346112054,104447600
2017-01-17,27.583166122436523,27.638331963648064,27.17401610554419,27.201598149304726,137759200
2017-01-18,27.580873489379883,27.698102463870374,27.51651303395479,27.583172578128174,94852000
2017-01-19,27.53260612487793,27.603862100561834,27.438364520298357,27.44526003359795,102389200
2017-01-20,27.583166122436523,27.68660229391947,27.52110477028485,27.68660229391947,130391600
2017-01-23,27.6015567779541,27.769353398657703,27.530299069199586,27.583167578682577,88200800
2017-01-24,27.576276779174805,27.60615791782872,27.468242407108608,27.47973609703981,92844000
2017-01-25,28.015304565429688,28.06587398897463,27.647529331044638,27.679709554447662,129510400
2017-01-26,28.02910041809082,28.144030301053384,27.95094718575704,27.967037299224167,105350400
2017-01-27,28.031400680541992,28.123344947252377,27.95095010480454,28.075074601809906,82251600
2017-01-30,27.957841873168945,27.957841873168945,27.73487937990102,27.79694074324554,121510000
2017-01-31,27.89348030090332,27.90267490134263,27.725683665535442,27.847509052397502,196804000
2017-02-01,29.59445571899414,29.994413121077642,29.19450007060213,29.19909649598277,447940000
2017-02-02,29.54387092590332,29.741550434731863,29.371476127763817,29.417449126148693,134841600
2017-02-03,29.6702938079834,29.69557851810031,29.458823281269733,29.493300837165034,98029200
2017-02-06,29.948423385620117,29.99669547330766,29.62891849367094,29.681788758133777,107383600
2017-02-07,30.23345947265625,30.362180400578858,29.985210465641693,30.00589700604735,152735200
2017-02-08,30.350675582885742,30.39205215591123,30.162192438203466,30.19207532386738,92016400
2017-02-09,30.569997787475586,30.576923196246266,30.269883824588764,30.39223740965527,113399600
2017-02-10,30.500734329223633,30.690038192895667,30.484576219386202,30.579228151222217,80262000
2017-02-13,30.77083969116211,30.893196790880747,30.64617881878719,30.722361832911705,92141600
2017-02-14,31.17022132873535,31.186379439397946,30.761604655800852,30.812393328033973,132904800
2017-02-15,31.28334617614746,31.45879927598579,31.077884142854206,31.28565699435927,142492400
2017-02-16,31.24640464782715,31.37337280708474,31.12866566893952,31.32027683925404,90338400
2017-02-17,31.33182144165039,31.357215778896258,31.188691644039906,31.188691644039906,88792800
2017-02-21,31.55805778503418,31.569601305385525,31.391840955220733,31.44955503438963,98028800
2017-02-22,31.652721405029297,31.65502870091618,31.42186500313209,31.495737219992844,83347600
2017-02-23,31.518817901611328,31.738130734589046,31.465721926226674,31.71504721261627,83152800
2017-02-24,31.548826217651367,31.54882621765137,31.23024336194614,31.375683973913826,87106400
2017-02-27,31.61115264892578,31.728891620779727,31.46109745735582,31.65963402367524,81029600
2017-02-28,31.6250057220459,31.728890352255455,31.558055422572743,31.645781943570295,93931600
2017-03-01,32.27140808105469,32.35451650915443,31.76583562625202,31.832782418776734,145658400
2017-03-02,32.079795837402344,32.38452434862909,32.03362175524529,32.319884860714694,104844000
2017-03-03,32.269100189208984,32.280643711179444,31.994380570218482,32.038243840153214,84432400
2017-03-06,32.167518615722656,32.266788664550965,31.996687194269274,32.17444402347953,87000000
2017-03-07,32.20909118652344,32.31528317525575,32.04056345067354,32.10289567520144,69785200
2017-03-08,32.08903121948242,32.27371699576687,32.047478769177225,32.07748769797936,74828800
2017-03-09,32.01515579223633,32.040550130739646,31.63886235043582,32.02901013171941,88623600
2017-03-10,32.12135696411133,32.17214565013795,32.00592877270334,32.14675130712464,78451200
2017-03-13,32.13520431518555,32.18830029117781,32.047481294543644,32.05440670347357,69686800
2017-03-14,32.08672332763672,32.23908583184447,32.052092763771405,32.15828822800166,61236400
2017-03-15,32.42608642578125,32.49303322137834,32.09595999363327,32.18368653915024,102767200
2017-03-16,32.479190826416016,32.55537386897695,32.379920732440446,32.48611623732251,76928000
2017-03-17,32.31758117675781,32.550744818317526,32.294494133099576,32.550744818317526,175540000
2017-03-20,32.65694046020508,32.66617316416422,32.37298461657809,32.412229772933976,86168000
2017-03-21,32.28295135498047,32.96628770549994,32.25755701540671,32.806996259318026,158119600
2017-03-22,32.64769744873047,32.68925341438111,32.26447514618463,32.28525489030374,103440800
2017-03-23,32.53226852416992,32.684634523614065,32.46070363665184,32.61075881870024,81385200
2017-03-24,32.4676399230957,32.72158334059533,32.40069312534872,32.66617654334396,89582400
2017-03-27,32.52303695678711,32.60152725405525,32.001299459750086,32.179059798635386,94300400
2017-03-28,33.19715118408203,33.2525544658913,32.463025996807076,32.529976325778776,133499200
2017-03-29,33.27101516723633,33.35643440986911,33.056320458176856,33.1694378122708,116760000
2017-03-30,33.227149963378906,33.35873976262738,33.127883432090165,33.287174863774936,84829200
2017-03-31,33.16482162475586,33.30564412870682,33.01476289484099,33.17867244111365,78646800
2017-04-03,33.1740608215332,33.27102007760433,33.02400558483501,33.176371639770544,79942800
2017-04-04,33.421058654785156,33.44876027619468,33.051687263920435,33.07015618572234,79565600
2017-04-05,33.2479248046875,33.58035843522584,33.19944343248918,33.29409535946504,110871600
2017-04-06,33.16482162475586,33.36335821192298,33.11634024491553,33.31025871910069,84596000
2017-04-07,33.0909423828125,33.28486083634301,33.07478427297881,33.1809762021365,66688800
2017-04-10,33.05169677734375,33.2156063038978,32.9893645886443,33.150966820278995,75733600
2017-04-11,32.69618225097656,33.09325540952474,32.33373613194622,32.99860347139208,121517600
2017-04-12,32.73542785644531,32.816225457301364,32.55304938555892,32.68925729558643,81400000
2017-04-13,32.56228256225586,32.86932187096987,32.56228256225586,32.76081912568794,71291600
2017-04-17,32.74235534667969,32.75389886827551,32.52073170883979,32.66155421809713,66328400
2017-04-18,32.5969123840332,32.79083085160347,32.57613616020524,32.645393762219754,58790000
2017-04-19,32.47686004638672,32.78159202933228,32.42376408787492,32.753890402732615,69313600
2017-04-20,32.8831787109375,32.99398877144453,32.58768286785988,32.601533685099724,93278400
2017-04-21,32.84392547607422,32.93857387812894,32.746966256655696,32.8831706227969,69283600
2017-04-24,33.16020584106445,33.23177074566537,33.05401037054841,33.12788609309667,68537200
2017-04-25,33.365665435791016,33.451081151540144,33.21329941100493,33.222535636949104,75486000
2017-04-26,33.169437408447266,33.381828342201196,33.10018332416687,33.35181589062088,80164800
2017-04-27,33.194828033447266,33.28024726548445,33.084017988406494,33.22484048167015,56985200
2017-04-28,33.16251754760742,33.31257630802334,33.07479451864811,33.264094918328645,83441600
2017-05-01,33.83892059326172,33.98205038775373,33.4649344734146,33.497254218060796,134411600
2017-05-02,34.053619384765625,34.187516492302215,33.898946050866904,34.060544793553,181408800
2017-05-03,33.949729919433594,34.04899996896599,33.305642335360965,33.610370846588346,182788000
2017-05-04,33.82737731933594,33.96819981973374,33.66116048206023,33.82507002419722,93487600
2017-05-05,34.38834762573242,34.39296221434589,33.880461071312695,33.880461071312695,109310800
2017-05-08,35.32331466674805,35.48260604792333,34.40450774887776,34.40450774887776,195009600
2017-05-09,35.5495719909668,35.755034009575716,35.42490758445576,35.5218668325263,156521600
2017-05-10,35.38102722167969,35.53801130171577,35.1155439461047,35.466446428608776,103222800
2017-05-11,35.68702697753906,35.71484648783434,35.30686001669652,35.3393131644345,109020400
2017-05-12,36.1854248046875,36.259601924283665,35.853935742783264,35.86088973721014,130108000
2017-05-15,36.09269332885742,36.31291137117154,35.942018757044565,36.16455361809518,104038800
2017-05-16,36.03938293457031,36.17614953767241,35.865526004045456,36.14833356066949,80194000
2017-05-17,34.82933044433594,35.830747832802935,34.70415503934131,35.60589263781273,203070800
2017-05-18,35.36017608642578,35.54562416578141,35.03332778161628,35.06578093021892,134272800
2017-05-19,35.48072052001953,35.693984589220776,35.38104424797981,35.554901172156406,107843200
2017-05-22,35.696311950683594,35.833078575632115,35.445957506282014,35.69862877009448,91865600
2017-05-23,35.652252197265625,35.907240170170134,35.538664426955556,35.907240170170134,79675600
2017-05-24,35.54561996459961,35.73802201469214,35.39030823342003,35.66152455835698,76712000
2017-05-25,35.668487548828125,35.779758533636475,35.47376863110609,35.636034395874454,76942400
2017-05-26,35.608211517333984,35.75425244588684,35.538668049588445,35.69861696426487,87710400
2017-05-30,35.62211608886719,35.79828979142458,35.543301816969986,35.5641637941556,80507600
2017-05-31,35.411170959472656,35.73802276968402,35.32308587160289,35.69166163862716,97804800
2017-06-01,35.50853729248047,35.54331080037268,35.286002405334635,35.50622047347229,65616400
2017-06-02,36.03474807739258,36.03474807739258,35.44131694896753,35.60126590128008,111082800
2017-06-05,35.68239212036133,35.80293390712862,35.57344503933726,35.77743475102646,101326800
2017-06-06,35.80293273925781,36.11819341481537,35.647620988839236,35.67543696290587,106499600
2017-06-07,36.01618576049805,36.15758948056555,35.809875762739914,35.93505468194818,84278400
2017-06-08,35.9281120300293,36.05560427043574,35.79134190296804,35.98838115344194,85003200
2017-06-09,34.53494644165039,35.97448366420415,33.84879293580779,35.97448366420415,259530800
2017-06-12,33.709693908691406,33.8650056503976,33.035128278392655,33.78387455154509,289229200
2017-06-13,33.980918884277344,34.18027499117992,33.64711298089362,34.11305186150366,136661600
2017-06-14,33.6494255065918,34.19185820479447,33.34343565398856,34.19185820479447,126124800
2017-06-15,33.4477424621582,33.49178676892267,32.965582517386935,33.22289082894984,128661600
2017-06-16,32.97949981689453,33.49643340429505,32.96327147313324,33.3295304773726,201444400
2017-06-19,33.9229621887207,34.01568800387073,33.30171514429232,33.30171514429232,130165600
2017-06-20,33.61465072631836,34.04581597861936,33.59842592166932,34.04581597861936,99600400
2017-06-21,33.814022064208984,33.86038675474203,33.52194361434886,33.7328909300347,85063200
2017-06-22,33.75838088989258,34.00641493839107,33.64015591325134,33.79083404213897,76425200
2017-06-23,33.909061431884766,34.113054731588505,33.63784499684898,33.642482172877415,141757600
2017-06-26,33.80242156982422,34.37267026030625,33.70042494885919,34.115361889100086,102769600
2017-06-27,33.31794357299805,33.88124190774111,33.292444413200975,33.61465913947565,99047600
2017-06-28,33.80472946166992,33.86963574202981,33.185799442942255,33.4941060432152,88329600
2017-06-29,33.30635452270508,33.642480797005575,32.981822956565935,33.545121327163834,125997600
2017-06-30,33.38517379760742,33.60307508871663,33.32953829653839,33.48485009108605,92096400
2017-07-03,33.26462173461914,33.681879021294286,33.171899465192595,33.584519577258064,57111200
2017-07-05,33.40138626098633,33.56365199104382,33.08380879379327,33.30866399727566,86278400
2017-07-06,33.08612060546875,33.264614650084305,33.01194351315096,33.15334724304407,96515200
2017-07-07,33.4222412109375,33.5543741229212,33.12552578491049,33.12552578491049,76806800
2017-07-10,33.626258850097656,33.83256900007997,33.234500539684966,33.40604070708072,84362400
2017-07-11,33.73517990112305,33.80936051503598,33.46860083626695,33.54973190346707,79127200
2017-07-12,33.783878326416016,33.88587141604451,33.570614260074045,33.81401112095547,99538000
2017-07-13,34.25444030761719,34.42134318454011,33.714324544398146,33.72823252795388,100797600
2017-07-14,34.548851013183594,34.61607768026899,34.15245915410795,34.30081694099434,80528400
2017-07-17,34.66938400268555,34.980007487299616,34.4398951543656,34.49784745539633,95174000
2017-07-18,34.78992462158203,34.80151578882803,34.46307280573411,34.58593139686089,71475200
2017-07-19,35.00782775878906,35.10055002760471,34.759790207159064,34.882648805047324,83692000
2017-07-20,34.8502082824707,35.174743415150814,34.81543830335063,35.1191079114296,68974800
2017-07-21,34.833961486816406,34.87336861732486,34.51174691418672,34.76905520866991,105010400
2017-07-24,35.255855560302734,35.33699018406429,34.74819291574987,34.90582498951104,85972800
2017-07-25,35.40653991699219,35.66152792505456,35.188638694216536,35.188638694216536,75415600
2017-07-26,35.57344436645508,35.68239144541838,35.480718556415695,35.547945210835245,63124000
2017-07-27,34.90121078491211,35.69631859481873,34.14551367222813,35.64068308444224,129905200
2017-07-28,34.655487060546875,34.82470684308858,34.58362675030843,34.745892537480536,68854800
2017-07-31,34.47697067260742,34.84786669285579,34.33788731785923,34.74818692834932,79383600
2017-08-01,34.78297424316406,34.82238138619338,34.402807263032315,34.56275619111648,141474400
2017-08-02,36.4265022277832,37.031524459021355,36.19933017298446,36.9225738380496,279747200
2017-08-03,36.062564849853516,36.44273185865014,35.93506906154069,36.405641531663086,108389200
2017-08-04,36.25263977050781,36.48676578348444,36.09037404185433,36.17846266760662,82239600
2017-08-07,36.813621520996094,36.83912067658337,36.31754993358477,36.40795538755274,87481200
2017-08-08,37.108028411865234,37.51369463486603,36.68845419858787,36.76495168223776,144823600
2017-08-09,37.33518600463867,37.38386748882659,36.883158810582536,36.917928772768626,104526000
2017-08-10,36.145999908447266,37.235125628594886,35.985422861011024,37.211852254669694,163217200
2017-08-11,36.64866256713867,36.90232949808078,36.32053080044579,36.443871840263014,105028400
2017-08-14,37.200218200683594,37.28399737332113,36.94422529789718,37.0768771341642,88490800
2017-08-15,37.60747146606445,37.74710103116794,37.267699444045775,37.388714574616245,117862000
2017-08-16,37.45620346069336,37.81924531879083,37.27002714727937,37.686597048032674,110686400
2017-08-17,36.73709487915039,37.40034677466663,36.73243949556655,37.35612950816326,111762400
2017-08-18,36.6533317565918,37.11877089000883,36.47181077864065,36.73711094264762,109712400
2017-08-21,36.585845947265625,36.744093553772515,36.09713341937052,36.65333306156558,105474000
2017-08-22,37.183929443359375,37.23512802848002,36.77434431341276,36.823213430379774,86418400
2017-08-23,37.23046875,37.34450259602937,36.97447940218413,37.018696680257115,77596400
2017-08-24,37.06523132324219,37.40732923138063,36.89767301921449,37.335183212160295,79275600
2017-08-25,37.202537536621094,37.36544046820543,37.06523389078698,37.153664881637,101920400
2017-08-28,37.577232360839844,37.70057345906265,37.218842204818785,37.26771488101043,103864000
2017-08-29,37.9123420715332,37.961211187597634,37.23512734077837,37.25840071577374,118067600
2017-08-30,38.01472473144531,38.14039167581114,37.84251105485345,38.119447776919685,109078400
2017-08-31,38.1660041809082,38.28701933479134,38.04498902702507,38.08222500529962,107140400
2017-09-01,38.17763900756836,38.38475924397722,38.07989723262444,38.35217865232924,66364400
2017-09-05,37.71917724609375,38.22417813845223,37.36544260937073,38.10781838765025,117874000
2017-09-06,37.67961883544922,37.93095634650661,37.35613884039739,37.86579516412337,86606800
2017-09-07,37.528343200683594,37.75641085470924,37.318897082760316,37.721500801043646,87714000
2017-09-08,36.91629409790039,37.502744660143726,36.89302072832762,37.43525757001091,114446000
2017-09-11,37.58420181274414,37.71219825667535,37.20952325015532,37.35148229687576,126323200
2017-09-12,37.43526077270508,38.15669267896989,36.9488778457744,37.84251991794729,286856000
2017-09-13,37.15366744995117,37.22581347915636,36.748737785023984,37.204866024990814,179629600
2017-09-14,36.83484649658203,37.09549123082952,36.79062921823258,37.00007892341132,95042800
2017-09-15,37.20719528198242,37.46085868804917,36.76968147994597,36.879059930455085,196458400
2017-09-18,36.92561340332031,37.35149063859288,36.769691718988625,37.260730149175366,113077600
2017-09-19,36.9395637512207,37.18159401003139,36.87207666138976,37.12108466981991,83242400
2017-09-20,36.320533752441406,36.830186470137654,35.799240798625455,36.74640730882827,211805600
2017-09-21,35.69684982299805,36.25770476231295,35.54790946058853,36.25770476231295,150046800
2017-09-22,35.34775924682617,35.436193779476454,35.03824193356741,35.266306014014894,186581600
2017-09-25,35.03593063354492,35.333811387669186,34.712450585659106,34.90560824749289,177549200
2017-09-26,35.63867950439453,35.82020050883473,35.30123679362848,35.322180705444055,146640000
2017-09-27,35.8923454284668,36.006379318823384,35.731768325053075,35.79227769794493,102016800
2017-09-28,35.67125701904297,35.90397659956962,35.536279236215236,35.81321610520499,88022000
2017-09-29,35.86673355102539,35.869063019024054,35.373369273795674,35.65496147322591,105199200
2017-10-02,35.79458999633789,35.94353035206246,35.54092656332573,35.89931307362548,74795200
2017-10-03,35.95050811767578,36.09246715768579,35.81785984643047,35.84112966630654,64921200
2017-10-04,35.717796325683594,35.80623089295552,35.480424936193586,35.7527063895629,80655200
2017-10-05,36.16228103637695,36.17391772096055,35.85043777523499,35.88068889393125,85135200
2017-10-06,36.141361236572266,36.18557853686688,35.969147422535336,36.06456332832688,69630400
2017-10-09,36.26700973510742,36.47412996923933,36.185560032391976,36.260028433475185,65051600
2017-10-10,36.28096389770508,36.769676204372644,36.094791162800576,36.3181998650929,62468000
2017-10-11,36.4322509765625,36.53231869152107,36.24607460227,36.29727319397591,67622400
2017-10-12,36.30424118041992,36.623065751896675,36.241405922553476,36.3856944239882,64500400
2017-10-13,36.53464126586914,36.602128368918095,36.39966350875292,36.4741319138063,65576800
2017-10-16,37.20719528198242,37.23512048602124,36.688228233475684,36.74640810923509,96486000
2017-10-17,37.34449768066406,37.43758405834157,37.05592422823548,37.18392066080533,75989200
2017-10-18,37.17927932739258,37.400365772210506,37.14204689286132,37.33287510452323,65496800
2017-10-19,36.29960250854492,36.555595491031845,36.07619367930116,36.478797596285766,170336800
2017-10-20,36.362430572509766,36.71150990600586,36.29494346381537,36.446209754589574,95896400
2017-10-23,36.34379959106445,36.69753418351876,36.187877970624996,36.51135789533137,87937200
2017-10-24,36.56024932861328,36.63471775153351,36.350799565173105,36.37174347621137,71028800
2017-10-25,36.399658203125,36.66495829367814,36.13435811257186,36.51601795426265,84828400
2017-10-26,36.63238525390625,36.73012703888052,36.48577080093559,36.59049388833527,68002000
2017-10-27,37.944915771484375,38.07291220866558,36.9325845104359,37.069888165313095,177816800
2017-10-30,38.79900360107422,39.113176413503815,38.10084495213601,38.14040684945362,178803200
2017-10-31,39.33891677856445,39.48087586634597,38.85020778449457,39.07361659577822,144187200
2017-11-01,38.83856201171875,39.54835728462217,38.54068129899505,39.53206521312065,134551200
2017-11-02,39.12248229980469,39.21324277903293,38.4638855706281,38.771077070181164,165573600
2017-11-03,40.14412307739258,40.553708214192326,39.82296895644749,40.49320240850034,237594400
2017-11-06,40.551368713378906,40.72358240407171,39.96258872288441,40.11385496195347,140105200
2017-11-07,40.68170166015625,40.784098824511965,40.40011300919636,40.47225549744198,97446000
2017-11-08,41.01449203491211,41.01449203491211,40.569996871813196,40.6467947443134,97638000
2017-11-09,40.93071746826172,40.98191605569224,40.293064593639,40.751522412254914,117930400
2017-11-10,40.795249938964844,40.96107636396165,40.70182890986884,40.89801520924075,100582000
2017-11-13,40.63176727294922,40.755551758229636,40.4986385451282,40.521995587695365,67928400
2017-11-14,40.01750946044922,40.51731947358667,39.98013962153816,40.41455419847325,99130000
2017-11-15,39.48968505859375,39.779296046680344,39.32619642168398,39.697549946332956,116632400
2017-11-16,39.96145248413086,40.14128812577622,39.7746068803929,39.98013383709953,94550000
2017-11-17,39.739566802978516,40.02917763400583,39.620454481494164,39.94743157799027,87598000
2017-11-20,39.69987106323242,39.83533404998422,39.60177791360881,39.77227289530339,65049600
2017-11-21,40.43791961669922,40.5687105162013,39.886726851808504,39.886726851808504,100525200
2017-11-22,40.862979888916016,40.87232056555196,40.416886849149655,40.4892886753747,102355600
2017-11-24,40.865318298339844,40.98910276803519,40.790578622562485,40.89568173709738,56106800
2017-11-27,40.659786224365234,40.89100807834741,40.484619125107635,40.88400167947981,82867200
2017-11-28,40.421566009521484,40.84196424324617,40.13896149003983,40.708839086242456,105715200
2017-11-29,39.58309555053711,40.38652928174377,39.04124713233191,40.31879956588713,166665600
2017-11-30,40.136627197265625,40.204356915053424,39.34019984279144,39.80497431661484,166108800
2017-12-01,39.94977569580078,40.094579352171586,39.35420686724889,39.692862534061966,159037200
2017-12-04,39.6578369140625,40.3164634359694,39.61813279428302,40.28376571592841,130169600
2017-12-05,39.62046813964844,40.059554875264176,39.330857208785076,39.4850051347503,109400800
2017-12-06,39.47331619262695,39.751248528976014,38.877750973345655,39.12064775552423,114240000
2017-12-07,39.54572296142578,39.80730466888246,39.44996409930915,39.47798969259851,102693200
2017-12-08,39.557403564453125,39.93810122531584,39.42895053434626,39.81898887304468,93420800
2017-12-11,40.32813262939453,40.379515258115376,39.42193379244509,39.51769265176879,141095200
2017-12-12,40.101585388183594,40.26273968238227,40.04553419979003,40.206684930205114,77636800
2017-12-13,40.23471450805664,40.53132821982413,40.171653356672216,40.288431418755565,95273600
2017-12-14,40.22303009033203,40.435566987462984,40.089901408464364,40.265068475900904,81906000
2017-12-15,40.63176727294922,40.678477794299205,40.27909873840484,40.55235903027581,160677200
2017-12-18,41.203975677490234,41.38614918992754,40.839628652615616,40.84430077348899,117684400
2017-12-19,40.764888763427734,40.963412916005446,40.659789208915306,40.879332559638705,109745600
2017-12-20,40.72051239013672,40.97041559422269,40.46359922352152,40.84195901091509,93902400
2017-12-21,40.87466049194336,41.11055448405394,40.6621271041095,40.67847418142717,83799600
2017-12-22,40.87466049194336,40.970419368665794,40.755548138512246,40.79758653485828,65397600
2017-12-26,39.83766174316406,40.047860786838285,39.62979341351382,39.89137864298607,132742000
2017-12-27,39.84467315673828,39.88671154525252,39.63680836470116,39.7278951035987,85992800
2017-12-28,39.956764221191406,40.136603353964006,39.81662918405758,39.9380793119881,65920800
2017-12-29,39.52469253540039,39.842328931601955,39.52235825767359,39.825981859948776,103999600
2018-01-02,40.23237609863281,40.24172033918654,39.5317077360136,39.741910383069516,102223600
2018-01-03,40.22536849975586,40.767220394628254,40.162310914925996,40.29543604668363,118071600
2018-01-04,40.412208557128906,40.51497380334749,40.19033099212951,40.29776479406131,89738400
2018-01-05,40.872314453125,40.95872906327247,40.41688080483249,40.507967534490994,94640000
2018-01-08,40.72051239013672,41.0147918288002,40.622415680131866,40.72051239013672,82271200
2018-01-09,40.715843200683594,40.88633818873765,40.50097197485756,40.76722583770547,86336000
2018-01-10,40.70649337768555,40.708831219637595,40.405207559899,40.442577393297114,95839600
2018-01-11,40.93771743774414,40.98676579221811,40.7532096664602,40.776563140765795,74670800
2018-01-12,41.36045837402344,41.423519533337156,41.02413694272906,41.14792141899934,101672400
2018-01-16,41.15024948120117,41.897628282123996,41.13857096354328,41.549628413105026,118263600
2018-01-17,41.829891204833984,41.86492318784634,40.88866058088767,41.14089798614181,137547200
2018-01-18,41.86726379394531,42.063453619817594,41.63137342384646,41.89295510663197,124773600
2018-01-19,41.68042755126953,41.942009270329734,41.43519290775877,41.71545954443522,129700400
2018-01-22,41.33943557739258,41.52160907619025,41.246014549623844,41.40950313011101,108434400
2018-01-23,41.34877395629883,41.909310783105305,41.297394888530555,41.40950082837842,130756400
2018-01-24,40.69014358520508,41.40949679304685,40.45191536793294,41.39781827541702,204420400
2018-01-25,39.96378707885742,40.86064170736339,39.82832410416899,40.757876446304344,166116000
2018-01-26,40.05719757080078,40.17164132031456,39.718542004984876,40.17164132031456,156572000
2018-01-29,39.22808837890625,39.74191114188095,39.0202235699117,39.74191114188095,202561600
2018-01-30,38.996864318847656,39.09028533816567,38.466690946570125,38.66054294724928,184192800
2018-01-31,39.104312896728516,39.3402069398002,38.887107341115566,38.973521994795796,129915600
2018-02-01,39.18605041503906,39.38223672499564,38.947822145072344,39.04358102152163,188923200
2018-02-02,37.48575973510742,38.95716410101793,37.392338706452456,38.770318479924185,346375200
2018-02-05,36.549190521240234,38.275169728621044,36.434746764466965,37.15877200388936,290954000
2018-02-06,38.076656341552734,38.237810644644064,35.967644731061384,36.16149675044778,272975200
2018-02-07,37.26154327392578,38.163070074933216,37.151775171913954,38.09066824510716,206434400
2018-02-08,36.236228942871094,37.60253360818496,36.20820335015767,37.436707202469265,217562000
2018-02-09,36.67945098876953,37.026522336386975,35.232534933914586,36.83422735479435,282690400
2018-02-12,38.1568603515625,38.43357852431035,36.93741390436866,37.16957849038807,243278000
2018-02-13,38.539100646972656,38.63524992743858,37.90827262494443,37.9786258442686,130196800
2018-02-14,39.24966812133789,39.289534118272805,38.19672773949779,38.23424636240979,162579600
2018-02-15,40.56760787963867,40.59105657176893,39.63191811060933,39.81717816518889,204588800
2018-02-16,40.4362678527832,40.99674617210907,40.28149508128184,40.41985413112513,160704400
2018-02-20,40.30026626586914,40.865428738385795,40.19942580241765,40.347167225893934,135722000
2018-02-21,40.11735153198242,40.832599250578035,40.10327802296101,40.53008500542689,149886400
2018-02-22,40.45268630981445,40.79272266748071,40.26742630638958,40.28853119697347,123967600
2018-02-23,41.156211853027344,41.191386671149125,40.696573952461684,40.727061180375976,135249600
2018-02-26,41.9699592590332,42.068452335634156,41.32271750780691,41.35554853334056,152648800
2018-02-27,41.833961486816406,42.32408327955171,41.78002554623161,42.00046405772804,155712400
2018-02-28,41.7706298828125,42.35690081010692,41.75421615757141,42.037969282526205,151128400
2018-03-01,41.03896713256836,42.1599169199814,40.49021837370537,41.86912523610617,195208000
2018-03-02,41.32270812988281,41.34381301758338,40.44095465283579,40.52303398719925,153816000
2018-03-05,41.46576690673828,41.681514152796034,40.92639700243722,41.088208331558874,113605600
2018-03-06,41.43059158325195,41.80111522190971,41.30395864315268,41.72138323820596,95154000
2018-03-07,41.04600143432617,41.23830002337251,40.86777635385295,41.02489653893735,126814000
2018-03-08,41.49391555786133,41.536125350937226,41.055386008773716,41.15153173021796,95096400
2018-03-09,42.206817626953125,42.21150879652509,41.59944177584291,41.73311327128927,128740800
2018-03-12,42.61486053466797,42.77198071041247,42.26075419037637,42.27951171073103,128828400
2018-03-13,42.20447540283203,43.03228973656736,42.033285279377445,42.81888624202116,126774000
2018-03-14,41.845672607421875,42.333450428842454,41.69793119458534,42.28654947219528,117473600
2018-03-15,41.89491653442383,42.267787541462646,41.75890483631969,41.859741712209576,90975200
2018-03-16,41.74718475341797,42.005141836440984,41.653379250061725,41.894922606443686,157618800
2018-03-19,41.10932159423828,41.61820437252176,40.72472797672701,41.58302954525192,133787200
2018-03-20,41.09524154663086,41.461073973434026,41.02488833109644,41.09524154663086,78597600
2018-03-21,40.16425704956055,41.06007732991229,40.16190967530038,41.0483511935547,148219600
2018-03-22,39.59673309326172,40.49489685145433,39.538106010552305,39.86641624239975,165963200
2018-03-23,38.679805755615234,39.847656274311774,38.679805755615234,39.488858804240465,164115200
2018-03-26,40.51601028442383,40.59339847247877,39.031571938963225,39.413821710118775,150164800
2018-03-27,39.477142333984375,41.07414393053354,39.1441408426636,40.72941630380633,163690400
2018-03-28,39.040958404541016,39.87112016511795,38.73844413544846,39.22153087897611,166674000
2018-03-29,39.3458137512207,40.27681225973409,39.139445242034746,39.35284871600534,153594000
2018-04-02,39.087860107421875,39.61785140476967,38.56959852456519,39.07848134546911,150347200
2018-04-03,39.48885726928711,39.573280410628975,38.66573432493875,39.31297602301765,121112000
2018-04-04,40.24398422241211,40.3377861453882,38.63994772264869,38.665743788214215,138422000
2018-04-05,40.5230598449707,40.858405202350106,40.354213479000066,40.47146770101774,107732800
2018-04-06,39.48652648925781,40.44800880545494,39.44431311551647,40.09390240110896,140021200
2018-04-09,39.87813949584961,40.59104319567461,39.83123854873043,39.83827351188267,116070800
2018-04-10,40.62857437133789,40.80445564567269,40.22521969593166,40.56994727989296,113634400
2018-04-11,40.43861770629883,40.78568903885256,40.26508025086536,40.389369381678115,89726400
2018-04-12,40.837284088134766,41.03896141306867,40.579323470784374,40.666093993882306,91557200
2018-04-13,40.97564697265625,41.23595140956656,40.7692820378696,40.98737310695765,100497200
2018-04-16,41.231258392333984,41.31802533378069,40.99909384564957,41.04599479836905,86313600
2018-04-17,41.79877471923828,41.962929868710894,41.369623956700956,41.388385056399805,106421600
2018-04-18,41.704952239990234,41.93477293399107,41.47982629189494,41.69791727775679,83018000
2018-04-19,40.5230598449707,41.130435856226676,40.49022880593835,40.7481859473883,139235200
2018-04-20,38.86272430419922,40.152520237693295,38.79471487839581,40.00712620479609,261964400
2018-04-23,38.75017166137695,39.144144079751584,38.4804848379833,39.123039181263174,146062000
2018-04-24,38.21080017089844,39.00578352253982,37.807445427107865,38.851007116089285,134768000
2018-04-25,38.37730407714844,38.792385010332296,38.086515906955135,38.13576067460379,113528400
2018-04-26,38.51096725463867,38.86507362764552,38.31163369614759,38.48751498482302,111852000
2018-04-27,38.06540298461914,38.53676355292393,37.66908323921262,38.45937535604153,142623200
2018-04-30,38.754844665527344,39.22386131751476,37.952826620026435,38.02083603841994,169709600
2018-05-01,39.655364990234375,39.67881367917698,38.75719754468878,39.02453693116686,214277600
2018-05-02,41.40714645385742,41.68386462519915,40.75755723807973,41.09290250453425,266157600
2018-05-03,41.48218536376953,41.6252356123869,40.90764057379652,41.24533319861876,136272800
2018-05-04,43.109683990478516,43.20817709910858,41.78236545254622,41.80112655585403,224805200
2018-05-07,43.421573638916016,44.01018839996743,43.325424341797856,43.426261230253004,169805600
2018-05-08,43.630287170410156,43.67015316776499,43.07215605081431,43.381708846718794,113611200
2018-05-09,43.9374885559082,43.946867316294885,43.43564078484701,43.74753734783236,92844800
2018-05-10,44.56597137451172,44.64335957002789,44.00549648424058,44.026604958155126,111957200
2018-05-11,44.39646530151367,44.74252214151275,44.12809505744413,44.60833881553374,104848800
2018-05-14,44.29289627075195,44.6177669330448,44.22462817105187,44.49535132822085,83115200
2018-05-15,43.89032745361328,44.03863854695123,43.57487541925094,43.97036687867035,94780800
2018-05-16,44.29994583129883,44.36586467071861,43.78674803552611,43.80322864340894,76732400
2018-05-17,44.01982116699219,44.47181311070607,43.87151001954558,44.2575866959749,69176000
2018-05-18,43.85972595214844,44.21284489257208,43.81735340351118,44.066890213339356,73190800
2018-05-21,44.17047882080078,44.556555441924544,44.00098141717452,44.25758035606822,73603200
2018-05-22,44.0598258972168,44.46473588249332,43.97036795401736,44.34702957496204,60962800
2018-05-23,44.342342376708984,44.37530001552936,43.73026783620122,43.86916407819222,80233600
2018-05-24,44.29289627075195,44.45533160189837,43.83619866865941,44.438854581465634,92936000
2018-05-25,44.39411163330078,44.64600126495954,44.17517603214325,44.31171578071335,69844000
2018-05-29,44.23403549194336,44.43413768126005,43.991560749846364,44.16341457064285,90056400
2018-05-30,44.1398811340332,44.25758748372396,43.9703837031095,44.19167221526615,74762000
2018-05-31,43.99156951904297,44.31173093050286,43.81971925610215,44.07396539980083,109931200
2018-06-01,44.78490447998047,44.789610146728236,44.19872567980173,44.25522600978311,93770000
2018-06-04,45.15919876098633,45.53350392684501,45.046201720599235,45.114469792969665,105064800
2018-06-05,45.50761413574219,45.65592523952757,45.28397285957056,45.45111740448041,86264000
2018-06-06,45.66535186767578,45.68889457314305,45.18040230879515,45.58295958276537,83734400
2018-06-07,45.542945861816406,45.71714897363713,45.2792811758474,45.70302478533956,85388800
2018-06-08,45.12860107421875,45.19922558261393,44.674256416273806,45.003832665969014,106627200
2018-06-11,45.01795959472656,45.19216624711074,44.777841280495316,45.046211555074656,73234000
2018-06-12,45.265132904052734,45.34281949046892,44.99911552560742,45.055615840849484,67644400
2018-06-13,44.893184661865234,45.40638602703127,44.83197867553465,45.29809464432641,86553600
2018-06-14,44.9167366027832,45.09800535821275,44.78019682784647,45.093296099183995,86440400
2018-06-15,44.455318450927734,44.76606483460539,44.31877869980678,44.735460044424904,246876800
2018-06-18,44.43178939819336,44.544786475958205,44.06925186853399,44.22933435480383,73939600
2018-06-19,43.71377944946289,43.86444341520715,43.18645377330186,43.5843017620001,134314000
2018-06-20,43.90446472167969,44.06925287888817,43.72319595269414,43.86915425660373,82514800
2018-06-21,43.659629821777344,44.33997220811124,43.53721424311076,44.08101686710727,102847600
2018-06-22,43.532508850097656,43.82206541739633,43.48071777729794,43.81500332493383,108801600
2018-06-25,42.88511657714844,43.53250128249265,42.546121829430355,43.17467309411117,126652400
2018-06-26,43.417152404785156,43.91152039626255,42.97222264930026,43.078161213268196,98276800
2018-06-27,43.35358428955078,44.08807043532732,43.32297950277305,43.60547389790933,101141200
2018-06-28,43.669044494628906,43.836189048695495,43.26884372711666,43.33946823717454,69460800
2018-06-29,43.577239990234375,44.06689878053816,43.05933282868056,43.855025219825926,90950800
2018-07-02,44.064537048339844,44.092789008299924,43.179386798681435,43.27355401169523,70925200
2018-07-03,43.29709243774414,44.24580509220455,43.20763448482043,44.208138207593315,55819200
2018-07-05,43.645503997802734,43.883273073933445,43.381842978525576,43.61254637039309,66416800
2018-07-06,44.250511169433594,44.35879896476578,43.59841719591709,43.65020826050607,69940800
2018-07-09,44.86494445800781,44.88848356836496,44.56361654538464,44.610698358210996,79026400
2018-07-10,44.81079864501953,45.02973068179138,44.770775334103476,44.89554734134358,63756400
2018-07-11,44.22932434082031,44.676606883449594,44.16576192741964,44.37527901622558,75326000
2018-07-12,44.97087860107422,45.06033655826407,44.5659685524734,44.617759623255736,72164400
2018-07-13,45.041507720947266,45.16156689252232,44.94027840238948,44.982654551959264,50055600
2018-07-16,44.942630767822266,45.352246488020654,44.82727727386679,45.08623263086396,60172400
2018-07-17,45.06975555419922,45.16862844586447,44.54007703963458,44.669554728283956,62138000
2018-07-18,44.822574615478516,45.15215453583667,44.7119303641148,45.14744527625814,65573600
2018-07-19,45.17097091674805,45.32869692797151,44.65541674710549,44.65541674710549,81147200
2018-07-20,45.06740188598633,45.30045812912671,44.76842679084426,45.147441331264595,82704800
2018-07-23,45.10742950439453,45.18982538973532,44.62483273049752,44.88849381620743,63957600
2018-07-24,45.43463897705078,45.59001217970089,45.21099769014568,45.30516130817569,74791600
2018-07-25,45.863094329833984,45.87015642198545,45.30045464627953,45.44876576568423,66839600
2018-07-26,45.7194938659668,46.131466017243845,45.578244834398404,45.813657492271,76304000
2018-07-27,44.95909881591797,45.95018747493368,44.75193816376309,45.90310567181263,96096000
2018-07-30,44.707210540771484,45.24630384815853,44.5094648064374,45.17567934529309,84118000
2018-07-31,44.796669006347656,45.23218382059381,44.57302772015845,44.799025431663516,157492000
2018-08-01,47.43564224243164,47.49684822958433,46.449262804191136,46.87771549059434,271742800
2018-08-02,48.822242736816406,49.05530261742919,47.16493880657545,47.219082725141384,249616000
2018-08-03,48.963478088378906,49.140037574875436,48.37259004128553,48.73748036513408,133789600
2018-08-06,49.217716217041016,49.26008876273099,48.74689099589185,48.96582299951276,101701600
2018-08-07,48.756317138671875,49.318953263723905,48.67392126916684,49.27658070828396,102349600
2018-08-08,48.78926467895508,48.92109516921225,48.14658924289564,48.50677025810236,90102000
2018-08-09,49.17299270629883,49.384862642496735,48.77749760872117,49.32600948331823,93970400
2018-08-10,49.026527404785156,49.397423215315094,48.823362350385615,48.98636733184349,98444800
2018-08-13,49.343082427978516,49.834458423570865,49.06668410634087,49.447027835372424,103563600
2018-08-14,49.55097961425781,49.742332045788096,49.198983276632525,49.64783817493935,82992000
2018-08-15,49.66673278808594,49.78485191739147,49.21551684900846,49.42576875498392,115230400
2018-08-16,50.39435577392578,50.5101102336531,49.95731347801585,50.02345991349157,114001600
2018-08-17,51.40072250366211,51.48812950883822,50.35654979736229,50.42269622366473,141708000
2018-08-20,50.899898529052734,51.77870156484017,50.817213693824115,51.52356740894987,121150800
2018-08-21,50.80067443847656,51.308588866242836,50.5620750907815,51.216456087953674,104639200
2018-08-22,50.803035736083984,51.11250726288701,50.5171858711542,50.578610122385655,76072400
2018-08-23,50.9069938659668,51.27552504663343,50.696741917780805,50.70855094931436,75532800
2018-08-24,51.065269470214844,51.24008349724806,50.81721854555639,51.16921489424012,73905600
2018-08-27,51.48576354980469,51.67475486622444,51.10541983221715,51.29913331813298,82100400
2018-08-28,51.90153503417969,52.09997426934219,51.71726951514179,51.73853008932868,91107200
2018-08-29,52.67639923095703,52.79688303461885,51.83303062887083,52.007844611110635,109019200
2018-08-30,53.16069412231445,53.923742675038724,52.53938635946585,52.74019031767683,195175200
2018-08-31,53.77491760253906,54.067850745143865,53.38984807574226,53.51032829361586,173360400
2018-09-04,53.947364807128906,54.141078290113896,53.53867365991013,53.95917744010946,109560400
2018-09-05,53.59538269042969,54.25685066029417,53.177243489180974,54.09621034438831,133332000
2018-09-06,52.704750061035156,53.70876252912746,52.27952053007773,53.444173262804355,137160000
2018-09-07,52.27953338623047,53.2410213353136,52.140153662691596,52.40946516440661,150479200
2018-09-10,51.57790756225586,52.40946737291451,51.13850418781404,52.19685074383668,158066000
2018-09-11,52.88193130493164,52.988237791666194,51.159752521935985,51.50229724795152,142996000
2018-09-12,52.22520446777344,53.15361928773822,51.934628753608905,53.139445566015176,197114800
2018-09-13,53.4867057800293,53.9450085851955,52.57955171881712,52.80397734684011,166825600
2018-09-14,52.87957000732422,53.58828477062552,52.56773738592069,53.33078593842304,127997200
2018-09-17,51.47159957885742,52.66932583005766,51.327494078328534,52.48033447784941,148780400
2018-09-18,51.556640625,52.409460912019995,51.29205131507944,51.450330521211534,126286800
2018-09-19,51.58734893798828,51.88264677017388,50.86209933658958,51.61806106604274,108495200
2018-09-20,51.97951126098633,52.51104741962864,51.77162040987671,52.02912288853213,106435200
2018-09-21,51.419620513916016,52.29370135458624,51.33220990655215,52.15668273128186,384986800
2018-09-24,52.1590461730957,52.27007844864043,51.17629770710372,51.221183555265625,110773600
2018-09-25,52.48979187011719,52.63862316231138,51.90155716713546,51.91336980384638,98217600
2018-09-26,52.07162857055664,52.85830228404179,51.91571047857742,52.208647172170885,95938800
2018-09-27,53.14180374145508,53.49380009871501,52.80870688036114,52.8748569192973,120724800
2018-09-28,53.32842254638672,53.35204420798232,52.922092477963226,53.10399333061653,91717600
2018-10-01,53.68750762939453,54.19778315474895,53.47253354452783,53.850512611497464,94403200
2018-10-02,54.164710998535156,54.33480284363987,53.53868101635113,53.685147592248526,99152800
2018-10-03,54.82381057739258,55.15454267446678,54.2828229843168,54.34660831900594,114619200
2018-10-04,53.85996627807617,54.88996531394605,53.56230374089691,54.51906948736873,128168000
2018-10-05,52.98587417602539,53.959178192789615,52.10943230916903,53.852871703900746,134322000
2018-10-08,52.863040924072266,53.10636606409156,52.01966853422493,52.49450978403178,118655600
2018-10-09,53.59538269042969,53.68988017453058,52.503962883215074,52.83233398045599,107564000
2018-10-10,51.112518310546875,53.47254020577413,51.03928501490466,53.26228826469698,167962400
2018-10-11,50.66129684448242,51.854300842204054,50.15811177498409,50.67783525382728,212497600
2018-10-12,52.47088623046875,52.652790721334746,51.22590944484672,52.071642947462294,161351600
2018-10-15,51.34873580932617,52.40472086225554,51.327475236243835,52.246441699238886,123164000
2018-10-16,52.48031997680664,52.6787628243834,51.20699609467612,51.719632607771864,116736000
2018-10-17,52.253543853759766,52.59608862651848,51.816501609567986,52.51576847933284,91541600
2018-10-18,51.03219223022461,51.9109988853349,50.31875164361143,51.46686978304842,130325200
2018-10-19,51.80940628051758,52.270070113730455,51.36527724915882,51.51410848939273,132314800
2018-10-22,52.1259765625,52.76618390607024,51.72201111053948,51.92281149157799,115168400
2018-10-23,52.61735534667969,52.74020027152465,50.72036209337525,50.98731252485266,155071200
2018-10-24,50.81249237060547,52.97171017320504,50.68256059159632,52.586644215954536,163702000
2018-10-25,51.9251708984375,52.298427786327714,51.20464347576049,51.431433794182205,119423200
2018-10-26,51.09833908081055,52.01730581697299,50.240792997824286,51.003841608951056,189033600
2018-10-29,50.139217376708984,51.89919196573982,48.68634968954274,51.78107281741949,183742000
2018-10-30,50.38962173461914,50.8337472135886,49.43758183225462,49.88170731122408,146640000
2018-10-31,51.70310974121094,52.07872773863771,51.17393470003853,51.23535895942081,153435600
2018-11-01,52.49686813354492,52.52994134683256,51.218818240233645,51.7479932575457,233292800
2018-11-02,49.01471710205078,50.47230685045314,48.530427909312415,49.50373206968647,365314800
2018-11-05,47.62327194213867,48.28473981849687,46.81533749201692,48.26347923934601,264654800
2018-11-06,48.13827133178711,48.362696958228696,47.64689531758217,47.70122910815629,127531600
2018-11-07,49.598228454589844,49.62421481077782,48.22332347597132,48.6580010661063,133697600
2018-11-08,49.425167083740234,49.8115765392993,49.01267698848203,49.77838793052821,101450400
2018-11-09,48.47218704223633,48.83726183151383,47.94590781417605,48.728215068099814,137463200
2018-11-12,46.03043746948242,47.37695470965315,45.940352537920646,47.175450083987386,204542000
2018-11-13,45.57054138183594,46.74400049739225,45.385632848101636,45.42830599596469,187531600
2018-11-14,44.283287048339844,46.10392577764723,44.0770401608399,45.96642905840981,243204000
2018-11-15,45.376155853271484,45.50891033846056,44.307001148138966,44.66022574552937,185915200
2018-11-16,45.87870788574219,46.22007848348282,44.913865338101395,45.16040876019914,147713200
2018-11-19,44.0604362487793,45.20781787683078,43.854193031994036,45.04187485083766,167701200
2018-11-20,41.955318450927734,43.019730332834,41.6068363013813,42.28483516720722,271300800
2018-11-21,41.90790939331055,42.73525883894707,41.85338602993736,42.60724306041743,124496800
2018-11-23,40.8435173034668,41.86526023657252,40.79847844408409,41.47173541830532,94496000
2018-11-26,41.39585876464844,41.474089835387204,40.362265965846845,41.30577746097213,179994000
2018-11-27,41.305782318115234,41.43142518724016,40.50925196099607,40.65859891607065,165549600
2018-11-28,42.89408874511719,42.97705844861623,41.46934082443989,41.896054042091045,184250000
2018-11-29,42.5645866394043,43.33504001855677,42.126019422817734,43.30185140230018,167080000
2018-11-30,42.33462905883789,42.749488506107106,41.967181396370556,42.74000397877434,158126000
2018-12-03,43.81390380859375,43.84235015808843,42.95810782751556,43.72856114282213,163210000
2018-12-04,41.88657760620117,43.2378332586359,41.78701178099935,42.89646264806565,165377200
2018-12-06,41.41957092285156,41.43379409773715,40.40020118769581,40.717864151099256,172393600
2018-12-07,39.942665100097656,41.365040213085045,39.8976226427538,41.127977694253815,169126400
2018-12-10,40.20579147338867,40.32194975451075,38.71940895426331,39.11530279698272,248104000
2018-12-11,39.975860595703125,40.72497553514085,39.58944746589914,40.69415986213853,189126800
2018-12-12,40.087276458740234,40.75579093217634,40.06831102170334,40.39545486304984,142510800
2018-12-13,40.52584457397461,40.90988838723615,40.193958431440095,40.416797820265124,127594400
2018-12-14,39.2291145324707,40.082541263185234,39.18170274016165,40.06357582280403,162814800
2018-12-17,38.86404037475586,39.909487232293245,38.57719305816961,39.22200357230007,177151600
2018-12-18,39.36896896362305,39.71507816906139,38.97070210436041,39.20539526878053,135366000
2018-12-19,38.14099884033203,39.696128806296855,37.714285467405595,39.35238878434899,196189200
2018-12-20,37.17851257324219,38.430202292752995,36.815807235047956,38.02482382326648,259092000
2018-12-21,35.7324333190918,37.4938097578085,35.47166671241152,37.185627752379936,382978400
2018-12-24,34.80789566040039,35.926831218245276,34.75099934452627,35.120816354489186,148676800
2018-12-26,37.25910949707031,37.27333266708523,34.78180730788229,35.15636645984943,234330000
2018-12-27,37.01730728149414,37.16428848868173,35.575970489882636,36.943818486543655,212468400
2018-12-28,37.03627395629883,37.57914911568822,36.63801068620746,37.3373443489689,169165600
2018-12-31,37.394248962402344,37.77828914637844,37.09554782616534,37.58152679042015,140014000
2019-01-02,37.436912536621094,37.657382560104914,36.56215126344113,36.71861339400552,148158800
2019-01-03,33.707923889160156,34.54475438454186,33.66288142679495,34.132264253567534,365248800
2019-01-04,35.146888732910156,35.215638890994725,34.089591894725444,34.262646525522236,234428400
2019-01-07,35.06866455078125,35.28202303602157,34.58742781885169,35.25120374411971,219111200
2019-01-08,35.73716735839844,35.990825937637695,35.20851906305133,35.45506244028608,164101200
2019-01-09,36.34406280517578,36.63327943614389,35.471674265217295,35.86519539069432,180396400
2019-01-10,36.4602165222168,36.50051671678858,35.763252130392665,36.15203452087651,143122800
2019-01-11,36.10224914550781,36.436508162841335,35.91734067151202,36.24211877976571,108092800
2019-01-14,35.559383392333984,35.860453851229586,35.37447488807685,35.760888011805555,129756800
2019-01-15,36.287174224853516,36.3630323765045,35.57124415396462,35.62339821578827,114843600
2019-01-16,36.730464935302734,36.95330426774839,36.270563098942425,36.28952853333001,122278800
2019-01-17,36.94856643676758,37.37527971845507,36.33220240574262,36.555041764917604,119284800
2019-01-18,37.1761474609375,37.42743316241718,36.977012187831065,37.33734824404253,135004000
2019-01-22,36.34169006347656,37.15481288318813,36.180485646601795,37.07895474729043,121576000
2019-01-23,36.48866271972656,36.777879284107165,35.96238363485609,36.54318608659887,92522400
2019-01-24,36.1994514465332,36.621422505300714,35.971873419279106,36.53371051743065,101766000
2019-01-25,37.39898681640625,37.48670242020263,36.58349467789878,36.85848448845611,134142000
2019-01-28,37.05287170410156,37.059983290146754,36.42702681111613,36.93196750675945,104768400
2019-01-29,36.6688232421875,37.4866917047765,36.5336995074683,37.04101307789164,166348800
2019-01-30,39.17458724975586,39.38794210253695,37.98453220972156,38.70046213932008,244439200
2019-01-31,39.456695556640625,40.06357516979574,39.01101675816641,39.378464472826245,162958400
2019-02-01,39.475650787353516,40.05882254527424,39.33578115515661,39.57995887212942,130672400
2019-02-04,40.596954345703125,40.694150841774515,39.65581590302126,39.68663518647969,125982000
2019-02-05,41.29155349731445,41.50491196410588,40.85773221114225,40.97863281022283,144406400
2019-02-06,41.305782318115234,41.6210759612757,40.97626549992744,41.402975219897854,112958400
2019-02-07,40.52347183227539,41.23465946396211,40.38123285902311,40.869581120682014,126966800
2019-02-08,40.57109451293945,40.63061433812733,40.09731539663526,40.23302234180851,95280000
2019-02-11,40.337764739990234,40.7615491383027,40.29491221963111,40.723455587227264,83973600
2019-02-12,40.68537139892578,40.71156026721677,40.40205645090563,40.497290350510035,89134000
2019-02-13,40.51632308959961,41.06390606505326,40.4544237953591,40.804400566797696,89960800
2019-02-14,40.66392517089844,40.773439560677936,40.32585316707472,40.404419733377416,87342800
2019-02-15,40.573463439941406,40.87820457497819,40.41395078588315,40.771069644079475,98507200
2019-02-19,40.69489288330078,40.816315650930065,40.352061743881706,40.404439480348884,75891200
2019-02-20,40.956764221191406,41.263888421578514,40.70916345322064,40.75677856635345,104457600
2019-02-21,40.72583770751953,41.03772095743167,40.54489877740289,40.90201766804449,68998800
2019-02-22,41.180564880371094,41.18770696667767,40.80201977491948,40.84963489456358,75652800
2019-02-25,41.480533599853516,41.87098330113477,41.413871721546954,41.46386994667683,87493600
2019-02-26,41.50434875488281,41.73528587720178,41.22817600180852,41.35674080846053,68280800
2019-02-27,41.632904052734375,41.66385550789335,41.12341476497842,41.237695384273145,111341600
2019-02-28,41.22343063354492,41.642452539667424,41.16867341001371,41.501986620138595,112861600
2019-03-01,41.65673828125,41.699590814457125,41.16153286720035,41.49246297168521,103544800
2019-03-04,41.866241455078125,42.318590618981844,41.41865126099976,41.8281478996669,109744800
2019-03-05,41.79006576538086,41.90196334448179,41.55436591375929,41.8876791654991,78949600
2019-03-06,41.54959487915039,41.780532059793444,41.41150846773898,41.58530531623897,83241600
2019-03-07,41.068668365478516,41.53054266631523,40.95439134895012,41.39483575753706,99185600
2019-03-08,41.166290283203125,41.204383840899425,40.35443904470858,40.54966580330091,95997600
2019-03-11,42.592376708984375,42.64475443502301,41.747198271035906,41.78052922098767,128044000
2019-03-12,43.0709228515625,43.48994107105625,42.70427873080419,42.85426983773272,129870400
2019-03-13,43.26138687133789,43.63993204857632,43.07330220879454,43.38994808203721,124130000
2019-03-14,43.74230194091797,43.83039373846659,43.46374963935355,43.78277497966139,94318000
2019-03-15,44.31130599975586,44.599383472174495,43.74467989147585,44.00894798730422,156171600
2019-03-18,44.763671875,44.85176005521902,44.23275241004252,44.235135528082104,104879200
2019-03-19,44.40892028808594,44.99459681614695,44.26369180656518,44.842226248059674,126585600
2019-03-20,44.796993255615234,45.11363909902574,43.98037952623001,44.337498406840204,124140800
2019-03-21,46.44689178466797,46.742111437312964,45.18983331663441,45.239831570241165,204136800
2019-03-22,45.48503494262695,47.06588079152945,45.42075253712384,46.50639318081825,169630800
2019-03-25,44.93507766723633,45.706452090174984,44.42558823212463,45.59455455525224,175381200
2019-03-26,44.4708251953125,45.920730708925866,43.944672043567564,45.63027370922542,199202000
2019-03-27,44.87079620361328,45.17791683539124,44.413684482957166,44.937458102492236,119393600
2019-03-28,44.93031692504883,45.13030262573335,44.647002032678536,44.98507413606459,83121600
2019-03-29,45.22315216064453,45.254103625195796,44.88745955109944,45.194583813551674,94256000
2019-04-01,45.53028106689453,45.63503289451936,44.849374206925575,45.6255113221176,111448000
2019-04-02,46.192134857177734,46.29689030333463,45.48503922841955,45.49456079952432,91062800
2019-04-03,46.5087776184082,46.78256727145678,45.98500042210558,46.008809797501385,93087200
2019-04-04,46.58972930908203,46.751621456363765,45.98262649117338,46.37545580304311,76457200
2019-04-05,46.901611328125,46.92542070577744,46.646864791887666,46.77066701663857,74106400
2019-04-08,47.63965606689453,47.670603896938765,46.744475824121956,46.76352259873422,103526800
2019-04-09,47.4968147277832,48.294381741495606,47.43253230720783,47.69204147441901,143072800
2019-04-10,47.76346969604492,47.79204168336263,47.182555602211416,47.30159525642969,86781200
2019-04-11,47.36586380004883,47.85392696581256,47.24444469615284,47.81821653313754,83603200
2019-04-12,47.34682083129883,47.64918250585792,46.713532766545136,47.42538742230085,111042800
2019-04-15,47.432533264160156,47.58014488597061,47.14207625605754,47.27778318747662,70146400
2019-04-16,47.43729019165039,47.94201703520826,47.27301492918647,47.48728843219198,102785600
2019-04-17,48.36103439331055,48.42055419987631,47.28491527341734,47.50632721009765,115627200
2019-04-18,48.534847259521484,48.603888659534256,48.21582186271426,48.35866726602402,96783200
2019-04-22,48.69435119628906,48.79196456564161,48.172957030939074,48.28961717719952,77758000
2019-04-23,49.39668273925781,49.46096515519979,48.544358571646036,48.67054028599068,93292000
2019-04-24,49.320499420166016,49.63476214823507,49.294310556760166,49.36811454468543,70162400
2019-04-25,48.8729133605957,49.463348946368356,48.834819804661606,49.241936964004154,74172800
2019-04-26,48.63958740234375,48.80624213673832,48.12057279202839,48.78243276062449,74596400
2019-04-29,48.7133903503418,49.03717824150613,48.53483093167325,48.66339211468231,88818800
2019-04-30,47.77535629272461,48.425311541396056,47.40395329348379,48.344365479059064,186139600
2019-05-01,50.12044906616211,51.260847173955064,49.813324772705464,49.96807847828328,259309200
2019-05-02,49.79427719116211,50.62755462484601,49.55143895467689,49.95855246647943,127985200
2019-05-03,50.41328048706055,50.4347067473906,50.05139901490421,50.208532189593264,83569600
2019-05-06,49.6347541809082,49.72046284440572,48.44912069652626,48.637201679667754,129772400
2019-05-07,48.29676818847656,49.38240924321776,47.81346748764048,49.015768710198,155054800
2019-05-08,48.30628204345703,48.88719603885827,48.03249233826774,48.06820277536153,105358000
2019-05-09,47.78727340698242,48.01582748157981,46.8206721107276,47.71108629358228,139634400
2019-05-10,47.12525177001953,47.52437848755979,46.07128168416476,47.182612149934656,164834800
2019-05-13,44.3863525390625,45.28497649247843,43.700434952267486,44.86195605399725,229722400
2019-05-14,45.089012145996094,45.33756652424248,44.31227469963762,44.55127083697869,146118800
2019-05-15,45.62913513183594,45.827502333135364,44.458055696511366,44.51780472171754,106178800
2019-05-16,45.42836380004883,45.99956414047888,45.13200742318187,45.387734914370185,132125600
2019-05-17,45.17026138305664,45.62435249909056,44.63490882419049,44.675537722211125,131516400
2019-05-20,43.757781982421875,44.058919312274625,43.08620372582962,43.860552171006695,154449200
2019-05-21,44.5966682434082,44.93126128361247,44.14257352108455,44.26685249892783,113459200
2019-05-22,43.683712005615234,44.38397255733177,43.62874391724978,44.13302589344985,118994400
2019-05-23,42.93803024291992,43.14834428232536,42.49588610174681,42.9714895432883,146118800
2019-05-24,42.77313995361328,43.53075728840777,42.68948984494602,43.06710418805219,94858800
2019-05-28,42.59627914428711,43.16031015583973,42.51980227917044,42.76118705714658,111792800
2019-05-29,42.39314651489258,42.86396931388258,42.06333059664978,42.16370856159486,113924800
2019-05-30,42.61301040649414,42.835275055359716,42.22344555038047,42.529360302870096,84873600
2019-05-31,41.84103775024414,42.53890573737013,41.82191762975972,42.118270380293026,108174400
2019-06-03,41.41801452636719,42.522175065927414,40.69385681577377,41.96770614858801,161584400
2019-06-04,42.93326187133789,42.978671716588416,41.70960293183085,41.92947891959907,123872000
2019-06-05,43.626346588134766,44.21188995189266,43.29175350609404,44.0422011159206,119093600
2019-06-06,44.26686096191406,44.32660999100133,43.53314113426265,43.75540941879875,90105200
2019-06-07,45.44511032104492,45.86813447046718,44.39830980535762,44.57516459850568,122737600
2019-06-10,46.02586364746094,46.692661078886516,45.796425815427575,45.84183565226266,104883600
2019-06-11,46.558834075927734,46.843240045404315,46.26965080968736,46.57078461142005,107731600
2019-06-12,46.410648345947266,46.836061067320955,46.21945075676128,46.35328797515427,73012800
2019-06-13,46.401092529296875,47.03204210337555,46.269647588406826,46.53254111697809,86698400
2019-06-14,46.06411361694336,46.267258131465205,45.480962498943924,45.77970764982139,75046000
2019-06-17,46.338951110839844,46.59467867410405,45.92787754991537,46.10234367212921,58676400
2019-06-18,47.42877197265625,47.868523890430765,46.65442699718173,46.85518283180173,106204000
2019-06-19,47.290164947509766,47.77054952176629,47.156327692900156,47.722747376441426,84496800
2019-06-20,47.670162200927734,47.945006248507305,47.32839589241973,47.88764587347905,86056000
2019-06-21,47.50764846801758,48.002372187149874,47.357079745361425,47.5124294115218,191202400
2019-06-24,47.459842681884766,47.83745693129313,47.3618534124554,47.45028079634536,72881600
2019-06-25,46.74047088623047,47.62236346699699,46.67354862052132,47.42399625849341,84281200
2019-06-26,47.75141525268555,48.03582115790758,47.16587561376463,47.266253524997595,104270000
2019-06-27,47.737083435058594,48.17444674582689,47.69645453473033,47.86852837567722,83598800
2019-06-28,47.30210494995117,47.67971920381685,47.09417952190008,47.483740662644806,124442400
2019-07-01,48.1696662902832,48.87231543119535,47.9545676050374,48.556838818217976,109012000
2019-07-02,48.45167922973633,48.54727985958251,48.12425573364212,48.13620626822179,67740800
2019-07-03,48.853187561035156,48.86035715139442,48.44211402874797,48.58312083486759,45448000
2019-07-05,48.8101692199707,49.013317350110974,48.492303990598344,48.599855145843684,69062000
2019-07-08,47.80401611328125,48.1338283561263,47.41923212430183,47.992821487608886,101354400
2019-07-09,48.09557342529297,48.16009974250935,47.514811042809626,47.60801937002413,82312000
2019-07-10,48.571170806884766,48.690668843168744,48.17204780331115,48.24135870655863,71588400
2019-07-11,48.21746826171875,48.84841788640936,48.207910021298474,48.590301633564366,80767200
2019-07-12,48.58791732788086,48.7552139011244,48.32502010793259,48.384769144576126,70380800
2019-07-15,49.044403076171875,49.202137768531074,48.75521612106143,48.77672490000242,67789600
2019-07-16,48.87470245361328,49.25948632051337,48.63570635359561,48.89621122738501,67467200
2019-07-17,48.599853515625,49.0157043539387,48.58073339192921,48.76715003947481,56430000
2019-07-18,49.151939392089844,49.20451882646519,48.683505425870685,48.7552049860908,74162400
2019-07-19,48.418209075927734,49.352684510163414,48.36324100532279,49.18299570943903,83717200
2019-07-22,49.5247688293457,49.52715747734154,48.661992820040304,48.67155105881449,89111600
2019-07-23,49.91194534301758,49.92867682071002,49.54150065350668,49.821129303572306,73420800
2019-07-24,49.87132263183594,49.98603975456587,49.51282843236224,49.63232649885347,59966400
2019-07-25,49.47697830200195,50.00754998570546,49.40766738427243,49.92389988411229,55638400
2019-07-26,49.649051666259766,50.12465157648066,49.50565254598537,49.58691034563834,70475600
2019-07-29,50.112709045410156,50.34214694513412,49.81635616480668,49.821137108723676,86693600
2019-07-30,49.897605895996094,50.22742168380975,49.546281334227054,49.89282495285342,135742800
2019-07-31,50.91572189331055,52.906559623159254,50.499871059371,51.72352978870497,277125600
2019-08-01,49.81394577026367,52.10830934671211,49.410045502425135,51.121254477006445,216071600
2019-08-02,48.759979248046875,49.33595700548776,48.18877878631925,49.12086200109132,163448400
2019-08-05,46.2075080871582,47.476576876746385,46.02587235225602,47.3188422121064,209572000
2019-08-06,47.08222579956055,47.33795334497197,46.37479582762902,46.91731792774056,143299200
2019-08-07,47.56978225708008,47.69406125048899,46.32222596704192,46.702228891752036,133457600
2019-08-08,48.618980407714844,48.642881479152365,47.65343765837779,47.84702393793063,108038000
2019-08-09,48.21834182739258,48.64296958479051,47.810501798191915,48.29271153651943,98478800
2019-08-12,48.095985412597656,48.47263670436005,47.776912437595854,47.889667686680966,89927600
2019-08-13,50.13277053833008,50.893266254855526,48.09598298618555,48.225533277199396,188874000
2019-08-14,48.64057159423828,49.5258185877482,48.60218604759379,48.7389331847721,146189600
2019-08-15,48.39826202392578,49.213934627282455,47.90165870212019,48.81089743333585,108909600
2019-08-16,49.54021072387695,49.69854835341414,48.90206475803103,49.00762317772249,110481600
2019-08-19,50.463836669921875,51.03480602660316,50.38706558899019,50.528608151230536,97654400
2019-08-20,50.46622848510742,51.183543088415696,50.45663393143756,50.590979646692816,107537200
2019-08-21,51.013221740722656,51.25552363068702,50.763723018625974,51.097189663129065,86141600
2019-08-22,50.97003173828125,51.44504087828492,50.559794076019166,51.14516072362289,89014800
2019-08-23,48.61417770385742,50.87167667544053,48.220735037045706,50.243125301638166,187272000
2019-08-26,49.537811279296875,49.70574345904227,49.194746427216245,49.38667048720254,104174400
2019-08-27,48.97883605957031,50.03201521587099,48.827695261576054,49.866480753429116,103493200
2019-08-28,49.30751037597656,49.35309276008955,48.77732413917764,48.964449124006386,63755200
2019-08-29,50.142356872558594,50.21673022183767,49.57858440865534,50.02000709390255,83962000
2019-08-30,50.07759475708008,50.4878288131881,49.70814030749895,50.418258218749706,84573600
2019-09-03,49.34829330444336,49.655370388192495,48.99323611272985,49.52342234580476,80092000
2019-09-04,50.185546875,50.255117463865645,49.73692731137663,49.993622833766814,76752400
2019-09-05,51.166770935058594,51.33230542992981,50.74213944742997,50.85969383119378,95654800
2019-09-06,51.161956787109375,51.4402464746383,50.982028677859134,51.35148311214848,77449200
2019-09-09,51.38027572631836,51.924859218012465,50.63657499459651,51.54101108118064,109237600
2019-09-10,51.98721694946289,52.006409716449355,50.79009785143118,51.30589019435055,127111600
2019-09-11,53.64018249511719,53.66897349012647,52.23434365031602,52.315913865419894,177158400
2019-09-12,53.52021789550781,54.31909918340094,53.46504096397798,53.930455617643666,128906800
2019-09-13,52.479034423828125,52.96843729417026,52.064001256565966,52.778914620535716,159053200
2019-09-16,52.75491714477539,52.81009773078232,52.19354235463961,52.23432561778829,84632400
2019-09-17,52.94683837890625,52.97562936245172,52.567789431266945,52.76931167349986,73274800
2019-09-18,53.443458557128906,53.462651332010914,52.644577148321865,53.033220772901906,101360000
2019-09-19,53.00922393798828,53.68095264649306,52.86767770380978,53.26112037335412,88242400
2019-09-20,52.23432922363281,53.393066700070236,52.17195546286078,53.10998156197395,221652400
2019-09-23,52.47184371948242,52.740535235702495,52.21514448401354,52.5270206571389,76662000
2019-09-24,52.22233200073242,53.37627400150818,52.1047813136798,53.026012342649935,124763200
2019-09-25,53.02602005004883,53.1387753063045,52.092792946174384,52.43105871494141,87613600
2019-09-26,52.75252151489258,53.00442159553428,52.49822371066928,52.778911116876884,75334000
2019-09-27,52.49583435058594,53.00922914863513,52.12637986394513,52.9084661718078,101408000
2019-09-30,53.7313346862793,53.877676369428805,52.96843755851151,52.99482716237936,103909600
2019-10-01,53.880069732666016,54.75092292917973,53.78650726482421,53.99522635512258,139223200
2019-10-02,52.529422760009766,53.63777894021879,52.28231807789279,53.51302773713352,138449200
2019-10-03,52.97564697265625,53.00923341408551,51.61059149483936,52.40227242290722,114426000
2019-10-04,54.460636138916016,54.57579275889607,53.71213641227853,54.13196864675856,138478800
2019-10-07,54.47263717651367,55.161160934101474,54.17995381280001,54.28311450360741,122306000
2019-10-08,53.834495544433594,54.712545705751026,53.817704155676886,54.17516269518079,111820000
2019-10-09,54.465431213378906,54.64775702387613,54.13196463825404,54.465431213378906,74770400
2019-10-10,55.19953918457031,55.283507092490474,54.53020828720955,54.68134539656082,113013600
2019-10-11,56.66775894165039,57.01082010729211,55.73213059230201,55.88566909661836,166795600
2019-10-14,56.586185455322266,57.128371126988384,56.29830123407863,56.35347815849409,96427600
2019-10-15,56.45425033569336,57.01322382343534,56.34869191650956,56.710945890847526,87360000
2019-10-16,56.226341247558594,56.43506037247949,55.94565379747248,55.98643706861519,73903200
2019-10-17,56.44465637207031,56.65337184168017,56.022426324167796,56.3990739912021,67585200
2019-10-18,56.71574020385742,56.996427616238385,56.20714092357815,56.27911289972252,97433600
2019-10-21,57.699344635009766,57.81450126035305,56.93405348688718,56.98203358379018,87247200
2019-10-22,57.567386627197266,58.10476944206431,57.485816455101336,57.855270800968306,82293600
2019-10-23,58.33989715576172,58.3542944816092,57.869687009535255,58.080803860863966,75828800
2019-10-24,58.435855865478516,58.72853923419843,58.01122447632799,58.65896497767729,69275200
2019-10-25,59.15556716918945,59.19155132829628,58.26792252496766,58.33509539573167,73477200
2019-10-28,59.748146057128906,59.796126168464504,59.18916879148197,59.35710101148049,96572800
2019-10-29,58.36627960205078,59.91606203658459,58.19355198019087,59.728937090643406,142839600
2019-10-30,58.35908508300781,58.84849162305364,57.867284479823844,58.71894132571627,124522000
2019-10-31,59.678565979003906,59.776927577095016,56.91966774812424,59.313914239806,139162000
2019-11-01,61.37226867675781,61.39865461356238,59.77450649070196,59.86566755954827,151125200
2019-11-04,61.77531051635742,61.859278422094505,61.26671495652278,61.734523594841924,103272000
2019-11-05,61.686561584472656,61.94085942383755,61.49223978875598,61.667365150580366,79897600
2019-11-06,61.71294021606445,61.772916252605114,61.264320634147275,61.600184974516274,75864400
2019-11-07,62.425174713134766,62.64655235097991,62.1075488018549,62.259143320569045,94940400
2019-11-08,62.596031188964844,62.66821556732877,61.8043749042975,62.247122892567724,69986400
2019-11-11,63.09171676635742,63.156682706813456,62.14846594489044,62.153275789018245,81821200
2019-11-12,63.033958435058594,63.23368077605803,62.78371437532705,62.93530156134261,87388800
2019-11-13,63.637935638427734,63.71252861529015,62.819814143525335,62.834251020126196,102734400
2019-11-14,63.19758987426758,63.736586128680244,63.06765065462409,63.46467940785747,89182800
2019-11-15,63.94834518432617,63.95315502891984,63.28662806062503,63.447842302165945,100206400
2019-11-18,64.27078247070312,64.35018529631039,63.580191577203664,63.95796632642828,86703200
2019-11-19,64.07588958740234,64.48735535838527,63.85932904179426,64.46329144370087,76167200
2019-11-20,63.32993698120117,64.02533768482304,62.65859284317202,63.89540579483597,106234400
2019-11-21,63.04600524902344,63.527254078451136,62.84628287257729,63.45025250335686,121395200
2019-11-22,62.99065017700195,63.32752284181442,62.76446267135501,63.18555533818893,65325200
2019-11-25,64.09513092041016,64.11197639359949,63.16872535757396,63.214444588644916,84020400
2019-11-26,63.59461212158203,64.28520283771707,63.16389247487516,64.23226518648342,105207600
2019-11-27,64.44884490966797,64.48253585383468,63.8400654100489,63.905031361017265,65235600
2019-11-29,64.30687713623047,64.48734545373158,63.98203269607354,64.15047272971776,46617600
2019-12-02,63.563350677490234,64.54750372068722,63.39250938731946,64.3116891343449,94487200
2019-12-03,62.429996490478516,62.449243209271664,61.66962259086981,62.15568118058269,114430400
2019-12-04,62.98102951049805,63.35881158930754,62.72596822827263,62.819815271136704,67181600
2019-12-05,63.9050407409668,63.97964107924649,63.21926690581925,63.474328245499024,74424400
2019-12-06,65.13943481445312,65.2092179525118,64.31890465939279,64.36222263596946,106075600
2019-12-09,64.22748565673828,65.16110241589925,63.74382813052384,64.96860578052659,128042400
2019-12-10,64.60285186767578,64.98544384355337,63.97240967069265,64.63172562536087,90420400
2019-12-11,65.15386962890625,65.23327979738657,64.60765485527283,64.68224783580021,78756800
2019-12-12,65.31990051269531,65.58458883328302,64.323719270287,64.4344044431603,137310400
2019-12-13,66.20779418945312,66.24388637643624,65.19235905044793,65.31988967330359,133587600
2019-12-16,67.34114074707031,67.56492701892114,66.64814864663275,66.65295849103184,128186000
2019-12-17,67.47349548339844,67.80074117462817,67.08608634301142,67.27137184882572,114158400
2019-12-18,67.312255859375,67.83200535618194,67.16306993166862,67.32669273345803,116028400
2019-12-19,67.379638671875,67.65876384392536,67.12217615688571,67.25451663334493,98369200
2019-12-20,67.2400894165039,68.01249175897426,67.02833874913236,67.91143361344899,275978000
2019-12-23,68.33733367919922,68.39748978279006,67.46386588013625,67.50236666762733,98572000
2019-12-24,68.40229797363281,68.55149127528131,68.07746089671582,68.50336345626253,48478800
2019-12-26,69.75941467285156,69.77626014178544,68.50576371301644,68.53463746360407,93121200
2019-12-27,69.73294067382812,70.73634754482153,69.32869348774332,70.05056661001181,146266000
2019-12-30,70.14682006835938,70.4283538378636,68.6308893370176,69.6511344086115,144114400
2019-12-31,70.65935516357422,70.66657360200388,69.66557519453796,69.76423208192604,100805600
2020-01-02,72.27153778076172,72.3316938789073,71.02991503384398,71.28256770874596,135480400
2020-01-03,71.56890869140625,72.32687403151142,71.34512977691992,71.50153415769186,146322800
2020-01-06,72.13920593261719,72.17770672514841,70.44280652658847,70.69305800640377,118387200
2020-01-07,71.79991912841797,72.40388138645835,71.58095004051803,72.148820106767,108872000
2020-01-08,72.95491027832031,73.25569076947626,71.50394548271495,71.50394548271495,132079200
2020-01-09,74.50454711914062,74.69704373534724,73.67920704582386,73.92945117823741,170108400
2020-01-10,74.67296600341797,75.2360335553344,74.17247048793807,74.73793929040194,140644800
2020-01-13,76.26831817626953,76.2947906823847,74.87029080894176,74.98820177445941,121532000
2020-01-14,75.23844146728516,76.4150983993522,75.11572800719021,76.2057563300334,161954400
2020-01-15,74.91598510742188,75.9169832961004,74.48526545986336,75.03870587717718,121923600
2020-01-16,75.85444641113281,75.96513894112196,75.09648089083629,75.4574175522418,108829200
2020-01-17,76.6942138671875,76.69661511764261,75.7966822559434,76.10227258526983,137816400
2020-01-21,76.1744613647461,76.7639866868858,76.03730370643434,76.32364730468942,110843200
2020-01-22,76.44638061523438,76.99740524586852,76.35253356734525,76.65812393494353,101832400
2020-01-23,76.81454467773438,76.89394751401544,75.95310504727735,76.49932724037184,104472000
2020-01-24,76.5931625366211,77.8010945444288,76.40306717879187,77.05997452322455,146537600
2020-01-27,74.34091186523438,75.01946709734743,73.36156878763045,74.60800142643146,161940000
2020-01-28,76.44396209716797,76.6148033558296,75.12052796860432,75.2191848484719,162234000
2020-01-29,78.04412078857422,78.88871482326161,77.33187458625076,78.07059329235672,216229200
2020-01-30,77.93101501464844,77.98395267078313,76.6990193918119,77.12973907839535,126743200
2020-01-31,74.47566223144531,77.64468154540367,74.18210016247106,77.22358883501371,199588400
2020-02-03,74.27113342285156,75.4333461257712,72.7215115901091,73.22200714636392,173788400
2020-02-04,76.72308349609375,76.91317880860565,75.467023963902,75.87127115182567,136616400
2020-02-05,77.3487319946289,78.14519833259766,76.74717087270234,77.8468190226948,118826800
2020-02-06,78.25345611572266,78.25586470947945,77.06236978662149,77.6182115421901,105425600
2020-02-07,77.18978118896484,78.00260869481056,76.70015470961765,77.75417767052507,117684000
2020-02-10,77.55643463134766,77.55643463134766,75.69923310986869,75.77882441135435,109348800
2020-02-11,77.0884780883789,78.12320868151228,76.87140364468625,78.05085298718184,94323200
2020-02-12,78.919189453125,78.92401071442725,77.53713625713554,77.53713625713554,113730400
2020-02-13,78.35716247558594,78.68277779613301,77.99054805167637,78.19315134073435,94747600
2020-02-14,78.37646484375,78.62489586415948,77.86995292388279,78.32580849927255,80113600
2020-02-18,76.94136047363281,77.12225708916644,75.88250875090567,76.0634053664393,152531200
2020-02-19,78.05567932128906,78.28481796940162,77.18255286966328,77.18255286966328,93984000
2020-02-20,77.25491333007812,78.30411519495496,76.75081563386378,77.81690294978998,100566000
2020-02-21,75.50626373291016,77.29111668555649,74.8912180267307,76.84972470852547,129554000
2020-02-24,71.919677734375,73.3668508412422,69.76098226638659,71.69778197998241,222195200
2020-02-25,69.48360443115234,72.96888275320897,69.0132775682206,72.58779705787798,230673600
2020-02-26,70.58584594726562,71.84730078233405,69.10249542340598,69.10973099237307,198054800
2020-02-27,65.97180938720703,68.98193273837146,65.83674045741485,67.80007592233748,320605600
2020-02-28,65.93316650390625,67.15120760706495,61.835259293448516,62.04992671791035,426510000
2020-03-02,72.07159423828125,72.70593929469655,66.98478432238063,68.08463471713216,341397200
2020-03-03,69.78268432617188,73.32343252495296,68.93367144924383,73.24384124809224,319475600
2020-03-04,73.01952362060547,73.17871353455695,70.70163838902825,71.49999490851802,219178400
2020-03-05,70.6509780883789,72.25009782118012,70.28677058471263,71.27808040208855,187572800
2020-03-06,69.71272277832031,70.14446470818916,67.83140115432955,68.01711900672953,226176800
2020-03-09,64.19902038574219,67.07406711242609,63.4344272820737,63.61532393782106,286744800
2020-03-10,68.8227310180664,69.08804757078283,64.9708381447339,66.84493210656007,285290000
2020-03-11,66.43247985839844,67.82900397076429,65.57141009124467,66.90522837411211,255598800
2020-03-12,59.8719482421875,65.12277445766078,59.816474316666195,61.73156686549944,418474000
2020-03-13,67.04512786865234,67.51546213922724,61.01041412848334,63.890293287918134,370732000
2020-03-16,58.41996383666992,62.488927074911565,57.88692016083435,58.35725065107087,322423600
2020-03-17,60.988685607910156,62.1343603897057,57.50099755431687,59.69828839419459,324056000
2020-03-18,59.495697021484375,60.298878525080625,57.192279125756,57.83144944633274,300233600
2020-03-19,59.03983688354492,60.983872113197,58.51644306635794,59.669357314419855,271857200
2020-03-20,55.29165267944336,60.74025764199119,54.99256896191713,59.618696461531016,401693200
2020-03-23,54.11703872680664,55.113177422037836,51.28058067981566,55.01187574325441,336752800
2020-03-24,59.54634475708008,59.74171251843163,56.51210499986582,57.008967128821915,287531200
2020-03-25,59.21831512451172,62.288732546346424,58.92405634525676,60.47976645109919,303602000
2020-03-26,62.33457565307617,62.392460226978535,59.42093310194712,59.45952527144993,252087200
2020-03-27,59.7537727355957,61.71468959022156,59.58734725663957,60.962160830090674,204216800
2020-03-30,61.45902633666992,61.630276765400616,60.154157765040964,60.4773625403671,167976400
2020-03-31,61.333595275878906,63.31139742053906,60.78125926146835,61.649564437343955,197002000
2020-04-01,58.10639953613281,59.990135502333565,57.67707190892179,59.45468128316464,176218400
2020-04-02,59.07600784301758,59.129071143668284,57.13920841031964,57.968921460111474,165934000
2020-04-03,58.22700119018555,59.26172817079223,57.63848363538416,58.56226275717802,129880000
2020-04-06,63.30656814575195,63.46092940152983,60.14932068380105,60.51593510688668,201820400
2020-04-07,62.57333755493164,65.53281061360002,62.4696252718209,65.31572880710591,202887200
2020-04-08,64.17488861083984,64.48843981733701,63.00750327122689,63.37170347185306,168895200
2020-04-09,64.63798522949219,65.13967603448393,63.844457266187234,64.80923934887565,161834800
2020-04-13,65.90667724609375,66.01521817669068,64.11700321080237,64.71517076301717,131022800
2020-04-14,69.23516082763672,69.5245983530926,67.06440146882377,67.53473560751405,194994800
2020-04-15,68.60323333740234,69.06150330884216,67.6866933945227,68.11360677368938,131154400
2020-04-16,69.1483383178711,69.51254587742164,68.10155073366812,69.3147638013278,157125200
2020-04-17,68.2100830078125,69.21105020012682,66.77738117936849,68.66594602627303,215250000
2020-04-20,66.79427337646484,67.93995209285313,66.77498097363504,67.04029751693926,130015200
2020-04-21,64.72962951660156,66.8714465476712,64.02051421953927,66.63748663863089,180991600
2020-04-22,66.59407043457031,67.02821933430408,65.65340957801277,65.99348871174,116862400
2020-04-23,66.33600616455078,67.95684041674475,66.29741399655765,66.5386095259871,124814400
2020-04-24,68.25109100341797,68.26074088442513,66.81115357242885,66.85939561676216,126161200
2020-04-27,68.2993392944336,68.62977598230127,67.52268941813087,67.96889524586273,117087600
2020-04-28,67.1922378540039,68.94090519524222,67.10058974876348,68.76000857373481,112004800
2020-04-29,69.39916229248047,69.86708200588623,68.47297274366603,68.67557601740354,137280800
2020-04-30,70.86323547363281,71.0393108397726,69.54872440544703,69.93704563014794,183064000
2020-05-01,69.7223892211914,72.11745891629081,68.94573936920324,69.04221610297073,240616800
2020-05-04,70.70884704589844,70.83668031834924,69.05907133021842,69.74647971859336,133568000
2020-05-05,71.7701416015625,72.5998548168976,71.02243398346705,71.16715277417963,147751200
2020-05-06,72.5105972290039,73.14011388910748,72.08609083522563,72.46959075931778,142333600
2020-05-07,73.26072692871094,73.6056421260466,72.8338134962802,73.13530790467281,115215200
2020-05-08,75.00445556640625,75.05766251679151,73.59206160601275,73.9185584660756,133838400
2020-05-11,76.18464660644531,76.6780118973252,74.30548031406657,74.51347372073693,145946400
2020-05-12,75.31402587890625,77.31653072784458,75.19310165522488,76.86668877782286,162301200
2020-05-13,74.40465545654297,76.41200151515211,73.33084801811279,75.49297320787404,200622400
2020-05-14,74.86176300048828,74.92222510630167,72.92455476842612,73.64526572674791,158929200
2020-05-15,74.4191665649414,74.46511834982786,72.60530362666714,72.63916594421597,166348400
2020-05-18,76.17254638671875,76.54499487384902,75.05037399647745,75.73964319895468,135178400
2020-05-19,75.73241424560547,77.03355248472863,75.70097277157296,76.18950390013767,101729600
2020-05-20,77.20525360107422,77.27538431049794,76.54983924007178,76.58853586283631,111504800
2020-05-21,76.62969207763672,77.6067619997602,76.39267791109607,77.06743723434977,102688800
2020-05-22,77.123046875,77.20527445284804,76.26690139409212,76.368473598234,81803200
2020-05-26,76.60066223144531,78.41693907225796,76.54503443091458,78.23797358104541,125522000
2020-05-27,76.93441009521484,77.07952064739223,75.7203334826103,76.45797571424978,112945200
2020-05-28,76.96824645996094,78.22344013486418,76.334604889172,76.61030820274443,133560800
2020-05-29,76.89329528808594,77.6696267309123,76.53777777827462,77.21011616097432,153532400
2020-06-01,77.83891296386719,77.95983717000007,76.71673278825261,76.84733299745191,80791200
2020-06-02,78.1992416381836,78.22342794839169,77.13268956944977,77.57285532110987,87642800
2020-06-03,78.62974548339844,78.89094587146293,77.94773126866299,78.51849729325161,104491200
2020-06-04,77.95259857177734,78.7506955495374,77.5801498711956,78.45322666286307,87560400
2020-06-05,80.1727523803711,80.23321448623865,78.17266857529869,78.2016892052146,137250400
2020-06-08,80.64676666259766,80.68062898183005,79.16182130122834,79.87043535299438,95654400
2020-06-09,83.19343566894531,83.5852289286094,80.2960963197302,80.3275377952439,147712400
2020-06-10,85.33377838134766,85.80054396626458,83.70130187626772,84.13904683755014,166651600
2020-06-11,81.23687744140625,84.90330013235034,81.13530524486026,84.48006542527774,201662400
2020-06-12,81.9382095336914,84.1148444580523,80.8305474529917,83.36995486474609,200146000
2020-06-15,82.95155334472656,83.60212591934682,80.43391143480905,80.59595305752349,138808800
2020-06-16,85.14998626708984,85.42086269022191,83.36998548456056,85.00004143146272,165428800
2020-06-17,85.03145599365234,85.95289756796876,84.91053182504783,85.8924354836665,114406400
2020-06-18,85.0653305053711,85.48131000026396,84.45828873010188,84.98793725501275,96820400
2020-06-19,84.57921600341797,86.2334580419222,83.47396713214061,85.7691132840755,264476000
2020-06-22,86.7921142578125,86.93480389547132,84.92504474201495,84.97099651794542,135445200
2020-06-23,88.64468383789062,90.05949829570565,87.61440740737248,88.03280774958151,212155600
2020-06-24,87.07994079589844,89.19128014209528,86.70749216559717,88.27467257128609,192623200
2020-06-25,88.23596954345703,88.27466617320825,86.47773432903298,87.2347210034187,137522400
2020-06-26,85.52484893798828,88.35205726047579,85.37731757939976,88.13197433577965,205256800
2020-06-29,87.49588775634766,87.59021214691143,84.95648031386462,85.43292181496501,130646000
2020-06-30,88.2262954711914,88.51168219927229,87.06542607576557,87.08477070075071,140223200
2020-07-01,88.05941772460938,88.84542502767371,88.01105247279727,88.30368697136247,110737200
2020-07-02,88.05941772460938,89.59757739253234,87.94575606156859,88.96393576296241,114041600
2020-07-06,90.41500854492188,90.88177409640906,89.4524494397654,89.4838909066598,118655600
2020-07-07,90.13446807861328,91.56862711706414,90.02321989687357,90.79229592909284,112424400
2020-07-08,92.23373413085938,92.26517560751083,91.02207114050358,91.10914041281748,117092000
2020-07-09,92.63037109375,93.17694353591374,91.58558408723032,93.1237365851939,125642800
2020-07-10,92.79237365722656,92.85042228036532,91.6169942125863,92.22644940084874,90257200
2020-07-13,92.36431884765625,96.69582436714335,92.15149108508342,94.09353334761987,191649200
2020-07-14,93.89280700683594,94.08386192882043,90.8164950630273,91.74760549870197,170989200
2020-07-15,94.53854370117188,96.01139965901083,93.34381194373303,95.76229608743468,153198000
2020-07-16,93.37525177001953,94.22897636244912,92.77788590184623,93.41394840131093,110577600
2020-07-17,93.18661499023438,93.97987752001936,92.71500761457771,93.82509836770011,92186800
2020-07-20,95.15042114257812,95.28827651192833,92.93025444088441,93.27368244127173,90318000
2020-07-21,93.8371810913086,96.01381673517915,93.58807752951296,95.93884432011826,103433200
2020-07-22,94.10078430175781,94.78037765198125,93.45263242150494,93.53969429469112,89001600
2020-07-23,89.81766510009766,93.91215697447913,89.00989228366163,93.83476371071059,197004400
2020-07-24,89.59513854980469,89.93856645763552,86.23828223810673,88.02071079474753,185438800
2020-07-27,91.71858215332031,91.81048572351438,90.43195431248509,90.65445070078177,121214000
2020-07-28,90.21187591552734,91.46706972799262,90.20703422382543,91.29051773530753,103625600
2020-07-29,91.94108581542969,92.12489295560428,90.6568714411887,90.69314722395283,90329200
2020-07-30,93.0535888671875,93.15758190350233,90.71007737841838,91.11638090213245,158130000
2020-07-31,102.79525756835938,102.9452024123297,97.537467741964,99.53030380101023,374336800
2020-08-03,105.38544464111328,107.99740451645603,104.37452005882113,104.67198887947312,308151200
2020-08-04,106.08920288085938,107.177520504938,104.85335391870223,105.57406469122863,173071600
2020-08-05,106.4737548828125,106.79299653251695,105.34674048719083,105.81109264863613,121776800
2020-08-06,110.18852996826172,110.68190269913852,106.21738395051588,106.80507370575988,202428800
2020-08-07,107.68331909179688,110.16673452744945,106.88862644814542,109.7112386108564,198045600
2020-08-10,109.24847412109375,110.26364648269501,106.6051500806847,109.12490669471406,212403600
2020-08-11,105.99945068359375,109.01104473075696,105.74020453823464,108.51436454798494,187902400
2020-08-12,109.52227020263672,109.77909114067742,106.89348231283336,107.08730692473522,165598000
2020-08-13,111.4605484008789,112.46118443380263,110.41145251692377,110.8984466622293,210082000
2020-08-14,111.36119842529297,111.45084248513194,109.55617638834046,111.28609084035034,165565200
2020-08-17,111.07044982910156,112.50477691266525,110.44535925101356,112.48054699080019,119561600
2020-08-18,111.9959716796875,112.41996940914007,110.48896231124728,110.82331598950212,105633600
2020-08-19,112.13651275634766,113.54661008039473,112.04202566230961,112.40302713967982,145538000
2020-08-20,114.6247787475586,114.73865273876372,112.16074255230501,112.17770423893735,126907200
2020-08-21,120.53167724609375,121.01382096112869,115.56968878487616,115.58180005044522,338054800
2020-08-24,121.97325897216797,124.81041520723647,120.11251616944286,124.72560677695705,345937600
2020-08-25,120.97262573242188,121.31667291273054,119.25482982936344,120.84906568793242,211495600
2020-08-26,122.61774444580078,123.07324042466944,121.22218355631982,122.285815910586,163022400
2020-08-27,121.15190887451172,123.55052326117902,120.01074388155709,123.21859477393856,155552400
2020-08-28,120.95567321777344,122.54020825717129,120.73276826199735,122.12347869162592,187630000
2020-08-31,125.05754852294922,126.95706531989478,122.11137580386827,123.64261546547715,225702700
2020-09-01,130.03892517089844,130.6398007655306,126.50157751038662,128.66275103381622,151948100
2020-09-02,127.34469604492188,133.7216242950921,123.0804958061553,133.34366115932812,200119000
2020-09-03,117.14937591552734,124.86371200273943,116.7811062092152,122.99328312594758,257599600
2020-09-04,117.22692108154297,119.88235689314044,107.46770259236347,116.36438893039704,332607200
2020-09-08,109.3381118774414,115.3176895401304,109.20243319485355,110.43323478516716,231366600
2020-09-09,113.69926452636719,115.46309530780263,111.7028427061534,113.64111861515656,176940500
2020-09-10,109.98743438720703,116.7810916656073,109.0279901442392,116.64541298049808,182274400
2020-09-11,108.54342651367188,111.67374465663826,106.60515104021346,111.0341102013086,180860300
2020-09-14,111.79974365234375,112.35215193447013,109.31875310720565,111.17949601605923,140150100
2020-09-15,111.97418975830078,115.16265421996873,110.10375338394648,114.67808528768974,184642000
2020-09-16,108.6694107055664,112.41997637221431,108.58219185919356,111.67374357548836,154679000
2020-09-17,106.93466186523438,108.73725877422822,105.35496990474392,106.33380115819288,178011000
2020-09-18,103.54267883300781,107.45799642585531,102.81582548420052,106.99281442322203,287104900
2020-09-21,106.68270111083984,106.78930687065947,99.91811535962182,101.31367629258035,195713800
2020-09-22,108.35931396484375,109.37691179002789,105.79110426173926,109.20246665982306,183055400
2020-09-23,103.81405639648438,108.65005253506956,103.47485221017152,108.17517702574132,150718700
2020-09-24,104.8801040649414,106.84745280660479,101.75947886343313,101.92423053085801,167743300
2020-09-25,108.81480407714844,108.96986969287116,104.34707769075096,105.08362457756284,149981400
2020-09-28,111.41206359863281,111.76095374490502,109.2993432212882,111.46052343881142,137672400
2020-09-29,110.56891632080078,111.75126549437508,110.06496797160435,111.01472616815981,99382200
2020-09-30,112.23585510253906,113.64110945971419,110.11344818104769,110.27819984549522,142675200
2020-10-01,113.18560028076172,114.08689869652889,112.25522891512048,114.00936590090853,116120400
2020-10-02,109.5319595336914,111.80943945830253,108.75665366895876,109.40597427158033,144712000
2020-10-05,112.9045639038086,113.0499360657336,110.04561009300302,110.39450032404892,106243800
2020-10-06,109.66764068603516,112.53628778325715,108.78572170928096,112.1292442741749,161498200
2020-10-07,111.52838134765625,111.98387730301256,110.6076959885073,111.08257884073628,96849000
2020-10-08,111.42178344726562,112.80765091391855,111.05350632008391,112.66227875286972,83477200
2020-10-09,113.36005401611328,113.38912696820374,111.37331849200241,111.72220870495784,100506900
2020-10-12,120.56075286865234,121.31667922649164,115.59876429754219,116.35469065538149,240226800
2020-10-13,117.36259460449219,121.52019695499536,115.95734765025159,121.40389774875266,262330500
2020-10-14,117.4498062133789,119.23301612314903,115.92826024261022,117.26566767493782,150712000
2020-10-15,116.9845962524414,117.4594715957634,114.5036064167133,115.05601454088503,112559200
2020-10-16,115.34679412841797,117.79871932248498,115.1432760487085,117.53704793861876,115393800
2020-10-19,112.4006118774414,116.70357893346838,112.09048805904365,116.25777640664253,120639300
2020-10-20,113.88339233398438,115.30802617540574,112.06140841970505,112.613816705773,124423700
2020-10-21,113.26314544677734,115.04635557719843,112.8561019222811,113.06931343655647,89946000
2020-10-22,112.1777114868164,114.39703815641963,111.05350797811873,113.82524295280673,101988000
2020-10-23,111.4896011352539,112.95300112257948,110.75305441797342,112.7979355425483,82572600
2020-10-26,111.49932098388672,112.95302786819327,109.39628607186555,110.49141665682858,111850700
2020-10-27,113.00147247314453,113.66048651064561,111.0050508568626,111.92572886201872,92276800
2020-10-28,107.76812744140625,111.86758385649746,107.67121513386326,111.49931413026005,143937800
2020-10-29,111.76097106933594,113.32128352260756,108.7372584642391,108.90201751002611,146129200
2020-10-30,105.50032806396484,108.53372632984272,104.39551170417884,107.63242799486639,190272600
2020-11-02,105.41313171386719,107.26418875001484,104.00788464199921,105.74264246216923,122866900
2020-11-03,107.03157043457031,108.0491605877784,105.37434584740238,106.27564420820605,107624400
2020-11-04,111.40238952636719,112.02263714006965,108.88263267145909,110.61739025769825,138235500
2020-11-05,115.35649108886719,115.92828633454072,113.26315692390712,114.3098203094192,126387100
2020-11-06,115.22541046142578,115.7205180962264,112.74013248938302,114.86620819105919,114457900
2020-11-09,112.92459869384766,118.42908863111414,112.66248329970261,116.982584063866,154515300
2020-11-10,112.58483123779297,114.15753861862245,110.79853707591374,112.17709283585141,138023400
2020-11-11,116.00206756591797,116.1379803531598,113.0411019505022,113.76920934216545,112295000
2020-11-12,115.730224609375,117.011693129965,115.10890698767624,116.12826014557999,103162300
2020-11-13,115.7787857055664,116.17681389575209,114.42936059587085,115.95353177622367,81581900
2020-11-16,116.78840637207031,117.45826000844283,114.7011640982951,115.44868428594529,91183000
2020-11-17,115.90498352050781,117.14761890185565,115.48753500270898,116.06031664652185,74271000
2020-11-18,114.58464813232422,116.32239808728072,114.55552503136953,115.14771943974478,76322100
2020-11-19,115.17687225341797,115.58461058534773,113.4002885699786,114.1575190169027,74113000
2020-11-20,113.91482543945312,115.30308383579212,113.8662893904585,115.17688122037637,73604300
2020-11-23,110.52670288085938,114.18666026045105,110.42962337461562,113.7595015449486,127959300
2020-11-24,111.80815887451172,112.46830981108012,109.3034679028236,110.5849439032423,113874200
2020-11-25,112.64305877685547,113.34204301090116,111.80816176471099,112.17707422528561,76499200
2020-11-27,113.18672180175781,114.060452186272,112.82752688184597,113.1673088628538,46691300
2020-11-30,115.57490539550781,117.4388583652438,113.40028619079179,113.5556193082818,169410200
2020-12-01,119.1377944946289,119.86590193418374,116.50690050184049,117.47771042124693,127728200
2020-12-02,119.48726654052734,119.76880225855713,117.36119080484525,118.45820316266558,89004200
2020-12-03,119.35136413574219,120.16684084637635,118.64266969338425,119.91442821402666,78967600
2020-12-04,118.68150329589844,119.27369789260959,117.97280885162905,119.0212852595791,78260400
2020-12-07,120.13768768310547,120.93375125673806,118.68147328694661,118.73971949265236,86712000
2020-12-08,120.74931335449219,121.3318051265446,119.49696789528441,120.7396105898644,82225500
2020-12-09,118.22520446777344,122.27347915241411,117.46797408436613,120.89493115150903,115089200
2020-12-10,119.64259338378906,120.25420827611856,116.64279476467264,116.98257670113864,81312200
2020-12-11,118.83683013916016,119.17661208486537,117.03112333433712,118.8562430760472,86939800
2020-12-14,118.22520446777344,119.74937540549305,117.99221221288433,119.02126812811062,79184500
2020-12-15,124.14716339111328,124.16658373624205,120.50662638207584,120.71049556577894,157243700
2020-12-16,124.0792007446289,124.62285187377786,122.86568846942772,123.69088274191743,98208600
2020-12-17,124.94322967529297,125.79754711737371,124.30249159373241,125.13738869029768,94359800
2020-12-18,122.96278381347656,125.33156230733624,122.43854558581786,125.19564951572379,192541500
2020-12-21,124.4869384765625,124.56460503939759,119.84646874418631,121.3706398580424,121251600
2020-12-22,128.0303955078125,130.48654300822767,125.86547908382497,127.76827272564631,168904800
2020-12-23,127.13724517822266,128.5643218128226,126.96249172878603,128.30221385873838,88223700
2020-12-24,128.11781311035156,129.56432552636147,127.2732130436717,127.48679245579095,54930100
2020-12-28,132.70001220703125,133.33103273857998,129.61282891491868,130.07882834872916,124486200
2020-12-29,130.93310546875,134.7386778886634,130.41857748936,134.02028815847115,121047300
2020-12-30,129.81668090820312,132.02042318765425,129.50601467789232,131.62238763508645,96452100
2020-12-31,128.81675720214844,130.80692029298538,127.87507049302144,130.16618225748783,99116600
2021-01-04,125.63247680664062,129.70987425858502,123.05982982560184,129.62250494776845,143301900
2021-01-05,127.18578338623047,127.89448518815179,124.68109238722828,125.12767140195429,97664900
2021-01-06,122.90451049804688,127.22461824623385,122.69093117209596,123.99182006348317,155088000
2021-01-07,127.09841918945312,127.7877006759222,124.12774352599207,124.61314843344341,109578200
2021-01-08,128.19544982910156,128.75852134682515,126.42856870658443,128.56434751676753,105158200
2021-01-11,125.21503448486328,126.37030043054156,124.74904996348562,125.41891104549275,100384500
2021-01-12,125.04032897949219,125.9043492732531,123.15695523922157,124.74908302143444,91951100
2021-01-13,127.06927490234375,127.61292593794164,124.73933766024427,125.00144560094915,88636800
2021-01-14,125.1471176147461,127.17610691023913,125.0014872302532,126.98194787763325,90221800
2021-01-15,123.42875671386719,126.41885265934873,123.29284393513538,125.02088418474625,111598500
2021-01-19,124.09862518310547,124.9529425933155,123.23460500719132,124.05008172781939,90757300
2021-01-20,128.1759796142578,128.62255851090404,124.79756663573178,124.90435627536169,104319500
2021-01-21,132.87477111816406,135.5930423091138,129.69051523583008,129.89439187084045,120150900
2021-01-22,135.01051330566406,135.76774369341513,131.07873102256855,132.3019459227709,114459400
2021-01-25,138.74815368652344,140.85480946109453,132.55438158085332,138.89378406433565,157611700
2021-01-26,138.98110961914062,140.0878320002914,137.2433520930361,139.40826822473906,98390600
2021-01-27,137.91326904296875,140.08788882014454,136.31143843564914,139.24327402981456,140843800
2021-01-28,133.0883026123047,137.84527918740616,132.7096874093382,135.4473779641581,142621100
2021-01-29,128.1080322265625,132.74850059959678,126.40911554734014,131.86506037119048,177523800
2021-02-01,130.2244415283203,131.42825115687322,127.1081351803439,129.84582625364877,106239800
2021-02-02,131.04965209960938,132.3311136442388,130.68073954562587,131.7680420457218,83305400
2021-02-03,130.0302276611328,131.80681083550172,129.7098587464062,131.79709325987585,89880900
2021-02-04,133.37954711914062,133.38924988354398,130.66127693474024,132.32136807732365,84183100
2021-02-05,132.96632385253906,133.60801926205087,132.09129544721642,133.53996875011137,75693800
2021-02-08,133.1121826171875,133.16079860710033,131.1773789685877,132.2565886683768,71297200
2021-02-09,132.23715209960938,134.05528941674183,132.0816016865625,132.83023162868662,76774200
2021-02-10,131.63433837890625,133.1899609934861,130.67179521713933,132.69409868188646,73046600
2021-02-11,131.38156127929688,132.6066041234454,130.05928645451803,132.13019115518452,64280000
2021-02-12,131.61489868164062,131.77046392162595,129.98150816834826,130.62320365664934,60145100
2021-02-16,129.49537658691406,132.23714344471992,129.10646349095452,131.731578673249,80576300
2021-02-17,127.21055603027344,128.55228022303262,125.87856393692216,127.60918638254499,97918500
2021-02-18,126.11193084716797,126.39387989777283,123.87572846648807,125.6160684389903,96856700
2021-02-19,126.26744079589844,127.08415072536222,125.22712998621671,126.62718719613763,87668800
2021-02-22,122.50482940673828,126.1216398427311,122.11592370284757,124.4590677731543,103916400
2021-02-23,122.36872100830078,123.19514104352085,115.10593306236852,120.32697521018065,158273000
2021-02-24,121.87284851074219,122.07702231944482,118.83940058972168,121.47422557501572,111039900
2021-02-25,117.6337890625,122.95205487892161,117.19627482972935,121.22143247515002,148199500
2021-02-26,117.89630889892578,121.38672049171518,117.83796822554648,119.18940971098537,164560400
2021-03-01,124.24519348144531,124.38130938354671,119.3838900699376,120.31725943481584,116307900
2021-03-02,121.64924621582031,125.1493828138184,121.54229695879663,124.84798440825688,102260900
2021-03-03,118.67411041259766,122.22286260620939,118.46021192268415,121.34782670099902,112966300
2021-03-04,116.79765319824219,120.1713983779594,115.3295451588436,118.37271790565526,178155000
2021-03-05,118.05188751220703,118.55746720916116,114.30868545617739,117.62409786604603,153766600
2021-03-08,113.13221740722656,117.64350493701029,112.98637686796793,117.575447007724,154376600
2021-03-09,117.73101806640625,118.6741119196786,115.49482341109125,115.72816384952438,129525800
2021-03-10,116.65180969238281,118.78105499068555,116.13650543340157,118.31437413808155,111943300
2021-03-11,118.57689666748047,119.79222236399583,117.89631724453561,119.14080957092585,103026500
2021-03-12,117.67269134521484,117.80880722667213,115.8545688924242,117.06016987865702,88105100
2021-03-15,120.5505599975586,120.56028467813388,117.07959080797103,118.04213390546116,92403800
2021-03-16,122.08674621582031,123.69097746560344,121.26032630464678,122.21313740579694,115227900
2021-03-17,121.2992172241211,122.36870224795845,118.9463412703685,120.60891318675553,111932600
2021-03-18,117.18653869628906,119.76303010508991,116.98236491309837,119.47134903324158,121229700
2021-03-19,116.66153717041016,118.0615946863235,116.36013878430732,116.5740372845451,185549500
2021-03-22,119.96722412109375,120.4339124312078,116.92405138540522,116.99210932461362,111912300
2021-03-23,119.14078521728516,120.79362485958434,118.7518795903448,119.90887179060896,95467100
2021-03-24,116.7587661743164,119.49082337056949,116.73932422708299,119.41304074611715,88530500
2021-03-25,117.2448959350586,118.28522184257633,115.69900522410137,116.22402681020739,98844700
2021-03-26,117.84769439697266,118.11020888610055,115.62121696029041,117.0115497729694,94071200
2021-03-29,118.022705078125,119.17969748186921,117.381016985914,118.275494892758,80819200
2021-03-30,116.57402801513672,117.06015823420087,115.56287626935224,116.77820181701264,85671900
2021-03-31,118.76162719726562,120.0936193981419,117.78936665110342,118.27549692418452,118323800
2021-04-01,119.58805084228516,120.73531861862071,119.0921958715762,120.22974638293907,75089100
2021-04-05,122.40758514404297,122.66037492357067,119.65608644750468,120.43389773016308,88651200
2021-04-06,122.7090072631836,123.60348521908364,122.16454371050696,122.99096372232243,80171300
2021-04-07,124.35213470458984,124.37157665316347,121.66869331807787,122.33955551914583,83466700
2021-04-08,126.74384307861328,126.7730096984196,124.95488783142902,125.37295260566195,88844600
2021-04-09,129.31068420410156,129.34956810781136,125.87860482522545,126.19945266403965,106686700
2021-04-12,127.59945678710938,129.16479658221076,127.00637736572274,128.843948878623,91420000
2021-04-13,130.70094299316406,130.9245735402874,128.27029228063316,128.76615452071883,91266500
2021-04-14,128.36756896972656,131.2551842091699,128.0078372862974,131.19685094542675,87222800
2021-04-15,130.76902770996094,131.2551579244961,129.93288314753977,130.10789773924117,89347100
2021-04-16,130.43844604492188,130.93429345955573,129.58285222938275,130.57456189416538,84922400
2021-04-19,131.0995635986328,131.7120922803658,129.64117327870747,129.80645573470406,94264200
2021-04-20,129.41757202148438,131.77044021985614,128.15363063610712,131.2745927965494,94812300
2021-04-21,129.79676818847656,130.03983329744375,127.65779819666872,128.6883918850069,68847100
2021-04-22,128.280029296875,130.4287163012516,127.76473251290152,129.349506750087,84566500
2021-04-23,130.59405517578125,131.37185181275385,128.4939686507075,128.4939686507075,78657500
2021-04-26,130.98294067382812,131.3135056957382,129.85511489088012,131.08988992627178,66905100
2021-04-27,130.662109375,131.65381940116677,130.38987757731036,131.26490623623846,66015800
2021-04-28,129.8745574951172,131.27461496858584,129.38842725213598,130.5843034959248,107760100
2021-04-29,129.77731323242188,133.26773932174638,128.77588621347985,132.68437715116124,151101000
2021-04-30,127.8133773803711,129.8551156172827,127.4341963624076,128.1244930393449,109839500
2021-05-03,128.8634033203125,130.35097557067442,128.1731066561789,128.37727305832388,75135100
2021-05-04,124.30348205566406,127.84251649112935,123.18538118947586,127.55083542420802,137564700
2021-05-05,124.54657745361328,126.83138075425876,124.4201788397563,125.6160551149203,84000900
2021-05-06,126.14108276367188,126.15080002789722,123.60347484441658,124.34239490228468,78128300
2021-05-07,126.81305694580078,127.83565240633816,126.10209066051581,127.43635987844797,78973300
2021-05-10,123.54072570800781,126.16054372317713,123.50176833952001,126.03394527871879,88071200
2021-05-11,122.62525939941406,122.97586087179818,119.5671689854115,120.27812799107281,126142800
2021-05-12,119.56715393066406,121.38837175558095,119.06072304066647,120.18072314838845,112172300
2021-05-13,121.70978546142578,122.85900193405529,121.01830882379365,121.32996037075966,105861300
2021-05-14,124.12508392333984,124.55360758966998,122.5668261780835,122.95639247198734,81918000
2021-05-17,122.9758529663086,123.61863839013512,121.90455135695586,123.51150748616402,74244600
2021-05-18,121.59288787841797,123.67705855543517,121.5247143489962,123.25827618031354,63342900
2021-05-19,121.43709564208984,121.66109125212728,119.65483481097455,119.94701139751646,92612000
2021-05-20,123.98873138427734,124.38803886132331,121.83638680726905,121.96300011967811,76857100
2021-05-21,122.15777587890625,124.66072928690556,121.94351406158702,124.48542483913151,79295400
2021-05-24,123.78421783447266,124.60230780549196,122.65448374065255,122.72265728570756,63092900
2021-05-25,123.58943176269531,124.9723924215316,123.02456103094238,124.48542900111524,72009500
2021-05-26,123.54072570800781,124.06663903705564,123.12194328471185,123.64785661375969,56575900
2021-05-27,122.0116958618164,124.3101288080937,121.81691643126096,123.1414373640431,94625600
2021-05-28,121.35918426513672,122.5181420121491,121.30075191834936,122.29413896553177,71311100
2021-06-01,121.03778076171875,122.07986629236983,120.70665425214682,121.8169133247897,67637100
2021-06-02,121.79742431640625,121.97272876206887,120.81377861108228,121.03777419532105,59278900
2021-06-03,120.31707763671875,121.59289985456873,119.91777018909227,121.4273366140028,76229200
2021-06-04,122.60577392578125,122.86873431142617,120.61899267015994,120.83325448650514,75169300
2021-06-07,122.61552429199219,123.02456555539773,121.5734387321586,122.87847726693603,71057600
2021-06-08,123.43359375,125.10873085926178,122.91742162506401,123.2972466766342,74403800
2021-06-09,123.81342315673828,124.41725123885395,123.21933627459374,123.89133789579034,56877900
2021-06-10,122.82003784179688,124.84577650141729,122.65447459192099,123.70629386140669,71186400
2021-06-11,124.02769470214844,124.11535064804697,122.81030467281765,123.2290871401218,53522400
2021-06-14,127.0760269165039,127.13445925571631,123.75499103493249,124.48542499652146,96906500
2021-06-15,126.25798034667969,127.1929426220791,126.01450229025207,126.55015698653708,62746300
2021-06-16,126.75462341308594,127.47532354376922,125.10872484257997,126.96888521245891,91815000
2021-06-17,128.35183715820312,129.09201968074376,126.26766637763058,126.41376207268152,96721700
2021-06-18,127.05656433105469,128.07916002857564,126.84230250511071,127.30004232774398,108953300
2021-06-21,128.84857177734375,128.955702701089,125.83918700220758,126.90074760795298,79663300
2021-06-22,130.48472595214844,130.58212309669915,128.18629303149916,128.68299766370282,74783600
2021-06-23,130.21200561523438,130.81584104082094,129.75426587711715,130.28018657486302,60214200
2021-06-24,129.92959594726562,131.12750347675475,129.46210751467535,130.94245782977737,68711000
2021-06-25,129.6374053955078,130.3970554405537,129.34522887186355,129.978280483212,70783700
2021-06-28,131.2638702392578,131.72161011019884,129.87118308436172,129.929615432019,62111300
2021-06-29,132.77340698242188,132.9292364481491,130.84506564137368,131.28332301060522,64556100
2021-06-30,133.386962890625,133.8252202160753,132.32538776453424,132.61756426840589,63261400
2021-07-01,133.68890380859375,133.74733615062,132.218287184251,133.03638455477136,52485800
2021-07-02,136.30873107910156,136.34768102067733,134.1563790042736,134.30245986108,78852600
2021-07-06,138.3149871826172,139.41549764354806,136.4158617440288,136.4158617440288,108181800
2021-07-07,140.7984619140625,141.11010601971827,138.93828646790567,139.7953189039971,104911600
2021-07-08,139.50315856933594,140.30175867225685,137.00019762598444,137.88646110200742,105575500
2021-07-09,141.3243865966797,141.85029259632174,138.92855627210733,139.02595342720224,99890800
2021-07-12,140.7302703857422,142.5027971874123,140.24331443285035,142.39566628334748,76299700
2021-07-13,141.8405303955078,143.61305721006948,139.88297280050324,140.27253162136344,100827100
2021-07-14,145.25901794433594,145.66807420000345,143.827365631668,144.23642188733552,127050800
2021-07-15,144.60643005371094,146.08678025462487,143.25269315111336,145.3466125845258,106820300
2021-07-16,142.57095336914062,145.85303150774294,142.07426368162248,144.5869580069263,93251400
2021-07-19,138.7337646484375,140.31151223035158,137.9741144596603,139.99985324997218,121434600
2021-07-20,142.3372344970703,143.26246279631377,139.23046766424767,139.71742366986297,96350000
2021-07-21,141.60678100585938,142.31774737595725,140.85687956010295,141.73339430532917,74993500
2021-07-22,142.9702606201172,144.33373124740575,142.006082551789,142.13269584600698,77338200
2021-07-23,144.6843719482422,144.8402014430063,143.0871567787064,143.700726126391,71447400
2021-07-26,145.10316467285156,145.92124724515625,143.84680978043045,144.40194679352788,72434100
2021-07-27,142.94110107421875,145.31744927511497,141.75292697377066,145.22978588093153,104818600
2021-07-28,141.19773864746094,143.13582861718922,138.82139130869905,141.03217541296894,118931200
2021-07-29,141.8405303955078,142.72679380278865,140.80818614558353,140.91531705042755,56699500
2021-07-30,142.05484008789062,142.51258003008667,140.35049366588626,140.6134541319975,70440600
2021-08-02,141.7236785888672,143.11636561756876,141.46071818751764,142.54176110337934,62880000
2021-08-03,143.5156707763672,144.17792379335657,141.3925349204239,142.00610422671278,64786600
2021-08-04,143.11634826660156,143.93443068193204,142.46382908813206,143.4280072023747,56368300
2021-08-05,143.22349548339844,143.98314564998552,142.35671440302508,143.14558074057953,46397700
2021-08-06,142.540771484375,143.48688290436453,142.04333744331302,142.7456060206864,54126800
2021-08-09,142.49195861816406,143.08693557693016,141.93600483737242,142.59925003312128,48908700
2021-08-10,142.01400756835938,144.0720407420302,141.72139332469942,142.83331554422432,69023100
2021-08-11,142.26766967773438,143.10648965746952,141.94579533729095,142.4529926206854,48493500
2021-08-12,145.22299194335938,145.37905487994794,142.24810732768088,142.58949314109574,72282600
2021-08-13,145.4278564453125,145.75947909182239,144.61829653790267,145.30105342277125,59375000
2021-08-16,147.39810180664062,147.4663849394875,142.86263134674047,144.88164213986906,103296000
2021-08-17,146.49098205566406,147.9442754116722,145.41806793520456,146.52999034959836,92229700
2021-08-18,142.75531005859375,147.0079285089272,142.55047558587256,146.11058891263426,86326000
2021-08-19,143.08692932128906,144.35491465635323,140.9411159989395,141.45806146213795,86960300
2021-08-20,144.54025268554688,144.84261535990314,143.16497579607238,143.80872432514332,60549600
2021-08-23,146.02281188964844,146.49098584387335,144.24762936861552,144.65728343893502,60131800
2021-08-24,145.93502807617188,147.14449367144724,145.4766024407117,145.7692167650667,48606400
2021-08-25,144.70602416992188,146.6177576408254,144.15981885908616,146.12030896754547,58991300
2021-08-26,143.90625,145.44733817166107,143.87699005673284,144.6963131171606,48597200
2021-08-27,144.94017028808594,145.08647001894514,143.2137590490284,143.84774439339665,55802400
2021-08-30,149.3488311767578,149.70972863585897,144.94991248756867,145.33030665463397,90956700
2021-08-31,148.09060668945312,149.03671791602926,147.5638979226051,148.90016654739884,86453100
2021-09-01,148.75384521484375,151.1630130890743,148.58803390921838,149.06597111930256,80313700
2021-09-02,149.86578369140625,150.9094380524186,148.64656965264444,150.08036655286702,71115500
2021-09-03,150.49978637695312,150.8216606743961,149.3195806196622,149.9730775691431,57808700
2021-09-07,152.8309326171875,153.38688652354213,150.58757563240493,151.15329277694906,82278300
2021-09-08,151.28981018066406,153.17226923823645,150.18763608775444,153.11374935418493,74420200
2021-09-09,150.27542114257812,152.26517148741016,150.15836649901337,151.66044621375175,57305700
2021-09-10,145.30104064941406,151.65070144497142,145.03768627305047,151.1825274626448,140893200
2021-09-13,145.86676025390625,147.6906995642944,145.08646034770857,146.92016289482572,102404300
2021-09-14,144.47198486328125,147.34934195867896,143.29179398463287,146.6470734676716,109296300
2021-09-15,145.35952758789062,145.75943323857632,142.76503735858526,144.90110206305175,83281300
2021-09-16,145.12545776367188,145.301032298818,143.59413289330473,144.78408681235823,68034100
2021-09-17,142.4627227783203,145.15475696069768,142.17010842593353,145.15475696069768,129868800
2021-09-20,139.41958618164062,141.27278583373996,137.79071777768286,140.25840615619828,123478900
2021-09-21,139.8974609375,141.03865814980705,139.2634757155347,140.38514645685206,75834000
2021-09-22,142.2578887939453,142.82359096635926,140.16083188261564,140.89236024826914,76404300
2021-09-23,143.21376037597656,143.45760318499043,142.05306622379317,143.03818581433492,64838200
2021-09-24,143.301513671875,143.8379707289355,141.97500844122595,142.0725514999574,53477900
2021-09-27,141.7897186279297,142.36519899589,140.27790504587242,141.88726170941032,74150700
2021-09-28,138.41490173339844,141.18495179250712,138.20031892345534,139.72189529724798,108972300
2021-09-29,139.31228637695312,140.89238314094982,138.531986350207,138.96115210906663,74602000
2021-09-30,138.01499938964844,140.8240726910163,137.80041657451724,140.12180436567434,89056700
2021-10-01,139.13670349121094,139.40005789714257,135.68389579904266,138.40517505038864,94639600
2021-10-04,135.713134765625,138.7075311976416,134.86456666800945,138.26860229461653,98322000
2021-10-05,137.63461303710938,138.73678711480215,135.9277136552574,136.0545166576062,80861100
2021-10-06,138.50271606445312,138.6490157972431,134.9621137010957,136.03502801816884,83221100
2021-10-07,139.76095581054688,140.66805891569803,139.20500187376496,139.5366245646865,61732700
2021-10-08,139.3804931640625,140.62896670309593,139.04887063590832,140.48266702390393,58773200
2021-10-11,139.29273986816406,141.24348200456123,138.31736879996546,138.76604603984862,64452200
2021-10-12,138.02476501464844,139.72191616043952,137.56633938704366,139.7024045703548,73035900
2021-10-13,137.4395294189453,137.91745167770748,135.7716384818284,137.7614036307742,78762700
2021-10-14,140.21937561035156,140.3364302891857,138.0247901402729,138.61001888548796,69907100
2021-10-15,141.2727813720703,141.3313012712168,139.9755357033759,140.22914177699147,67940300
2021-10-18,142.94065856933594,143.2235096811566,139.63415065247935,139.9170017643,85589200
2021-10-19,145.09616088867188,145.4960665052295,142.94059966543003,143.38926191763494,76378900
2021-10-20,145.5838623046875,146.0617994269622,144.47194001956103,145.037656955219,58418800
2021-10-21,145.79852294921875,145.9545859561012,144.2281742895596,145.1450258512595,61421000
2021-10-22,145.0279083251953,146.48120150945985,144.97913680130506,146.0032792710822,58883400
2021-10-25,144.97914123535156,145.69115788039105,143.98425867288518,145.0181495258691,50720600
2021-10-26,145.6424102783203,147.12496353769075,145.34003275537546,145.6521586308098,60893400
2021-10-27,145.18399047851562,146.04230690415662,144.83285629616836,145.68142436893194,56094900
2021-10-28,148.81239318847656,149.39760698679012,146.0325792767904,146.13012235133445,100077900
2021-10-29,146.110595703125,146.2471470636249,142.804088225394,143.59413644564216,124953200
2021-11-01,145.29127502441406,146.0130400607468,144.15984105888933,145.32053496464482,74588300
2021-11-02,146.32518005371094,147.8370082711022,144.98891149464504,144.9986747309846,69122000
2021-11-03,147.75897216796875,148.22714612515688,146.1301042293714,146.68605801297326,54511500
2021-11-04,147.24208068847656,148.67586302809536,146.92995468054104,147.84680622511763,60394600
2021-11-05,147.76951599121094,148.6681654176707,146.57782514412813,148.36536141475236,65463900
2021-11-08,146.94900512695312,148.0527879681065,146.67550378830177,147.89649723038997,55020900
2021-11-09,147.31039428710938,147.91600218212633,146.57779832196186,146.71454897260128,56787900
2021-11-10,144.48748779296875,146.64621090035791,144.4191199061072,146.53876287411308,65187100
2021-11-11,144.4385986328125,145.96239567531134,144.25300529217714,145.50331597045192,41000000
2021-11-12,146.50942993164062,146.90990439693277,144.05766590459464,144.9856178095641,63804000
2021-11-15,146.51918029785156,148.35555879375588,145.96240025846288,146.88058950641502,59222800
2021-11-16,147.49598693847656,147.97462166575806,145.87450429964008,146.46058703081326,59256200
2021-11-17,149.92822265625,151.40317727562876,147.48623592599793,147.49599850722544,88807000
2021-11-18,154.20657348632812,154.98801222203343,149.49843081431837,150.14311888912806,137827700
2021-11-19,156.8243865966797,157.28348128204507,152.89766786630707,153.9916731226482,117305600
2021-11-22,157.28346252441406,161.85485386154411,157.26392246010866,157.92813559947206,117467900
2021-11-23,157.66441345214844,158.0453627342285,155.36894027506222,157.3811346832133,96041900
2021-11-24,158.18212890625,158.3774848564214,155.9354982175197,157.01974088138022,69463600
2021-11-26,153.1711883544922,156.72672078738918,152.73163368073872,155.867151508964,76959800
2021-11-29,156.52157592773438,157.44952783966656,155.10521179906075,155.67175446958956,88748200
2021-11-30,161.4641571044922,161.67905311784355,156.20899716750552,156.27737994661885,174048100
2021-12-01,160.94644165039062,166.3481143018466,160.7120055934647,163.59354652559932,152052500
2021-12-02,159.95989990234375,160.38969196905754,154.13821164787007,155.05640108044867,136739200
2021-12-03,158.08445739746094,161.13206712633752,156.0136573148525,160.2138776845153,118023100
2021-12-06,161.48370361328125,163.98429560873123,160.4678287996897,160.47759138079394,107497000
2021-12-07,167.2077178955078,167.5984447377344,164.43362438687151,165.15645786646198,120405400
2021-12-08,171.01719665527344,171.87678065417452,166.73883163036436,168.1356556285786,116998900
2021-12-09,170.50927734375,172.6484600825667,169.8841293433167,170.85116144440897,108923700
2021-12-10,175.2858123779297,175.46164318083981,170.63627480069655,171.1442122366866,115402700
2021-12-13,171.66192626953125,177.90364454540125,171.45679280017228,176.91707224257422,153237000
2021-12-14,170.28457641601562,173.61544903163167,168.2137769739084,171.18322551173574,139380400
2021-12-15,175.13929748535156,175.33465344975855,168.31149697974806,171.04652519555987,131063300
2021-12-16,168.26263427734375,176.9365751900634,166.78767978084602,175.11973661793166,150185800
2021-12-17,167.16864013671875,169.44457351876034,165.75229083845704,165.98671202152144,195432700
2021-12-20,165.81088256835938,166.62162387110183,163.57402950297322,164.374993320752,107499100
2021-12-21,168.97572326660156,169.18084181030284,165.1955175809284,167.57889907243998,91185900
2021-12-22,171.56417846679688,171.77907444050894,168.15516043354702,169.02450690730925,92135300
2021-12-23,172.18934631347656,172.74612637491737,171.20278915942293,171.76933180091095,68356600
2021-12-27,176.14535522460938,176.2332631531054,172.9610104976855,172.9805356564393,74919600
2021-12-28,175.1295166015625,177.12218615208815,174.38715798933583,175.9793381325386,79144300
2021-12-29,175.21743774414062,176.4384311169709,174.00620695259946,175.16859502828655,62348900
2021-12-30,174.0648193359375,176.379833000267,173.95737131856603,175.30535282655248,59773000
2021-12-31,173.44943237304688,175.0709001571645,173.14661351296067,173.9573548573712,64062300
2022-01-03,177.78639221191406,178.6362137085352,173.58618706197944,173.70339765267045,104487900
2022-01-04,175.53001403808594,178.69483440178558,174.9634712930882,178.3920304132724,99310400
2022-01-05,170.8609161376953,175.9890879826122,170.587414831676,175.4420853705736,94537600
2022-01-06,168.0086669921875,171.23209207239668,167.65702034880644,168.6924202141222,96904000
2022-01-07,168.17474365234375,170.0990304259398,167.06119827767387,168.878037036841,86709100
2022-01-10,168.19424438476562,168.4970482896935,164.26752639043735,165.1564129469489,106765600
2022-01-11,171.01719665527344,171.1148671703379,166.85605711502512,168.3212489833143,76138300
2022-01-12,171.45677185058594,173.06847713761263,170.76325596284155,172.0330771442787,74805200
2022-01-13,168.19424438476562,172.52143678948505,167.80351764880953,171.7009330010287,84505800
2022-01-14,169.0538787841797,169.7473947274692,167.11981439919933,167.36401309283474,80440800
2022-01-18,165.85975646972656,168.5361646254104,165.4788071020713,167.53006719532837,90956700
2022-01-19,162.37257385253906,167.1100339648471,162.08930995625335,166.05509393247632,94815000
2022-01-20,160.69248962402344,165.74251639966073,160.3701455866801,163.10517370877471,91420500
2022-01-21,158.64122009277344,162.470253269675,158.5337720868401,160.60457194151562,122848900
2022-01-24,157.86956787109375,158.53379607319022,151.11014976934194,156.30670516297684,162294600
2022-01-25,156.072265625,158.98310983768695,153.3763174519784,155.29082683573563,115798400
2022-01-26,155.98434448242188,160.57527648713483,154.15774320444362,159.70592982008216,108275300
2022-01-27,155.52525329589844,160.0380400395087,154.6070638933257,158.68029600296296,121954600
2022-01-28,166.37742614746094,166.39696621279427,159.02216399560837,161.86463986114418,179935700
2022-01-31,170.72415161132812,170.9390476064095,165.57644011866424,166.2113655240236,115541600
2022-02-01,170.55807495117188,170.78273349534996,168.31144479529078,169.9719923349594,86213900
2022-02-02,171.75955200195312,171.79863213102016,169.30780301992357,170.69484950775998,84914300
2022-02-03,168.88778686523438,172.15029228212393,168.12588824034546,170.43112418107953,89418100
2022-02-04,168.60414123535156,170.27659447810953,166.9316879925936,167.9097269846018,82465400
2022-02-07,167.8902130126953,170.1299162190593,167.19579861278513,169.0638570704662,77251200
2022-02-08,170.99063110351562,171.49921577315683,167.66528816964242,167.9587029761161,74829200
2022-02-09,172.4087371826172,172.77060688626915,171.05903840340724,172.18379236064646,71285000
2022-02-10,168.340087890625,171.62629991772872,167.78261335475796,170.31573108381698,90865900
2022-02-11,164.93653869628906,169.2790353586412,164.34970917619486,168.54550592037077,98670700
2022-02-14,165.17127990722656,165.85590442480958,162.9022215932997,163.69443102962404,86185500
2022-02-15,168.995361328125,169.15185115822308,166.5111487010071,167.21533801275692,62527400
2022-02-16,168.7606658935547,169.5333102903167,166.31556790878483,168.07604144255788,61177400
2022-02-17,165.17127990722656,168.13473775909648,164.7702802170368,167.27405840916626,69589300
2022-02-18,163.62596130371094,166.79479876362558,162.54033719370844,166.0906242687398,82772700
2022-02-22,160.7113800048828,163.02932772220805,158.58902218443671,161.35687442039574,91162800
2022-02-23,156.55471801757812,162.5011823133144,156.24173835796486,161.90457789540673,90009200
2022-02-24,159.16612243652344,159.27370735740539,148.66197489078866,149.22923948055748,141147500
2022-02-25,161.2297821044922,161.4938419663862,157.33717500506495,160.24195287546036,91974200
2022-02-28,161.4938201904297,161.78723492110947,158.86289248069977,159.479061922758,95056600
2022-03-01,159.61599731445312,162.9413396082361,158.4130132555384,161.08305614073245,83474400
2022-03-02,162.9021759033203,163.6846100998314,159.3714544632476,160.77983303222933,79724800
2022-03-03,162.57943725585938,165.20058983386846,161.91437782369874,164.77025023720336,76678400
2022-03-04,159.58665466308594,161.91439273743828,158.54016047816125,160.87767357199544,83737200
2022-03-07,155.8016357421875,161.3960207362876,155.54733601828758,159.7724722055909,96418800
2022-03-08,153.98245239257812,159.302986589477,152.37846913530916,155.33215089914594,131148300
2022-03-09,159.3714599609375,159.82136448965088,155.9092082958325,157.93374136581392,91454900
2022-03-10,155.03878784179688,156.86771648439594,152.5545597614365,156.68188663700346,105342000
2022-03-11,151.33197021484375,155.78205064733166,151.10702542359093,155.43973102802846,96970100
2022-03-14,147.31222534179688,150.73536174739257,146.80365582087973,148.12399948025242,108732100
2022-03-15,151.68408203125,152.1535515492418,147.0775261791108,147.58609577139651,92964300
2022-03-16,156.0852508544922,156.48625045296393,151.06792059745445,153.60103819497576,102300200
2022-03-17,157.09262084960938,157.46428044860957,154.16829376386883,155.12676781405298,75615400
2022-03-18,160.37884521484375,160.86786475806085,156.25151907619613,156.98504839102176,123511700
2022-03-21,161.74810791015625,162.6968070121453,159.4301451412394,159.9191646814939,95811400
2022-03-22,165.11256408691406,165.69937857870127,161.2884277154457,161.8752422072329,81532000
2022-03-23,166.4720458984375,168.84867380689857,163.9682532045546,164.30079784879288,98062700
2022-03-24,170.24728393554688,170.31573891650316,166.4720521767643,167.30337650948087,90131400
2022-03-25,170.88304138183594,171.4307410459289,168.95630261256107,170.06149188569648,80546200
2022-03-28,171.74366760253906,171.87080253422522,168.22272096176943,168.38898581373743,90371900
2022-03-29,175.02989196777344,175.0787819860724,172.46741925958432,172.8097389298353,100589400
2022-03-30,173.86602783203125,175.66561632731086,172.81951875433577,174.6288971925018,92633200
2022-03-31,170.77537536621094,174.12026666116444,170.56998062785271,173.93443687971876,103049300
2022-04-01,170.48199462890625,171.0394840841696,168.16404671715162,170.20814487239906,78751300
2022-04-04,174.5213165283203,174.57022147286082,170.60915974417932,170.73630961524591,76468400
2022-04-05,171.21554565429688,174.38439814013864,170.58960114244232,173.60196376939686,73401800
2022-04-06,168.05642700195312,169.81690001741904,166.39376384655895,168.57478642821678,89058800
2022-04-07,168.35968017578125,169.5528892849942,166.11997680279987,167.40120586506256,77594700
2022-04-08,166.35470581054688,168.0075946635794,165.4842514050896,168.0075946635794,76575500
2022-04-11,162.11000061035156,165.31796805598518,161.8654908055094,165.00500326610816,72246700
2022-04-12,163.97801208496094,166.13946978275985,162.98040818860537,164.3301066999282,79265200
2022-04-13,166.65785217285156,167.28379658301122,163.10758048377514,163.71395993382896,70618900
2022-04-14,161.6600799560547,167.5087646523774,161.41557017548345,166.8730302686766,75329400
2022-04-18,161.44493103027344,162.94132974863555,159.977872292766,160.32017704396847,69023900
2022-04-19,163.72373962402344,164.13452917950872,160.31039271090148,161.3960167105301,67723800
2022-04-20,163.55746459960938,165.1712379709988,162.45229063171516,165.0538631380032,67929800
2022-04-21,162.76527404785156,167.7630547165198,162.266479452362,165.20059691129774,87227800
2022-04-22,158.23690795898438,164.18338629543857,157.9532832428045,162.8043627806477,84882400
2022-04-25,159.30303955078125,159.58666436994497,154.98010780953732,157.5816809008669,96046400
2022-04-26,153.35655212402344,158.7748828167284,153.2783071958642,158.6868628689345,95623200
2022-04-27,153.131591796875,156.28086402556207,151.96772285920957,152.48608239761126,88063200
2022-04-28,160.04629516601562,160.90697422827097,155.43972508795935,155.75270471921226,130216800
2022-04-29,154.18785095214844,162.55008785176082,153.7966412998766,158.28583697775457,131747600
2022-05-02,154.49107360839844,154.7551334388098,149.9040675207667,153.2685246478865,123055300
2022-05-03,155.9777069091797,157.18070602041826,152.88711399336617,154.67691281994897,88966500
2022-05-04,162.37408447265625,162.82397418149506,155.76252942825218,156.16352911233957,108256500
2022-05-05,153.3271942138672,160.47665766238154,151.5471558846843,160.25171284753384,130525300
2022-05-06,154.0519561767578,156.16762754043734,151.01557514857248,152.80801769733304,116124600
2022-05-09,148.93914794921875,152.63177739233632,148.38085428930862,151.75023984870148,131577900
2022-05-10,151.3388671875,153.5231099451531,149.7912929478581,152.32814774676658,115366700
2022-05-11,143.4932403564453,152.25954795565056,142.81739949520818,150.34957266016625,142689800
2022-05-12,139.63412475585938,143.19941752795359,135.95129962230052,139.8398213340432,182602000
2022-05-13,144.09075927734375,145.06044619602298,140.1728540722722,141.62247481337442,113990900
2022-05-16,142.55291748046875,144.49229054467892,141.22082964396816,142.5627218047711,86643800
2022-05-17,146.1770477294922,146.69616897048812,143.6695758585412,145.80484195458106,78336300
2022-05-18,137.92982482910156,144.33559163369299,137.02869370903522,143.8360642275501,109742900
2022-05-19,134.53106689453125,138.75260707730666,133.7964597180681,137.00914057415054,136095600
2022-05-20,134.76614379882812,137.81231576353846,129.88835589129073,136.23535828446418,137426100
2022-05-23,140.1728057861328,140.31972120246527,134.8248604473741,134.96198648449013,117726300
2022-05-24,137.4792938232422,139.05625126128453,134.51148183512868,137.92005516834,104132700
2022-05-25,137.63600158691406,138.87992561613757,135.50073567160547,135.5888849437953,92482700
2022-05-26,140.82908630371094,141.37759058232152,134.3253649583187,134.57023400738558,90601500
2022-05-27,146.56884765625,146.6080201361109,142.2787362487316,142.40607296312103,90978500
2022-05-31,145.78521728515625,147.5678709384086,143.82626511004062,146.01050754614022,103718400
2022-06-01,145.65789794921875,148.62570934761555,144.649023812494,146.82346195823692,74286600
2022-06-02,148.10662841796875,148.16539460884292,143.8459002321125,144.79599350624025,72348100
2022-06-03,142.3962860107422,144.93312633891753,141.49516950231933,143.88507940085435,88570300
2022-06-06,143.14065551757812,145.5207905259265,141.9260996131152,144.01238876362018,71598400
2022-06-07,145.65789794921875,145.94193944320352,141.1425125135875,141.3873815394989,67808200
2022-06-08,144.92332458496094,146.79411301945456,144.43358641921046,145.5305951278923,53950200
2022-06-09,139.71246337890625,144.91347882072873,139.60472041542363,144.06133943857793,69473000
2022-06-10,134.31558227539062,137.87107088214006,134.24701176433422,137.40092646925825,91437900
2022-06-13,129.17330932617188,132.4251621177248,128.74233746263164,130.1429810735186,122207100
2022-06-14,130.0352325439453,131.14204524198857,128.7815044194442,130.39764883857168,84784300
2022-06-15,132.6504364013672,134.5212392737676,129.44756042743367,131.53383428431485,91533000
2022-06-16,127.39065551757812,129.67283655853572,126.39158573948599,129.36920136755154,108123900
2022-06-17,128.85992431640625,130.34873276232233,127.14584046311889,127.40051391509309,134520300
2022-06-21,133.08140563964844,134.2469845261448,130.58375367786297,130.68169231513036,81000500
2022-06-22,132.5721435546875,134.93267044174033,131.16169507465415,132.02362418807766,73409200
2022-06-23,135.43215942382812,135.74558399228505,132.84634321517927,134.0119221215175,72433800
2022-06-24,138.75254821777344,138.99741717271982,136.90133951620328,137.02866120975725,89116800
2022-06-27,138.75254821777344,140.54499076145484,138.07670751082298,139.77119649427988,70207900
2022-06-28,134.6192169189453,140.47648065381134,134.50168455265504,139.21296287932694,67083400
2022-06-29,136.37246704101562,137.7829151592785,133.8650103621575,134.63880492913648,66242400
2022-06-30,133.91397094726562,135.5301005021527,131.02451949836083,134.43309207438057,98964500
2022-07-01,136.07862854003906,136.1863715256026,132.87575195629162,133.24794276909347,71051600
2022-07-05,138.65467834472656,138.70365515439954,134.1196977793648,134.94246932324853,73353800
2022-07-06,139.9867401123047,141.16210859174285,138.1845074474581,138.44897021265854,74064300
2022-07-07,143.34634399414062,143.5422362397496,140.3393449670909,140.34913434840425,66253700
2022-07-08,144.02215576171875,144.52169812610057,142.02403114104803,142.2786895406023,64547800
2022-07-11,141.89671325683594,143.63039032716094,140.8290877786715,142.68029721118097,63141600
2022-07-12,142.86643981933594,145.40328031289954,142.0730662626761,142.7684861931897,77588800
2022-07-13,142.50401306152344,143.4443019452147,139.20316774910646,140.05532229787818,71185600
2022-07-14,145.42282104492188,145.8929653987599,140.30995449187216,141.12292146669557,78140700
2022-07-15,147.08790588378906,147.76374670018814,145.15833701067942,146.70591085003534,76259900
2022-07-18,144.0515594482422,148.45920196700573,143.6891431225671,147.64623499784832,81420900
2022-07-19,147.90087890625,148.1261542059037,143.89482557447934,144.88409097349603,82982400
2022-07-20,149.89901733398438,150.56506886066487,147.2838179131366,148.01842499581136,64823400
2022-07-21,152.16163635253906,152.37712231601844,148.82161886422966,151.3290755894941,65086600
2022-07-22,150.92747497558594,153.07253011561605,150.2614383736218,152.20079694797485,66675400
2022-07-25,149.81085205078125,151.85795331530994,149.15460492057616,150.84909422530328,53623900
2022-07-26,148.48861694335938,149.94802710334568,147.70503289373295,149.13505995960023,55138700
2022-07-27,153.5720977783203,154.10102340248645,149.03713222120385,149.44851051465318,78620700
2022-07-28,154.12054443359375,154.40458587882554,151.24088279184247,153.758128174429,81378700
2022-07-29,159.17466735839844,160.27169083424704,156.22644946059978,157.93074338059327,101786900
2022-08-01,158.19517517089844,160.23248719622674,157.58790478823227,157.70543713439505,67829400
2022-08-02,156.72598266601562,159.07673453265352,156.35379186998745,156.81414688340993,59907000
2022-08-03,162.72036743164062,163.1709180629882,157.45078129075776,157.53893055181024,82507500
2022-08-04,162.40696716308594,163.7586492750685,161.05528505110334,162.60285943908943,55474100
2022-08-05,162.1813507080078,162.67176904705062,159.87637852795464,160.0823608155598,56697000
2022-08-08,161.71054077148438,164.59420304327227,161.05338198319762,163.18179581085533,60276900
2022-08-09,161.7595977783203,162.64235984823435,160.12160217379457,160.87685067478762,63135500
2022-08-10,165.99684143066406,166.0949161402945,163.70167172283962,164.46672330332,70170500
2022-08-11,165.2611846923828,167.71327649760102,164.9669306824805,166.8010905635419,57149200
2022-08-12,168.802001953125,168.87065273956517,166.1537308916434,166.56569547580565,68039400
2022-08-15,169.87112426757812,170.06728863023804,168.0663881848966,168.2331286414766,54091700
2022-08-16,169.7141876220703,170.3811644180383,168.37044601656845,169.46897842594916,56377100
2022-08-17,171.20506286621094,172.77439273368478,169.26301023326062,169.45917459589717,79542000
2022-08-18,170.81268310546875,171.5483105348056,169.8024226331564,170.42035446304044,62290100
2022-08-19,168.2331085205078,170.41056710828244,168.02712623620275,169.71416649279175,70346300
2022-08-22,164.35882568359375,166.6049353146799,163.93705808753546,166.43819485878106,69026800
2022-08-23,164.0253448486328,165.4769941855601,163.45645767060176,163.87822530534152,54147100
2022-08-24,164.31959533691406,164.8884825026039,163.0641253734546,164.11362798077442,53841500
2022-08-25,166.7716827392578,166.8795753877456,165.12388407113372,165.54563671843377,51218200
2022-08-26,160.4844970703125,167.77212157949262,160.42564926256463,167.30132415112922,78961000
2022-08-29,158.28744506835938,159.77830620497173,156.7573420791942,158.0618418321346,73314000
2022-08-30,155.86474609375,159.44479366035216,154.69754815714236,159.02304111055471,77906200
2022-08-31,154.2071533203125,157.50276536238007,154.1286845852179,157.23793525223348,87991100
2022-09-01,154.9329833984375,155.38415993328115,151.70602203096658,153.6382716729597,74229900
2022-09-02,152.8241729736328,157.2869832188541,152.00027368828214,156.6886721974106,76957800
2022-09-06,151.56869506835938,154.07963464254792,150.7447958267751,153.4715206737186,73714800
2022-09-07,152.9712677001953,153.66765323664163,150.66629592998046,151.85311468464747,87449600
2022-09-08,151.5000457763672,153.36362955067995,149.75414265238146,151.67658920142858,84923800
2022-09-09,154.35427856445312,154.79566708651402,151.7844910019974,152.49069467763707,68028800
2022-09-12,160.29812622070312,161.11222243462,156.24728104104713,156.53171708379904,104956000
2022-09-13,150.8918914794922,157.46349338077283,150.43089710301157,156.8357585865151,122656600
2022-09-14,152.33372497558594,154.0894308134101,150.66630580332588,151.82368576965968,87965400
2022-09-15,149.45005798339844,152.26506901475514,148.47903939265456,151.68636408491093,90481100
2022-09-16,147.81207275390625,148.44962552428208,145.5267216779744,148.31230899881908,162278800
2022-09-19,151.5196533203125,151.5981220543988,146.24276190884032,146.44872924023372,81474200
2022-09-20,153.8932647705078,155.05065980282333,150.14647654096675,150.4603364872082,107689800
2022-09-21,150.7742156982422,155.69802002410492,150.6565200858437,154.32483969180942,101696800
2022-09-22,149.81298828125,151.50983141556574,148.0180554999838,149.45988650515864,86652500
2022-09-23,147.54727172851562,148.5673503753869,145.71311171309017,148.29271727039426,96029900
2022-09-26,147.88075256347656,150.82326264584486,146.77240230987616,146.79202323434507,93339400
2022-09-27,148.8517608642578,151.75504386028683,147.0764489671257,149.81299153282302,84442700
2022-09-28,146.96859741210938,147.75326992489508,142.06441291517794,144.81075922673622,146691400
2022-09-29,139.74960327148438,143.9083561021041,137.98409428837317,143.3002421615135,128138200
2022-09-30,135.55162048339844,140.35772899315157,135.35545614892226,138.5725991267457,124925300
2022-10-03,139.72018432617188,140.32831325471835,135.05140704196927,135.56144631438175,114311700
2022-10-04,143.3002471923828,143.41794280659562,141.49549629829846,142.2507447443845,87830100
2022-10-05,143.59446716308594,144.55569777280346,140.2694318056122,141.30913113651346,79471000
2022-10-06,142.64306640625,144.71263233032042,142.43709909152813,143.0157891213956,68402200
2022-10-07,137.40541076660156,140.3577388347644,136.7776758724346,139.80845770678545,85925600
2022-10-10,137.72906494140625,139.17089585032406,135.91452632499212,137.72906494140625,74899000
2022-10-11,136.3166961669922,138.64128959242282,135.57126557653487,137.2190642395612,77033700
2022-10-12,135.68894958496094,137.67024396939837,135.51240615749046,136.46381898254117,70433700
2022-10-13,140.24984741210938,140.8383404618952,131.7950247428473,132.4031536839207,113224000
2022-10-14,135.72817993164062,141.75051634248345,135.5418185741853,141.54453406151188,88598000
2022-10-17,139.68096923828125,140.16156968133146,137.5819791306435,138.36665154683308,85250900
2022-10-18,140.99525451660156,143.8887193551449,137.91542833833753,142.70191550699425,99136600
2022-10-19,141.1031494140625,142.17225768233465,138.78837451258266,138.97473585531196,61758300
2022-10-20,140.6421356201172,143.09422670420207,139.9163112713326,140.27923092891302,64522000
2022-10-21,144.44781494140625,145.0167019837592,139.916339525803,140.13212478208789,86548600
2022-10-24,146.58602905273438,147.35108041478094,143.20214572577777,144.36934369172494,75981900
2022-10-25,149.420654296875,149.56778877679034,146.4977652190575,147.21377179556336,74732300
2022-10-26,146.4879608154297,149.07736899312695,145.20305222207165,148.06710843299678,88194300
2022-10-27,142.025146484375,146.1937021462339,141.36798774070627,145.23248644302674,109180200
2022-10-28,152.7554931640625,154.48176014348397,144.98726930709842,145.35997702745019,164762400
2022-10-31,150.40150451660156,151.2842665764986,149.0087181195706,150.22496108445085,97943200
2022-11-01,147.76303100585938,152.4710497811702,146.27217011734126,152.10814502054632,80379300
2022-11-02,142.250732421875,149.2539052221096,142.22130852087065,146.09561013902547,93604600
2022-11-03,136.2186279296875,140.06350662558899,136.09111434862288,139.3376819611652,97918500
2022-11-04,135.9533233642578,140.16808578570755,132.02346880241154,139.59825507529519,140814800
2022-11-07,136.48387145996094,136.70983394000362,133.29086405936027,134.70561435237354,83374600
2022-11-08,137.05368041992188,138.94982808586678,135.07893386231837,137.94772594743225,89908500
2022-11-09,132.50489807128906,136.12037292800636,132.22980938548775,136.07124673599705,74917800
2022-11-10,144.29444885253906,144.29444885253906,137.0536956773793,138.7631880310501,118854000
2022-11-11,147.07484436035156,147.37940577392345,141.83830991998155,143.26289458275522,93979700
2022-11-14,145.67971801757812,147.64464544159856,144.84461786588682,146.3576203774582,73374100
2022-11-15,147.40887451171875,150.8966242970365,145.95483216140596,149.55065357357725,89868300
2022-11-16,146.18075561523438,147.2418181251695,144.70706018330316,146.51480463978803,64218300
2022-11-17,148.07691955566406,148.82358651784583,143.58705356948877,143.8621421866718,80389400
2022-11-18,148.63694763183594,150.0222252429551,147.3401031595605,149.6390649453273,74829600
2022-11-21,145.41445922851562,147.73307435769456,145.12955132737417,147.52676535819396,58724100
2022-11-22,147.54641723632812,147.78221396265934,144.35340964940343,145.53237828985053,51804100
2022-11-23,148.42080688476562,149.16747394284351,146.72113379241404,146.82920540527334,58301400
2022-11-25,145.51271057128906,146.2692118769101,144.54006603549058,145.7092003283938,35195900
2022-11-28,141.69093322753906,144.06849387144769,140.8656672171658,142.5947981424062,69246000
2022-11-29,138.6943817138672,142.27054854346483,137.88876937413374,141.75966328460675,83763800
2022-11-30,145.43411254882812,146.11201495746124,138.0852876520207,138.92037287256267,111380900
2022-12-01,145.70919799804688,146.51482547786148,144.03901260255705,145.61096061666942,71250400
2022-12-02,145.21800231933594,145.40467287905824,143.09587646861578,143.40045290307432,65447400
2022-12-05,144.05868530273438,148.27344880391388,143.2137657558394,145.17869354013385,68826400
2022-12-06,140.4038848876953,144.71689974436399,139.43124046996064,144.49093730068225,64727200
2022-12-07,138.46844482421875,140.85582456681212,137.54492649061714,139.69652452502783,69721100
2022-12-08,140.14845275878906,141.0032064446931,138.62564588690643,139.86354485762612,62128300
2022-12-09,139.66702270507812,143.0172270285968,138.42910903026953,139.8438589493627,76097000
2022-12-12,141.95620727539062,141.9660265170688,138.58634846990296,140.1975885864345,70462700
2022-12-13,142.9189910888672,147.34007759813417,141.71056497387187,146.87831847453648,93886200
2022-12-14,140.69863891601562,144.0881358235322,138.68458524913544,142.8011107216781,82291200
2022-12-15,134.10630798339844,139.3133690938159,133.64454880056923,138.63546667684503,98931900
2022-12-16,132.1511993408203,135.23613504981998,131.38487878191776,134.2929782040358,160156900
2022-12-19,130.0487060546875,132.82907992971283,129.01713123497163,132.74066180080095,79592600
2022-12-20,129.97994995117188,130.91328746393052,127.61220884643005,129.08590439011405,77432800
2022-12-21,133.07470703125,134.41085828161889,130.42205800232537,130.64802045895354,85928000
2022-12-22,129.91116333007812,132.20030541745464,128.01501569466643,131.9939964474779,77852100
2022-12-23,129.5476837158203,130.09786107261186,127.36661277196195,128.62416529925937,63814900
2022-12-27,127.74974060058594,129.10554516462403,126.46271568426795,129.07607245594536,69007800
2022-12-28,123.8297348022461,128.73222692892008,123.66271775984323,127.39607559848972,85438400
2022-12-29,127.33712005615234,128.19185867326428,125.4900910087302,125.74552617249073,75703700
2022-12-30,127.65148162841797,127.67113509692011,125.19533025339358,126.15814782874402,77034200
2023-01-03,122.8767318725586,128.60448941700523,121.9925130634904,127.99536673400503,112117500
2023-01-04,124.14412689208984,126.4037966398773,122.886574422074,124.66483150899292,89113600
2023-01-05,122.82762145996094,125.52939692056383,122.57218626779334,124.90062068574457,80962700
2023-01-06,127.34693908691406,128.0051879622661,122.69989001665523,123.80025205121024,87754700
2023-01-09,127.86766052246094,131.07050217869943,127.61222532540481,128.18205614149144,70790800
2023-01-10,128.4375,128.95820466182693,125.87326865028986,127.97574077291436,63896200
2023-01-11,131.14906311035156,131.16870158744862,128.17219978892,128.94833938796359,69458900
2023-01-12,131.07046508789062,131.90555010610956,129.13501070565974,131.53222415316628,71379600
2023-01-13,132.3968048095703,132.55400260182785,129.35117628841525,129.71468306570503,57809700
2023-01-17,133.5561065673828,134.88242345634274,131.77784981822288,132.46557135226192,63646600
2023-01-18,132.8389434814453,136.17931456809228,132.66209219338052,134.4207108763407,69672800
2023-01-19,132.89788818359375,133.86069855178562,131.42419241972087,131.7287538123279,58280400
2023-01-20,135.45228576660156,135.59966433835268,131.86629872212012,132.90770800117681,80223600
2023-01-23,138.63546752929688,140.80671912517695,135.4817521326256,135.6978953680963,81760300
2023-01-24,140.0305633544922,140.64952034187644,137.83967329148908,137.84949253259393,66435100
2023-01-25,139.37228393554688,139.9322803802267,136.37576702094836,138.4192930644909,65799300
2023-01-26,141.43544006347656,141.7203478581891,139.41155283247608,140.65928556921472,54105100
2023-01-27,143.37095642089844,144.64816254873466,140.57094316997566,140.6495420845882,70555800
2023-01-30,140.49232482910156,142.99761054282715,140.34496125408572,142.41796049282078,64015300
2023-01-31,141.7596893310547,141.80881551729502,139.78494257033407,140.19757555057984,65874500
2023-02-01,142.87966918945312,144.03898399261212,138.84175832526216,141.44528077834974,77663600
2023-02-02,148.17520141601562,148.52887400177488,145.57166328269082,146.28885767804982,118339000
2023-02-03,151.79066467285156,154.62016535520215,145.23763259886508,145.4341223704264,154357300
2023-02-06,149.06919860839844,150.4151839414419,148.1358611817687,149.89447943002094,69858300
2023-02-07,151.9380340576172,152.5078649107581,147.9983592694092,147.9983592694092,83322600
2023-02-08,149.25588989257812,151.8692470443083,148.51904208604415,151.18152542311802,64120100
2023-02-09,148.2242889404297,151.62361983119905,147.78218328763404,151.08326181502397,56007100
2023-02-10,148.58840942382812,148.9131193699711,146.82712033740432,147.06327712026294,57450700
2023-02-13,151.38282775878906,151.7862414824205,148.49980618651492,148.52932389765635,62199000
2023-02-14,150.74325561523438,151.30412220458746,148.44078385852455,149.68057287811524,61707600
2023-02-15,152.83909606933594,153.00636811059493,150.42838780610393,150.6546952720313,65573800
2023-02-16,151.24510192871094,153.82308261470098,150.890874314185,151.04829713189807,68167900
2023-02-17,150.1036834716797,150.54646418705764,148.43094798353164,149.90689371085574,59144100
2023-02-21,146.09890747070312,148.8736919600815,146.03003782775363,147.79132602150992,58867200
2023-02-22,146.52206420898438,147.54538003263738,144.80012742797703,146.48269724609548,51011300
2023-02-23,147.0041961669922,147.92912460701393,144.87884561858363,147.68313363952294,48394200
2023-02-24,144.35731506347656,144.82961341599875,143.3831856356865,144.75089452156274,55469600
2023-02-27,145.54794311523438,146.77789803104127,145.08547886576312,145.34131909727375,44998500
2023-02-28,145.04612731933594,146.68934528974674,144.47542643511753,144.69189970203135,50547000
2023-03-01,142.9797821044922,144.86899086128216,142.68458995191014,144.4754113339038,55479000
2023-03-02,143.5701446533203,144.35731860288683,141.59236804059648,142.06468141879296,52238100
2023-03-03,148.6080322265625,148.68675112203792,144.96736964186593,145.66597544130724,70732300
2023-03-06,151.3631591796875,153.79355106354063,150.99909736370918,151.32379221822697,87558000
2023-03-07,149.1689453125,151.55997057615258,148.70648104096165,151.2352606611938,56182000
2023-03-08,150.41854858398438,151.00893289820618,149.39523278864294,150.35951315538156,47204800
2023-03-09,148.1751251220703,152.06177965604292,147.82089750549494,151.09749920529256,53833600
2023-03-10,146.11862182617188,148.5194958597798,145.242894659562,147.80120650188752,68572400
2023-03-13,148.05703735351562,150.6842189540097,145.33145336527863,145.43968998615728,84457100
2023-03-14,150.1430206298828,150.94002884188114,147.6929605728649,148.85403055723415,73695900
2023-03-15,150.53662109375,150.7924462663543,147.51584514285557,148.76548332238644,77167900
2023-03-16,153.35076904296875,153.9509875803486,149.20827470890512,149.71994010489203,76161100
2023-03-17,152.51441955566406,154.2265223157517,151.80596427660015,153.57710247425993,98944600
2023-03-20,154.87588500976562,155.28916298853815,151.6780028890537,152.5832627325511,73641400
2023-03-21,156.72576904296875,156.84383990664745,154.02970254755692,154.79720820376127,73938300
2023-03-22,155.2990264892578,159.5399085601911,155.27934300701256,156.7454546452784,75701800
2023-03-23,156.38134765625,158.95934282613845,155.15139299961646,156.28296029217628,67622100
2023-03-24,157.6802215576172,157.76877470893055,155.31871410467124,156.31251228008384,59196500
2023-03-27,155.7418212890625,158.19189706310823,155.3383924442017,157.3752051384263,52390300
2023-03-28,155.12185668945312,155.94839753031852,153.47863926690832,155.43673225056244,45992200
2023-03-29,158.19187927246094,158.4673879613573,156.79465234617297,156.81432081388166,51305700
2023-03-30,159.75636291503906,159.86459953343115,158.68384597812414,158.93967116064357,49501700
2023-03-31,162.25564575195312,162.35404815041076,159.31360321570477,159.83510289651463,68749800
2023-04-03,163.50527954101562,163.62335040456196,161.58655293789977,161.63575413574327,56976200
2023-04-04,162.9739227294922,164.16451047380076,162.46225736922722,163.92836877990578,46278300
2023-04-05,161.1339111328125,162.40323287933546,159.20535043705326,162.0982064947886,51511700
2023-04-06,162.01947021484375,162.31466233453045,159.40212310856722,159.8252203026454,45390100
2023-04-10,159.431640625,159.431640625,157.5129143705151,158.8314221542027,47716900
2023-04-11,158.2213897705078,159.75637097122245,157.93603184667685,159.7465367378167,47644200
2023-04-12,157.53260803222656,159.4611686435216,157.21773241416443,158.6346426672523,50133100
2023-04-13,162.90504455566406,163.14120127307194,158.83143501847854,159.03807402297244,68445600
2023-04-14,162.56063842773438,163.65283866101953,161.19292957831368,161.95057076563972,49386500
2023-04-17,162.580322265625,162.73776006518966,161.39956879707992,162.44256794452966,41516200
2023-04-18,163.8004608154297,164.7253892225956,162.99360326395418,163.43639900098648,49923000
2023-04-19,164.9418487548828,165.46334834295578,162.8853530999642,163.14119328481948,47720200
2023-04-20,163.97756958007812,165.17800667808302,162.90505258707114,163.42655222639002,52456400
2023-04-21,162.37374877929688,163.7808101384165,161.8522490434176,162.40326649913158,58337300
2023-04-24,162.6787109375,162.9443853251193,161.26180088898863,162.35400113354166,41949600
2023-04-25,161.14373779296875,163.64299896057264,161.10437083745688,162.54096443175132,48714100
2023-04-26,161.1339111328125,162.6295403559192,160.1893142654478,160.44513945575562,45498800
2023-04-27,165.70933532714844,165.85692388096987,162.54097091629146,162.54097091629146,64902300
2023-04-28,166.95895385742188,167.12624089927414,165.18783120394306,165.7880496631181,55275900
2023-05-01,166.8704071044922,167.71661652166532,165.93564455408003,166.56538074727197,52472900
2023-05-02,165.8372344970703,167.61822139630092,164.85327080237903,167.36238122666072,48425700
2023-05-03,164.76473999023438,168.17909567440717,164.47939708632646,166.78186884038578,65136000
2023-05-04,163.13137817382812,164.36133312270948,161.6751157183002,162.24581661627295,81235400
2023-05-05,170.78662109375,171.50491053581004,168.02166992672903,168.23814318555767,113453200
2023-05-08,170.7177276611328,171.06212101363838,169.35001851271124,169.71408033203093,55962800
2023-05-09,169.01547241210938,170.7570775926942,168.84820036158354,170.27494492179522,45326900
2023-05-10,170.7767791748047,171.23924342814053,169.14339542958015,170.24544525293916,53724500
2023-05-11,170.9637451171875,171.79027127437027,169.40908019442995,171.0621475228946,49514700
2023-05-12,170.03749084472656,171.50561502670146,168.4905238476374,171.0720697527437,45533100
2023-05-15,169.5448455810547,170.66811525184778,168.95364468701064,170.6188460048669,37266700
2023-05-16,169.5448455810547,170.5991352991019,169.27880367524853,169.46601779285794,42110300
2023-05-17,170.15573120117188,170.39219951568867,167.91903983890595,169.19011716888295,57951600
2023-05-18,172.48110961914062,172.6683237371227,170.04735615510018,170.46119076780954,65496700
2023-05-19,172.58949279785156,173.80143807257875,172.3727201425523,173.80143807257875,55809500
2023-05-22,171.64358520507812,172.14611049896482,170.90459157041087,171.42681253611994,43570900
2023-05-23,169.04234313964844,170.83564173486545,168.7664533611328,170.58931050155752,50747300
2023-05-24,169.3182373046875,169.8897275849513,168.01761617725649,168.57924358561866,45143500
2023-05-25,170.4513702392578,171.34800452634042,169.17044478431242,169.8798799582863,56058300
2023-05-26,172.8555450439453,173.19056694623742,170.5695990272421,170.77652387763237,54835000
2023-05-30,174.69810485839844,176.36330631715728,173.9788219031772,174.36309800636275,55964400
2023-05-31,174.6488037109375,176.7179916024166,174.16598919362923,174.72763149140792,99625300
2023-06-01,177.4471435546875,177.47670209655325,174.33351350934285,175.09221783191245,68901800
2023-06-02,178.2945098876953,179.11233123154489,176.62930866038764,178.37333767160567,61996900
2023-06-05,176.94461059570312,182.23579939859383,175.4272021453367,179.9498539235026,121946500
2023-06-06,176.58006286621094,177.4766970018392,174.82617090162998,177.328904296753,64848400
2023-06-07,175.21046447753906,178.5507149734009,174.71780207381394,175.82136104700194,61944600
2023-06-08,177.9201202392578,178.18614713091944,174.85575927069235,175.2892895872439,50214900
2023-06-09,178.30438232421875,179.55573399442156,177.9792233362159,178.83645110058313,48900000
2023-06-12,181.0928497314453,181.19138823156914,178.31424143935143,178.60984190485868,54274900
2023-06-13,180.61988830566406,181.4475575367352,179.76266053311636,180.11737806569877,54929100
2023-06-14,181.25050354003906,181.684048880549,179.34883379218707,180.67901332162722,57462900
2023-06-15,183.2802734375,183.78279874291368,181.08300318978328,181.26036948430115,65433200
2023-06-16,182.20626831054688,184.245897953939,181.56581317602513,183.98970387223915,101256200
2023-06-20,182.29493713378906,183.36895259993452,181.7037512704965,181.7037512704965,49799100
2023-06-21,181.26036071777344,182.68907870149724,179.91045548906328,182.1865534203878,49515700
2023-06-22,184.25575256347656,184.30502181445038,180.9746189088309,181.04359886716716,51245300
2023-06-23,183.94041442871094,184.807505007212,182.29492392440986,182.82700770116728,53117000
2023-06-26,182.55111694335938,185.2903184900679,182.51169553463515,184.08822111663613,48088700
2023-06-27,185.3002166748047,185.62537572825232,182.94529053153212,183.16206323383057,50730800
2023-06-28,186.4727325439453,187.11318769857849,184.84695251457532,185.17209649255778,51216800
2023-06-29,186.8077392578125,187.2807060224463,186.16728410364277,186.30522898461155,46347300
2023-06-30,191.12347412109375,191.6259844129726,188.4532369978983,188.8178174385461,85213200
2023-07-03,189.63558959960938,191.0347488046626,188.9458503136462,190.93621032527898,31458200
2023-07-05,188.52218627929688,190.14796610334872,187.82259909124357,188.75866963191964,46920300
2023-07-06,188.99514770507812,189.20207252866174,186.42344937265386,187.05405664400223,45094300
2023-07-07,187.8817138671875,189.8425155087971,187.44818361165477,188.6010117511895,46815000
2023-07-10,185.8421173095703,187.20187038994513,184.29515010539157,186.48257243692333,59922200
2023-07-11,185.31988525390625,186.5219826806886,183.86160879849567,186.384037813756,46638100
2023-07-12,186.98509216308594,188.88676181703667,185.70416691161034,186.89640150427806,60750200
2023-07-13,187.7437744140625,188.38424453327508,186.99493300399138,187.7043680387378,41342300
2023-07-14,187.8916015625,188.37440112570727,186.8471596075647,187.43834550769154,41616200
2023-07-17,191.14312744140625,191.46828636847997,188.99511196297206,189.08378756993932,50520200
2023-07-18,190.886962890625,191.4781637647375,189.5961898515042,190.51254970289233,48288200
2023-07-19,192.2368927001953,195.32094939257118,189.8228346836756,190.26624291356026,80507300
2023-07-20,190.2958221435547,193.58680403661177,189.67506258212867,192.22705072486576,59581200
2023-07-21,189.12322998046875,192.10876269219432,188.42364281090323,191.25153499324207,71951700
2023-07-24,189.92135620117188,192.04966138875844,189.4286937985748,190.57167418096722,45377800
2023-07-25,190.77859497070312,191.58656857428397,190.08887057427083,190.49285737606127,37283200
2023-07-26,191.6456756591797,192.7689453418544,190.48299959942145,190.82785426220883,47471900
2023-07-27,190.38446044921875,194.30604897209747,189.72429463258098,193.1433729163405,47460200
2023-07-28,192.95616149902344,193.74442436278966,191.29096014596897,191.8131810983056,48291400
2023-07-31,193.56704711914062,193.6064685292723,192.394508242959,193.18277106210203,38824100
2023-08-01,192.73939514160156,193.842954166062,192.41423613585215,193.3601546102926,35175100
2023-08-02,189.7538604736328,192.31569604997566,189.03457754647138,192.17775117305615,50389300
2023-08-03,188.36453247070312,189.54691917513858,187.89158079590146,188.7586713954234,61235200
2023-08-04,179.3192596435547,184.6301595328746,179.25027969317492,182.79745486603875,115956800
2023-08-07,176.22535705566406,180.44254624962392,174.74736976708382,179.4572213905704,97576100
2023-08-08,177.1614227294922,177.6245266423458,174.97400021533483,177.0530363874442,67823000
2023-08-09,175.57505798339844,178.27483876617566,174.41236670614128,178.2157216738325,60378500
2023-08-10,175.3582305908203,178.09743193733033,174.99366527850802,176.8460654118823,54686900
2023-08-11,175.41746520996094,176.23639103718068,174.19402209160106,174.95375100085724,52036700
2023-08-14,177.06520080566406,177.2921273528478,174.94388246971033,175.595078706152,43675600
2023-08-15,175.08203125,177.0849408911762,174.68737503648362,176.4929565709016,43622600
2023-08-16,174.21376037597656,176.15745776554937,174.14468726786023,174.7662850202376,46964900
2023-08-17,171.67803955078125,175.1411945839284,171.1649745274817,174.7761369036864,66062900
2023-08-18,172.1614990234375,172.76335939467492,169.6652621694116,170.0007213782545,61172200
2023-08-21,173.4934844970703,173.77962299820936,171.42151715942626,172.7337706675176,46311900
2023-08-22,174.8649139404297,175.30890581271296,173.89799596554266,174.69718434668556,42038900
2023-08-23,178.70301818847656,179.12728783194132,175.9502562936072,176.1377232252428,52722800
2023-08-24,174.02627563476562,178.68329009610582,173.6612029173666,178.25902046647073,54945800
2023-08-25,176.22650146484375,176.75928869570708,173.47373983758078,175.0129196769248,51449600
2023-08-28,177.78546142578125,178.18011761364104,176.16734696728648,177.68678985123202,43820700
2023-08-29,181.66299438476562,182.43258442181371,177.10465107991652,177.3019791564373,53003900
2023-08-30,185.14588928222656,185.34323241647965,182.27473336292013,182.4720614420058,60813900
2023-08-31,185.36293029785156,186.59624944883035,184.9781353249528,185.33333184264131,60794500
2023-09-01,186.93174743652344,187.38560051082152,185.76748618147488,186.96134589549212,45766500
2023-09-05,187.16854858398438,187.44481092436058,185.10644216647313,185.767499556314,45280000
2023-09-06,180.46914672851562,186.32988234003622,179.04836051297525,185.88587535630464,81755800
2023-09-07,175.19052124023438,175.83185624974686,171.22416252451072,172.84227669356144,112488800
2023-09-08,175.80223083496094,177.83475336123297,175.4174358773743,175.96997548136457,65551300
2023-09-11,176.9665069580078,177.89396541040293,174.97345890425444,177.6670388917848,58953100
2023-09-12,173.94737243652344,177.726264911888,172.48712647188145,177.0948059767589,90370200
2023-09-13,171.88522338867188,174.93398459835862,171.6582818339781,174.15451849429098,84267900
2023-09-14,173.39480590820312,173.75000241444866,171.2636268707299,171.67802028548886,60895800
2023-09-15,172.674560546875,174.14468255030425,171.5004532372104,174.12494522635322,109259500
2023-09-18,175.5950469970703,176.9862345995646,173.81906442528665,174.12492516303394,67257600
2023-09-19,176.6803741455078,177.23289871202428,174.7662604292434,175.1510553991506,51826900
2023-09-20,173.14813232421875,177.30194242582076,173.05932191129062,176.86781171431105,58436200
2023-09-21,171.60894775390625,173.94733103404198,171.5398897121348,172.2206842726111,63149100
2023-09-22,172.4574737548828,174.71692282922322,171.72735846610487,172.33907993619778,56725400
2023-09-25,173.7302703857422,174.6083930174941,171.82601779128095,171.87535356826675,46172700
2023-09-26,169.66526794433594,172.8620217812148,169.3692683155077,172.4871029695211,64588900
2023-09-27,168.1557159423828,170.7308878024124,166.794141376912,170.3164942342108,66921800
2023-09-28,168.41221618652344,169.7343308371659,165.38317681816312,167.08022534636603,56294400
2023-09-29,168.92526245117188,170.7604419321708,168.06686209293406,169.72445084440017,51861100
2023-10-02,171.43138122558594,171.97404472395215,168.64900568223578,168.93514418826848,52164500
2023-10-03,170.09939575195312,171.31299281082715,168.54049336939298,169.96126458937815,49594600
2023-10-04,171.34255981445312,171.8852232303615,168.68845469814508,168.80684851428336,53020300
2023-10-05,172.57589721679688,173.10868450108188,170.3756448658088,171.47083294671847,48527900
2023-10-06,175.12147521972656,175.61480292776608,170.8689777300858,171.48071432556827,57266700
2023-10-09,176.6014404296875,176.6606373398207,173.45400756283908,174.45052401213385,42390800
2023-10-10,176.00946044921875,177.32171396949087,175.57532965392068,175.72333700059065,43698000
2023-10-11,177.40065002441406,177.44998580714199,175.23001108089,175.82199530812358,47551100
2023-10-12,178.29852294921875,179.90676118500224,176.6507950071692,177.6670640281674,56743100
2023-10-13,176.46331787109375,179.50220314362676,175.7627859383901,178.9990143278533,51427100
2023-10-16,176.3350372314453,176.6902337432856,174.15452238414363,174.39132507709223,52517000
2023-10-17,174.7859649658203,176.03902130181154,172.4673342483031,174.29263735930638,57549400
2023-10-18,173.4934844970703,175.21027033840411,172.77323025982977,173.23695950912395,54764400
2023-10-19,173.11856079101562,175.46679037407037,172.85215962113486,173.69080766680926,59302900
2023-10-20,170.57298278808594,173.07908076842247,170.33618008275127,172.97054807703984,64244000
2023-10-23,170.6913604736328,171.6878768692555,167.662321590194,168.62925458750877,55980100
2023-10-24,171.12551879882812,171.35244533043914,169.16206908920728,170.74072378645857,43816600
2023-10-25,168.81674194335938,170.75057806188605,168.3727349771656,169.58633193718455,57157000
2023-10-26,164.66290283203125,169.09299056011605,163.45918215856796,168.0964590692853,70625300
2023-10-27,165.9751434326172,166.70527372020223,164.60369326977082,164.68262749452305,58499100
2023-10-30,168.01754760742188,168.88580920893756,166.61649869462795,166.76450604315932,51131000
2023-10-31,168.4911346435547,168.61938959873203,165.6594236135805,167.09008588386948,44846000
2023-11-01,171.64842224121094,171.9049471971035,167.84979334743332,168.71805482147735,56934900
2023-11-02,175.2003936767578,175.40758286457637,173.11855033416663,173.17774724497193,77334800
2023-11-03,174.2926483154297,174.46039296073306,171.03669795189808,171.91482054448556,79829200
2023-11-06,176.8382568359375,177.035584920202,173.85856813665714,174.02629776104038,63841300
2023-11-07,179.3937225341797,180.0054441684603,176.58174814434753,176.78893738265648,70530000
2023-11-08,180.44943237304688,181.00195707049215,179.1667771510238,179.91664500198718,49340300
2023-11-09,179.97581481933594,181.6629871195562,179.3838155582821,180.51847829944086,53763500
2023-11-10,184.15484619140625,184.32281184408907,181.3194195461175,181.75412225306079,66133400
2023-11-13,182.57412719726562,183.78930789371245,181.99123723697815,183.58184574005094,43627500
2023-11-14,185.18231201171875,185.84424013993512,184.05604376632093,185.43917491856425,60108400
2023-11-15,185.74545288085938,187.21751156501972,185.5182274044454,185.5873915048758,53790500
2023-11-16,187.4250030517578,188.65994715340477,186.37775779056014,187.28668991537342,54412900
2023-11-17,187.40524291992188,188.08693448765234,186.29873780998344,187.9584954748911,50922700
2023-11-20,189.14404296875,189.59850904887813,187.592960955599,187.6028350817968,46505100
2023-11-21,188.34378051757812,189.21318592585277,187.45462685911554,189.10451024981845,38134500
2023-11-22,189.00572204589844,190.60620477415247,188.53150773289747,189.18356183514956,39617700
2023-11-24,187.68186950683594,188.60066069963858,186.97054048498805,188.57102324664504,24048300
2023-11-27,187.50401306152344,188.37341847212542,186.62473352580105,187.6324520630897,40552600
2023-11-28,188.10667419433594,188.77849160556613,187.11871894105684,187.49414676130317,38415400
2023-11-29,187.08909606933594,189.77633577367203,186.6939199672285,188.60066651864972,43014200
2023-11-30,187.662109375,188.02766309314677,185.92331344476767,187.55343368717286,48794400
2023-12-01,188.9365692138672,189.25270705783993,186.95076949469112,188.0375263099119,45704800
2023-12-04,187.1483612060547,187.76090372984268,185.1922139752508,187.69173962433385,43389500
2023-12-05,191.09030151367188,192.05849343193452,187.8893210956394,187.91897362196437,66628400
2023-12-06,190.00355529785156,192.4141533735728,189.79607806848605,192.10788966712872,41089700
2023-12-07,191.9300537109375,192.6512567588297,191.25823636118906,191.29776300970337,47477700
2023-12-08,193.3527374267578,193.629363703371,191.33730018286,191.86091528323507,53406400
2023-12-11,190.8531951904297,191.15947399253523,189.11439931154695,190.78404615931,60943700
2023-12-12,192.36477661132812,192.3746507369947,189.4107849369075,190.75440470261375,52696900
2023-12-13,195.5756378173828,195.6151493963814,192.50309623143957,192.74019585543422,70404200
2023-12-14,195.72378540039062,197.21559217390634,193.79727597101643,195.63487305941916,66831600
2023-12-15,195.19033813476562,196.01032777733312,194.62719637119332,195.1508114803035,128538400
2023-12-18,193.5305633544922,194.26165570440122,192.04863040265064,193.7281513997374,55751900
2023-12-19,194.5679168701172,194.5777909959987,193.53056080250687,193.79731295132126,40714100
2023-12-20,192.48333740234375,195.2990010280865,192.48333740234375,194.5283970820936,52242800
2023-12-21,192.33511352539062,194.70621508029078,191.16933361068988,193.73802319308166,46482500
2023-12-22,191.2681427001953,193.0563392932213,190.64572606781581,192.82909873139974,37149600
2023-12-26,190.72476196289062,191.55464074590694,190.5074106042434,191.27801448490152,28919300
2023-12-27,190.8235626220703,191.16935301152336,188.7883770898652,190.1715235726757,48087700
2023-12-28,191.2484130859375,192.31540675452615,190.84334774346337,191.80166571224197,34049900
2023-12-29,190.2110137939453,192.05848519728596,189.42064661751613,191.56450759639273,42672100
2024-01-02,183.40402221679688,186.17030008579113,181.6751004330507,184.89582930034302,82488700
2024-01-03,182.03073120117188,183.64110287378972,181.22060076525406,182.00109375351622,58414500
2024-01-04,179.7189483642578,180.88472835710988,178.70135563320858,179.95604798314233,71983600
2024-01-05,178.99769592285156,180.55866677363844,177.9998667092149,179.79795220853848,62379700
2024-01-08,183.32493591308594,183.36446255692232,179.31384083855912,179.89673069766573,59144500
2024-01-09,182.9100341796875,182.9199083051763,180.52905841182087,181.7047275700206,42841800
2024-01-10,183.94740295410156,184.15486512874935,181.7047401626592,182.12956878813148,46792900
2024-01-11,183.3546142578125,184.7970355796361,181.4083411771675,184.29316874581366,49128400
2024-01-12,183.6806640625,184.49079471725477,182.95946084973255,183.8189772139212,40477800
2024-01-16,181.41822814941406,182.04062970854807,178.7507369031224,179.96593271976667,65603000
2024-01-17,180.4796600341797,180.72664884969066,178.12833676151584,179.08665457169852,47317400
2024-01-18,186.3580322265625,186.86188405437403,183.59175408710038,183.84861706451355,78005800
2024-01-19,189.25270080566406,189.63800274105876,186.5457131326349,187.0495648712278,68903000
2024-01-22,191.5546417236328,192.97729968749402,189.94426985134535,189.98379650311966,60133900
2024-01-23,192.82907104492188,193.39221269336167,191.4953406920358,192.67100968439368,42355600
2024-01-24,192.15728759765625,194.0146482092326,191.999211146671,193.06620457832125,53631300
2024-01-25,191.8312530517578,193.9059649333701,190.78402298627717,192.86860899256396,54822100
2024-01-26,190.1023712158203,192.41418317249008,189.62815685740148,191.9300946873343,44594000
2024-01-29,189.42066955566406,189.8850097627336,187.29657164460275,189.6972958396627,47145600
2024-01-30,185.7750701904297,189.48979101081807,185.21194362297624,188.64014902264395,55859400
2024-01-31,182.17893981933594,184.846431021382,182.12955411744667,184.7871410441138,55467800
2024-02-01,184.60931396484375,184.6982263171025,181.6059367135455,181.77388729281213,64885400
2024-02-02,183.6114959716797,185.07366557426653,177.0909850527091,177.6936383802958,102551700
2024-02-05,185.41944885253906,186.97054595458332,183.6016146657499,185.8837890630235,69668800
2024-02-06,187.01992797851562,187.02980210381148,184.5204024536245,184.60931480628852,43490800
2024-02-07,187.1286163330078,188.74886241631054,186.33824908078662,188.3437971267345,53439000
2024-02-08,186.05174255371094,187.25703410679802,185.09342474162452,187.1088468471974,40962000
2024-02-09,186.8134307861328,187.94113632063826,185.97259122428568,186.61557552858977,45155200
2024-02-12,185.1317596435547,186.63537211912902,184.7756412965565,186.38806813077576,41781900
2024-02-13,183.0445098876953,184.2019058140478,181.53101071537256,183.76664838776776,56529500
2024-02-14,182.1641082763672,183.5292310959524,180.472557481369,183.3215042025078,54630500
2024-02-15,181.87722778320312,182.50043860227981,179.3943014199978,181.57057328309747,65434500
2024-02-16,180.3439483642578,182.8565652037317,179.7108507918506,181.44197861733377,49752500
2024-02-20,179.60202026367188,180.4626331892475,178.05884601330092,179.82953567385852,53665600
2024-02-21,180.35382080078125,180.91766592307528,178.7117190512332,179.97791398976236,41371400
2024-02-22,182.38174438476562,182.96539328132977,180.49235334512917,181.50134277124772,52292200
2024-02-23,180.5516815185547,183.04449459753943,180.26480046872615,183.01481932952075,45119700
2024-02-26,179.2063446044922,180.78908088671756,178.70183486744935,180.2746995194681,40867400
2024-02-27,180.66050720214844,181.93658908973126,177.62360710096542,179.1470080612827,54318900
2024-02-28,179.4635467529297,181.14521076395337,178.1874648834917,180.54178846123017,48953900
2024-02-29,178.80075073242188,180.6011306821249,177.59390628342499,179.31514716008485,136682600
2024-03-01,177.7225341796875,178.5831471920378,175.46712311031385,177.6137198257161,73563100
2024-03-04,173.21170043945312,174.9922768844708,171.91581500377694,174.25036500096815,81510100
2024-03-05,168.28541564941406,170.18470849670402,167.79080766540406,168.91851326517738,95132400
2024-03-06,167.2961883544922,169.39333632878757,166.86093094295472,169.21526961759642,68587700
2024-03-07,167.177490234375,168.88882954707424,166.67299554984157,167.32586658446218,71765100
2024-03-08,168.8888397216797,171.82681238429842,167.11814976227143,167.17750030588184,76267000
2024-03-11,170.88702392578125,172.49945045781206,170.19457590701288,171.07497733678298,60139500
2024-03-12,171.36187744140625,172.1532532324886,169.16581679091567,171.28273835287425,59825400
2024-03-13,169.2845458984375,171.32232852748163,168.9185256992457,170.90685960163916,52488700
2024-03-14,171.1343536376953,172.43022407386235,170.19460153541087,171.04532782778392,72913500
2024-03-15,170.75845336914062,170.75845336914062,168.45357838204507,169.3240932528417,121752700
2024-03-18,171.8466033935547,175.79358063684148,171.6487632139381,173.67665901704393,75604200
2024-03-19,174.18113708496094,174.70542030322298,171.16402557801365,172.45989598897214,55215200
2024-03-20,176.74319458007812,176.74319458007812,173.20180001631465,173.82501083363408,53423100
2024-03-21,169.52191162109375,175.57592275278003,168.9976284397713,175.1406653733646,106181300
2024-03-22,170.42210388183594,171.18380430580046,168.22604350725265,169.90770741812418,71160100
2024-03-25,169.00755310058594,170.085794876263,167.6226416976105,168.73057383883838,54288300
2024-03-26,167.8798370361328,169.57138777241732,167.7512341389727,168.16670300567833,57388400
2024-03-27,171.44100952148438,171.72789059246503,168.27552158079686,168.5722893771007,60273300
2024-03-28,169.63075256347656,170.37266455083602,168.67121185228598,169.8978451053126,65672700
2024-04-01,168.19638061523438,169.40322523760474,167.65230884379906,169.3438746978549,46240500
2024-04-02,167.01922607421875,167.51383407497934,166.4158037095213,167.2566433485096,49329500
2024-04-03,167.82046508789062,168.83935621904524,166.76201196368757,166.96973884210524,47691700
2024-04-04,166.9994354248047,170.06599565718972,166.9994354248047,168.4535689105981,53704400
2024-04-05,167.75125122070312,168.55251376624304,167.12804031006615,167.76113794678497,42104800
2024-04-08,166.63345336914062,167.37536546347715,166.4257264355009,167.20720053340304,37425500
2024-04-09,167.84027099609375,168.24585316442327,166.53451377109624,166.88073030235694,42373800
2024-04-10,165.9706573486328,167.26652787853376,165.30788444762385,166.97966188332379,49709300
2024-04-11,173.15234375,173.5678277091418,166.34654865134516,166.5246002673459,91070300
2024-04-12,174.64608764648438,176.43656618963917,172.33132583138607,172.38077455594663,101670900
2024-04-15,170.82769775390625,174.72521085075485,170.63974431610336,173.46890241983837,73531800
2024-04-16,167.5533905029297,171.88614579113815,166.45536027289515,169.8978273072319,73711200
2024-04-17,166.1882781982422,168.80969440593617,166.1882781982422,167.78091646807817,50901200
2024-04-18,165.2386016845703,166.8213530127437,164.75389559967167,166.21793076697907,43122900
2024-04-19,163.22061157226562,164.60550769336635,162.31053482208006,164.41756936525925,68149400
2024-04-22,164.05154418945312,165.45622881020677,162.9930911354229,163.7350029833429,48116400
2024-04-23,165.10012817382812,165.24851961582092,163.14148491226467,163.56685559955991,49537800
2024-04-24,167.19729614257812,167.47427542099652,164.4176015378687,164.74402954196006,48251800
2024-04-25,168.0579071044922,168.7701438382538,166.33666581552853,167.7017887376114,50558300
2024-04-26,167.4742431640625,169.49223681731962,167.35552700029277,168.04799015720317,44838400
2024-04-29,171.62896728515625,174.13168243053624,171.2332869429431,171.5003643815301,68169400
2024-04-30,168.49314880371094,173.10289859543835,168.1667057400835,171.46079655206535,65934800
2024-05-01,167.4742431640625,170.84747276952126,167.28628974114312,167.75122238913238,50383100
2024-05-02,171.16403198242188,171.54982559320527,169.04711048582428,170.64963546996492,94214900
2024-05-03,181.40240478515625,184.98336128032037,180.69016817589636,184.63712970012278,163224100
2024-05-06,179.7504119873047,182.21354970089277,178.474315136007,180.38350950373416,78569700
2024-05-07,180.4329833984375,182.90602327557747,179.36464345444207,181.4716631656838,77305800
2024-05-08,180.76931762695312,181.09576068278213,179.4932206728727,180.87813197889614,45057100
2024-05-09,182.57958984375,182.66861565405213,180.14611203583203,180.5912561815798,48983000
2024-05-10,181.3215789794922,183.34230991411323,180.4102677646858,183.15410154420678,50759500
2024-05-13,184.52110290527344,185.33336754370364,182.87677335531396,183.68903799374417,72044800
2024-05-14,185.66021728515625,186.52201273815805,184.53098214319476,185.7394637127145,52393600
2024-05-15,187.9285888671875,188.849800179078,185.6007724639543,186.13568203158255,70400000
2024-05-16,188.04745483398438,189.29556710780693,187.86916171755817,188.67151097089564,52845200
2024-05-17,188.07717895507812,189.00830557822601,187.39369174809892,187.72057759120682,41282900
2024-05-20,189.2361297607422,190.10782534306233,187.22529890901677,187.54228461702792,44361300
2024-05-21,190.53378295898438,190.91018461353585,189.11727756366656,189.28567056183377,42309400
2024-05-22,189.0974578857422,190.99934196064652,188.47341681604038,190.45453220558076,34648500
2024-05-23,185.1154022216797,189.1964945447871,184.86776283091424,189.17667916140735,51005900
2024-05-24,188.18612670898438,188.7804673088457,186.26444256610336,187.0370913918068,36327000
2024-05-28,188.196044921875,191.1776178733189,187.31444925751387,189.70168159973719,52280100
2024-05-29,188.49319458007812,190.4346940804733,187.72056087959155,187.81962268312432,53068000
2024-05-30,189.4837646484375,190.36536034504638,188.83000809203267,188.9587703074631,49889100
2024-05-31,190.4346923828125,190.7516780595243,188.1167913020161,189.6323431713606,75158300
2024-06-03,192.19790649414062,193.14884852262287,190.7021698304424,191.07857147290113,50080500
2024-06-04,192.51487731933594,193.47571940906454,191.2073340206378,192.80213237542046,47471400
2024-06-05,194.02053833007812,195.04081158591265,193.02998059705732,193.55497498638144,54156800
2024-06-06,192.64366149902344,194.64459232913165,192.33659102362645,193.84224299284628,41181800
2024-06-07,195.0309295654297,195.08046047962372,192.30689554659912,192.81207459606742,53103900
2024-06-10,191.29647827148438,195.4370168860641,190.3356361933404,195.04078477848907,97010200
2024-06-11,205.19398498535156,205.20390023400174,191.80165814772772,191.82145841561143,172373300
2024-06-12,211.0581512451172,218.12081786507656,204.94639650511937,205.4119598660555,198134300
2024-06-13,212.21707153320312,214.70336573665497,209.60200000148347,212.71235034689784,97862700
2024-06-14,210.4835968017578,213.13828400218216,209.3048308005582,211.83075578674166,70122700
2024-06-17,214.62413024902344,216.88260054537645,210.71143044440285,211.35528688913016,93728300
2024-06-18,212.26657104492188,216.56560230529576,210.9887584540523,215.5354139875743,79943300
2024-06-20,207.7001190185547,212.2170745602359,206.87796947703916,211.90998899500866,86172500
2024-06-21,205.53082275390625,209.8892705909824,205.15440599094305,208.40343403997312,241805100
2024-06-24,206.17465209960938,210.69159220230495,204.63928484253907,205.75861973380415,80727000
2024-06-25,207.0959014892578,209.3840873125504,206.64023830581658,207.1751328027417,55549700
2024-06-26,211.23643493652344,212.83123347896796,208.65107866870252,209.5029589171147,66213200
2024-06-27,212.0784149169922,213.70292898101007,210.34493889866226,212.66284034706985,49772700
2024-06-28,208.63124084472656,214.0297919592074,208.31427026634478,213.7326216506115,82542700
2024-07-01,214.703369140625,215.4561875080808,209.91897391071575,210.0873668962765,60402900
2024-07-02,218.19012451171875,218.29908645117231,213.0689435868198,214.1090169642201,58046200
2024-07-03,219.45803833007812,219.45803833007812,216.96182895702523,217.92267103394255,37369800
2024-07-05,224.20278930664062,224.31175124030364,219.55707203955853,219.55707203955853,60412400
2024-07-08,225.66885375976562,225.69856928044194,221.14199799041046,224.9457357840812,59085900
2024-07-09,226.5207061767578,227.23390886254342,224.23252052432466,225.77778797195694,48076100
2024-07-10,230.78012084960938,230.87918266211804,227.08534498663496,227.1348758928893,62627700
2024-07-11,225.4212188720703,230.19569903805672,223.63821202212716,229.2051413563895,64710600
2024-07-12,228.3631591796875,230.44333633793113,226.52072130415218,226.75846058686048,53046500
2024-07-15,232.1866912841797,234.98997105632398,230.88906326950251,234.24705286947437,62631300
2024-07-16,232.60276794433594,234.03907359612094,230.13627381333595,232.78106107648213,43234300
2024-07-17,226.71884155273438,229.2744821236097,224.49998695797876,227.2834515580279,57345900
2024-07-18,222.06321716308594,228.26411801705945,220.17126344980832,228.10562515807683,66034600
2024-07-19,222.1919708251953,224.65846466815103,221.17169771561296,222.6971648700337,49151500
2024-07-22,221.8452911376953,225.62921338494564,220.98349573063444,224.86647978572938,48201800
2024-07-23,222.88536071777344,224.7971447504236,220.57735968997056,222.25140445670337,39960300
2024-07-24,216.47642517089844,222.67732467318373,215.07975061035899,221.88487566572178,61777600
2024-07-25,215.43638610839844,218.76466037633443,212.59347540961954,216.86277641061952,51391200
2024-07-26,215.90194702148438,217.41749898154802,213.9703475571551,216.6349499920164,41601300
2024-07-29,216.17930603027344,217.22929471632008,213.71281205128278,214.91139345300462,36311800
2024-07-30,216.73403930664062,218.2495914590453,214.07933666984098,217.12035622559256,41643800
2024-07-31,219.9830322265625,221.70660788092644,218.5467267386139,219.34907597117163,50036300
2024-08-01,216.29815673828125,222.36036437427163,214.97081319041698,222.2514024343897,62501000
2024-08-02,217.7840118408203,223.46981835778237,215.6543188775265,217.0807092384795,105568600
2024-08-05,207.29400634765625,211.4840610296135,194.14930192882554,197.21012147966275,119548600
2024-08-06,205.27325439453125,208.00720313955475,199.17143085232243,203.36148541473497,69660500
2024-08-07,207.8387908935547,211.62271284755147,204.4411706619682,204.94634956752103,63516400
2024-08-08,211.29583740234375,212.1774330540979,206.85814362500793,211.0977289070064,47161100
2024-08-09,214.1981964111328,214.7330909034816,209.96851092003678,210.09728825409005,42201600
2024-08-12,215.7254180908203,217.68898821235913,213.81143620679725,214.27753840147545,38028100
2024-08-13,219.4344024658203,220.04925425523973,217.19314118814535,217.19314118814535,44155300
2024-08-14,219.88064575195312,221.1797757696837,217.87739912826086,218.7401920302427,41960600
2024-08-15,222.85577392578125,223.48055242779947,220.9120269929499,222.73677426147512,46414000
2024-08-16,224.17474365234375,224.94827173921567,221.7946444270254,222.0624088054674,44340200
2024-08-19,224.0160369873047,224.1152134494971,221.18967426906008,223.84744910734045,40687800
2024-08-20,224.6309356689453,225.2854641390349,223.57973153152028,223.89708417115403,30299000
2024-08-21,224.52183532714844,226.08872985229075,223.1830436738614,224.64085012661386,34765500
2024-08-22,222.66734313964844,226.4457337259973,222.04256465043304,225.90029338876204,43695300
2024-08-23,224.9581756591797,226.32673228874265,222.46900358067504,223.78797197411373,38677300
2024-08-26,225.2953643798828,225.39454085782168,222.0326640536948,224.87885041051024,30602200
2024-08-27,226.13829040527344,226.95149505120298,223.0243400581704,224.1251322421701,35934600
2024-08-28,224.611083984375,227.95312221094204,223.80779089178384,226.02921369079436,38052200
2024-08-29,227.8837127685547,230.98775191089825,226.9812734022471,228.1911537968638,51906300
2024-08-30,227.10023498535156,228.48861464853783,225.5928405423183,228.2803652651616,52990800
2024-09-03,220.9219207763672,227.1002329196535,219.33518820526996,226.65396911284594,50190600
2024-09-04,219.01788330078125,219.94016096302124,215.67582978550038,219.82116129878526,43840200
2024-09-05,220.53518676757812,223.60946073514918,219.6823205428289,219.79140861107143,36615400
2024-09-06,218.9881134033203,223.37144384512357,217.9468210396507,222.0921370424939,48423000
2024-09-09,219.07737731933594,219.4343914347755,214.91222272734436,218.98812757352732,67180000
2024-09-10,218.2840118408203,219.6426417511051,214.9320468059923,217.10388142289187,51591000
2024-09-11,220.81285095214844,221.23927647566495,216.0824178921796,219.62280899168329,44587100
2024-09-12,220.9219207763672,221.6954487434212,217.99639678484726,220.65415643940133,37455600
2024-09-13,220.65419006347656,222.18140791181287,220.06908820245332,221.72523244234597,36766600
2024-09-16,214.52545166015625,215.41797935337752,212.14535259122513,214.7436126542421,59357400
2024-09-17,214.99154663085938,215.1006346980314,212.72055067344832,213.96018092212807,45519300
2024-09-18,218.8592071533203,220.86245391858552,215.7353297749969,215.7452565018275,59894900
2024-09-19,226.97132873535156,227.91345980340301,222.7665127356472,223.12352684243388,66781300
2024-09-20,226.30690002441406,231.15633305592988,225.7317097608303,228.06222073119503,318679900
2024-09-23,224.5912322998047,227.54650632766106,223.93670395169437,225.45401003818398,54146000
2024-09-24,225.48377990722656,227.44736512534206,223.85738561877668,226.75316007712865,43556100
2024-09-25,224.4920654296875,225.40443143928672,222.16156973744518,223.06400902085235,42308700
2024-09-26,225.63253784179688,226.60440369502516,223.54004142995942,225.41436171300208,36636700
2024-09-27,225.90028381347656,227.61594290444046,225.41435845997736,226.56473891662026,34026000
2024-09-30,231.0670623779297,231.0670623779297,227.7448474882838,228.1316114938428,54541900
2024-10-01,224.33340454101562,227.74485413807125,221.88389405688537,227.615942887257,63285000
2024-10-02,224.89866638183594,225.48376819979168,221.16986421787885,224.01605029183685,32880600
2024-10-03,223.7978973388672,224.92843958391967,221.46740141968138,223.2722952944607,34044200
2024-10-04,224.91851806640625,226.10856009308668,222.27066963907552,226.00938361911108,37245100
2024-10-07,219.85089111328125,223.81770763530983,219.49387702101052,222.63757729885364,39505400
2024-10-08,223.89706420898438,224.10531361949606,221.3979653574062,222.43925780658088,31855700
2024-10-09,227.63577270507812,227.84403724277382,222.96485445261254,223.36153007501719,33591100
2024-10-10,227.13990783691406,227.59609839600836,225.2854259515482,225.8903660776275,28183500
2024-10-11,225.6622772216797,227.50684750397573,225.45401269675094,227.39775944467098,31759200
2024-10-14,229.38119506835938,229.80762063057296,226.70359663127624,226.80275797652766,39882100
2024-10-15,231.9100341796875,235.51983687729248,230.44230106244424,231.67201972311165,64751400
2024-10-16,229.857177734375,230.1943535005289,227.93326933706737,229.67867825777722,34082200
2024-10-17,230.22412109375,231.91003031839952,228.60765355789445,231.49350124327563,32993800
2024-10-18,233.0504913330078,234.2206950473064,232.0686987091599,234.2206950473064,46431500
2024-10-21,234.51820373535156,234.88514457730523,232.5050454306036,232.5050454306036,36254500
2024-10-22,233.90335083007812,234.26036494372266,230.67040061866737,231.94969236544068,38846600
2024-10-23,228.8456573486328,233.18932661738793,225.87054472777703,232.13812257917175,52287000
2024-10-24,228.6572265625,228.9051525928802,226.5151420282862,228.0721096303277,31109500
2024-10-25,229.4902801513672,231.28526239164006,227.6655479946858,227.83413589840254,38802300
2024-10-28,231.4637451171875,232.78271346714027,230.62080565968694,231.38442210065006,36087100
2024-10-29,231.7315216064453,232.38605001867157,230.3927299983884,231.1662580738538,35417200
2024-10-30,228.19113159179688,231.53316974412917,227.64569128136466,230.68030356750913,47070900
2024-10-31,224.035888671875,227.92336713292326,223.5003599556127,227.43742665071557,64370100
2024-11-01,221.060791015625,223.4805517303345,218.44269248362247,219.13688241025088,65276700
2024-11-04,220.16824340820312,220.94177147156717,217.88733586004025,219.15671602208408,44944500
2024-11-05,221.59629821777344,222.09215031274817,219.3054639601429,219.9599923572388,28111300
2024-11-06,220.87234497070312,224.19455985797964,219.3550388628842,220.76325691115125,54561100
2024-11-07,225.59286499023438,225.9895557457087,222.7070172967094,222.7665171269793,42137700
2024-11-08,225.32481384277344,227.01256271730918,224.77877343219782,225.53329235935942,38328800
2024-11-11,222.61448669433594,224.07389700260043,219.90415975706793,223.3789433198207,42005600
2024-11-12,222.61448669433594,223.96468891324545,221.75075962779928,222.93218846295187,40398300
2024-11-13,223.49807739257812,225.0170530189228,221.15507983350162,222.39607398240116,48566200
2024-11-14,226.57574462890625,227.22105551450989,223.3789425502784,223.398802697962,44923900
2024-11-15,223.37892150878906,225.28508648780175,222.65418524957263,224.76882873863602,47923700
2024-11-18,226.37718200683594,228.08479108540536,223.54770942404784,223.62713486361545,44633700
2024-11-19,226.6352996826172,228.50175961033486,225.02697621656037,225.34466282087314,36211800
2024-11-20,227.35009765625,228.2733899080337,224.2625040209905,226.4168677573381,35169600
2024-11-21,226.8735809326172,228.50176458087773,224.0838286281757,227.230987838277,42108300
2024-11-22,228.21385192871094,229.05773399756174,226.41689485035167,226.41689485035167,38168300
2024-11-25,231.19224548339844,231.56951255942457,228.08480637706975,229.79241557012372,90152800
2024-11-26,233.366455078125,233.87279036398945,231.6489234928732,231.6489234928732,45986200
2024-11-27,233.23741149902344,233.99194568356663,232.125485520356,232.78073410729442,33498400
2024-11-29,235.62010192871094,236.0966394139658,232.28430923421996,233.11825362062933,28481400
2024-12-02,237.8638153076172,239.0551666028684,235.45133007089746,235.5605381566453,48137100
2024-12-03,240.90176391601562,241.01097200063165,237.17878168890522,238.08222901174219,38861000
2024-12-04,241.25918579101562,242.35126670496282,239.5118714775545,241.12019505186365,44383900
2024-12-05,241.28897094726562,242.77816394602775,240.38553870781277,242.23213863223197,40033900
2024-12-06,241.0903778076172,242.86748966267425,240.33585892461636,241.1598807416467,36870600
2024-12-09,244.9722137451172,245.4586888430206,240.00823778270345,240.08766321596437,44649200
2024-12-10,245.98489379882812,246.42172615122828,243.5723933612922,245.11122909402775,36914800
2024-12-11,244.71409606933594,248.9930409884295,244.48574226451257,246.17350623578653,45205800
2024-12-12,246.17352294921875,246.9479020514793,243.9099357862414,245.11122473397327,32777500
2024-12-13,246.34226989746094,247.49390077927876,244.46588763578848,246.0345058191798,33155300
2024-12-16,249.2313232421875,249.56888515433104,245.86574781090837,246.2033097230519,51694800
2024-12-17,251.6537322998047,252.0012166921119,247.98039295462073,248.2782345553336,51356400
2024-12-18,246.2628631591797,252.44797328398425,245.95509905753715,250.34325221557475,56774100
2024-12-19,247.9903106689453,250.18439476471843,245.30976661195103,245.71681628677703,60882300
2024-12-20,252.656494140625,253.1628143156686,243.91989202858784,246.25295201238012,147495300
2024-12-23,253.4308624267578,253.80811434244586,251.6239676953758,252.93446477293034,40858800
2024-12-24,256.33978271484375,256.34969006633503,253.4507293352449,253.64930053302467,23234700
2024-12-26,257.1537780761719,258.2260137599804,255.77380863027113,256.329771467171,27237100
2024-12-27,253.74855041503906,256.8361595932908,251.23677948504655,255.9724022209019,42355300
2024-12-30,250.38296508789062,251.67360197393796,248.9434149702759,250.4127477342041,35557500
2024-12-31,248.6157989501953,251.4551941340452,247.63292614272083,250.6212497119267,39480700
2025-01-02,242.09315490722656,247.305330553937,240.07778153574023,247.13654201152733,55740700
2025-01-03,241.6066436767578,242.42072787413275,240.14723350152744,241.6066436767578,40244100
2025-01-06,243.23484802246094,245.54806288478193,241.4478134561986,242.5498168429892,45045600
2025-01-07,240.4649658203125,243.78089861816605,239.61116122247878,241.22940732447114,40856000
2025-01-08,240.95140075683594,241.95413364050106,238.32049944087447,240.17702168463396,37628900
2025-01-10,235.14356994628906,238.4297199246896,231.32130202918376,238.28079154222544,61710900
2025-01-13,232.71121215820312,232.9792711307645,228.06493742769467,231.84748509521594,49630700
2025-01-14,231.5992889404297,234.41882398797216,230.79512716232853,233.05869925952226,39435300
2025-01-15,236.15618896484375,237.2383472440859,232.74097105897866,232.94946471611047,39832000
2025-01-16,226.61546325683594,236.29521800986595,226.38712456587973,235.63998458586752,71759100
2025-01-17,228.32305908203125,230.6164138035219,226.833866130533,230.44764042021458,68488300
2025-01-21,221.0359344482422,222.8031087860845,217.79942737812888,222.38613659782595,98070400
2025-01-22,222.2173614501953,222.5052654056773,218.2064601780486,218.2064601780486,64126500
2025-01-23,222.04859924316406,225.394314538592,220.69839703644928,223.1208199792776,60234800
2025-01-24,221.17494201660156,224.00441476166836,219.8148172645265,223.16053267311034,54697900
2025-01-27,228.2039337158203,230.47742834163907,222.36629236472388,222.40601266103107,94863400
2025-01-28,236.5433807373047,238.4594833656038,229.14705946957608,229.1867797612423,75707600
2025-01-29,237.635498046875,238.131895727024,232.32403680973889,232.43324490532586,45486100
2025-01-30,235.8782196044922,239.05516137192973,235.50096771104396,236.95044029141235,55658300
2025-01-31,234.29966735839844,245.40904807772534,231.7581140684966,245.40904807772534,100959800
2025-02-03,226.36724853515625,230.15973381299622,224.0738938399255,228.33299411580026,73063300
2025-02-04,231.12274169921875,231.45036595591674,225.01704170433482,225.61272492539547,45067300
2025-02-05,230.7951202392578,230.99367626573292,226.625383087866,226.88350440739822,39620300
2025-02-06,231.5397186279297,232.11554171369926,228.7698112868805,229.62361584180033,29925300
2025-02-07,225.989990234375,232.31409120281862,225.62264568638093,230.9241838961893,39707200
2025-02-10,226.25833129882812,229.1803610121675,225.81108525741098,228.16660736242451,33115600
2025-02-11,231.1979522705078,233.79199753404617,226.7354100570617,226.80497424991785,53718400
2025-02-12,235.42198181152344,235.5114431570428,229.2698195612854,229.7866449882993,45243300
2025-02-13,240.05348205566406,240.85852795215618,234.1299251101732,235.4617298072221,53614100
2025-02-14,243.10470581054688,244.04889519264196,239.51677402617887,239.77517912233392,40896200
2025-02-18,242.97552490234375,243.6811760890431,240.3615975750387,242.65747382373942,48822500
2025-02-19,243.373046875,244.50607717853558,241.67350900245088,243.16433914739287,32204200
2025-02-20,244.32717895507812,245.2713683243621,242.79658488378954,243.44262036367402,32316900
2025-02-21,244.0489044189453,247.1697083342209,243.72091995824803,244.44645306890683,53197400
2025-02-24,245.5894317626953,247.33866705271078,242.92580728065096,243.43268408373555,51326400
2025-02-25,245.52980041503906,248.47171215983582,243.41283173998391,246.48393846255715,48013300
2025-02-26,238.89064025878906,243.48239258336395,237.66816369812489,242.83637220684057,44433600
2025-02-27,235.84934997558594,240.9778097055873,235.61081167459415,237.94645181292123,41153600
2025-02-28,240.36158752441406,240.61005923211764,228.7927454203557,235.5014815283524,56833400
2025-03-03,236.57485961914062,242.53818006191796,234.66659889731284,240.31186830369816,47184000
2025-03-04,234.48770141601562,238.60240725621293,233.24534293735957,236.25683384188991,53798100
2025-03-05,234.29888916015625,235.1039350742086,227.82867612475383,233.98083809185871,47227600
2025-03-06,233.8914031982422,236.4059358119138,231.73467047090975,233.00684447444675,45170400
2025-03-07,237.60853576660156,239.89446338205195,233.32487071745646,233.67273718007357,46273600
2025-03-10,226.08935546875,234.71630041445476,222.84929009717774,234.10008031193473,72071200
2025-03-11,219.48997497558594,224.45940937640347,216.12069905845206,222.44182022291236,76137400
2025-03-12,215.65357971191406,220.39442456790263,213.5962416730392,218.7942660196618,62547500
2025-03-13,208.398193359375,215.51442704761877,207.14590135231947,214.62986833256545,61368300
2025-03-14,212.1848907470703,212.64207016591416,208.29878985935505,209.95857893569573,60107600
2025-03-17,212.69178771972656,213.9043309003415,208.68642489319868,212.00600336087763,48073400
2025-03-18,211.38980102539062,213.83475423543342,210.19713981325924,212.85081593904235,42432400
2025-03-19,213.92422485351562,217.42269587202972,212.44332789190165,212.91045595477615,54385400
2025-03-20,212.7911834716797,216.16045933121794,210.92267131595005,212.6818553101102,48862900
2025-03-21,216.93568420410156,217.5021918152461,209.9884097524224,210.26669685360034,94127800
2025-03-24,219.38063049316406,220.1260455978378,217.24377992596973,219.64898417718916,44299500
2025-03-25,222.38218688964844,222.73005335992565,218.73462390108503,219.4204082670252,34493600
2025-03-26,220.1757354736328,223.64440576884627,219.12221792138408,222.1436270366165,34466100
2025-03-27,222.48155212402344,223.61458239748316,219.21165626689742,220.0365840783956,37094800
2025-03-28,216.5679473876953,222.44182255065115,216.34929105853038,220.31490521146458,39818600
2025-03-31,220.77207946777344,224.24073468961828,214.90813825561798,215.683368745432,65299300
2025-04-01,221.8256072998047,222.31260214779184,217.5618242432653,218.46626491168394,36412700
2025-04-02,222.52133178710938,223.81338775742097,219.66888130946384,219.96705040499884,35905900
2025-04-03,201.9478759765625,206.22159255986557,200.01973301812973,204.2835010267849,103419000
2025-04-04,187.22840881347656,198.65810753704542,186.19475800144227,192.70471987275084,125910900
2025-04-07,180.3507080078125,192.96311894309866,173.55251067175698,176.11674047268428,160466300
2025-04-08,171.365966796875,189.17641711488596,168.175598539417,185.55866963100107,120859500
2025-04-09,197.63441467285156,199.38365014436008,170.8392173737498,170.8988481608281,184395900
2025-04-10,189.2559356689453,193.5892830219747,181.88129692496375,187.9141974958541,121880000
2025-04-11,196.9386749267578,198.32017705332044,184.92258644836306,184.96235041538483,87435900
2025-04-14,201.28195190429688,211.63825017625834,199.93026529720834,210.14742002868311,101352900
2025-04-15,200.90428161621094,202.26590170954893,198.57859009217825,200.6259945192588,51343900
2025-04-16,193.08241271972656,199.47309822086447,191.19401850640656,197.1474065096439,59732400
2025-04-17,195.77581787109375,197.61451451967758,193.2314700862815,195.99447418061752,52164700
2025-04-21,191.97918701171875,192.6152739871965,188.64966000796989,192.08851517151226,46742500
2025-04-22,198.51895141601562,200.35763286451953,194.7719939992729,194.92107095045932,52976400
2025-04-23,203.34925842285156,206.72846769395255,201.56025903470575,204.7406939661261,52929200
2025-04-24,207.09620666503906,207.5534013078127,201.69940812530302,203.6374845300284,47311000
2025-04-25,208.00062561035156,208.46775361357263,204.9394524859384,205.10841141990002,38222300
2025-04-28,208.85536193847656,210.2070485309222,206.19175271644127,208.71621839949725,38743100
2025-04-29,209.91883850097656,210.94254069563792,207.09618845243054,207.4142395090872,36827600
2025-04-30,211.20095825195312,212.2743578831654,205.4065960245207,208.0205233254963,52286500
2025-05-01,212.01596069335938,213.2483707428857,207.62296725165953,207.80187477964563,57365700
2025-05-02,204.09466552734375,205.72463931330321,200.92416412992952,204.83013207172814,101010600
2025-05-05,197.6741485595703,202.85230555244996,196.99831280299983,201.85841873478097,69018500
2025-05-06,197.29647827148438,199.42339557924856,195.81559653234874,196.99832434112832,51216500
2025-05-07,195.05027770996094,198.22077891807172,192.0686174137577,197.95242524507105,68536700
2025-05-08,196.28271484375,198.82706269335065,193.48988012199126,196.51130456752412,50478900
2025-05-09,197.31634521484375,199.31405222350435,196.3323918231404,197.7834732241415,36453900
2025-05-12,209.776123046875,210.2538252478288,205.75556156059073,209.95526516858178,63775800
2025-05-13,211.9058380126953,212.3735786127325,207.99474788922345,209.4178625594749,51909300
2025-05-14,211.30873107910156,212.91098786371114,209.56714827780408,211.40824098508043,49325800
2025-05-15,210.43295288085938,211.93569971673273,208.53213606160298,209.93535780893234,45029500
2025-05-16,210.24388122558594,211.54759317457453,208.76105751069144,211.33859654598928,54737900
2025-05-19,207.77581787109375,208.47244800462508,203.27755371752323,206.9100072183761,46140500
2025-05-20,205.86502075195312,207.46727738969238,204.04382108157407,206.6711222878563,42496600
2025-05-21,201.11798095703125,206.04416933851562,199.74462882701684,204.1831685508297,59211800
2025-05-22,200.39149475097656,201.77480849030061,198.7394754118135,199.7446272097534,46742400
2025-05-23,194.33078002929688,196.74908474491085,192.52948833207407,192.73846975457602,78432900
2025-05-27,199.24700927734375,199.77445879612063,196.48036693049403,197.34619261173145,56288500
2025-05-28,199.4560089111328,201.75489573800118,198.9385057789635,199.6251894151235,45339700
2025-05-29,198.98826599121094,202.8297005493605,197.55518975609246,202.60081106845576,51396800
2025-05-30,199.88394165039062,200.98860329086406,195.83351057352263,198.4110493394953,70819900
2025-06-02,200.7298583984375,201.15779807678393,199.15745607510846,199.31669015009302,35423300
2025-06-03,202.29229736328125,202.78989241693247,199.99341064507593,200.38153417950807,46381600
2025-06-04,201.844482421875,205.24803106286797,201.12794426741362,201.93404589483336,43604000
2025-06-05,199.66500854492188,203.76518718349973,199.18730633012683,202.52119947175674,55126100
2025-06-06,202.93917846679688,204.7106157617459,201.07817770068002,202.0236053289331,46607700
2025-06-09,200.48104858398438,205.0091667110405,199.05793398755327,203.4069099948636,72862600
2025-06-10,201.6951904296875,203.36711781582227,199.60530017876516,199.63515466910712,54672600
2025-06-11,197.8238983154297,203.51638723180633,197.45568281643992,202.5211970741936,60989900
2025-06-12,198.2418670654297,198.71955406677787,196.410720905765,198.12244911144163,43904600
2025-06-13,195.50509643554688,199.4062398916536,194.758703844025,198.7693188209708,51447300
2025-06-16,197.4656219482422,197.73432753277095,195.61456771612566,196.35101387226533,43020700
2025-06-17,194.69898986816406,197.43576263348734,194.27106541566712,196.2514839890114,38856200
2025-06-18,195.6344757080078,196.6197193940347,194.13174409281177,194.9975546383106,45394700
2025-06-20,200.03323364257812,200.72986375748766,195.9131467510872,197.28651411005004,96813500
2025-06-23,200.53082275390625,201.3269779408771,198.00304635957568,200.6602023375907,55814300
2025-06-24,199.3365936279297,202.46149014710028,199.23706853700068,201.61557243039425,54064000
2025-06-25,200.59051513671875,202.6903668657116,199.65503400834336,200.4810436177515,39525700
2025-06-26,200.03323364257812,201.66534499125092,198.5006473897771,200.461158146952,50799100
2025-06-27,200.1128387451172,202.24254507531293,199.03803155248616,200.91894034324127,73188600
2025-06-30,204.18316650390625,206.39248990855162,198.3015889216639,201.03836190454115,91912800
2025-07-01,206.82040405273438,209.17899961843958,205.1484768676989,205.67592638082795,78788900
2025-07-02,211.41819763183594,212.3138626915596,207.13887695509675,207.90517762155153,67941800
2025-07-03,212.5228729248047,213.61757304735917,210.79123648824356,211.12959751601144,34955800
2025-07-07,208.94017028808594,215.18996325511674,207.79570768244494,211.65703516300363,50229000
2025-07-08,208.9998779296875,210.41304612040562,207.4473837253886,209.08945658408672,42848900
2025-07-09,210.1244354248047,210.3135239719546,206.22329208627588,208.52217876921287,48749400
2025-07-10,211.38836669921875,212.45321238064957,209.01980902189666,209.49749609462273,44443600
2025-07-11,210.14434814453125,211.1096837700706,208.85059795908091,209.55718962168862,39765800
2025-07-14,207.6165771484375,209.89557123752414,206.54176989733165,208.92027389637033,38840100
2025-07-15,208.10423278808594,210.8708604550018,207.915144211828,208.2137043224775,42296300
2025-07-16,209.149169921875,211.37838618562168,207.63647661047767,209.28849593835915,47490500
2025-07-17,209.0098419189453,210.78127919114968,208.58190225319882,209.5571995447156,48068100
2025-07-18,210.1642608642578,210.77132749863404,208.6913836081342,209.85575432940058,48974600
2025-07-21,211.45799255371094,214.74212298846783,210.61209006251647,211.07983063398711,51377400
2025-07-22,213.36875915527344,213.91611676733493,211.20919838168209,212.1148250502387,46404100
2025-07-23,213.11997985839844,214.11517007989065,211.38835859165647,213.96589762082587,46989300
2025-07-24,212.73184204101562,214.65256693634578,212.50295255730364,212.87116805528336,46022600
2025-07-25,212.85128784179688,214.20474714033003,212.37358560556336,213.66733592091674,40268800
2025-07-28,213.0204620361328,213.81661722083774,212.03521828670327,213.00055398053098,37858000
2025-07-29,210.25381469726562,213.77678093648746,209.8059821935656,213.14980632007004,51411700
2025-07-30,208.04449462890625,211.36842593737322,206.72088996610802,210.88077731884883,45512500
2025-07-31,206.57164001464844,208.83071086700429,206.1636083824018,207.4872131893059,80698400
2025-08-01,201.40658569335938,212.5527122409286,200.53081350952442,209.85574027592583,104434500
2025-08-04,202.37193298339844,206.88014336875773,200.70995198839026,203.52634207300898,75109300
2025-08-05,201.9439697265625,204.35232790405936,201.18763073057525,202.42165671427045,44155100
2025-08-06,212.22430419921875,214.3440641251077,204.60114383647723,204.6409599471833,108483100
2025-08-07,218.97169494628906,219.78775818606874,215.53829184895108,217.82723230897543,90224800
2025-08-08,228.24688720703125,229.88894502591432,218.19545972697713,219.76786212559261,113854000
2025-08-11,226.34388732910156,228.71513292468896,223.9327956372812,227.08116933177635,61806100
2025-08-12,228.80479431152344,229.95057099439725,226.23430307406312,227.17083074525974,55626200
2025-08-13,232.47125244140625,234.1351043372746,229.58191650034667,230.2195756343437,69878500
2025-08-14,231.92327880859375,234.25466305951576,230.0003892485326,233.1985666998313,51916300
2025-08-15,230.7376708984375,233.41777326838445,228.4959516198378,233.13880497436926,56038700
2025-08-18,230.0402374267578,232.26202593201924,229.26310933608104,230.8472538899505,37476200
2025-08-19,229.71145629882812,232.0129522601839,228.50591803460907,230.42880766374827,39402600
2025-08-20,225.17819213867188,229.6217843388592,224.93908515924198,229.13358225147155,42263900
2025-08-21,224.072265625,225.6863136691638,222.95639256938466,225.43723377620466,30621200
2025-08-22,226.9217529296875,228.2468598588307,224.58041092619504,225.33760837029214,42477800
2025-08-25,226.323974609375,228.45609804536198,225.3973894325087,225.6464693442017,30983100
2025-08-26,228.46604919433594,228.6453946309622,223.86305742355088,226.03502689374838,54575100
2025-08-27,229.64170837402344,230.05018785299507,227.41990473660533,227.76862267507164,31259500
2025-08-28,231.70408630371094,232.55096405412047,228.4959359400532,229.9704999102399,38074700
2025-08-29,231.28562927246094,232.52107103838586,230.51845893056873,231.65426265633033,39418400
2025-09-02,228.87454223632812,230.00038826150748,226.1346633063032,228.4062708029861,44075600
2025-09-03,237.5923309326172,237.9709372370204,233.49745685978084,236.33697373754433,66427800
2025-09-04,238.8975067138672,239.0170601981439,235.8687018920251,237.57239985348932,47549400
2025-09-05,238.80784606933594,240.43185187342493,237.61226559630578,239.1167027112504,54870400
2025-09-08,237.0045166015625,239.2661511981365,235.47017586985078,238.41928864081726,48999500
2025-09-09,233.48751831054688,237.90120710535396,232.5011563745861,236.12775932745953,66313900
2025-09-10,225.955322265625,231.56460664903227,225.118417424808,231.33545739080094,83440800
2025-09-11,229.1833953857422,229.60184779162614,225.81583028738913,226.04499474029723,50208600
2025-09-12,233.2085418701172,233.6469097348115,228.17712472443904,228.37638560886936,55824200
2025-09-15,235.828857421875,237.31337916896246,234.16500543557729,236.12775635652346,42699500
2025-09-16,237.2735137939453,240.33222235518573,235.45026224943368,236.30708253667353,63421100
2025-09-17,238.11044311523438,239.21635855568803,236.85507060288438,238.09051246512186,46508000
2025-09-18,237.0045166015625,240.31228984200703,235.77903252032195,239.08682096339746,44249600
2025-09-19,244.59645080566406,245.3935094903633,239.32592704772566,240.342162048153,163741300
2025-09-22,255.13751220703125,255.69547916115815,247.2068166293636,247.38616206443075,105517400
2025-09-23,253.4936065673828,256.3929004583055,252.64674396870498,254.93828225227924,60275200
2025-09-24,251.38140869140625,254.79879299943292,250.11607847800005,254.2807025242173,42303700
2025-09-25,255.9246368408203,256.2235509944071,250.78363873545524,252.27811828759639,55202100
2025-09-26,254.51980590820312,256.6519291955366,252.84598111295833,253.16481067495934,46076300
2025-09-29,253.4936065673828,254.06151607705354,252.07883445903423,253.6231329894407,40127700
2025-09-30,253.69287109375,254.97811672142575,252.17846100632588,253.92202035086734,37704300
2025-10-01,254.5098419189453,257.83756097799323,253.9917514638179,254.10134722927504,48713900
2025-10-02,256.18365478515625,257.229778167004,253.21461153357077,255.63566078088252,42630200
2025-10-03,257.07037353515625,258.2858846694617,253.01536064819075,253.73271197999827,49155600
2025-10-06,255.7452850341797,258.1165305885388,254.1113214696764,257.0404883747525,44664100
2025-10-07,255.5360870361328,256.4526841311554,254.48993311029045,255.86485915808862,31955800
2025-10-08,257.1102294921875,257.56852798749276,255.16739414069707,255.5758888188916,36496900
2025-10-09,253.10501098632812,257.0504430809132,252.20832947523735,256.86113993459566,38322000
2025-10-10,244.3673095703125,255.436420799504,243.10197943699816,254.00171816056968,61999100
2025-10-13,246.74850463867188,248.77103211910116,244.6562274921306,248.46217548947354,38142900
2025-10-14,246.8581085205078,247.93413549962378,243.79940008876653,245.69241642712313,35478000
2025-10-15,248.42233276367188,250.89321639065437,246.559219921403,248.57178982967116,33893600
2025-10-16,246.53929138183594,248.1234359576197,244.22783772705108,247.33635013275978,39777000
2025-10-17,251.36148071289062,252.4474806979352,246.3599669580113,247.1072067041429,49147000
2025-10-20,261.2748107910156,263.406949073437,254.68915362058422,254.9481912125226,90483000
2025-10-21,261.8028869628906,264.3136317818121,260.86634411857244,260.9161783410852,46695900
2025-10-22,257.4988098144531,261.882609922878,254.4899051977633,261.6833338430701,45015300
2025-10-23,258.6246643066406,259.66084534801524,257.06046542540827,258.9833552231903,32754900
2025-10-24,261.85272216796875,263.15789839957887,258.22610426270086,260.2287163700197,38253700
2025-10-27,267.8206481933594,268.1295048126629,263.6759553344934,263.9051197703755,44888200
2025-10-28,268.00994873046875,268.896687690681,267.16307106420925,267.9999758056659,41534800
2025-10-29,268.7073974609375,270.4110953948544,266.1269030442272,268.28892986747474,51086700
2025-10-30,270.401123046875,273.1310593223432,267.49188695276854,270.98894793982623,69886500
2025-10-31,269.3749084472656,276.29934139392066,268.1693703205502,275.97053891965146,86167100
2025-11-03,268.0597839355469,269.8531775103368,265.2701011373342,269.42476736726525,50194600
2025-11-04,269.0461730957031,270.49081837885313,266.6350661079627,267.3424445625432,49274800
2025-11-05,269.1457824707031,270.70003856307255,265.94757476828966,267.6213843438783,43683100
2025-11-06,268.7771301269531,272.3937751745226,266.90407480138714,266.90407480138714,51204000
2025-11-07,267.48193359375,271.2878818962731,265.7881780523408,268.80702532983145,48227400
2025-11-10,268.6985778808594,272.98692304032335,266.733924572705,268.2298525605972,41312400
2025-11-11,274.5028076171875,275.16101963639426,269.0675899882029,269.07757258136417,46208300
2025-11-12,272.7276916503906,274.9815668240292,270.96250711171905,274.2535373864602,48398000
2025-11-13,272.20904541015625,275.9488654308047,271.3513641926929,273.3658696206449,49602800
2025-11-14,271.6705322265625,275.21088338895913,268.8681625557137,270.31420819279356,47431300
2025-11-17,266.73394775390625,269.7557213346742,265.00866346949266,268.09027174019775,45018300
2025-11-18,266.7139892578125,269.97510130800674,264.59974924229334,269.25705465795,45677300
2025-11-19,267.83099365234375,271.47107967039307,264.77930243197466,264.80921977983166,40424500
2025-11-20,265.5272521972656,274.68232536305425,265.1981613886433,270.09480618650156,45823600
2025-11-21,270.75299072265625,272.5879921198442,264.9488130991126,265.2280517805383,59030800
2025-11-24,275.1710205078125,276.24807542504453,270.164627965921,270.164627965921,65585800
2025-11-25,276.2181396484375,279.6188865292943,274.5028075356392,274.52274228722064,46914200
2025-11-26,276.7966003417969,278.7712367451818,275.8791146523587,276.2082055022192,33431400
2025-11-28,278.0930480957031,278.242634823177,275.2407959413455,276.50736791500816,20135600
2025-12-01,282.3315124511719,282.65065109438723,275.3904143522869,277.2553332443013,46587700
2025-12-02,285.4131164550781,286.619823290159,281.86278279875575,282.231773534172,53669500
2025-12-03,283.378662109375,287.8365294074879,282.5309633672564,285.4231155973949,43538700
2025-12-04,279.9380187988281,283.95707766942763,277.83373081751637,283.3287830094401,43989100
2025-12-05,278.0232238769531,280.37683325787106,277.2951945750906,279.77845592816414,47265800
2025-12-08,277.1356506347656,278.9108174051644,275.4003533668138,277.374989388386,38211800
2025-12-09,276.4275817871094,279.2698514894354,276.16830825817004,277.40493251311347,32193300
2025-12-10,278.0232238769531,278.9905919368044,275.68957968235776,276.9960211276047,33038300
2025-12-11,277.2752685546875,278.8310314000742,273.0667227973629,278.34237127554803,33248000
2025-12-12,277.5245666503906,278.4620173164318,276.06853855760204,277.14559334691864,39532900
2025-12-15,273.3658752441406,279.3894873363706,272.0993337942639,279.3894873363706,50409100
2025-12-16,273.8645324707031,274.752131096348,271.0522107383373,272.07941349564567,37648600
2025-12-17,271.10205078125,275.41033087528734,270.9026119684932,274.2634587890498,50138700
2025-12-18,271.4511413574219,272.88723490520505,266.22537510199504,272.8672697170699,51630700
2025-12-19,272.9271240234375,273.8545921928022,269.1673383776201,271.4112306527045,144632000
2025-12-22,270.23443603515625,273.13654030849926,269.7756932559407,272.1192896847017,36571800
2025-12-23,271.62066650390625,271.7603010837797,268.8282792538215,270.1048034873943,29642000
2025-12-24,273.06671142578125,274.6823088952694,271.46109654935304,271.60070067851706,17910600
2025-12-26,272.6578674316406,274.6225212124231,272.1193247047194,273.4158142002898,21521800
2025-12-29,273.0168762207031,273.61522314661676,271.6107000753325,271.9497734782625,23715200
2025-12-30,272.33868408203125,273.3359694836473,271.54086793463244,272.06942798009953,22139600
2025-12-31,271.12200927734375,272.9370761103812,271.0123224859311,272.3187639976345,27293600
2026-01-02,270.27435302734375,277.0857995993762,268.26979943372277,271.52095990203577,37838100
2026-01-05,266.5345458984375,270.7730094869922,265.41759095171795,269.9053759278346,45647200
2026-01-06,261.6478271484375,266.8237416838396,261.4084883511094,266.27524679504927,52352100
2026-01-07,259.6233215332031,262.96423405428067,259.10474402829175,262.485556491205,48309800
2026-01-08,258.3368225097656,258.58614386359903,255.00587765735156,256.3222864925608,50419300
2026-01-09,258.6659240722656,259.5036402038468,255.52448097015204,258.3767027680543,39997000
2026-01-12,259.54351806640625,260.5906555331263,256.1028713590674,258.45648066308013,45263800
2026-01-13,260.34136962890625,261.0993163539261,257.68861696081353,258.01770778709204,45730800
2026-01-14,259.2543029785156,261.1092696408236,256.0131254420647,258.78557762508564,40019400
2026-01-15,257.50909423828125,260.3314293980394,256.35223934409396,259.94247342351326,39388600
2026-01-16,254.83633422851562,258.1971811198186,254.23795690818102,257.1998957308392,72142800
2026-01-20,246.0303192138672,254.09835490933511,242.75922413209136,252.04394930256512,80267500
2026-01-21,246.9777374267578,250.87712721718017,244.51444112970407,248.02489020045314,54641700
2026-01-22,247.67584228515625,250.31864258405668,247.47637302553753,248.52352576906395,39708300
2026-01-23,247.36666870117188,248.73296007338791,244.0157890837153,246.64863719927277,41689000
2026-01-26,254.71669006347656,255.86356228737432,249.121917868832,250.7973501838168,55969200
2026-01-27,257.56890869140625,261.2389423700868,257.5090739976807,258.4664899667647,49648300
2026-01-28,255.74388122558594,258.1572949521919,253.81911240916085,256.9505880888889,41288000
2026-01-29,257.5788879394531,258.94516415300217,253.7193980705993,257.29964922744847,67253000
2026-01-30,258.7756652832031,261.1890792690021,251.49546251262876,254.4773517832236,92443400
2026-02-02,269.27703857421875,269.7557160843994,258.50633807413067,259.3241194003358,73913400
2026-02-03,268.7485046386719,271.1419837262723,266.88355520832346,268.4692659190308,64394700
2026-02-04,275.7394104003906,278.19275421850585,271.55083028665655,271.55083028665655,90545700
2026-02-05,275.1610412597656,278.7412924914769,272.48832346973,277.37501624935936,52977400
2026-02-06,277.364990234375,280.1474248180158,276.1782182606431,276.3677049075235,50453400
2026-02-09,274.13079833984375,277.70443813431814,271.2160169672847,277.41494619870406,44623400
2026-02-10,273.19244384765625,274.87943562430115,272.4537718732244,274.40031021957236,34376900
2026-02-11,275.00921630859375,279.6808719096702,273.9610989943363,274.2106536370846,51931300
2026-02-12,261.2637939453125,275.22886395053104,259.7165366668213,275.09909064411113,81077200
2026-02-13,255.32435607910156,261.7628783299504,254.9949421084194,261.5432690161623,56290700
2026-02-17,263.4099426269531,265.8156532326085,255.08478749757862,257.5903108294174,58469100
2026-02-18,263.8791198730469,266.3447212846438,261.9825104325609,263.13045584681157,34203300
2026-02-19,260.11578369140625,264.00886051677537,259.5867290635135,262.13220471573277,30845300
2026-02-20,264.1086730957031,264.2783836675007,257.7001265171608,258.50868117461044,42070500
2026-02-23,265.705810546875,268.95002088588865,262.91081074777924,263.0206001676805,37308200
2026-02-24,271.6552429199219,274.4003442568012,267.233111068832,267.38283777638213,47014600
2026-02-25,273.74151611328125,274.45024283739696,270.567157599074,271.29586819299504,33714300
2026-02-26,272.4637756347656,275.61811956353745,270.31758130113775,274.4602128097023,32345100
2026-02-27,263.7093811035156,272.3240124520744,262.4217010495403,272.3240124520744,72366500
2026-03-02,264.2484130859375,266.05518620599753,259.73647625260065,261.94253069595567,41827900
2026-03-03,263.2801818847656,265.08695529305965,259.6666350681776,263.0106738027697,38568900
2026-03-04,262.0523376464844,265.67587606267574,260.95432154975975,264.17854815272653,39803100
2026-03-05,259.8263244628906,261.09405110124777,256.79173142961054,260.3254337562426,49658600
2026-03-06,257.0013427734375,258.3090066542827,253.916851068475,258.16927189629365,41120000
2026-03-09,259.41705322265625,260.68477987096253,253.22808575123491,255.2345148744848,38218500
2026-03-10,260.3653564453125,262.01244158439727,256.4922936817907,257.19102845716964,30590800
2026-03-11,260.3453674316406,261.6630231774062,259.08760235948154,260.62486739620806,26218900
2026-03-12,255.30438232421875,258.48871731031414,253.72719511663234,258.1992253881205,40794000
2026-03-13,249.6744384765625,255.87336762960538,249.07551643845036,255.024890934378,36930000
2026-03-16,252.36964416503906,253.43773019062647,249.4348789230203,251.66090222791988,32074200
2026-03-17,253.77711486816406,254.67552076289968,251.7307636559193,252.5093881906664,32361600
2026-03-18,249.49476623535156,254.48585937367065,248.55643828829037,252.1799767808244,35757900
2026-03-19,248.5165252685547,251.38140795985734,246.85947863088072,248.95572868612365,34864100
2026-03-20,247.54823303222656,248.75606899357115,245.56177255944445,247.53824109812177,88331100
2026-03-23,251.04200744628906,254.14646797882926,249.83415620831627,253.51758537106093,40546100
2026-03-24,251.1917266845703,254.37604644028636,249.10545347620703,249.90403139868116,45152300
2026-03-25,252.16998291015625,254.5457480998694,251.15181088451408,253.6473574345128,28476700
2026-03-26,252.43951416015625,256.5421934269488,250.32329549316128,251.67088153367666,41796700
2026-03-27,248.35679626464844,255.03488128462607,247.6281009352486,253.4477020992108,47900000
2026-03-30,246.19065856933594,250.4230956915925,245.07264337813007,249.62453299565456,39446200
2026-03-31,253.337890625,255.02488248828539,246.65982101631488,247.46837564153284,49598100
2026-04-01,255.17462158203125,255.7236296181179,252.8787157917901,253.62737973002484,40059400
2026-04-02,255.464111328125,255.6737439434535,250.20349485503914,253.74717405681358,31289400
2026-04-06,258.3988342285156,261.6929736576745,256.003115847535,256.053045051996,29329900
2026-04-07,253.0484161376953,255.7436185540334,245.2623079794448,255.70368128016966,62148000
2026-04-08,258.43878173828125,259.2872736156141,256.0730086009651,257.98960165960847,41032800
2026-04-09,260.02593994140625,260.65482250105316,255.6138310165902,258.5386040524215,28121600
2026-04-10,260.0159912109375,261.7229364827484,258.5585701252562,259.5168819122501,31291500
2026-04-13,258.73828125,259.71651601158027,256.2027973984465,259.2673359057164,36234700
2026-04-14,258.368896484375,261.4633801130582,256.73183388682423,258.78816168339415,48370700
2026-04-15,265.95538330078125,266.08515659729386,257.35074355126085,257.7001261657452,49913500
2026-04-16,262.9307556152344,266.6840670491935,260.804545264895,266.3246925362851,43323100
2026-04-17,269.7486267089844,271.8149160854778,266.24486962975914,266.4844323486072,61436200
2026-04-20,272.5635681152344,273.7913879220191,269.80850557942483,269.84841238867654,36590200
2026-04-21,265.69586181640625,272.3140256362382,264.9272139873882,271.0163536236942,50209800
2026-04-22,272.68341064453125,273.2523721409737,266.39461467279705,267.3429346055621,43249200
2026-04-23,272.9429016113281,275.2787294551341,271.1660737405759,274.56001085217736,33399600
2026-04-24,270.5771179199219,272.5735550213531,269.16962610782736,272.2741016414235,38157100
2026-04-27,267.1332702636719,267.88193422863776,264.59781690250213,265.6159889280984,41466800
2026-04-28,270.2277526855469,272.7432830913257,268.181416710472,271.8548539018017,40018900
2026-04-29,269.688720703125,270.55716597281076,266.56429174844374,267.07336249706583,30047900
2026-04-30,270.86663818359375,275.50834883767226,267.6623648300734,270.018146234023,91848200
2026-05-01,279.6409606933594,286.7083346607987,277.87409435408995,278.36321169794013,79915400
2026-05-04,276.33685302734375,280.13010214166496,274.3703610857382,279.16182884121525,46668400
2026-05-05,283.67376708984375,284.0630869835518,276.00745521106614,276.43668191704,49311700
2026-05-06,286.9978332519531,287.5168959460148,280.5693031693742,281.4177950537395,58336100
2026-05-07,286.9279479980469,291.60959552514373,285.2709015174152,288.75467457606095,45224300
2026-05-08,292.7974853515625,294.2349225642168,289.48339230776435,289.49338424193445,52692800
2026-05-11,292.42779541015625,293.6267735875138,289.979924827367,291.72841688276577,42247300
2026-05-12,294.54595947265625,295.0155556946294,292.3078994315659,292.3078994315659,45748100
2026-05-13,298.6124572753906,300.6607090744109,293.24708951115105,293.24708951115105,52684300
2026-05-14,297.9530334472656,300.1911240450107,295.12548538387824,299.5616620172475,35324900
2026-05-15,299.9713134765625,302.93875555297063,296.26448829773227,297.643304079477,54862800
2026-05-18,297.5833435058594,300.4009207908792,294.6558756451712,299.98126929450746,34483000
2026-05-19,298.7123718261719,300.2510533099592,296.09463441963413,296.7140952726279,42243600
2026-05-20,301.98956298828125,302.5390768782648,297.82314269813475,297.9230626302997,38229800
2026-05-21,304.7271728515625,305.27671719779084,300.1411318265125,300.80056674721834,42965100
2026-05-22,308.55389404296875,311.13165741506583,305.57645096183757,305.85620846339293,43670200
2026-05-26,308.0643005371094,311.5513139598484,307.4048960873393,309.29325163060713,48000500
2026-05-27,310.5821533203125,312.9900803339556,308.0343323058515,308.0643052358437,50430900
2026-05-28,312.24072265625,312.5304508120942,309.30325358892543,310.412282475935,48220400
2026-05-29,311.7911071777344,314.7285763294451,309.2632884033746,311.5113496628706,70026800
2026-06-01,306.0460510253906,310.67206624496237,304.7571540774977,309.363197507879,48849900
2026-06-02,314.92840576171875,315.1781903378333,306.42572903356995,307.1950545511415,44534700
2026-06-03,309.9926452636719,316.6668815001487,308.5838566628498,313.9092501546009,50836700
2026-06-04,310.9618225097656,313.26982953176514,309.38316692864953,312.96009909963743,44869100
2026-06-05,307.0751647949219,314.8984348439246,306.8853260765596,312.5903972939029,65310500
2026-06-08,301.2801818847656,317.1265012321255,300.9105055796523,308.4739595974908,77949100
2026-06-09,290.29962158203125,300.4908444635933,287.5320194610898,300.0212482417878,70108800
2026-06-10,291.3287353515625,294.4960172141002,287.1323727394638,290.4894628291428,52793300
2026-06-11,295.375244140625,296.7440586571729,289.3404406054596,293.4668864344149,42572500
2026-06-12,290.879150390625,296.88398158337014,289.3704417369658,295.7749221682621,38742100
2026-06-15,296.1645812988281,297.5233947188816,291.4486474146935,293.8665449684006,45732600
2026-06-16,298.9821472167969,300.2210994929347,293.71669913987887,294.99559499590845,39874400
2026-06-17,295.6949768066406,301.8096980081642,294.10632015937927,300.59074812548096,42745100
2026-06-18,297.7532043457031,300.31099586682666,295.3652492546472,297.8530937792582,85962200
2026-06-22,296.75408935546875,302.1594314563154,296.5043047694293,297.05381866220307,44879900
2026-06-23,294.04638671875,301.3800886038737,293.9264950024863,297.2836155142734,52010900
2026-06-24,292.8274230957031,299.4417438827621,292.68755959702736,295.1054570720635,53081900
2026-06-25,274.91290283203125,288.55113481081804,273.5141152813601,287.1523472601469,107013700
2026-06-26,283.53546142578125,285.70360492137456,273.9737007161028,274.7630284991681,261775500
2026-06-29,281.4972229003906,288.12151489662153,279.6088673150861,286.4829438934296,66427000
2026-06-30,289.11065673828125,289.69017405322865,280.45814550695326,280.9277417485351,65100200
2026-07-01,294.1263427734375,296.33442991747245,288.95081360688545,293.1871503157195,50164200
2026-07-02,308.3640441894531,309.15337194761725,293.4269150966668,293.866538367699,75352800
2026-07-06,312.3905944824219,313.9292760509671,306.7354678654279,307.0951430290638,53590000
2026-07-07,310.3923034667969,315.20815732134815,309.88273318392555,315.0183186077797,42490000
2026-07-08,313.1199645996094,314.5487250421545,306.7854009831778,311.6412289475945,41323500
2026-07-09,315.947509765625,316.2572401947346,307.8944576262147,310.24243869469103,48124500
2026-07-10,315.0483093261719,316.6369356310425,311.9010296470402,314.4488202226986,34132300
2026-07-13,317.03656005859375,323.171283634363,315.5078797345754,316.7468014245228,43257800
2026-07-14,314.58868408203125,315.91755515351207,311.64124426456783,313.48965629761443,36336800
2026-07-15,327.2178039550781,328.44675508114506,317.0465830462295,317.34631234952286,60957600
2026-07-16,332.97283935546875,334.3915986652446,326.50841333986017,327.72736328456057,62970600
2026-07-17,333.452392578125,334.7013154010385,328.71648699084636,331.693929977533,63407100
2026-07-20,326.3085632324219,333.4224228207836,323.4010672140761,333.2226134619852,53468000
2026-07-21,327.45758056640625,329.3159936819017,321.94234806189104,322.85156758462244,41338900
2026-07-22,325.60919189453125,328.7164973399543,323.0613709608057,327.58746619388995,38755900
2026-07-23,321.3828430175781,323.0214140443725,319.0748358849152,321.4527900194849,40840800
2026-07-24,332.7330322265625,334.0818750563203,321.3428614810286,321.5127284115298,47489400
2026-07-27,336.61968994140625,339.277401491225,333.73216560461384,334.2517370375488,49604300
2026-07-28,339.78692626953125,342.59453283396704,335.31080637618777,339.73698155301014,51859000
2026-07-29,337.8985900878906,344.2730974331505,337.0593175600121,339.43727163464206,56090800
2026-07-30,333.1426696777344,334.4615395264105,329.30598233808786,332.8129674612056,74817800
2026-07-31,308.6438293457031,310.4222943774597,299.7415030462749,304.54735603914753,132489100
2026-08-03,303.1585693359375,311.5313230344714,302.29929450581176,309.313234694189,75052000
2026-08-04,309.1134033203125,310.1525156602479,301.0603512911937,302.46913991298527,68001000
2026-08-05,310.7320251464844,311.4414048335362,305.40663118634393,309.09342362565195,49438800
2026-08-06,312.14080810546875,316.0174696892129,308.96355554648414,314.06913775686996,46139900
2026-08-07,313.05999755859375,314.53873325457766,310.47223295908327,311.1816431226555,34437200
2026-08-10,308.260009765625,308.260009765625,304.6099853515625,306.8299865722656,44812500
2026-08-11,304.9100036621094,309.9700012207031,302.7900085449219,307.75,37476700
2026-08-12,302.25,305.6600036621094,300.57000732421875,305.1000061035156,41657800
2026-08-13,305.260009765625,306.0,302.04998779296875,304.2099914550781,40349300
2026-08-14,305.92999267578125,307.489990234375,304.29998779296875,306.0,28229400
2026-08-17,305.5899963378906,307.6600036621094,302.94000244140625,306.2099914550781,38169300
2026-08-18,310.0299987792969,311.489990234375,305.739990234375,307.5799865722656,53424500
2026-08-19,316.8299865722656,319.2799987792969,309.6000061035156,310.1400146484375,50505600
2026-08-20,311.29998779296875,320.2799987792969,310.6499938964844,317.4599914550781,40959200
2026-08-21,309.3500061035156,312.3800048828125,307.010009765625,312.04998779296875,46876800
2026-08-24,310.3399963378906,313.3599853515625,309.9700012207031,311.4700012207031,34673600
2026-08-25,309.8999938964844,313.5899963378906,308.2099914550781,310.7900085449219,25869800
2026-08-26,313.45001220703125,315.42999267578125,308.79998779296875,310.29998779296875,34024500
2026-08-27,314.5799865722656,315.3999938964844,309.3999938964844,310.54998779296875,32419200
2026-08-28,319.70001220703125,322.3699951171875,315.45001220703125,316.8500061035156,38649400
2026-08-31,316.8500061035156,321.239990234375,312.79998779296875,319.6000061035156,41242700
2026-09-01,325.1300048828125,327.29998779296875,314.7300109863281,316.9800109863281,53167400
2026-09-02,324.9599914550781,328.3999938964844,323.5299987792969,326.8699951171875,33776400
2026-09-03,328.2099914550781,330.80999755859375,324.1099853515625,324.8699951171875,37225800
2026-09-04,319.9700012207031,328.92999267578125,317.8599853515625,328.30999755859375,39606900
2026-09-08,316.2200012207031,320.70001220703125,314.8999938964844,317.1000061035156,35423000
