Date,Close,High,Low,Open,Volume
2000-01-03,35.37700271606445,36.002976490665056,33.99227285103888,35.62359844545257,53228400
2000-01-04,34.181968688964844,35.54772992404002,34.06815525270858,34.46650227960551,54119000
2000-01-05,34.542388916015625,35.32011431170846,33.19559615762073,33.72672569614266,64059600
2000-01-06,33.38527297973633,34.561345096067946,32.89208144708113,34.04918465831063,54976600
2000-01-07,33.82156753540039,34.06816337273085,32.569619438184226,32.96796656002573,62013600
2000-01-10,34.068153381347656,34.504438196364916,33.80258871133715,34.42856257636191,44963600
2000-01-11,33.19558334350586,34.675157915387835,32.986925391060964,33.84052610560826,46743600
2000-01-12,32.11437225341797,33.04384906406031,31.69705613435406,32.93003557704288,66532400
2000-01-13,32.72136306762695,32.96795884726704,30.805503548884737,31.67807323068812,83144000
2000-01-14,34.068153381347656,34.58031381636792,32.09538726126962,32.53167207628688,73416400
2000-01-18,34.99763107299805,35.35804028187987,33.91640344635258,33.9353723520832,81483600
2000-01-19,32.47476577758789,33.84052695515,32.1712632936852,33.53702447124731,97568200
2000-01-20,32.1712646484375,33.29043010495744,32.133326836352076,32.49373605116359,56349800
2000-01-21,31.488388061523438,32.55064693588808,31.33663679375706,32.474771302004896,68416200
2000-01-24,30.729631423950195,32.076423912283815,30.596849065945474,31.502614436620547,63597600
2000-01-25,31.203855514526367,31.526326969691684,30.21747223990304,30.653757149832586,59823200
2000-01-26,30.16055679321289,31.41250443368588,30.08468117863877,31.090033071745868,49365000
2000-01-27,29.970870971679688,30.71065829313254,29.515617235401006,30.317053500308266,63654800
2000-01-28,29.81912612915039,30.426131241194163,29.5156235731285,29.781188309647654,58225400
2000-01-31,29.705299377441406,29.800143883755077,28.794792116830177,29.62942377239047,73194200
2000-02-01,31.241792678833008,31.336637222484597,29.648404345486334,29.895000158980462,70196600
2000-02-02,30.596826553344727,31.545271269815423,30.501982081697655,31.09001780590949,49915600
2000-02-03,31.450450897216797,31.621171076996625,30.388192000808996,30.976228175606174,49186000
2000-02-04,32.341976165771484,32.77826088824231,31.606931252913043,31.678064631576763,55365400
2000-02-07,32.3609619140625,32.43683755747179,31.640143301674236,32.41786864661947,40005800
2000-02-08,33.36631393432617,33.38528284503358,32.304054934711466,32.304054934711466,56229000
2000-02-09,31.564254760742188,33.214549330564644,31.52631695453937,33.214549330564644,55090000
2000-02-10,32.1712646484375,32.3419848028219,31.109005910045695,31.53106406949601,54527800
2000-02-11,30.33127784729004,31.829821280645834,30.084682092434026,31.829821280645834,115559000
2000-02-14,30.236425399780273,30.8813679741796,30.06570530655692,30.72487455539153,81028600
2000-02-15,29.913972854614258,30.35025781064224,29.781190476692696,30.274382166115632,71027600
2000-02-16,29.629425048828125,30.407150034104664,29.477673832188803,30.12261650290593,65202600
2000-02-17,30.236425399780273,30.255394299027312,29.48241165471047,29.89498521333357,80343400
2000-02-18,28.851696014404297,30.36920796782464,28.794789316151032,30.350239068406886,79063000
2000-02-22,28.472322463989258,29.477674289832983,28.1688200259987,28.870669413851864,66296200
2000-02-23,28.605112075805664,29.060365848895408,27.941200323383118,28.37748518926079,75847200
2000-02-24,28.75687026977539,29.098310681949506,27.92223815112756,28.605118975475786,69733200
2000-02-25,27.713571548461914,28.74263469459748,27.466975771507773,28.737892468117593,65301400
2000-02-28,27.789443969726562,27.960164103328975,26.746154264378465,27.391096991320925,76131800
2000-02-29,27.125539779663086,27.846358319262528,26.973788508168468,27.846358319262528,58437400
2000-03-01,27.56182861328125,28.5576964743943,26.992761264073792,27.201419292116526,106889800
2000-03-02,28.33954429626465,28.94654926111101,27.656663710812484,27.865321667478423,106932600
2000-03-03,29.174190521240234,30.00882275981928,28.49130959876647,28.756874401950714,101435200
2000-03-06,27.504919052124023,29.553561298764983,27.35316777459506,29.136245285560342,93609400
2000-03-07,28.18779754638672,29.59149675125389,27.903263923778507,29.174180771428514,135061000
2000-03-08,29.003450393676758,29.193139408677915,27.618720584168322,28.472321151673523,94290000
2000-03-09,30.35025405883789,30.35025405883789,28.832741355895994,28.927585899829865,88198800
2000-03-10,30.653757095336914,31.10901091358449,30.198503277089337,30.217472186182984,85589000
2000-03-13,29.743249893188477,30.426130630532086,29.591498618223227,29.62943643696454,61831800
2000-03-14,28.870670318603516,30.12261791454821,28.870670318603512,29.93292888485962,73489200
2000-03-15,28.946556091308594,29.325934283855233,28.43439553137063,28.699960266153276,53208000
2000-03-16,28.946556091308594,29.344903193482562,28.301613163979304,29.11727627795458,77300800
2000-03-17,30.16055679321289,30.198494600499952,28.68098230901754,28.908609152739903,81161600
2000-03-20,29.553550720214844,30.274369030463983,29.287986079596738,29.970866584043293,47773000
2000-03-21,31.184886932373047,31.298700388330616,29.28799599974695,29.363871637051997,81648800
2000-03-22,31.336645126342773,32.05746383990272,30.69170206684177,31.203862731739626,93975800
2000-03-23,33.95433807373047,34.25784053695934,32.36095014177887,32.417856853634284,148224000
2000-03-24,33.89743423461914,34.902786229266496,33.252491445600086,34.1819678180099,112196800
2000-03-27,31.583221435546875,32.85413785367398,31.54528363202069,32.70712886501003,111434000
2000-03-28,31.65910530090332,32.607550636460644,31.071069192857784,31.450447327080713,81114400
2000-03-29,32.53166580200195,33.06279503958566,31.905692057706872,31.924660959049145,64363800
2000-03-30,31.374568939208984,32.96795696272383,31.109004268623178,32.22816966609194,64178400
2000-03-31,32.24714660644531,32.854151719037226,31.60220367431641,32.17127096737133,64281400
2000-04-03,27.58078956604004,29.287991121021882,27.31522487970953,28.66201721752854,260118200
2000-04-04,26.87894058227539,27.922230442561307,25.77874400233751,27.789448096706735,181244400
2000-04-05,26.215028762817383,26.859971583320853,26.063277510934217,26.784095957379268,82887600
2000-04-06,26.101213455200195,26.70821841927462,25.87832881995412,26.67028060901997,66421400
2000-04-07,27.030691146850586,27.125535677190413,25.79771225243284,26.40471724660773,82613600
2000-04-10,26.12017250061035,26.89789731725888,26.101203602643313,26.89789731725888,60685400
2000-04-11,25.45627784729004,26.120189713650063,25.342464384485464,25.835656056638623,71961800
2000-04-12,24.09051513671875,24.963084976316438,23.900826041154037,24.925147157203497,153003800
2000-04-13,24.052576065063477,24.963083676359254,23.976700430788828,24.545767687848688,94316200
2000-04-14,22.49712562561035,24.12845176709643,22.231560904903315,24.01463831536484,151217800
2000-04-17,23.028261184692383,23.066199012014778,22.15569115627735,22.535069429501277,119772200
2000-04-18,24.450912475585938,24.868228281996245,23.028244953732603,23.21793395664638,91794600
2000-04-19,23.881851196289062,24.735451914186605,23.711131052709554,24.71648300934444,53715400
2000-04-20,23.95772361755371,24.242257152203994,23.52143886442328,23.862879106003618,52387400
2000-04-24,20.22085189819336,20.63816779102662,19.72766038848133,20.410540940390298,313645800
2000-04-25,21.05548858642578,21.09342640369862,20.52435914460603,20.865799500061584,159517400
2000-04-26,20.638164520263672,21.58660958093755,20.448475508128894,21.245169359094955,107091200
2000-04-27,21.188274383544922,21.226212206971145,20.448486826733596,20.46745573844671,77669800
2000-04-28,21.169292449951172,21.548670450846352,20.714038848876953,21.472794850667317,78082600
2000-05-01,22.288471221923828,22.459191427027925,21.757341694933302,22.117751016819728,107811000
2000-05-02,21.20724105834961,22.30743782166292,21.09342760007582,22.098779814827637,97716200
2000-05-03,21.4158992767334,21.4917749163321,20.884769799542493,21.358992547034376,55354800
2000-05-04,21.37795066833496,21.624546372583723,21.036510462452057,21.340012867681303,43317200
2000-05-05,21.586624145507812,21.79528219963838,21.207245865270416,21.321059349341635,36402200
2000-05-08,21.188274383544922,21.662497176372696,21.150336560118703,21.529714794380922,36187600
2000-05-09,20.581268310546875,21.377962567729334,20.48642375612039,21.302086924188146,60778400
2000-05-10,20.088071823120117,20.60023229453111,19.955289478680232,20.562294481834,67740000
2000-05-11,20.600242614746094,20.676118278152156,19.955299475794558,20.220864297715778,58390800
2000-05-12,20.884769439697266,21.16930308328987,20.714049253541702,20.770955982260222,37886000
2000-05-15,21.05548858642578,21.074457495062198,20.63817259642455,20.941675134607262,33899600
2000-05-16,21.093421936035156,21.434862219172416,20.960639603704,21.11239084065389,48410600
2000-05-17,20.543323516845703,20.979608319142518,20.41054118571189,20.903732701351768,53242000
2000-05-18,20.088071823120117,20.657139013576778,19.99322729137734,20.657139013576778,53640400
2000-05-19,19.746633529663086,20.012198245720036,19.57591335505505,19.841478071111997,66578000
2000-05-22,19.481060028076172,19.803531323574997,18.94993083548987,19.76559352410455,69955000
2000-05-23,19.177566528320312,19.898385052629088,19.13962871125143,19.386224522199168,57963200
2000-05-24,19.898387908935547,20.201890489052772,19.12066254738516,19.158600369899812,85482400
2000-05-25,18.6654052734375,19.65178847894436,18.55159182664825,19.594881755549736,94348800
2000-05-26,18.646438598632812,19.00684788995939,18.32396712744588,18.836127699331012,55822000
2000-05-30,19.234466552734375,19.462093375843658,18.817150710367358,18.94993302384777,68536400
2000-05-31,18.987878799438477,19.334061404922743,18.836127520322083,19.315092495033195,54968200
2000-06-01,19.59488868713379,20.031173720826025,19.367261713033496,19.537981943608717,94507200
2000-06-02,20.12601089477539,20.258793247521318,19.727663836537612,20.031166357099732,80463200
2000-06-05,20.296730041503906,20.75198379944418,20.03116534937208,20.03590757601729,64400000
2000-06-06,21.131370544433594,21.2072462016847,20.58127202936306,20.69508551523972,99019000
2000-06-07,21.396926879882812,21.47280250711644,20.37260591222885,21.017548743714677,76310600
2000-06-08,20.884769439697266,21.890121647057804,20.714049253541702,21.71940146090224,94765600
2000-06-09,20.884769439697266,21.15033417371703,20.73301816311454,21.13136526414419,35710200
2000-06-12,20.296730041503906,20.941672865252627,20.14497878885715,20.941672865252627,49260600
2000-06-13,20.600242614746094,20.638180446449123,20.069112970903653,20.25880212941881,44289200
2000-06-14,21.396926879882812,21.548678134350066,21.093424370948306,21.188268904990338,79992400
2000-06-15,21.965986251831055,22.060830752054848,21.434857050577797,21.491763750712074,65592600
2000-06-16,22.02290153503418,22.19362170197243,21.700430108595263,22.04187044247176,68710600
2000-06-19,22.36433982849121,22.402277639905105,21.852179374403626,22.022899525766153,46604800
2000-06-20,22.743717193603516,22.838561719014706,22.38330799704099,22.421245807205466,62275000
2000-06-21,24.488859176635742,24.944112949090627,23.350724745498525,23.369693652684145,160399600
2000-06-22,24.242263793945312,24.887206649183295,24.07154362638232,24.697517574113302,87315200
2000-06-23,23.578340530395508,24.2991586640681,23.369682649595546,24.261220867559015,49811600
2000-06-26,24.128446578979492,24.31813562441172,23.52144163359636,23.52144163359636,48287000
2000-06-27,23.919790267944336,24.318137290646025,23.78700792704377,24.052572608844898,31071200
2000-06-28,23.95772361755371,24.299163859134048,23.862879106003618,23.97669251986373,37459200
2000-06-29,23.42660140991211,23.957730834590276,23.38866359386367,23.749072846323852,38449000
2000-06-30,24.280210494995117,24.280210494995117,23.274858029186728,23.388671515882017,52356400
2000-07-03,24.280210494995117,24.29917940944433,24.090521350502968,24.185365922749043,15734800
2000-07-05,23.824947357177734,24.242263314070975,23.74907172865169,24.242263314070975,34824400
2000-07-06,24.56473731994629,24.792364229474746,23.824949863978794,23.938763318743025,47873200
2000-07-07,24.887203216552734,25.152767885022044,24.450918404067433,24.664318584087418,54153200
2000-07-10,24.10948371887207,24.678550997838364,24.090514809573193,24.4888619048496,52689800
2000-07-11,24.014646530151367,24.431962662586855,23.824957379044324,23.919801954597848,37164800
2000-07-12,24.375041961669922,24.58369990842352,23.426596749153585,23.749068121409138,58370200
2000-07-13,24.26122283935547,24.28019173915168,23.483497947710767,23.919782643023648,80843200
2000-07-14,23.95772361755371,24.204319347583954,23.80597239907356,24.12844373834388,51180600
2000-07-17,23.730100631713867,24.147416550097326,23.52144267252214,23.749069537094936,53992800
2000-07-18,23.824947357177734,24.12844987128191,23.502475935942048,23.55938265733658,70617200
2000-07-19,22.193618774414062,23.521442119891827,22.09877424973708,23.085157306377702,139924600
2000-07-20,22.705785751342773,22.838568124157643,22.193625170485415,22.28846972249604,54690600
2000-07-21,21.947023391723633,22.76268631812304,21.814241054867914,22.686810697062633,56100600
2000-07-24,21.4158992767334,21.89012202422528,21.245179087636323,21.871153114325608,56165600
2000-07-25,20.941682815551758,21.548688114553258,20.751993659613788,21.491781367771868,64188600
2000-07-26,20.581268310546875,21.093428904449883,20.410548112579203,20.960646528252806,85404600
2000-07-27,21.05548858642578,21.283115490062816,20.48642132733319,20.60023477915171,74337600
2000-07-28,21.150331497192383,21.79527434105296,21.131362590020014,21.52970964063978,75645600
2000-07-31,21.188274383544922,21.586621529520254,21.017554178126925,21.30208785382359,70283800
2000-08-01,20.846826553344727,21.26414246251086,20.695075313647948,21.22620465258667,47163600
2000-08-02,21.05548858642578,21.377960033244914,20.789923865515906,20.808892774152326,48269200
2000-08-03,21.32105827331543,21.35899609942453,20.67611522946069,20.695084142515242,54543400
2000-08-04,20.9796085357666,21.207235391489206,20.69507496611335,21.074453058984354,38107400
2000-08-07,21.24517250061035,21.586612772941592,21.169296884536745,21.30207921266556,52741800
2000-08-08,22.49712562561035,22.66784580320773,21.245177656562895,21.264146565184824,138038800
2000-08-09,22.535066604614258,22.72475571744771,22.193626201514043,22.383315314347495,63945600
2000-08-10,22.041873931884766,22.478158872016735,21.77630918571748,22.402283230254653,48986000
2000-08-11,21.984954833984375,22.060830433066286,21.738359136968157,21.984954833984375,35629600
2000-08-14,21.90907859802246,22.26948768318474,21.662482908174592,21.947016396460597,53427000
2000-08-15,21.73837661743164,22.155692747958252,21.700438787383767,21.85219010757526,40714200
2000-08-16,21.54867172241211,21.928049745694015,21.415889414263443,21.814236338709442,44976200
2000-08-17,21.719406127929688,21.852188523471618,21.415903509548137,21.58662373238776,36112800
2000-08-18,21.54867172241211,21.681454030560776,21.24516930378659,21.5866095247403,54438800
2000-08-21,21.43486785888672,21.49177458771562,21.26414767240001,21.453836768496355,34119600
2000-08-22,21.624557495117188,21.984966786702472,21.31157047874049,21.491775124533135,54428200
2000-08-23,21.472803115844727,21.586616559921644,21.358989671767812,21.49177202319088,36726800
2000-08-24,21.586624145507812,21.605593059519684,21.226214779282287,21.434872833412854,42405400
2000-08-25,21.43486785888672,21.757339322250502,21.415898949277086,21.453836768496355,52729400
2000-08-28,21.64352035522461,21.89011611737879,21.283111164383882,21.302080069164973,56421600
2000-08-29,21.52971076965332,22.07980910649909,21.510741861486228,21.605586402321702,59400200
2000-08-30,21.24517250061035,21.529706060886383,21.15032798051834,21.453830444812777,53498800
2000-08-31,21.188274383544922,21.852186293503806,21.150336560118703,21.51074588266781,72575400
2000-09-01,21.302091598510742,21.43487400384429,21.150340278129544,21.245184853367792,37629800
2000-09-05,21.283124923706055,21.453845177104768,21.18828033848455,21.245187089617453,50755200
2000-09-06,21.0744571685791,21.45383533543021,21.03651935189399,21.264146252004654,62960800
2000-09-07,21.26414680480957,21.871151887551683,21.07445771645266,21.245177895973878,111711200
2000-09-08,21.036516189575195,21.510738826851465,20.998578378593095,21.35898758292306,56709600
2000-09-11,20.884769439697266,21.15033417371703,20.65714252482318,20.979613987561468,48495200
2000-09-12,20.67611312866211,21.036522440079153,20.524361839644403,20.865802239934236,46781200
2000-09-13,20.71405029296875,20.865801577166323,20.391578814048906,20.505392277197085,40744800
2000-09-14,19.97426414489746,20.865803000367716,19.936326321260427,20.8468340885492,78503000
2000-09-15,19.481060028076172,19.91734472198635,19.21549543178302,19.860438022780674,99915200
2000-09-18,19.120655059814453,19.613846559373158,18.8740593100351,19.500033136398073,69037800
2000-09-19,19.727670669555664,19.95529763881977,19.23447890281677,19.310354559238142,79311200
2000-09-20,19.500038146972656,19.727665051412025,19.177566699016882,19.689727234005463,67791400
2000-09-21,19.481060028076172,19.76559352410455,19.29137103072392,19.424153328870496,48952200
2000-09-22,19.1965389251709,19.272414573096476,18.513658093840707,18.551595917803496,84476600
2000-09-25,18.58953285217285,19.2724136508241,18.342937008215458,19.19653800652952,53484200
2000-09-26,19.025815963745117,19.993230334783004,18.342935231247782,18.49468650513608,155704800
2000-09-27,18.39984703063965,19.291386010474763,18.153251142600148,19.25344818154561,106155600
2000-09-28,18.60848617553711,18.779206232193413,18.399828328512736,18.45673501406484,52360400
2000-09-29,18.30499839782715,18.6085009619362,17.792837820893126,18.51365641065212,74053600
2000-10-02,17.944581985473633,18.45674235926622,17.67901734721081,18.361897845600925,58562400
2000-10-03,17.16685676574707,18.153239695933642,17.147887863243483,18.077364085919292,85374000
2000-10-04,16.825416564941406,17.166856810904143,16.54088302663913,17.109950103243687,136453400
2000-10-05,16.80644989013672,17.37551704217295,16.76851208000097,16.84438770027247,81099400
2000-10-06,16.863357543945312,17.2237667602951,16.616761764337564,16.939233168440005,61794000
2000-10-09,16.44603729248047,16.920259821098707,16.085628170730608,16.882322018809248,58323600
2000-10-10,16.55985450744629,16.863356995555268,16.332227641364554,16.370165452378174,62066200
2000-10-11,16.92025375366211,17.28066274617285,16.389124712067336,16.389124712067336,101205800
2000-10-12,16.502944946289062,17.26170103577362,16.332224826155038,17.090980915639594,90219600
2000-10-13,16.313261032104492,16.654701379288074,15.820069419505984,16.351198848458225,104521200
2000-10-16,15.288942337036133,16.332232446883513,15.04234649289039,16.237387891442843,119759000
2000-10-17,15.307908058166504,15.914913086495288,15.251001336760682,15.744192922277819,81276600
2000-10-18,15.706259727478027,16.16151363262232,14.700907353617719,15.061316695190284,110536400
2000-10-19,18.779216766357422,18.874061295480438,17.603144605232007,17.73592694600423,256993200
2000-10-20,19.784574508666992,20.069108178494417,18.55159527274815,18.608502006713632,160378600
2000-10-23,18.855091094970703,20.107038793429524,18.418806290962326,19.613847275854837,185170400
2000-10-24,18.6654052734375,19.101690152796305,18.267058209675117,19.00684561380526,94427400
2000-10-25,18.58953285217285,19.253444739750453,18.342937008215458,18.798190873982957,167603800
2000-10-26,19.55694007873535,19.74662911926625,18.456743643656157,18.513650355815425,114826600
2000-10-27,20.543323516845703,20.998577223590203,19.613847198909006,19.632816103356696,124292400
2000-10-30,20.96063995361328,21.283111337515024,20.44847952035757,20.486417330228363,110057600
2000-10-31,20.903732299804688,21.09342134063776,20.638167642638383,20.9416701079713,104474000
2000-11-01,21.131370544433594,21.26415294462303,20.77096117249083,20.789930086803604,81309400
2000-11-02,21.34002113342285,21.501256848653156,21.13136314900716,21.358990041097005,77985200
2000-11-03,20.71405029296875,21.131366324512076,20.65714356139466,21.017552861363896,68711000
2000-11-06,21.093421936035156,21.28311098222252,20.714043843660424,20.84682617599158,74851400
2000-11-07,21.396926879882812,21.814242829667762,21.093424370948306,21.16929999818193,104331200
2000-11-08,21.0744571685791,21.965995860679207,20.638172276700324,21.586617693828096,206149400
2000-11-09,21.51073455810547,21.64351687019254,20.77094739076322,20.78991629248994,91058600
2000-11-10,20.448482513427734,21.340021175887014,20.277762344020637,21.226207729615616,93744400
2000-11-13,20.163957595825195,20.676118324975977,19.54746782925481,20.23983325940309,83364800
2000-11-14,20.884769439697266,21.18827199286271,20.429515609949096,20.638173615250338,84218600
2000-11-15,21.26414680480957,21.510742619673554,20.84683081042437,20.960644263438514,60422200
2000-11-16,20.922704696655273,21.700429893901756,20.922704696655277,21.07445595465459,92128600
2000-11-17,20.96063995361328,21.24517352764423,20.576519628671498,21.07445338322566,106525600
2000-11-20,20.391572952270508,20.78991995877998,19.898381420401638,20.6761065283487,80157200
2000-11-21,20.562292098999023,21.017545798607856,20.448478674096812,20.448478674096812,59487600
2000-11-22,20.71405029296875,21.093428503462682,20.031169514079668,20.050138424604366,76343200
2000-11-24,21.2262020111084,21.377953231920614,20.789917251273284,20.9416684720855,34439200
2000-11-27,21.453840255737305,21.928063073061296,21.434871343044346,21.68146720805282,85307600
2000-11-28,20.33466911315918,21.169301054370937,20.27776238989474,21.05548760784206,127446200
2000-11-29,19.746633529663086,20.372607503225893,19.196535189259407,20.277762961776983,98280400
2000-11-30,17.413455963134766,18.836123933979106,17.299642525467217,18.817155027701183,197200800
2000-12-01,17.18583106994629,18.39984121175265,17.01511089375477,17.62211596465795,109809800
2000-12-04,17.128929138183594,17.90665460292947,16.749550862697802,17.375525017249362,80407200
2000-12-05,18.172210693359375,18.361899740262917,17.679019171410165,17.96355274176548,101734400
2000-12-06,17.20479965209961,18.229120689821087,17.015110571040076,18.210151781715133,90560800
2000-12-07,16.123573303222656,16.389138039981617,15.858008566463695,16.218417852065144,145308400
2000-12-08,16.521921157836914,16.95820610230333,16.218418587773318,16.578827889723836,120939800
2000-12-11,17.622116088867188,17.830774083460877,16.69263956749529,16.844390836290703,95576200
2000-12-12,17.716960906982422,18.210152538226044,17.2237692757388,17.546240726936553,63106000
2000-12-13,17.375524520874023,18.361908008958576,17.242742128247258,18.361908008958576,98360400
2000-12-14,16.844390869140625,17.82603189107534,16.806453051867784,17.58417830596099,71201400
2000-12-15,14.92852783203125,15.782128533989836,14.492243028807975,15.492852740548315,116899800
2000-12-18,14.51121711730957,15.175129011565563,14.26462127087163,14.871626431334253,107187400
2000-12-19,13.600707054138184,14.568121363428347,13.505862514011696,14.39740119120067,120271800
2000-12-20,12.595355033874512,13.35411136121635,12.557417217507421,12.993702105728977,149037800
2000-12-21,13.183388710021973,13.695549134727862,12.234943479085139,12.367725811416296,163173000
2000-12-22,14.09389877319336,14.302556763106047,13.58173825249858,13.58173825249858,109551800
2000-12-26,14.226676940917969,14.738837310791014,13.923174499511719,14.226676940917969,66941600
2000-12-27,14.09389877319336,14.207712222236642,13.657613885194102,13.999054232323955,69003800
2000-12-28,13.52482795715332,14.03698834262757,13.316170022330478,13.695548085644736,77619200
2000-12-29,13.164422988891602,13.904210447921532,13.050609533656226,13.335143171744662,99977600
2001-01-02,13.164422988891602,13.657614628244888,13.012671715244435,13.392049899362348,82413200
2001-01-03,14.549158096313477,14.833691827010611,13.088551612068185,13.107520527447996,135962200
2001-01-04,14.700906753540039,15.326880847561744,14.226683955038748,14.511217634139522,112397000
2001-01-05,14.909563064575195,15.137189981591609,14.435340320790996,14.719873967061515,93414600
2001-01-08,14.852649688720703,15.099245405136246,14.16976924326228,14.852649688720703,79817600
2001-01-09,15.725225448608398,15.971821263845927,15.099251456082373,15.175127091540071,114965400
2001-01-10,16.047697067260742,16.33223070320508,15.402754159120239,15.478629795372063,90230200
2001-01-11,16.692636489868164,16.920263351093638,15.876973570476878,16.085631526600228,101854800
2001-01-12,16.237382888793945,16.69263661464798,15.933880404891255,16.654698804160144,73712000
2001-01-16,15.952851295471191,16.23738490954024,15.516566420565322,16.19944709433103,68462400
2001-01-17,16.066659927368164,16.654695886929453,15.952846515840172,16.275317848502816,72844200
2001-01-18,16.844390869140625,17.05304886414124,15.971821071865321,16.294292518684454,109788800
2001-01-19,18.513656616210938,18.64643898948294,17.868713660318345,18.210154048732072,209348800
2001-01-22,18.248090744018555,18.513655474180986,17.906650376666853,18.43777983699172,76673000
2001-01-23,18.380868911743164,18.49468234153724,17.887677382635502,18.134273147189333,70295200
2001-01-24,19.101696014404297,19.253447323356863,18.43778403773682,18.513659692213103,110455000
2001-01-25,18.760257720947266,19.424169773761374,18.68438205776851,19.044791457867596,85657400
2001-01-26,19.42415428161621,19.518998784944415,18.51364704966545,18.51364704966545,93080000
2001-01-29,19.57591438293457,19.61385220150615,19.27241183436194,19.29138074364773,84983800
2001-01-30,19.234466552734375,19.651782395101392,19.082715337328185,19.5759067873983,57276800
2001-01-31,18.532623291015625,19.348286342718463,18.51365438283649,19.120659444568833,81898800
2001-02-01,18.930973052978516,19.00684869647743,18.32396790498722,18.456750281110317,71792800
2001-02-02,18.45674705505371,19.23447226497889,18.43777814749456,18.968907559150782,71100000
2001-02-05,18.79819107055664,18.83612889310065,18.286030466212516,18.437781756388553,51399200
2001-02-06,18.987878799438477,19.367256997229454,18.72231406098479,18.836127520322083,96442000
2001-02-07,19.63282585144043,19.746639334637184,18.760255813598633,18.81716255519701,126061800
2001-02-08,18.893033981323242,19.57591472763613,18.81715834284403,19.3482878121985,88041200
2001-02-09,17.944581985473633,18.684369192062924,17.754892958143042,18.60849358113069,100575200
2001-02-12,17.830774307250977,18.03943230446349,17.35655158631345,17.84974321608848,71289400
2001-02-13,17.660053253173828,18.53262301648854,17.641084345275683,18.096338134831182,76070600
2001-02-14,17.716960906982422,17.906649995922276,17.109955822374886,17.489334000254594,61728400
2001-02-15,17.849742889404297,18.267058876191644,17.565209262049287,17.9066496148753,65627800
2001-02-16,17.394485473632812,17.679019041903796,17.034076287156235,17.29964095087582,66958400
2001-02-20,16.95820426940918,17.679022795401963,16.806453000779122,17.41345807529936,60730800
2001-02-21,17.07201385498047,17.62211207919651,16.749542482164173,16.768511386447482,63947200
2001-02-22,16.749544143676758,17.24273570396622,16.35119711421219,17.090984454646385,100816400
2001-02-23,17.223773956298828,17.451400924884275,16.483986308396126,16.5219241364937,92620600
2001-02-26,18.07737922668457,18.191192737030956,17.413467082997308,17.489342756561566,87936800
2001-02-27,18.020462036132812,18.570560350920026,17.807061827810188,18.020462036132812,99148600
2001-02-28,17.906646728515625,18.233860347230554,17.66005095788988,18.07736687741037,84608400
2001-03-01,18.015727996826172,18.058408057887355,17.07202442447334,17.773874317479468,81781600
2001-03-02,17.20479965209961,17.641084538536536,17.128924019675797,17.451395457477002,79800800
2001-03-05,17.43242073059082,17.79282986430271,17.166856105750483,17.37551402526789,49383600
2001-03-06,18.039426803588867,18.210146931067626,17.716955451684544,17.792831063897324,66781800
2001-03-07,18.418804168701172,18.551586485056383,18.001488317299085,18.172208438327214,59743600
2001-03-08,17.982524871826172,18.39035639581801,17.735929066621807,18.304996309401115,54626000
2001-03-09,17.20479965209961,17.66005344664249,16.654701317026966,17.584177814218673,103794400
2001-03-12,15.763163566589355,16.692640118650584,15.66831902046066,16.597795572521886,114376000
2001-03-13,16.44603729248047,16.616757402783033,15.782125752414938,15.839032455849125,91035600
2001-03-14,16.389137268066406,16.768515445567942,15.839038910689176,15.93388345506456,90686200
2001-03-15,16.29429054260254,17.019851209953583,16.237383823594612,16.78748210733789,71638400
2001-03-16,16.55985450744629,16.73057465700759,15.929138399344811,15.933880625721514,112848800
2001-03-19,16.483991622924805,16.84440110604974,16.123582139799865,16.540898383418217,61036400
2001-03-20,15.990790367126465,17.034080367354168,15.971821458031416,16.55985763997794,91822800
2001-03-21,15.194095611572266,16.161509938900835,15.099251069677306,15.85800740483697,124988600
2001-03-22,16.389137268066406,16.408106176941484,15.3268783710621,15.345847279937178,126363200
2001-03-23,17.16685676574707,17.299639083272186,16.502945178121493,16.673665300653784,99519600
2001-03-26,17.01511573791504,17.451400756835938,16.86336442698603,17.33758727363918,63118600
2001-03-27,17.67902183532715,17.77386637307032,16.958203348479046,17.01511007112495,95135600
2001-03-28,16.863357543945312,17.584175976644886,16.80645082557429,17.41345582153183,78681600
2001-03-29,16.80644989013672,17.356548137105076,16.559854124254354,16.80644989013672,86985000
2001-03-30,16.59779167175293,17.05304538617815,16.3511959097726,16.92026305280413,91201600
2001-04-02,16.93923568725586,17.280676048253177,16.578826417314247,16.63573314414713,75924000
2001-04-03,16.199445724487305,16.787481810504993,16.009756664481596,16.787481810504993,94187600
2001-04-04,15.763163566589355,16.692640118650584,15.497598837429006,16.19944847878136,104046600
2001-04-05,17.223773956298828,17.4134630967867,16.23739042576189,16.31326608195704,113364000
2001-04-06,17.053041458129883,17.35654386450372,16.71160125095932,17.10994815932498,92622000
2001-04-09,17.345165252685547,17.42710989427119,16.892946098709103,17.169133278269094,56295600
2001-04-10,18.113033294677734,18.237469300860937,17.53637795415827,17.58797399259884,109199400
2001-04-11,18.2222900390625,18.66540340295897,18.119099144670294,18.407426745863525,109879600
2001-04-12,18.87178611755371,18.911241767931376,18.01287346065712,18.076609867504178,87520000
2001-04-16,18.449918746948242,18.68968601922955,18.2465714534406,18.635055472183932,65857400
2001-04-17,18.659337997436523,18.85054494207276,18.222294710324128,18.367975806028262,85149200
2001-04-18,19.858169555664062,20.12525093401323,19.120658355061504,19.239024150111508,156696400
2001-04-19,20.650314331054688,20.941676508966726,19.955293195138584,19.9735026076516,159375600
2001-04-20,20.941682815551758,21.57903791639504,20.789931490801383,21.336237186119316,192919600
2001-04-23,20.71405029296875,20.780821228502216,20.304322288743467,20.671560118636695,92171200
2001-04-24,20.5015926361084,21.223927676230385,20.377155512790452,20.69886738784259,89176600
2001-04-25,21.151084899902344,21.181434679524955,20.410538236303875,20.507658920420088,76744000
2001-04-26,20.981128692626953,21.5486792472404,20.714047304565597,21.266421806732392,118737600
2001-04-27,20.371091842651367,21.14805762407384,20.09490341268407,21.10253177879409,121572400
2001-04-30,20.562292098999023,20.95987958901792,20.54104701897221,20.799023652309206,74368200
2001-05-01,21.296777725219727,21.33623454672035,20.51677610511456,20.53498783639991,83702800
2001-05-02,21.172334671020508,21.594202953258797,21.047897536778862,21.54867711596209,92864400
2001-05-03,20.799020767211914,21.299800230424957,20.680655006975705,21.017542883198676,66273400
2001-05-04,21.472803115844727,21.56385479732244,20.62603081404762,20.638171192614013,119538400
2001-05-07,21.664011001586914,21.89770925980678,21.45762917671643,21.497085989827685,109356200
2001-05-08,21.870393753051758,21.882534133327987,21.472806140053496,21.776308700336937,75084000
2001-05-09,21.366575241088867,21.6397279385745,21.202683622597487,21.62151621504867,76676600
2001-05-10,21.24517250061035,21.62151490798424,21.23303212417377,21.58812945166865,64334600
2001-05-11,21.06308364868164,21.24518476931031,20.83545666901046,21.233044385862883,51128800
2001-05-14,20.8566837310791,21.002363575428923,20.729213288388166,20.9811185016471,44968000
2001-05-15,20.720115661621094,21.032725196844567,20.63817100148241,20.862762214029573,61385600
2001-05-16,20.990243911743164,21.20876386975669,20.434833519047952,20.54712801506711,91893800
2001-05-17,20.68976593017578,21.28766625632066,20.501595852472818,20.972023362270658,106984800
2001-05-18,20.665496826171875,21.002384993655948,20.41055568080109,20.544097603923923,90605400
2001-05-21,20.877941131591797,21.24214327303755,20.562298195086466,20.653349888218276,103491600
2001-05-22,21.33925437927246,21.351394753920182,20.996297478748176,21.078242113195678,83455600
2001-05-23,21.154130935668945,21.73078635627477,21.096467014487168,21.363548476996503,93637400
2001-05-24,21.767194747924805,21.785404152833923,21.023612401758708,21.226960790582943,80781600
2001-05-25,21.5213623046875,21.821829116233243,21.35443501186198,21.74898916824583,52747600
2001-05-29,21.34836769104004,21.776307386683854,21.260353991543138,21.48798089802415,71210800
2001-05-30,20.99933624267578,21.42120448274501,20.83544463411406,21.11163067250397,86501800
2001-05-31,20.996309280395508,21.36051146237987,20.759577630551576,21.090394342374253,70682600
2001-06-01,21.34836769104004,21.45762879139418,20.8506237074448,21.12377645833015,57587600
2001-06-04,21.481910705566406,21.554750671205568,21.184479495141062,21.4121064138616,43736600
2001-06-05,22.034278869628906,22.17996107413753,21.39692414542635,21.475835436016027,89454200
2001-06-06,21.961429595947266,22.30135305170813,21.7155934405313,22.122285466307794,80022800
2001-06-07,22.362071990966797,22.377248047407416,21.8764682869014,21.888608668945675,66960000
2001-06-08,22.213350296020508,22.383310967137,21.867357606653087,22.368134914841395,51867000
2001-06-11,21.888599395751953,22.110154906459005,21.70346270020763,22.110154906459005,47345600
2001-06-12,21.876455307006836,21.976611662790777,21.491005931307328,21.55474116256809,66714600
2001-06-13,21.454591751098633,21.943230945060236,21.439415700388178,21.867355322588438,55302400
2001-06-14,20.911325454711914,21.41210510847528,20.759574184816387,21.311948714614484,71972400
2001-06-15,20.64423942565918,20.729222072337002,20.152566848209464,20.489454814890383,108354400
2001-06-18,20.298254013061523,20.626037392272103,20.034208220537323,20.62300171777723,56846800
2001-06-19,20.43179702758789,20.89615568256059,20.289150420522276,20.701914183951633,63457400
2001-06-20,21.06611442565918,21.12074266515974,20.365021916704418,20.377162297329267,64108400
2001-06-21,21.19661521911621,21.412104049385047,20.917393452049115,20.98720005158614,69603800
2001-06-22,20.89008140563965,21.430315582775382,20.81420576692866,21.245178839077308,51092000
2001-06-25,20.89614486694336,21.18750696405094,20.568361639369787,20.97202048542575,49215600
2001-06-26,21.28766632080078,21.308911404332903,20.547119439611883,20.583540575184276,63077000
2001-06-27,21.59116554260254,21.709531320725368,21.050931516187557,21.202682751272217,69199800
2001-06-28,22.0767765045166,23.11172138957094,21.406036096268796,21.715610017331397,128975600
2001-06-29,22.155675888061523,22.280112987385,21.670072496088647,22.0342744611834,94283800
2001-07-02,21.42728042602539,22.201212885772733,21.29070519926564,21.867360530494956,72810200
2001-07-03,21.3878231048584,21.48797949289041,21.22393146504433,21.33622823182633,28037400
2001-07-05,20.79296112060547,21.46370150313587,20.771716033938564,21.311950222503448,49242600
2001-07-06,20.049375534057617,20.759572627989865,19.931009737658982,20.72922283939491,67467800
2001-07-09,19.937076568603516,20.307349925993687,19.73979951411237,20.091861150038486,66476600
2001-07-10,19.569849014282227,20.107047606981602,19.530392193635418,20.00082215820389,66562600
2001-07-11,20.18291473388672,20.25879035318704,19.484858110107663,19.487893783230913,73822600
2001-07-12,21.73077964782715,21.86735716913354,21.3453324719598,21.45762692075479,128078000
2001-07-13,21.65186309814453,21.852175821298907,21.53046397379143,21.67007481922939,58934600
2001-07-16,21.603315353393555,21.900748922885704,21.29070804309065,21.685260037286692,55990800
2001-07-17,21.797555923461914,21.855222156541075,21.28767147958686,21.445494123106354,63241000
2001-07-18,21.418167114257812,21.700424476291307,21.20571633231426,21.42727181697827,57590800
2001-07-19,22.02517318725586,22.155679336241622,21.615445333871715,21.615445333871715,76549400
2001-07-20,20.996309280395508,21.063080220718877,20.619966716939537,20.647280838594913,124203600
2001-07-23,20.36199188232422,21.014523049511155,20.13740056741156,21.014523049511155,79999400
2001-07-24,20.128278732299805,20.63512717593128,19.94010641391289,20.334660453403693,67530200
2001-07-25,20.480358123779297,20.492496191085166,19.91280738226743,20.11008455133614,74065400
2001-07-26,20.21023178100586,20.431789640382785,19.87941514426305,20.371090062341683,77974000
2001-07-27,19.870319366455078,20.107051068930943,19.74284880597446,20.046351463618702,65396000
2001-07-30,19.97047233581543,20.298253389414015,19.89156101016155,19.92494648195584,42196400
2001-07-31,20.088830947875977,20.453033016799367,19.98563889517217,20.03420040598344,59031600
2001-08-01,20.173812866210938,20.277002611507136,19.95832635496846,20.273969253497576,55679000
2001-08-02,20.471237182617188,20.498553604337484,20.110070879504242,20.398397250595877,54198400
2001-08-03,20.301286697387695,20.443933275600894,20.031169595659193,20.425723862396094,43260400
2001-08-06,20.070613861083984,20.37108291898374,19.93403870061294,20.192015290135835,27831600
2001-08-07,20.137392044067383,20.34984520061132,20.028130949968332,20.043307002414505,31347800
2001-08-08,19.685169219970703,20.40750422206321,19.572872479147687,20.185948728828006,54996400
2001-08-09,19.730695724487305,19.89458733201083,19.515209254097122,19.72159102110378,45536200
2001-08-10,19.885480880737305,19.98867292495636,19.090305888676763,19.657854027491254,51756400
2001-08-13,19.97957420349121,20.02813340930886,19.65179088094413,19.800506487907963,32675400
2001-08-14,19.633577346801758,20.058478991790455,19.560735080054865,19.955289253876142,36481200
2001-08-15,19.18136215209961,19.74284258652465,19.18136215209961,19.6396505113519,39503000
2001-08-16,19.612340927124023,19.639655052563253,19.029615271236544,19.072105454502896,43905600
2001-08-17,18.780733108520508,19.463612506095913,18.66540184610878,19.357387105039084,52234200
2001-08-20,19.029611587524414,19.04478648464335,18.54400677532543,18.713968633260638,48371200
2001-08-21,18.446882247924805,19.181358926578593,18.425637164776617,19.02960767107998,47111800
2001-08-22,18.410457611083984,18.559174313251233,17.930924367118998,18.553104125635233,78107200
2001-08-23,17.94306182861328,18.674502577096487,17.906641864251363,18.41349032400152,51813200
2001-08-24,18.832332611083984,18.90213805722498,17.976455530196517,18.08875114722592,63399000
2001-08-27,18.911245346069336,19.229922809519838,18.68665293731379,18.786809340045032,44562800
2001-08-28,18.43474006652832,19.105480230237635,18.386179718879003,18.920343543021488,47422800
2001-08-29,18.286033630371094,18.604711163329654,18.0705470388989,18.528835505112347,48170000
2001-08-30,17.28142738342285,18.106954336568116,17.153956922712403,17.918783160284658,97632000
2001-08-31,17.3148193359375,17.621357543678283,17.0871924354008,17.254118597573658,57900800
2001-09-04,17.0264949798584,17.930933724543873,17.017390272567976,17.357312852066432,67189200
2001-09-05,17.52423667907715,17.72151262989953,16.811005035355457,17.05077231311693,89470600
2001-09-06,17.002214431762695,17.721515212085503,16.965794446849888,17.166106100526,112356800
2001-09-07,16.81403350830078,17.408897937450078,16.78671824585159,17.029519935527855,89863800
2001-09-10,17.475679397583008,17.58797502984155,16.601591628729658,16.66836141013638,84471800
2001-09-17,16.058319091796875,16.722989227115537,16.024933627680223,16.395207091126295,127502000
2001-09-18,16.486257553100586,16.692639368827713,16.137229175916982,16.21007029349079,83182600
2001-09-19,16.349687576293945,16.601595333757516,15.357233763061547,16.528754187692524,126950200
2001-09-20,15.405787467956543,15.967267826884735,15.378472194735494,15.888356523014929,117983200
2001-09-21,15.087102890014648,15.357219820430574,14.416362914388861,14.543833357060322,184976600
2001-09-24,15.78516960144043,15.918711485439491,15.13567422742128,15.372407040978464,85580200
2001-09-25,15.56967544555664,16.08562984184919,15.223682837975153,15.864073192393853,84940600
2001-09-26,15.257078170776367,15.721436849200046,15.038555894920181,15.633420803894557,58524400
2001-09-27,15.162984848022461,15.381507021764298,14.568120217025431,15.205475013412222,81191200
2001-09-28,15.530219078063965,15.657690703090314,14.865549160719883,15.059790534312496,116641200
2001-10-01,15.718395233154297,15.93388173687384,15.299561446180816,15.460417405609462,69999600
2001-10-02,16.100805282592773,16.252556512697833,15.648587265230901,15.669832344824009,80860800
2001-10-03,17.06595230102539,17.27840436804049,15.903537860472508,15.927817468198752,97199200
2001-10-04,17.129688262939453,17.724554306067773,17.059882795983565,17.275369388469652,101778000
2001-10-05,17.518163681030273,17.60314400574399,16.67442599140233,17.0446993909751,80844400
2001-10-08,17.615285873413086,17.800422588864524,17.220732843867665,17.238942253407025,60605800
2001-10-09,16.559101104736328,17.47264335687701,16.446804317062835,17.45139826899726,99477600
2001-10-10,16.847427368164062,16.92026849532076,16.085636417076238,16.26773749831232,86349200
2001-10-11,17.093257904052734,17.251079317102153,16.568198804095807,16.923296115129524,83742600
2001-10-12,17.111465454101562,17.190375567843223,16.55605551228189,16.90508373167598,63307000
2001-10-15,17.621355056762695,17.754895736100224,16.950613671271395,16.96578972204826,68437000
2001-10-16,17.739727020263672,17.879337936971996,17.363383290690667,17.563694958332768,66169000
2001-10-17,17.0052490234375,17.997702589429235,16.990074126137472,17.943072032932776,73710600
2001-10-18,17.223773956298828,17.475681690596627,16.84439567532308,17.09933792644961,78348000
2001-10-19,17.572792053222656,17.606176349692664,16.883841363175232,17.421040830510094,91219600
2001-10-22,18.258705139160156,18.264775326358983,17.442284064120244,17.572790194470432,72323600
2001-10-23,18.34066390991211,18.647201054894204,18.028056573435133,18.35280429290186,80325000
2001-10-24,18.610767364501953,18.701817854362492,18.0948130449325,18.36189548525724,79141400
2001-10-25,18.987133026123047,18.999272256580994,18.079659266993335,18.3953024143229,75318200
2001-10-26,18.877857208251953,19.31186590982338,18.841437229578688,18.91427718692522,64509400
2001-10-29,18.10088539123535,18.877852056788146,18.07053561025131,18.84750111803417,55129400
2001-10-30,17.8702335357666,18.07054520684114,17.66081599934512,17.882372759944946,57395600
2001-10-31,17.648677825927734,18.431713983922688,17.6335017687028,17.99770514445956,64700000
2001-11-01,18.768600463867188,18.893036481126842,18.08875414372167,18.2344364077154,109671200
2001-11-02,18.63506317138672,19.126737140165492,18.36494484038426,18.795919205385225,83360000
2001-11-05,19.202608108520508,19.43326955669416,18.741284054402755,18.774669522981807,66401600
2001-11-06,19.6608943939209,19.709455912331705,18.865718054269056,19.02960970559457,68612000
2001-11-07,19.500038146972656,19.742841104590894,19.43326721785061,19.49093344128158,58899000
2001-11-08,19.551633834838867,20.049377834639582,19.320972404847204,19.563774214777997,74227800
2001-11-09,19.79140281677246,19.924944691952582,19.396849697260325,19.527354740541107,48013600
2001-11-12,19.96742820739746,20.164705280236394,19.317933092911233,19.636609303921688,57752800
2001-11-13,20.60782241821289,20.62299615551234,20.213268199778163,20.273970095597655,60159600
2001-11-14,20.01598358154297,20.74135417679325,19.96742439864497,20.707971041041954,88625600
2001-11-15,20.067588806152344,20.34984626136439,19.8642403442602,20.061517458641198,77922000
2001-11-16,19.955293655395508,20.216306046625697,19.712490677098327,20.14043040535043,59249000
2001-11-19,20.195056915283203,20.325563084762194,19.940113607573856,20.10704091116571,56005000
2001-11-20,19.84906578063965,20.577472310446158,19.736769011762387,20.167742045495885,65921800
2001-11-21,19.4393367767334,19.606261768639204,19.26633928012822,19.53342181427195,50785200
2001-11-23,19.639650344848633,19.670000137686564,19.30883250872546,19.53949394449676,15754600
2001-11-26,19.77015495300293,19.94315130540434,19.54556372535948,19.724629109625596,41983600
2001-11-27,19.345252990722656,19.74891077901992,19.04478495766877,19.663930435751094,90819000
2001-11-28,19.059955596923828,19.460579937447957,19.038710515851275,19.172251190845927,54536600
2001-11-29,19.679100036621094,19.697311760307567,19.105481682381605,19.157076549156177,54034400
2001-11-30,19.48790168762207,19.751949783480892,19.402921330023663,19.624479247083286,48234200
2001-12-03,19.657854080200195,19.7974672549074,19.363457469829566,19.372563331267454,47211800
2001-12-04,20.031169891357422,20.055450653016152,19.45451453743744,19.727667317245945,51005800
2001-12-05,20.66851806640625,20.68976314701616,19.788360426564136,20.179878896838254,74243000
2001-12-06,20.835445404052734,20.941670807358847,20.501593144144895,20.632099301218155,56026200
2001-12-07,20.586570739746094,20.893106532174947,20.198087993093424,20.714041206827783,42334800
2001-12-10,20.35287094116211,20.77473910721878,20.292171385176548,20.492481772360613,38367400
2001-12-11,20.43179702758789,20.677633417740186,20.3559213698331,20.534989126215887,54334000
2001-12-12,20.623001098632812,20.63210812184402,20.1070475959715,20.38323607818345,47884200
2001-12-13,20.11311149597168,20.71101184614995,20.052411916635425,20.374123855090524,53227800
2001-12-14,20.468210220336914,20.62299483479781,20.009920777296397,20.037234892010527,43000600
2001-12-17,20.935598373413086,20.975052855215917,20.383224050474695,20.386257407547394,57079800
2001-12-18,21.023616790771484,21.063073597031522,20.820270675035317,20.917391380725746,47255200
2001-12-19,21.090389251708984,21.211790721580986,20.774746356257964,20.826343543943363,56996200
2001-12-20,20.261829376220703,21.017550021044833,20.21933920763079,20.987200231414967,78585000
2001-12-21,20.498565673828125,20.64424562364664,20.33467399362651,20.641212264867,84307600
2001-12-24,20.416616439819336,20.64727903656647,20.395371352983467,20.553193982799172,11701600
2001-12-26,20.54104995727539,20.962918260682702,20.45303395156259,20.462138656370744,29328000
2001-12-27,20.592636108398438,20.85364834156341,20.413570814887734,20.632092899913236,32406600
2001-12-28,20.598716735839844,20.89614790685784,20.547119547955113,20.707977827592707,28787200
2001-12-31,20.107046127319336,20.783857906367498,20.107046127319336,20.589614122915346,43006200
2002-01-02,20.346811294555664,20.36805638050158,19.88245276206579,20.228445484922588,48124000
2002-01-03,21.011486053466797,21.0175550866393,20.361988358036754,20.36805970675034,67590800
2002-01-04,20.911325454711914,21.217863668252253,20.8415188517221,21.01755088053066,52731400
2002-01-07,20.80813980102539,21.251253367841265,20.744404525888314,21.16930867567683,58508800
2002-01-08,21.057003021240234,21.20268524287881,20.638170396782414,20.847587866781506,47736400
2002-01-09,20.853656768798828,21.433347662809897,20.805097572247202,21.160194946143434,76304000
2002-01-10,21.026655197143555,21.18447781161717,20.67762681973442,20.783854559128063,50296600
2002-01-11,20.82330894470215,21.342297997527776,20.668522004741348,21.09949504525752,72993200
2002-01-14,20.780826568603516,20.953822984422438,20.559268617902784,20.729231674447668,50997800
2002-01-15,21.108606338500977,21.129851427458917,20.789927688590836,20.838489215089574,60717400
2002-01-16,20.598716735839844,21.196614751407985,20.592645388775548,20.89614790685784,61955400
2002-01-17,21.202686309814453,21.245176477526268,20.759572906862335,20.79902740101174,78958000
2002-01-18,20.06151580810547,20.592645210142138,19.855134004978176,20.36501832355499,107140400
2002-01-22,19.563770294189453,20.222370144003662,19.500035048937132,20.216301113020688,76837200
2002-01-23,19.345252990722656,19.63964967609123,19.19350171615956,19.439339197749103,80403000
2002-01-24,19.60626792907715,19.78229999668732,19.36346607527912,19.45451662573206,83886000
2002-01-25,19.363462448120117,19.68213989389611,19.27544643080217,19.48182941508409,48981200
2002-01-28,19.369535446166992,19.54556750632331,19.093348132084554,19.49397262110057,41622000
2002-01-29,18.914274215698242,19.575909706139765,18.814119000637497,19.393808683609283,58666000
2002-01-30,19.075130462646484,19.090306512908498,18.61380771048739,18.953730164940964,66100000
2002-01-31,19.336145401000977,19.366496347866647,18.85357634465412,19.13886945634021,69566200
2002-02-01,19.017465591430664,19.575910208016673,18.959800536297305,19.469684801778882,63462200
2002-02-04,18.55007553100586,19.026574441863207,18.437779911686512,18.938559582272557,70308400
2002-02-05,18.55917739868164,18.88695948004952,18.36190032055933,18.45295083439651,66772600
2002-02-06,18.33155059814453,18.783768653455596,18.286024762184578,18.698788327951792,66103000
2002-02-07,18.149450302124023,18.698790275208214,18.13427540781379,18.301201560766817,63314000
2002-02-08,18.407432556152344,18.410467072634898,17.855057934687583,18.246575396085003,61283000
2002-02-11,18.55310821533203,18.586493675694303,18.085714085800568,18.213184580525425,50899600
2002-02-12,18.252647399902344,18.46813398245398,18.21622740964151,18.35887401167148,44973800
2002-02-13,18.762527465820312,18.780738035537507,18.194978023993315,18.289063073106306,54168600
2002-02-14,18.72003746032715,19.117626219402265,18.610776356595338,18.81715818413979,57267000
2002-02-15,18.279956817626953,18.83536699033332,18.27085211242529,18.72610589683238,50179800
2002-02-19,17.885404586791992,18.252642378466337,17.78524819391519,18.18283693393264,52262600
2002-02-20,18.1798038482666,18.319414748317783,17.845950336848535,18.02805256792304,50492000
2002-02-21,17.61832046508789,18.292096407435594,17.60618008682915,18.125170258573558,59398400
2002-02-22,17.60010528564453,17.830766608092194,17.345163214639314,17.61831468929288,71347800
2002-02-25,17.93093490600586,18.176771281209454,17.56976605608163,17.584940955155705,51832200
2002-02-26,17.77007484436035,18.210153792568164,17.57279887293644,17.937001022571483,63276200
2002-02-27,17.72151756286621,18.255682815373813,17.60011721112946,17.92789943436634,65750000
2002-02-28,17.70633888244629,18.119102537301206,17.645638140655212,17.839879588170383,68068000
2002-03-01,18.62595558166504,18.64113048120578,17.861128835551224,17.92182959148482,62115600
2002-03-04,19.211702346801758,19.272403060435835,18.4741913969068,18.586488122349277,74464200
2002-03-05,19.144947052001953,19.38774893200485,18.920354589392595,19.12066628511632,55926400
2002-03-06,19.31186294555664,19.333108026335896,18.874818637480406,19.093340791518525,49835400
2002-03-07,19.03568458557129,19.3877475764017,18.774672148654318,19.324011146668745,58079200
2002-03-08,19.408994674682617,19.63662050412606,19.17226182069578,19.311873919426226,57701800
2002-03-11,19.5273494720459,19.72766223077153,19.120657239055483,19.275443002524213,43718200
2002-03-12,18.981048583984375,19.059958732697705,18.717000548178007,18.974978394426383,66407200
2002-03-13,18.847503662109375,19.126726547486378,18.801978984488294,18.8414346313093,44387400
2002-03-14,18.58043098449707,18.8900037994552,18.528834936452068,18.859652842437367,51819600
2002-03-15,18.965871810913086,18.971940842099823,18.504547870120028,18.5136525746703,69086800
2002-03-18,18.85964012145996,19.11761787213567,18.574348264547726,19.04174226742573,52296800
2002-03-19,18.8869571685791,19.120654192081382,18.66540052084135,18.871782277758427,36376400
2002-03-20,18.240497589111328,18.823222920939777,18.240497589111328,18.63505171778799,55235200
2002-03-21,18.622907638549805,18.692713052327022,18.15854933231581,18.273879411893933,46123400
2002-03-22,18.346723556518555,18.556139832760657,18.27691813110452,18.528824565618645,41341400
2002-03-25,17.976449966430664,18.446878532163733,17.952170372482037,18.355828028758943,47752400
2002-03-26,17.93093490600586,18.4893786016637,17.697237755399176,17.93700393941902,69357200
2002-03-27,18.04019546508789,18.173737359964683,17.7822186990642,17.845953971925965,47318400
2002-03-28,18.304248809814453,18.40743977725986,18.106971585713517,18.19498764925215,43901200
2002-04-01,18.325485229492188,18.331555419734777,17.96735210957222,18.158559050017384,47010000
2002-04-02,17.384632110595703,17.933972345667605,17.333037213780564,17.87630725667937,76509400
2002-04-03,17.096290588378906,17.484773286271622,16.844383042997386,17.433177276712254,76931400
2002-04-04,17.132719039916992,17.290540503567744,16.82011062867189,16.990072472088933,61763800
2002-04-05,16.956682205200195,17.39069081790426,16.947577501838715,17.26625485496065,50166000
2002-04-08,17.366416931152344,17.393732207985003,16.468048469639527,16.480188849958573,73389600
2002-04-09,16.653186798095703,17.430153845711654,16.631941709405897,17.399804049803503,63413000
2002-04-10,17.087188720703125,17.33302613663583,16.71084630864939,16.72905571576068,75636400
2002-04-11,16.628908157348633,17.1327224399289,16.54089212323164,16.962760562782695,58165800
2002-04-12,16.974897384643555,17.07505262215899,16.650149755068444,16.73816577072496,52297600
2002-04-15,16.902057647705078,17.22377078758328,16.814042782616777,16.99614386087513,47388800
2002-04-16,17.54547882080078,17.633493660272116,17.105399992363783,17.11754036945296,51921600
2002-04-17,17.18735122680664,17.68812978323639,17.123614805853027,17.58797453505862,55158600
2002-04-18,17.108444213867188,17.393737448467576,15.988519841851833,17.235915930081788,74794800
2002-04-19,17.360342025756836,17.597073588827723,17.25715113661336,17.433181972346304,104268600
2002-04-22,16.871707916259766,17.208595954275893,16.69264135361022,17.153965399042445,51465200
2002-04-23,16.386098861694336,16.9415077796514,16.176681416460163,16.90508780743373,68281400
2002-04-24,16.091697692871094,16.519636038696355,16.08562750582331,16.343604087620108,61220400
2002-04-25,16.307191848754883,16.525714054922297,16.049215144739733,16.05528533466331,57290400
2002-04-26,15.630379676818848,16.525712336462515,15.618239298234135,16.41038105544819,62776600
2002-04-29,15.854975700378418,16.05832187852957,15.612172703856368,15.621278568776765,70246000
2002-04-30,15.861038208007812,16.176681047413442,15.757847324270202,15.812477860235408,77384000
2002-05-01,16.009756088256836,16.143296764897194,15.375435848117467,15.830689575745623,76413000
2002-05-02,15.5423583984375,16.41037549081257,15.524148994505328,15.976366944625036,79009200
2002-05-03,15.041584968566895,15.685009972271615,15.026408916693171,15.557538314707635,71628000
2002-05-06,14.756293296813965,15.33901878063775,14.680417661165109,15.005165289120589,66299400
2002-05-07,15.014265060424805,15.263136951748022,14.674341517052241,14.926249080921023,88385400
2002-05-08,16.68353271484375,16.68353271484375,15.545398345345115,15.560573238717733,101242000
2002-05-09,15.818553924560547,16.692641666931983,15.751784145176723,16.51054058458272,83288200
2002-05-10,15.190309524536133,15.98548625452525,15.17210010396374,15.94299606282848,64408800
2002-05-13,15.991548538208008,16.058319468005596,15.099251480575342,15.311703491755592,64819000
2002-05-14,16.656211853027344,16.72298159300971,16.38305923292296,16.510530841561593,64832400
2002-05-15,16.616762161254883,17.129680978293614,16.346645116844833,16.537852019314375,70412000
2002-05-16,16.917232513427734,17.005247372330363,16.586414690217577,16.604624102101404,53406400
2002-05-17,17.0052490234375,17.11754581055269,16.774587574273912,17.05987957993396,54646200
2002-05-20,16.392162322998047,16.85955624577892,16.23737662533407,16.844381358991416,52115800
2002-05-21,15.839797019958496,16.571238089236523,15.821587608676166,16.37396213446603,63120000
2002-05-22,16.295053482055664,16.304159346951174,15.736608675568096,15.742678866241608,54169400
2002-05-23,16.638010025024414,16.64408021507603,16.08866998194216,16.298087486526576,51412800
2002-05-24,16.164541244506836,16.5469550098304,16.09777148755721,16.43162374561551,35982000
2002-05-28,15.879250526428223,16.2950486225144,15.706254196021195,16.26469883596831,49602000
2002-05-29,15.797307014465332,16.000654318808163,15.645555744090506,15.67590669282766,45393200
2002-05-30,15.97637939453125,16.194901674163738,15.609141463970559,15.672876742939788,63213000
2002-05-31,15.45130729675293,16.213097819176493,15.442202595145531,16.055277588389213,66468000
2002-06-03,14.999098777770996,15.672874958058722,14.923223123514113,15.475598951653186,88439000
2002-06-04,15.169060707092285,15.548438979551888,14.94446941814774,15.023379589400271,88008400
2002-06-05,15.678947448730469,15.706262734579699,15.275289510926033,15.3056393139715,66969400
2002-06-06,15.75178337097168,15.824623337223098,15.175128042257729,15.63038188352546,78703400
2002-06-07,15.776050567626953,15.964221683198842,15.132625968795374,15.141730667974334,97834400
2002-06-10,16.031007766723633,16.176688880583395,15.618244031902348,15.675910268772443,71825400
2002-06-11,15.955124855041504,16.443764020040042,15.909599021148827,16.158472113253403,74368200
2002-06-12,16.85653305053711,16.929373019136364,15.933884957963468,15.958165719343501,136198600
2002-06-13,16.45590591430664,16.838318554744163,16.449835725376502,16.644077140060332,79771600
2002-06-14,16.768518447875977,16.859568995224365,16.08563760610727,16.131163458666727,109433600
2002-06-17,16.899015426635742,17.129676764448504,16.804929256362566,16.892945239091997,94486600
2002-06-18,16.99310302734375,17.084153532624498,16.798860482902832,16.853491017625277,77518400
2002-06-19,16.498403549194336,16.97793711409697,16.486263165837133,16.83529166184724,81247000
2002-06-20,16.41948699951172,16.72298954041042,16.35878741754823,16.501432824486805,86401200
2002-06-21,15.86711311340332,16.556064048212388,15.86711311340332,16.207036806637547,116820000
2002-06-24,16.43769073486328,16.583371754995962,15.73659974006555,15.809440829016804,104523200
2002-06-25,16.07046127319336,16.692641308596034,16.02493542469811,16.60159076937596,84025200
2002-06-26,16.428592681884766,16.507502832229445,15.493804310493763,15.493804310493763,112131400
2002-06-27,16.668357849121094,16.67442803845587,16.043143398652077,16.571237135305125,95812400
2002-06-28,16.60158920288086,16.93240701845577,16.38913719290031,16.556063358681346,89555600
2002-07-01,15.982439041137695,16.50749814301969,15.958159447071056,16.425552342226087,66473800
2002-07-02,15.612170219421387,16.061353839073778,15.578785912594167,15.897463347603667,82814200
2002-07-03,15.733566284179688,15.93994803269925,15.311698084572607,15.551465286201205,80936600
2002-07-05,16.647117614746094,16.662293671389037,16.10081315094674,16.112953533152865,35673600
2002-07-08,16.061357498168945,16.671398390064244,15.958167722661091,16.513576894593086,63199400
2002-07-09,16.149370193481445,16.610694202296358,16.076530230798756,16.179721142741176,85277200
2002-07-10,15.854975700378418,16.44984049476236,15.82159023046811,16.295053526591026,90673400
2002-07-11,16.058319091796875,16.106879451120108,15.554504929654488,15.794272210337446,129550600
2002-07-12,15.739644050598145,16.30719355342229,15.62431274553474,16.197932438917007,95733800
2002-07-15,15.721439361572266,15.739649940060671,14.568129352704045,15.597003302995423,136965600
2002-07-16,15.554508209228516,16.02493700644132,15.369371438470509,15.572718781978175,97154600
2002-07-17,15.782127380371094,16.176680333326377,15.530219791454819,15.9399487931072,98034800
2002-07-18,15.512020111083984,16.00672973831437,15.37544369156999,15.800347850553376,91053600
2002-07-19,15.041584968566895,15.445242709017379,14.813958083703552,15.135670006670809,112543400
2002-07-22,14.419397354125977,15.172084264388065,13.93075950197756,14.856441515925859,180069800
2002-07-23,13.053647994995117,14.203923274760335,13.041508769339886,14.109838197636194,168061600
2002-07-24,14.030924797058105,14.070380458497073,12.568042384997192,12.671233313381057,202307800
2002-07-25,12.999013900756836,13.87310035256215,12.880646941665239,13.794190204271354,163411400
2002-07-26,13.763840675354004,13.782051245807523,13.256991954320135,13.275202524773654,123538000
2002-07-29,14.644001007080078,14.659175906103249,14.12804633589827,14.219096887807865,112148600
2002-07-30,14.598470687866211,14.820028545377843,14.364774767280931,14.431544534118055,122690600
2002-07-31,14.562053680419922,14.56812387096528,14.070379823950573,14.44975804975696,93875600
2002-08-01,13.885241508483887,14.595437513917156,13.809365871825506,14.440651724553003,92002800
2002-08-02,13.478547096252441,13.915590315692285,13.29341037065875,13.812399410825485,85947600
2002-08-05,13.351078033447266,13.709209986674361,13.296447480395422,13.442128569276878,78941600
2002-08-06,13.860954284667969,14.340488640437496,13.609047890484703,13.627258451587148,88715800
2002-08-07,14.291934967041016,14.355670223968094,13.706174959426624,14.264619691533648,86349400
2002-08-08,14.844307899475098,14.871623172020229,14.08555161518835,14.298003606342682,88748000
2002-08-09,14.604541778564453,14.91715017943559,14.46493088919615,14.613647641972161,69049400
2002-08-12,14.710763931274414,14.79574424568633,14.446715969603186,14.449751642415013,56866600
2002-08-13,14.282828330993652,15.084074760571472,14.240337007680738,14.565085753836318,100122800
2002-08-14,15.087102890014648,15.093173076489911,14.328346947152077,14.340487320102604,96706000
2002-08-15,15.105313301086426,15.39971097451203,14.795740740506542,15.162978335380545,98745600
2002-08-16,15.175127029418945,15.244932474821834,14.847343729853746,15.002130673905194,69334000
2002-08-19,15.782127380371094,15.797302271298227,15.129596650574689,15.187262856975744,79848200
2002-08-20,15.490766525268555,15.691078111467284,15.402750530088948,15.593957412569116,70317600
2002-08-21,15.86711311340332,15.897464063390498,15.524156061825915,15.648592062347442,81203400
2002-08-22,16.15543556213379,16.2222064728087,15.964228691054725,16.040104304905306,72517600
2002-08-23,15.848902702331543,16.040108465233725,15.733571415189544,15.982443400547872,57929200
2002-08-26,15.812481880187988,15.979409203502373,15.533260098953583,15.933883359367483,55652400
2002-08-27,15.43006706237793,15.918706269963169,15.372402004488858,15.882286294336922,65470200
2002-08-28,14.986946105957031,15.375428736699616,14.962665362650839,15.320798222030245,68875000
2002-08-29,15.351157188415527,15.47862768420281,14.725941614177916,14.838237216338642,94275600
2002-08-30,14.89590072631836,15.320803459505289,14.871619974711699,15.2176125807169,58138400
2002-09-03,14.270692825317383,14.725946739174834,14.264622634200148,14.725946739174834,74452600
2002-09-04,14.631854057312012,14.750219837443598,14.310142174445659,14.401192685487645,80232000
2002-09-05,13.933806419372559,14.422445864248855,13.924701710487144,14.416375672401674,90438800
2002-09-06,14.513490676879883,14.650067044909795,14.407265256062313,14.492245592716369,69918400
2002-09-09,14.780576705932617,14.856452355185073,14.152326422743918,14.340497708714263,81653200
2002-09-10,15.111394882202148,15.120499589806156,14.674350392881024,14.732016628427868,83950000
2002-09-11,14.744150161743164,15.508975347252077,14.728974112425039,15.244928529450904,77443200
2002-09-12,14.310144424438477,14.659171631272192,14.270688772267624,14.613646947478358,63726800
2002-09-13,14.540807723999023,14.647033157772695,14.219094590930998,14.23427064527329,59549200
2002-09-16,14.501349449157715,14.60757602152756,14.279792757442582,14.446718905143552,50166200
2002-09-17,14.352635383605957,14.841274657879513,14.32835462469458,14.771468054894454,73343400
2002-09-18,14.49224853515625,14.640965312265875,14.161430668880607,14.179641240905404,83951800
2002-09-19,14.325321197509766,14.513492462293643,14.140184448935296,14.167499725901536,77777600
2002-09-20,14.404224395751953,14.568115978373413,14.355664055468168,14.480099999805981,130619200
2002-09-23,13.727417945861816,14.176601507249881,13.599947451500544,14.143216046982836,89783800
2002-09-24,13.85185432434082,14.106796478189985,13.545317299695729,13.606018033044613,104142200
2002-09-25,14.1159029006958,14.252479277907824,13.672789461537082,14.082518593173155,107116600
2002-09-26,14.021817207336426,14.416370267308714,13.945941574350591,14.298004465094056,100852200
2002-09-27,13.733488082885742,14.294967243055883,13.71527751614433,13.973255335015324,81011600
2002-09-30,13.27519416809082,13.669747017384482,13.083987350889172,13.618151012464189,115577000
2002-10-01,14.030924797058105,14.036994987877218,13.108276632422442,13.45123488819389,110636600
2002-10-02,13.842753410339355,14.206956752398069,13.706177012346025,13.991469032110588,103488600
2002-10-03,13.596911430358887,14.140181169715326,13.536210700314179,13.748662676585592,105221400
2002-10-04,13.284310340881348,13.830614846898792,13.260029574592693,13.775984280519982,107120400
2002-10-07,13.369282722473145,13.675820846047198,13.260021654972293,13.296442782652557,89790000
2002-10-08,13.65457820892334,13.955045040512237,13.393565869388627,13.581737098306839,115667600
2002-10-09,13.351078033447266,13.794191490182996,13.296447480395422,13.423917999002805,123142600
2002-10-10,14.076443672180176,14.149283610364606,13.126480698602816,13.354107531526562,118515000
2002-10-11,14.832170486450195,14.84127635096591,14.267655512834422,14.373882108534522,108828800
2002-10-14,14.959636688232422,14.971777064624609,14.519557885060788,14.643993848655661,76216200
2002-10-15,15.870147705078125,15.894427305641843,15.372403736933919,15.55753930926441,133374200
2002-10-16,15.299554824829102,15.557531382956475,15.260099191523492,15.293484638338263,95437400
2002-10-17,15.408822059631348,15.933881245552369,15.190299889205894,15.867110325084557,182602400
2002-10-18,16.13115692138672,16.146331813499952,15.521116301612341,15.964229634831009,152817200
2002-10-21,15.936914443969727,16.082596650726376,15.587887292575836,15.773023987466104,112378600
2002-10-22,15.68198013305664,15.760891464185137,15.487738637618243,15.60914015115256,87159000
2002-10-23,16.146337509155273,16.16454692300654,15.609137802904131,15.609137802904131,110866600
2002-10-24,15.548431396484375,16.19792649692908,15.448276183442081,16.194891981648425,95833400
2002-10-25,15.988517761230469,16.024937750650622,15.527193650083012,15.554508931590775,75425800
2002-10-28,15.766952514648438,16.237381080761363,15.633410695628275,16.207031298858578,79906600
2002-10-29,15.803378105163574,15.930849781586153,15.433104613853201,15.827658865537543,90517200
2002-10-30,16.11901092529297,16.20399121771788,15.669827560266114,15.842823817142346,94451200
2002-10-31,16.2282772064209,16.410378222676282,16.04010484415097,16.143295728767697,105973800
2002-11-01,16.08563232421875,16.158473432841625,15.751780040975097,15.91263599373084,105097800
2002-11-04,17.0264949798584,17.37552342441779,16.85046407821064,17.223772128134666,139964200
2002-11-05,17.20252227783203,17.238942254683643,16.86866998152353,16.929369557019484,76658200
2002-11-06,17.308746337890625,17.329991419205303,16.853492610684494,17.296607118403735,115407000
2002-11-07,16.999174118041992,17.18431082395565,16.84438835608065,17.056840332666322,73699600
2002-11-08,16.722980499267578,17.163059177199816,16.695665239043656,16.996133101506814,64522200
2002-11-11,16.346654891967773,16.722997575148547,16.334514506633976,16.713892865033632,58341200
2002-11-12,16.543926239013672,16.823149233432964,16.35879062528989,16.419490219155765,81398600
2002-11-13,16.801898956298828,16.974895292497692,16.422520822920585,16.461976472967574,107370200
2002-11-14,17.296611785888672,17.299646302136733,16.956688077585326,16.993109219184518,78337000
2002-11-15,17.205549240112305,17.27535464750362,16.895976678353207,17.17823398002269,77533600
2002-11-18,16.95061683654785,17.308749935679668,16.917232528807038,17.284470333889043,58086400
2002-11-19,16.650150299072266,16.935442283058734,16.48322412591241,16.859566644552405,76403400
2002-11-20,17.184316635131836,17.269298149166165,16.671397665471616,16.695677271073908,76435400
2002-11-21,17.55458641052246,17.603146769091904,17.232873311393483,17.293574049047855,82922200
2002-11-22,17.669921875,17.694201481141402,17.3148232282963,17.436224732314955,70002000
2002-11-25,17.67296028137207,17.79739632938246,17.472648566092637,17.62136538335911,61583000
2002-11-26,17.269290924072266,17.679018793517884,17.23286979425085,17.493882102454148,68650400
2002-11-27,17.62742042541504,17.788276331287747,17.421038695200718,17.481738250629796,55191800
2002-11-29,17.506027221679688,17.79435487647587,17.506027221679688,17.733654134765565,28393000
2002-12-02,17.509061813354492,17.89451019344299,17.302679985310725,17.800425143267688,63735000
2002-12-03,17.211626052856445,17.40586746259932,17.120575536760736,17.384622380769326,58457400
2002-12-04,17.1600284576416,17.433179962516235,16.941506327525946,17.035592501941284,83892000
2002-12-05,16.79582977294922,17.326959191482235,16.78368939408932,17.284469023242835,68435800
2002-12-06,16.835285186767578,16.91723100625519,16.455907036049148,16.65318297976059,71670200
2002-12-09,16.246496200561523,16.759416411085898,16.240426008734943,16.69264545876421,63862800
2002-12-10,16.392162322998047,16.53480880589381,16.231306439065136,16.25558718414086,63730200
2002-12-11,16.58945083618164,16.695676275175042,16.261668654594544,16.34361333166348,69186200
2002-12-12,16.440736770629883,16.710855081544896,16.29505564840946,16.692644507103353,55242000
2002-12-13,15.933876037597656,16.313254038492836,15.930841523009196,16.29200896306429,65245400
2002-12-16,16.53481101989746,16.556056095798603,15.98547124558414,16.085627595777925,60140400
2002-12-17,16.498403549194336,16.68961053487287,16.32237146382696,16.516612966459455,49549800
2002-12-18,16.246496200561523,16.510544335049612,16.021904891831568,16.340582437217467,62709400
2002-12-19,16.11901092529297,16.616754622815435,16.049205519691125,16.161501071505423,82686600
2002-12-20,16.097766876220703,16.304148591898127,16.0704516150937,16.234343181855724,98294600
2002-12-23,16.389137268066406,16.474117609340247,16.05528493497318,16.100809621611173,48798400
2002-12-24,16.334510803222656,16.458946830254387,16.24346024940418,16.249530440694826,18386000
2002-12-26,16.204004287719727,16.598557452210787,16.137233342517803,16.398245774375596,37228000
2002-12-27,16.07652473449707,16.38913187948985,16.055279656163773,16.17060975061027,40891600
2002-12-30,16.009756088256836,16.158472815367546,15.864075034348238,16.088666224960207,48019600
2002-12-31,15.691082000732422,16.082600566454943,15.557540138319585,16.006724929273233,58208800
2003-01-02,16.30415153503418,16.313256237796804,15.694110978999824,15.873177465874344,67025200
2003-01-03,16.325401306152344,16.328435822022197,16.049214051185192,16.264700568822914,55546800
2003-01-06,16.622825622558594,16.76243644059432,16.328427941151755,16.39519883576437,59456200
2003-01-07,16.935441970825195,16.999177228130556,16.595519440759585,16.66835940403133,80517400
2003-01-08,16.46197509765625,16.859562607247387,16.422519450905572,16.8049320679834,64566000
2003-01-09,16.9384765625,16.971860868167337,16.54999253804547,16.607658759535973,61808000
2003-01-10,16.971860885620117,17.087192170949457,16.66228932451917,16.722988904173306,67730200
2003-01-13,17.114505767822266,17.223766852925458,16.926334542239076,17.15396141694734,60817800
2003-01-14,17.290542602539062,17.29964730958387,17.05380979943978,17.096301133779995,54206400
2003-01-15,17.078083038330078,17.39676037998326,17.053802286546613,17.299639688389338,59622600
2003-01-16,16.798858642578125,17.19341271852106,16.726018709441178,17.09325636324543,81371000
2003-01-17,15.61823844909668,16.08563257926468,15.572713768534443,16.06742201237769,155876000
2003-01-21,15.578783988952637,15.82765594805989,15.56664361100346,15.742674460185833,86159200
2003-01-22,15.478629112243652,15.903533119609433,15.451313838087705,15.65769565220591,86948000
2003-01-23,15.86711311340332,15.94602442559962,15.618241112360264,15.766957872871535,71374800
2003-01-24,15.129598617553711,15.79730432508478,15.084073938853708,15.791234136370758,103027000
2003-01-27,14.923223495483398,15.357232341272326,14.692562010212175,14.968749352280525,114838600
2003-01-28,14.816990852355957,15.084073356613105,14.73808071765979,15.081037683488212,86151200
2003-01-29,15.147809982299805,15.18726563213603,14.546875161171135,14.789676933682188,106884000
2003-01-30,14.640965461730957,15.226724395710661,14.625789406003452,15.22368987922746,87877400
2003-01-31,14.404224395751953,14.674341360941119,14.273718264157436,14.40118988100852,106858400
2003-02-03,14.738081932067871,14.901972403444384,14.404228484794617,14.546875031396747,80129800
2003-02-04,14.361737251281738,14.549908464579069,14.22819657696913,14.50741830265097,81854800
2003-02-05,14.252477645874023,14.728976495762415,14.182672207241286,14.516525664171565,101072000
2003-02-06,14.392091751098633,14.452792498497635,14.1310805054927,14.222131047705975,83312000
2003-02-07,14.13714599609375,14.552944067222956,14.085549972738114,14.531698986361835,75208000
2003-02-10,14.379952430725098,14.422442606286317,14.125010219587317,14.203920380233805,74081400
2003-02-11,14.09465503692627,14.467962955876715,13.961114359846713,14.355667360201403,84292000
2003-02-12,14.09465503692627,14.294966631430658,14.04002449680961,14.128040495638684,71315200
2003-02-13,14.26158332824707,14.301037820603753,14.000570986711177,14.085551318273492,73558200
2003-02-14,14.659175872802734,14.7198766265281,14.194817248679257,14.340498362957787,90446400
2003-02-18,15.150842666625977,15.169053231526984,14.810920226197457,14.94446205326476,57415500
2003-02-19,14.937716484069824,15.150850517087777,14.718491579830363,15.114313420212323,46902700
2003-02-20,14.700218200683594,15.144757590370402,14.67586053030643,15.083861672187947,50897200
2003-02-21,14.998605728149414,15.102128432370606,14.432276870167193,14.791561481199974,56853200
2003-02-24,14.6575927734375,14.919444432998414,14.517532961600358,14.88290734327854,62403700
2003-02-25,14.73066520690918,14.779381704084656,14.237409366327965,14.334843522171827,68113000
2003-02-26,14.377470016479492,14.901172059977736,14.359200894854377,14.657589579107286,57096000
2003-02-27,14.359213829040527,14.742856436794272,14.188705358097787,14.554079989264267,75434300
2003-02-28,14.432270050048828,14.657583312972465,14.34092564246598,14.456627706976501,56585400
2003-03-03,14.334835052490234,14.688029738701951,14.24958036168587,14.62713386283947,50653500
2003-03-04,14.048640251159668,14.40792503665952,14.042550540719764,14.359208514633787,56605700
2003-03-05,14.273943901062012,14.340928341338456,14.0364500227411,14.048629434243221,55415900
2003-03-06,14.170421600341797,14.310481351835572,14.085166879069059,14.10952570271631,54607600
2003-03-07,14.347023010253906,14.487083967995323,13.945111583588819,13.975560122877392,66167600
2003-03-10,13.975560188293457,14.286127160039518,13.93902194097614,14.194783864732264,48413600
2003-03-11,13.884210586547852,14.164331238047096,13.859852925521988,14.042539448440017,53990700
2003-03-12,14.243507385253906,14.27395593968946,13.731983285672479,13.890312284256595,72379500
2003-03-13,15.022958755493164,15.0655855299151,14.273942446812725,14.444449544500474,80701300
2003-03-14,15.138670921325684,15.199565690239067,14.773296500379054,15.029058478892368,75451400
2003-03-17,15.790253639221191,15.802433056778924,14.81592230297301,14.93162444678511,100983800
2003-03-18,15.857230186462402,15.857230186462402,15.528393069820385,15.765885768622384,78108800
2003-03-19,16.027746200561523,16.09473183449253,15.674551227868049,15.820700751586745,73652100
2003-03-20,15.985116004943848,16.149534619753002,15.63192110729433,15.845056219658831,71798500
2003-03-21,16.179983139038086,16.32004293422488,15.851147047665046,16.2895955566601,85586800
2003-03-24,15.40051555633545,15.790247474070354,15.333529947414988,15.558843276795704,61105200
2003-03-25,15.522308349609375,15.680637253489778,15.24218878531605,15.589293967806862,63595100
2003-03-26,15.3761568069458,15.60147129893607,15.370067100514417,15.504037157526659,51673600
2003-03-27,15.24827766418457,15.382247731808613,14.974246660529907,15.187381756539887,60043300
2003-03-28,15.022958755493164,15.28481026864791,14.980331981071227,15.022958755493164,39584600
2003-03-31,14.742842674255371,15.047321055745911,14.621052018554865,14.767201502291183,71384000
2003-04-01,14.82809829711914,15.04123340919954,14.767202384882896,14.895082755235384,49803200
2003-04-02,15.662369728088379,15.83287806383641,15.284817132386829,15.284817132386829,68282500
2003-04-03,15.668456077575684,15.887680867764065,15.589292215281416,15.826784963656985,57394300
2003-04-04,15.278726577758789,15.711085358792827,15.181293580300611,15.686727690174758,55740600
2003-04-07,15.327442169189453,16.094727849873305,15.327442169189453,15.972936029513502,65627100
2003-04-08,15.577118873596191,15.729358112455222,15.345715741587481,15.412700216870068,54132100
2003-04-09,14.962067604064941,15.631920281169952,14.943799644380196,15.595383200307602,76875800
2003-04-10,14.974251747131348,15.096043603792175,14.78547541465097,15.047325931933264,51608900
2003-04-11,14.736763000488281,15.33354070872045,14.584523718092713,15.15694258362469,71565500
2003-04-14,15.077776908874512,15.150851105463218,14.614969405003524,14.779388089568233,51599600
2003-04-15,14.980340003967285,15.096042140429953,14.675861553323614,15.029056509610548,63399000
2003-04-16,15.175201416015625,15.67454573752172,14.980335452646685,15.589292168921,86178700
2003-04-17,15.528398513793945,15.552757343489052,15.065591203023288,15.083860325294618,58356600
2003-04-21,15.351799011230469,15.595382638857838,15.272635145296547,15.595382638857838,41557800
2003-04-22,15.686732292175293,15.71108996793915,15.242193965671992,15.260461932121562,58844000
2003-04-23,15.662369728088379,15.826788355971159,15.510130515936106,15.680638851684137,55559300
2003-04-24,15.522308349609375,15.662368131756036,15.418785649437298,15.516218642364795,51703600
2003-04-25,15.357894897460938,15.61365688018361,15.32744751250314,15.424880538160036,53657400
2003-04-28,15.674554824829102,15.796346703289789,15.41879280925641,15.46141961826962,56287600
2003-04-29,15.711087226867676,15.985118290734647,15.638013050831873,15.802431689152057,65877300
2003-04-30,15.571024894714355,15.75980117391447,15.376158908250638,15.668457887946214,55566800
2003-05-01,15.662369728088379,15.802430686003161,15.430966636673851,15.552758470992874,42085800
2003-05-02,15.893777847290039,16.009480001889326,15.564940511532058,15.619746734158387,52695400
2003-05-05,15.747627258300781,16.07037370171659,15.735447840418958,15.985120099530258,50391500
2003-05-06,16.058197021484375,16.13736092249995,15.72326996581951,15.747628803974044,54299500
2003-05-07,15.826784133911133,16.046008912606286,15.73544086328572,15.899859447307085,49120000
2003-05-08,15.674554824829102,15.918137420257041,15.65628569461197,15.68064453490148,46401400
2003-05-09,16.052104949951172,16.137358547960698,15.765894451216623,15.771984159859183,58913600
2003-05-12,15.954665184020996,16.11908260183025,15.86941046059074,15.92421665369138,53900800
2003-05-13,15.826784133911133,15.954665641980872,15.765888232996623,15.857232665114738,44501900
2003-05-14,15.601475715637207,15.942491241885383,15.552759211887468,15.88159532182494,45021000
2003-05-15,15.704998016357422,15.838968107756374,15.57102676346543,15.74153510283113,45450200
2003-05-16,15.571024894714355,15.863323874409934,15.473591901482497,15.75980117391447,60620900
2003-05-19,15.077776908874512,15.552763832674755,15.065597488945256,15.46750905466338,55336300
2003-05-20,14.998605728149414,15.223920259040103,14.9194418538593,15.138666677267219,52677600
2003-05-21,14.633233070373535,15.047322739892987,14.547978324199047,14.998606239861699,108960900
2003-05-22,14.712389945983887,14.77937553720945,14.639315811458205,14.736748765154065,93157100
2003-05-23,14.748936653137207,14.94380384938636,14.633235670934091,14.736758397084849,76968000
2003-05-27,15.09604549407959,15.156940268541863,14.748939007580432,14.767208136815137,68486800
2003-05-28,14.864627838134766,15.14474842770213,14.797642252511462,15.089942250645306,91467000
2003-05-29,14.858545303344727,15.022963913849892,14.755022603562907,14.9011720924032,75451300
2003-05-30,14.986430168151855,15.169116779496985,14.925534243872429,15.059504348092648,85096700
2003-06-02,15.004697799682617,15.242191782956974,14.962071002080153,15.21174324074584,66310800
2003-06-03,15.150842666625977,15.175201492916914,14.962066408842276,15.07167880416596,61058200
2003-06-04,15.144757270812988,15.357891237714867,15.065592230398282,15.21783144189563,83484600
2003-06-05,14.669770240783691,14.931621865542521,14.621053740467607,14.90117332691185,115877900
2003-06-06,14.414007186889648,14.955978355346382,14.401827772397997,14.88290419138225,119629400
2003-06-09,14.462729454040527,14.6027892921002,14.371386131892628,14.444460325013605,73610000
2003-06-10,15.029058456420898,15.071685259193838,14.523624209339987,14.578430430474699,80655300
2003-06-11,15.150842666625977,15.199559157715084,14.870723133236792,15.022962313076853,75768600
2003-06-12,15.217820167541504,15.309163394468289,15.065581068832815,15.205640760886695,66177700
2003-06-13,15.010791778564453,15.376166258592065,14.913358738756218,15.345718869212035,55157500
2003-06-16,15.461411476135254,15.479680596731685,15.022963035256312,15.102126901521869,69658600
2003-06-17,15.808515548706055,15.918127941752909,15.546665140474145,15.613649588397312,122213900
2003-06-18,15.875504493713379,16.094729325868265,15.656279661558491,15.820698285674657,89957700
2003-06-19,15.875504493713379,16.070370494965285,15.838967408851893,15.887683909164869,63626900
2003-06-20,16.033828735351562,16.0642761036102,15.838962790913909,16.03991844130182,86048900
2003-06-23,15.698905944824219,15.979025501437821,15.522307924051665,15.918129592154427,52584500
2003-06-24,15.650199890136719,15.857245422927157,15.540587412601353,15.619751334435986,51820300
2003-06-25,15.382253646850586,15.826791969060295,15.309178297278239,15.613656791092003,60483500
2003-06-26,15.680635452270508,16.14344269626034,15.351798267793747,15.461410662619333,51758100
2003-06-27,15.607563972473145,16.039923951529758,15.546669215036562,15.802431145346562,76040300
2003-06-30,15.613652229309082,15.905952380704935,15.5283986476273,15.796339969118108,48073100
2003-07-01,15.924225807189941,15.954674355021867,15.461418333584685,15.583210201925718,60926000
2003-07-02,16.368762969970703,16.399211515603685,16.10691244648657,16.137359830626302,94069300
2003-07-03,16.137357711791992,16.411388779042305,16.082551498341928,16.253059847019134,39440900
2003-07-07,16.697589874267578,16.776753720527243,16.411380692876453,16.454007468669545,88960800
2003-07-08,16.868101119995117,16.928995861037023,16.5940701393356,16.60015984573834,61896800
2003-07-09,16.728044509887695,16.86810547028697,16.594074418954726,16.782850720154144,62300700
2003-07-10,16.387027740478516,16.697595854403673,16.19216174621009,16.594073149761954,55350800
2003-07-11,16.630605697631836,16.71586041799237,16.37484385953548,16.41138209461541,50377300
2003-07-14,16.68541717529297,16.935089386647707,16.472282049101775,16.825476969664066,60464400
2003-07-15,16.606260299682617,16.76458928414582,16.502737546821812,16.7280510220819,53567600
2003-07-16,16.758487701416016,16.8193836002213,16.56362175443324,16.782845364042533,49838900
2003-07-17,16.25305938720703,16.60625432973021,16.161716087872136,16.527089285211716,72805000
2003-07-18,16.374849319458008,16.581894741309625,16.2895957321637,16.50882056976965,63388400
2003-07-21,15.857230186462402,16.387021770173405,15.832871365307058,16.362664110510583,48480800
2003-07-22,16.06428337097168,16.173895804678864,15.912044137821296,16.003388606906064,51791000
2003-07-23,16.106910705566406,16.228701390454795,15.918133227525743,16.08864158016124,49828200
2003-07-24,15.832877159118652,16.393117474285646,15.8206977440841,16.307863892029673,53556600
2003-07-25,16.374849319458008,16.41138756672101,15.87550488846047,16.003386430894945,54173000
2003-07-28,16.20433807373047,16.441830813807798,16.131262759056746,16.4052937372173,52658300
2003-07-29,16.119083404541016,16.38093497095226,15.97902364252798,16.368755558213895,62391100
2003-07-30,15.972936630249023,16.179982035751852,15.93639954736409,16.112996415885373,41240300
2003-07-31,16.082550048828125,16.435744969510157,16.02165413253957,16.198252173627083,64504800
2003-08-01,15.9364013671875,16.143446796333443,15.905953988222004,16.03383437366876,42649700
2003-08-04,15.94249153137207,16.08255133700917,15.68063988340257,15.924222406574284,51825600
2003-08-05,15.625831604003906,16.161714245604898,15.58929452073341,16.02165329699761,58825800
2003-08-06,15.619750022888184,15.948587427882702,15.485779873534975,15.55276552895835,56294900
2003-08-07,15.65628433227539,15.717180266206855,15.49795653014425,15.66237404181787,44258500
2003-08-08,15.577118873596191,15.820701423471995,15.52840236362103,15.75980549562974,33241400
2003-08-11,15.59538745880127,15.826790582773828,15.552760659239997,15.59538745880127,36433900
2003-08-12,15.668456077575684,15.692814903815622,15.497948939867179,15.656276664455715,38208400
2003-08-13,15.589298248291016,15.765895160901957,15.528402320617403,15.705000394721559,39636900
2003-08-14,15.607563972473145,15.656280475318237,15.540579506994295,15.625833096599946,37338300
2003-08-15,15.552760124206543,15.625834303371121,15.485774492061397,15.595386922301403,27607900
2003-08-18,15.650199890136719,15.729363811971352,15.504049145760472,15.564945095668303,45817400
2003-08-19,16.210424423217773,16.22869237698373,15.69281110582022,15.741527585016902,72952900
2003-08-20,16.106910705566406,16.155627211820388,15.832879631954558,16.015566240033706,56739300
2003-08-21,15.979036331176758,16.27742521125531,15.912050669416429,16.2287086831097,63802700
2003-08-22,15.966848373413086,16.411387761785925,15.960758665463537,16.30786504962965,65846300
2003-08-25,16.137357711791992,16.161716545100063,15.972939071441806,16.02165557656485,36132900
2003-08-26,16.179983139038086,16.24087905566065,15.808519092984149,16.02165422041662,47546000
2003-08-27,16.088647842407227,16.186080892839428,16.015572473836286,16.143454078462035,30633900
2003-08-28,16.143451690673828,16.186078498746262,15.979033006828669,16.13736198073585,46211200
2003-08-29,16.149534225463867,16.167802185668037,16.04601152549963,16.11299598206974,34503000
2003-09-02,16.60016632080078,16.624523994419953,16.119089780770366,16.259150759680058,74168900
2003-09-03,17.233478546142578,17.2943744639915,16.673238192619937,16.697597024356718,109437800
2003-09-04,17.312639236450195,17.336996900571915,17.044697962154885,17.111683571101896,59840800
2003-09-05,17.28219223022461,17.507506741079702,17.154311868936762,17.190848949091457,64024500
2003-09-08,17.562313079833984,17.61102957425337,17.257834699339625,17.288282072791922,46105300
2003-09-09,17.276111602783203,17.48315592621448,17.239573344389417,17.446618829314062,44315200
2003-09-10,16.776765823364258,17.160409405249393,16.73413901681999,17.069066082441196,54763500
2003-09-11,16.95336151123047,17.117780165812974,16.801122274356267,16.843749074842133,37813300
2003-09-12,17.257841110229492,17.294378204243507,16.715869763297395,16.734137729557762,55777200
2003-09-15,17.270009994506836,17.42224914844574,17.251740877896843,17.2760997000435,41432300
2003-09-16,17.598854064941406,17.62930260664218,17.245659111664136,17.300465325232427,52060600
2003-09-17,17.355257034301758,17.62928787312443,17.336987924549536,17.51358583434462,47221600
2003-09-18,17.9642276763916,17.97031738447463,17.306554302834275,17.34918109792242,67268100
2003-09-19,18.24434471130371,18.250434418529593,17.97640456232222,18.122554051264732,92433800
2003-09-22,17.702377319335938,18.26870743568095,17.544048382180858,17.897243346144297,65678700
2003-09-23,18.02511978149414,18.092104233246985,17.58667018423939,17.73282082431951,57827800
2003-09-24,17.33091926574707,18.08602712485532,17.306561584659395,18.031220890541118,66336500
2003-09-25,17.196937561035156,17.635385979452234,17.18475814792816,17.33699732728735,56224500
2003-09-26,17.166484832763672,17.52576927685199,17.136036309497985,17.215201308496372,49864700
2003-09-29,17.556224822998047,17.604941321441437,17.111686629515486,17.30046291579701,47380300
2003-09-30,16.928998947143555,17.42225480224977,16.898551571072137,17.410075387224026,63333700
2003-10-01,17.367450714111328,17.43443518193589,16.935090719914,17.0690619785493,58375900
2003-10-02,17.355257034301758,17.50749613109388,17.166480879497325,17.324809679540188,38143600
2003-10-03,17.70846176147461,17.939864809118433,17.61711848375975,17.757178253688718,57303000
2003-10-06,17.775447845458984,17.842432298097666,17.60493953743916,17.751089017959227,34047600
2003-10-07,17.745006561279297,17.885067553642898,17.611036439772047,17.665842662546215,52356800
2003-10-08,17.550138473510742,17.878975772042338,17.46488487529581,17.878975772042338,46989100
2003-10-09,17.623218536376953,17.87289085073374,17.537963753832912,17.79372577847809,62653300
2003-10-10,17.60494613647461,17.78154421756537,17.45879660117187,17.60494613647461,37604700
2003-10-13,17.525779724121094,17.72064574321322,17.355271376668938,17.647570405307125,39320300
2003-10-14,17.464881896972656,17.51968810404837,17.34309006758374,17.45270248173517,34851300
2003-10-15,17.80168914794922,17.918040385676967,17.575111712805366,17.8812983198716,57242100
2003-10-16,17.89966583251953,17.948655634893502,17.63634520675605,17.703706623023646,42232500
2003-10-17,17.715953826904297,17.936408514887987,17.636344670461746,17.930284643776332,49960000
2003-10-20,17.9731502532959,17.98539799530098,17.636344356210053,17.72820125323917,38794500
2003-10-21,17.9731502532959,18.022140053307247,17.86292291126813,17.9731502532959,44166800
2003-10-22,17.691457748413086,17.887416945370227,17.636344078267772,17.777190773088545,48798500
2003-10-23,17.703704833984375,17.807808299510068,17.207682989072033,17.587353627100626,67357900
2003-10-24,16.295251846313477,16.779026085371637,16.178900606840056,16.69941808026407,210558300
2003-10-27,16.478960037231445,16.595311253342253,16.423846364758376,16.478960037231445,65619100
2003-10-28,16.65654945373535,16.668796028538576,16.460589072766204,16.589188036276923,71752600
2003-10-29,16.374860763549805,16.687171265000842,16.32587094967568,16.63205757839129,73551500
2003-10-30,15.99518871307373,16.55857211137211,15.86658973197918,16.540200494641688,98729400
2003-10-31,16.007431030273438,16.19114364466756,15.989060586440248,16.148277718378264,69623700
2003-11-03,16.338111877441406,16.38097780069265,16.099286780465157,16.136028833536393,57772300
2003-11-04,15.964570999145508,16.30137699923437,15.92782892990267,16.28300538060829,84026100
2003-11-05,15.982941627502441,16.117663318385322,15.921704070552313,16.01355982197288,61514400
2003-11-06,16.062545776367188,16.105411705534866,15.921700246813682,16.080917389442895,68189800
2003-11-07,15.982941627502441,16.221766814797768,15.940075688040126,16.1544053853517,57822100
2003-11-10,15.921700477600098,16.062546009195174,15.921700477600098,15.995185762959128,54579100
2003-11-11,15.79923152923584,15.970696483013931,15.719623509844599,15.927830536571769,64990700
2003-11-12,15.909459114074707,16.007438755164493,15.676757758488826,15.829851093692799,75877300
2003-11-13,15.7318696975708,15.878839142809712,15.58490025233189,15.835973200616195,78949500
2003-11-14,15.615513801574707,15.933948088830933,15.578771743201749,15.737988886829863,83146400
2003-11-17,15.401190757751465,15.578779604181046,15.21135533102398,15.548160233412377,103900200
2003-11-18,15.401190757751465,15.823728730282564,15.382820303299829,15.51141815649954,106868300
2003-11-19,15.523663520812988,15.640014775846547,15.41343613899271,15.48692144954269,78853300
2003-11-20,15.37056827545166,15.695125339167992,15.358320530554263,15.413434214583308,106845700
2003-11-21,15.376688957214355,15.542028806983984,15.358317343680397,15.511410619103053,70712900
2003-11-24,15.756360054016113,15.805349856761241,15.48079285157815,15.511411040290469,99463800
2003-11-25,15.554277420043945,15.891083345633051,15.542029677002363,15.842093541475789,85663800
2003-11-26,15.584895133972168,15.695121305694103,15.505285980607008,15.682874731953182,69758400
2003-11-28,15.744117736816406,15.768613230634736,15.554282331762087,15.615519898298476,33402600
2003-12-01,15.823722839355469,16.050300258644523,15.615515867679019,15.860464902589804,101914600
2003-12-02,15.713493347167969,15.976813961931779,15.682875159966631,15.891082103360853,85121700
2003-12-03,15.719615936279297,15.964564917941392,15.688997751574863,15.811471658401473,93121600
2003-12-04,16.044164657592773,16.062535090438207,15.713482850276693,15.750224883975749,87202400
2003-12-05,15.909459114074707,16.215645784482653,15.8727170406684,15.89721136693612,96610900
2003-12-08,16.068675994873047,16.12991356130662,15.805355276815291,15.995191849560307,90504000
2003-12-09,16.154407501220703,16.295254251056573,16.074799484365126,16.19115074100888,103547100
2003-12-10,16.283010482788086,16.307504813955347,16.154411448128464,16.19727857168813,82853700
2003-12-11,16.295251846313477,16.39323146860397,16.09316872933818,16.28300410152486,79309000
2003-12-12,16.319747924804688,16.417727557643303,16.227892165019657,16.34424341701902,69154100
2003-12-15,16.374860763549805,16.59531550998802,16.338118695146534,16.56469614631088,88860600
2003-12-16,16.570812225341797,16.6320497558851,16.39322467157584,16.42996672269832,73978000
2003-12-17,16.55857276916504,16.583067091102773,16.44222152793536,16.55857276916504,53712300
2003-12-18,16.77901840209961,16.809637750050268,16.56468763847979,16.595306986430447,61177800
2003-12-19,16.754531860351562,16.87088193248622,16.650428365066862,16.834139865917866,76856400
2003-12-22,16.644298553466797,16.797391805550916,16.51569961435155,16.63205081297795,43894800
2003-12-23,16.625930786132812,16.742282011656005,16.54019891890998,16.638178529452954,39609000
2003-12-24,16.55857276916504,16.632056902987497,16.534077279218053,16.619809158014004,19924200
2003-12-26,16.662670135498047,16.687165618150615,16.534072355598774,16.56469054090558,12076900
2003-12-29,16.815767288208008,16.85863439276687,16.632055797849556,16.662673990239576,40426700
2003-12-30,16.852506637573242,16.87087708157071,16.77902135755666,16.78514522822545,34406600
2003-12-31,16.76065444946289,16.870880640728227,16.674921410022097,16.79127264125729,42198900
2004-01-02,16.809646606445312,17.00560586453859,16.73616130065568,16.889254617042216,44487700
2004-01-05,17.23218536376953,17.256680857942897,16.97498851499643,16.98111238853977,67333700
2004-01-06,17.29341697692871,17.317912462668083,17.18931349855448,17.262798787763547,46950800
2004-01-07,17.275043487548828,17.336281027241338,17.152569576172734,17.25054917247718,54298200
2004-01-08,17.24443244934082,17.44039172317274,17.146452812424858,17.385278031406337,58810800
2004-01-09,16.938243865966797,17.183192930404097,16.895377925691427,17.164822480577094,67079900
2004-01-12,16.883121490478516,16.98110106582192,16.7483998663835,16.944359017070312,55845200
2004-01-13,16.79739761352539,16.925995429096613,16.693294119392355,16.870881745849168,51555900
2004-01-14,16.962743759155273,16.98111421375039,16.821896988538438,16.85251635954626,43907000
2004-01-15,16.864761352539062,16.974987566129446,16.79127604213609,16.87088405773071,58504100
2004-01-16,17.03009796142578,17.072963897528595,16.85863421701453,16.96886040927498,63983400
2004-01-20,17.207685470581055,17.268923018193473,17.10358199004267,17.134200179844342,63068500
2004-01-21,17.33016014099121,17.33016014099121,17.054592916931394,17.226056655988405,53570600
2004-01-22,17.152565002441406,17.41588553529853,17.109699086489524,17.366895750209434,78425200
2004-01-23,17.440385818481445,17.611850709037196,17.281168670395893,17.31791189780649,127259100
2004-01-26,17.63633918762207,17.65471079524562,17.342400473697047,17.44650391421324,58299600
2004-01-27,17.299545288085938,17.587360311333562,17.281173669066554,17.538370495291215,63196200
2004-01-28,16.968854904174805,17.415888072241046,16.82188552749874,17.33015505984009,71336000
2004-01-29,17.091327667236328,17.115823144054854,16.88312078631337,17.030090143198642,63748400
2004-01-30,16.93212127685547,17.08521459973483,16.87088371410185,17.048472529286403,40528700
2004-02-02,16.77901840209961,17.023967345661394,16.681038824674896,16.90761732747498,62891800
2004-02-03,16.711658477783203,16.87087441799915,16.64429707907042,16.779018708487268,47993800
2004-02-04,16.540199279785156,16.797396055074277,16.540199279785156,16.668797083425158,60648000
2004-02-05,16.50958251953125,16.63818151142268,16.429974509700788,16.570820079098155,55527500
2004-02-06,16.583066940307617,16.65042836904004,16.491211189860195,16.552448746161556,47209600
2004-02-09,16.472835540771484,16.674918609498828,16.442217354119354,16.650424293778915,48108500
2004-02-10,16.54631996154785,16.625927943499562,16.423844885304874,16.454464238370065,37790600
2004-02-11,16.625930786132812,16.674920591404298,16.442219308367005,16.515703432269692,51515300
2004-02-12,16.503461837768555,16.625935803905854,16.491214090751992,16.58919373086561,44537000
2004-02-13,16.283010482788086,16.570825590059137,16.227896777649633,16.52183575971492,67541100
2004-02-17,16.527952194213867,16.595313618617084,16.283003152760124,16.362611153229153,43477000
2004-02-18,16.393232345581055,16.601439346088963,16.374860727415314,16.472840354947355,50334700
2004-02-19,16.203397750854492,16.521832162770842,16.185027298480872,16.485090090014165,61840600
2004-02-20,16.270755767822266,16.411601323765844,16.227889830622843,16.325869449367,57821900
2004-02-23,16.295251846313477,16.38710759620966,16.215642673196683,16.36873597902673,50256800
2004-02-24,16.460596084594727,16.50346320269805,16.258512914145793,16.295256158234356,55426500
2004-02-25,16.350364685058594,16.527952303281012,16.295251004366662,16.472838622589084,64275700
2004-02-26,16.227895736694336,16.319751516696343,16.172782035091206,16.283009438297462,66602700
2004-02-27,16.246265411376953,16.301379106369932,16.136038021390995,16.20952216937532,58266500
2004-03-01,16.350364685058594,16.362611261205224,16.227889579518934,16.307497580513292,51912300
2004-03-02,16.1605281829834,16.34424084161474,16.136033862638055,16.295251032914884,66331000
2004-03-03,16.148277282714844,16.258503446766863,16.056420393991537,16.13602954181722,54998700
2004-03-04,16.148277282714844,16.17889546695004,16.050296523542727,16.1237818009196,44023200
2004-03-05,16.136030197143555,16.289123460554766,16.044174472698607,16.062544916782254,59849800
2004-03-08,15.817602157592773,16.136036551203556,15.805354411374813,16.111541058767635,69367800
2004-03-09,15.750236511230469,15.903329794003737,15.640010328761322,15.799226314997552,81111700
2004-03-10,15.535903930664062,15.799223346430542,15.523656190021295,15.707367627627459,75155800
2004-03-11,15.364445686340332,15.786983576519683,15.352197940419925,15.419559374972827,90536300
2004-03-12,15.542028427124023,15.62163758248313,15.450172697717258,15.542028427124023,64137100
2004-03-15,15.407313346862793,15.572654431194682,15.346075778442522,15.49304524184549,68835300
2004-03-16,15.4195556640625,15.535906886286307,15.370565860180221,15.468545467944779,65453800
2004-03-17,15.388928413391113,15.591011396754894,15.376681844708807,15.462413665527242,56241400
2004-03-18,15.241971015930176,15.327704071910462,15.052135620561998,15.284836959915634,123231000
2004-03-19,15.082748413085938,15.272584908432128,15.039882484462268,15.168481438342234,86281600
2004-03-22,15.003141403198242,15.211348356928246,14.703078715295362,14.990893660506117,127605200
2004-03-23,14.788802146911621,15.101112399456134,14.764307843500792,15.094988531601336,91696300
2004-03-24,14.94802474975586,15.05212820587168,14.807179240895865,14.929653139379374,97584700
2004-03-25,15.425681114196777,15.456299306753237,15.052133091360238,15.064380835586492,85677900
2004-03-26,15.327703475952148,15.621642367288919,15.309331857240101,15.376693291174943,61584900
2004-03-29,15.499162673950195,15.554276345821943,15.3093273419525,15.462420615372025,51881600
2004-03-30,15.431802749633789,15.511410739547761,15.327699274817672,15.43792545285032,59010400
2004-03-31,15.26646614074707,15.431807207573272,15.229724070788805,15.431807207573272,70533200
2004-04-01,15.35831356048584,15.37668516949434,15.217468062113456,15.27870559079975,69051900
2004-04-02,15.829850196838379,15.86046839494069,15.578777234769383,15.603271559649354,98043800
2004-04-05,15.891096115112305,15.909466576427414,15.756373169414811,15.805363012938443,53800300
2004-04-06,15.79923152923584,15.86046909615726,15.713499636351514,15.780861076766021,48992000
2004-04-07,15.670638084411621,15.786989377389661,15.523668583391355,15.762493876548067,63268900
2004-04-08,15.603263854980469,15.829842380288254,15.52977974861657,15.811470769692873,45294600
2004-04-12,15.682878494262695,15.76248649871681,15.572651128088367,15.603269321799361,38786800
2004-04-13,15.584895133972168,15.780854329934195,15.560399650472446,15.725740660068757,56971500
2004-04-14,15.621641159057617,15.725744654355502,15.542031985471993,15.548155857902367,61079600
2004-04-15,15.444047927856445,15.756358324070376,15.370563815811344,15.633884414658908,73756900
2004-04-16,15.407313346862793,15.554282810265759,15.376695146657392,15.51141686277441,51768600
2004-04-19,15.63388442993164,15.676750356667974,15.346068348115272,15.358316089471055,44592100
2004-04-20,15.51141357421875,15.848218377110463,15.480795380504675,15.707372817210963,59902600
2004-04-21,15.584895133972168,15.609389449462952,15.431801866125719,15.529781464106732,49252000
2004-04-22,15.891096115112305,15.915590452869118,15.597155885960502,15.621651391727319,99207700
2004-04-23,16.864761352539062,16.974987566129446,16.74228622453724,16.77902829573403,258269000
2004-04-26,16.68104362487793,16.870878964764994,16.59531176196294,16.809642587259447,89391000
2004-04-27,16.668794631958008,16.760651527344816,16.6136809619295,16.63205257460865,80716800
2004-04-28,16.264631271362305,16.56469398825009,16.209517591933004,16.540199668508816,72842200
2004-04-29,16.215639114379883,16.497331342649495,16.111535642542478,16.234010727530826,77787300
2004-04-30,16.001312255859375,16.380984178787116,15.897208758283162,16.283004553775296,66172200
2004-05-03,16.136030197143555,16.240133662983535,16.03805060200109,16.03805060200109,65916200
2004-05-04,16.123779296875,16.252378220310725,15.933944014478973,16.13602703587053,55496400
2004-05-05,16.10541534423828,16.28912801247472,16.07479715020349,16.117663089055892,51841700
2004-05-06,15.99518871307373,16.12991039840255,15.940075030891666,16.019683034038422,62693900
2004-05-07,15.786981582641602,16.15440456977401,15.768609966081305,15.940074883283167,68290200
2004-05-10,15.878839492797852,15.95232363303232,15.68900410118123,15.695126806192977,64621400
2004-05-11,15.8849515914917,15.989055019667568,15.793095900279695,15.976807282703703,57917200
2004-05-12,15.8849515914917,15.921693634374805,15.5726413069641,15.842085680126663,64145600
2004-05-13,15.982941627502441,16.038055311956633,15.79310625216537,15.811476701643933,63861500
2004-05-14,15.835969924926758,16.025805273091517,15.701247085318345,15.921701791580052,43775300
2004-05-17,15.640013694763184,15.793107010484784,15.56652838929272,15.597146585233318,55149600
2004-05-18,15.817602157592773,15.903334045099767,15.70125090454088,15.737994143194761,58158600
2004-05-19,15.68899154663086,16.087033630408555,15.68899154663086,15.940064299537179,60052800
2004-05-20,15.756360054016113,15.84209308482686,15.670628191214394,15.768607796704652,52089900
2004-05-21,15.854341506958008,16.04417803672428,15.78698125033984,15.90333131541175,57809300
2004-05-24,15.774730682373047,16.025803551754805,15.762482940449802,15.952318268224285,56250500
2004-05-25,15.982941627502441,16.038055311956633,15.67675501076105,15.744115272197867,66615000
2004-05-26,16.007431030273438,16.013554900887463,15.829843454502234,15.915575307080822,50306900
2004-05-27,16.03805923461914,16.03805923461914,15.872718140816682,16.01968761263791,49071900
2004-05-28,16.062545776367188,16.136031060661043,15.933947988864151,16.00743210514904,37393000
2004-06-01,15.989066123962402,16.087045751702505,15.842096682352247,16.001312701422943,48369500
2004-06-02,16.001312255859375,16.09316917631606,15.927828121105144,15.995189551304241,54020000
2004-06-03,15.854341506958008,16.001310932319235,15.835971058793582,15.952321123865492,45933100
2004-06-04,15.891096115112305,16.068683859881723,15.8849722386706,15.940085958635937,48815300
2004-06-07,16.185014724731445,16.185014724731445,15.90332260441162,15.933941947929279,65218600
2004-06-08,16.289133071899414,16.319751275444254,16.06867826874585,16.0931737659894,58447700
2004-06-09,16.209508895874023,16.319736195598008,16.166642983316585,16.166642983316585,50385500
2004-06-10,16.393232345581055,16.405480091024884,16.154405981463576,16.154405981463576,48109200
2004-06-14,16.472835540771484,16.472835540771484,16.246258156324227,16.25850473017971,67377500
2004-06-15,16.785152435302734,16.901503691949937,16.515707850228466,16.527955596824885,114183400
2004-06-16,16.730031967163086,16.84025930586472,16.6259284992792,16.742279708798584,67431100
2004-06-17,17.005599975585938,17.097455700006826,16.711661190235528,16.72390776361845,105427500
2004-06-18,17.36077308654785,17.452628793966994,16.962730909059115,17.005596827987468,134218700
2004-06-21,17.36077308654785,17.55060837094857,17.219927590637923,17.281163950244892,116881700
2004-06-22,17.324037551879883,17.36077961506264,17.030097542390433,17.238304513774608,98932000
2004-06-23,17.33016014099121,17.37914994758023,17.14644865828467,17.268923758761776,58558400
2004-06-24,17.385272979736328,17.544490135463104,17.3669025331584,17.440386655488254,65503800
2004-06-25,17.495506286621094,17.532248360292837,17.299547003025857,17.44039259210875,71136500
2004-06-28,17.317913055419922,17.60572801465448,17.250551635340077,17.513872276005927,77024100
2004-06-29,17.452632904052734,17.501622704080596,17.256673703941296,17.256673703941296,55371700
2004-06-30,17.48937225341797,17.636341630739775,17.385268798480592,17.49549612347414,83544400
2004-07-01,17.532241821289062,17.66084078319077,17.305664422142232,17.57510892059565,78441400
2004-07-02,17.495506286621094,17.56286772836051,17.391402771209943,17.526125654688766,36690100
2004-07-06,17.1586971282959,17.348532490863317,17.109707319633042,17.342408618779316,69158900
2004-07-07,17.207685470581055,17.342407140921114,16.8708795427173,16.944364833454014,66255700
2004-07-08,16.925992965698242,17.238303402643886,16.870879290472008,17.072962376965183,59125100
2004-07-09,17.060712814331055,17.14644466388766,16.92599000158913,17.011723019154587,50249300
2004-07-12,17.07909393310547,17.14645538158189,16.89538237836378,16.944372204162203,45757300
2004-07-13,16.901498794555664,17.115829625850733,16.901498794555664,17.091334139755723,43274100
2004-07-14,17.226049423217773,17.366896080031335,16.74227543227647,16.779017479788926,87656300
2004-07-15,17.066837310791016,17.268920369308052,17.023970216431373,17.17706347797485,46759700
2004-07-16,16.828018188476562,17.26892771684446,16.687172608252098,17.25667997038771,66406300
2004-07-19,17.115829467773438,17.305664811220225,16.901498638457873,16.913746381392258,60354500
2004-07-20,17.3424015045166,17.440381081648777,17.054586642691927,17.146442350252254,89010700
2004-07-21,17.673091888427734,18.303835571258876,17.642472525954368,18.303835571258876,201518000
2004-07-22,17.758821487426758,17.942532966644773,17.654718004400788,17.80168742137702,124640700
2004-07-23,17.164819717407227,17.391397127534123,17.158695845780947,17.379149384281565,97372700
2004-07-26,17.550617218017578,17.58123541325535,17.268926084200384,17.36690571057239,72387600
2004-07-27,17.4158935546875,17.61185278527602,17.226057028046863,17.57511072154296,72968400
2004-07-28,17.501628875732422,17.63022787615941,17.317917352847445,17.354659423822564,62718800
2004-07-29,17.440385818481445,17.636345025968584,17.29954028410119,17.624098451507393,60148400
2004-07-30,17.446517944335938,17.642477244538963,17.348538294234423,17.422023615815338,59552900
2004-08-02,17.46488380432129,17.483254252648152,17.244429080325546,17.311790505548505,52267000
2004-08-03,17.18931007385254,17.40364085933378,17.146444150358057,17.37914537847475,53990900
2004-08-04,17.183189392089844,17.268922422995946,17.140323460641305,17.15257120334347,46217900
2004-08-05,16.858631134033203,17.275043842888035,16.852507263137095,17.244425656416443,55591700
2004-08-06,16.619808197021484,17.0607176464989,16.57081838796946,16.766777624177564,75628000
2004-08-09,16.644298553466797,16.705536087902207,16.59530875952023,16.69328834741336,51877500
2004-08-10,16.9749813079834,16.993352920813447,16.687166381699694,16.717784568407485,57632700
2004-08-11,16.785152435302734,16.84639000027544,16.65655460006851,16.772904688706312,53097300
2004-08-12,16.460596084594727,16.72391682718173,16.448349504574747,16.674927003073183,50279700
2004-08-13,16.54631996154785,16.68716548162105,16.5218244790957,16.540196090934813,43333200
2004-08-16,16.589187622070312,16.656549037846826,16.50957846378734,16.552445562559946,54347200
2004-08-17,16.5646915435791,16.766774615659422,16.521825614351304,16.668795015136173,56879700
2004-08-18,16.815767288208008,16.840262776527357,16.46671475572145,16.491210244040804,58844000
2004-08-19,16.607563018798828,16.80964614415105,16.54020158767833,16.74840858567871,46293000
2004-08-20,16.65654945373535,16.760652931621536,16.5585698472553,16.613682353892415,46494800
2004-08-23,16.730253219604492,16.785529480810446,16.65655231896635,16.748679030491378,39572200
2004-08-24,16.730253219604492,16.865372318410884,16.63812650807947,16.828521868091812,40835300
2004-08-25,16.920650482177734,16.994352562557648,16.69340464629476,16.71182928779862,53512700
2004-08-26,16.853086471557617,16.95135510171036,16.82237679247584,16.865369171735853,35465500
2004-08-27,16.865375518798828,16.982070000317073,16.85923475212595,16.889943271310003,33248700
2004-08-30,16.767101287841797,16.82237754119472,16.490721192531705,16.767101287841797,36679600
2004-08-31,16.767101287841797,16.77938516002123,16.61355639996246,16.760960523206606,52106700
2004-09-01,16.8223819732666,16.90222599201432,16.668837044933888,16.72411331285005,48507500
2004-09-02,16.963645935058594,17.000496393625323,16.797817114325877,16.82852563455566,42161700
2004-09-03,16.650400161743164,16.96363172582586,16.64425822855088,16.86536196620327,46174400
2004-09-07,16.803956985473633,16.81623968918158,16.681120576755685,16.760964593858795,44893400
2004-09-08,16.742538452148438,16.87151562445874,16.668836374074843,16.767105030536445,53278100
2004-09-09,16.754817962646484,16.871511229638237,16.693399775492967,16.767100662913602,56904700
2004-09-10,16.88379669189453,16.89608056477333,16.69340134809151,16.79166998821272,52664500
2004-09-13,16.736392974853516,16.93293024620806,16.42316125933676,16.908363673016012,48239200
2004-09-14,16.853086471557617,16.896078850817634,16.748675905588524,16.810094092297604,55920000
2004-09-15,16.69954490661621,16.828522070007832,16.66883522143627,16.80395549331859,52605700
2004-09-16,16.742538452148438,16.797814717839938,16.68726218645694,16.717970702305646,35951500
2004-09-17,16.89607810974121,16.908361980835142,16.742533235430354,16.822376054632052,65283000
2004-09-20,16.89607810974121,16.982062864489876,16.785525612804687,16.85308573236688,51513600
2004-09-21,16.742538452148438,16.908367249222934,16.73639651468774,16.859232920992135,73874400
2004-09-22,16.656551361083984,17.03734205921022,16.62584167803856,16.754820003920088,68409000
2004-09-23,16.797809600830078,16.822376171734525,16.687257103123983,16.699540974303424,52155800
2004-09-24,16.760957717895508,16.865367099581928,16.699539538732537,16.822374725604146,49859800
2004-09-27,16.69954490661621,16.77938774517464,16.662693284400284,16.687261032544235,47813600
2004-09-28,16.74867820739746,16.803954465886928,16.607417178570884,16.711826587434725,62055100
2004-09-29,16.939071655273438,17.006631779494736,16.724108582122998,16.74253439003458,61529300
2004-09-30,16.982067108154297,17.068053055844494,16.902224269000598,16.945216657118337,71218000
2004-10-01,17.35057830810547,17.393570704090994,17.061914241163418,17.086480822531605,66302800
2004-10-04,17.270729064941406,17.47954902940919,17.24001938527372,17.46726632899661,62016200
2004-10-05,17.430416107177734,17.473409662150374,17.258446573105537,17.28915508377426,58017700
2004-10-06,17.52254295349121,17.53482565416493,17.338288385931143,17.43655702004804,56999600
2004-10-07,17.301443099975586,17.5593986343137,17.29530116208005,17.528690116290896,38401500
2004-10-08,17.19089126586914,17.399712477062877,17.178607389574232,17.25845141403621,49556600
2004-10-11,17.233877182006836,17.33214581251009,17.154034359018375,17.31986311228804,44691000
2004-10-12,17.2154541015625,17.295296931765687,17.080333843819986,17.0926177166065,56412900
2004-10-13,17.2154541015625,17.362857060636944,17.160177845477758,17.31372274094546,49500700
2004-10-14,17.07419776916504,17.295302869411532,17.07419776916504,17.22160195029936,41548700
2004-10-15,17.19089126586914,17.344436205190718,17.086480660272272,17.178607389574232,49828500
2004-10-18,17.44883918762207,17.473406929478568,17.184741819936797,17.240018067659502,50350700
2004-10-19,17.307571411132812,17.55938480931561,17.301429478072993,17.52253438241065,57026500
2004-10-20,17.626955032348633,17.657663543843032,17.270730910322335,17.332147933311134,69078100
2004-10-21,17.540964126586914,17.74364329086376,17.485687884379203,17.694508983507383,94988500
2004-10-22,17.03734016418457,17.40584811955894,16.93907153227867,17.381280375855216,101912800
2004-10-25,16.96977996826172,17.055765899404456,16.920645652517795,16.99434771186093,61529500
2004-10-26,17.135608673095703,17.135608673095703,16.969779918649337,17.018914234249614,76966600
2004-10-27,17.289148330688477,17.411984668293073,16.939066291405748,17.111036929761358,72392600
2004-10-28,17.203161239624023,17.52867666964793,17.13560114605488,17.264579400009247,63059600
2004-10-29,17.178598403930664,17.28915088984808,17.074187852948032,17.270726256498047,80010100
2004-11-01,17.24616050720215,17.36899687716612,17.172458450932876,17.29529482089685,72930900
2004-11-02,17.344430923461914,17.485691943471757,17.215453776006292,17.356714796016135,89417100
2004-11-03,17.485692977905273,17.59624549452429,17.38742433456718,17.59624549452429,79666700
2004-11-04,17.811206817626953,17.811206817626953,17.430414984017013,17.430414984017013,87867700
2004-11-05,18.00160789489746,18.03231758484461,17.829638317012986,17.94018968645805,95337700
2004-11-08,17.983179092407227,18.106014309416175,17.891051215332244,17.921760898175446,112802100
2004-11-09,18.28412628173828,18.35782717493671,18.026170812634632,18.075305131918444,100401000
2004-11-10,18.259557723999023,18.425386483499608,18.234991151177375,18.376252166401787,84097700
2004-11-11,18.413105010986328,18.474523208226348,18.314836363984167,18.357828750615777,87358900
2004-11-12,18.40696144104004,18.54822363359562,18.30255086643178,18.523655888297405,162269000
2004-11-15,18.749229431152344,18.82452796079845,18.619169996207013,18.715003538931803,104468000
2004-11-16,18.564403533935547,18.714999253106512,18.516485467912524,18.708153815103223,64522600
2004-11-17,18.5986328125,18.721848107777944,18.523334286355915,18.653395020886418,58830700
2004-11-18,18.53017807006836,18.59863115084409,18.482261305215523,18.57124939628023,63249900
2004-11-19,18.38643455505371,18.53018490261661,18.372743672723608,18.5028044435908,85808600
2004-11-22,18.242673873901367,18.35904370484922,17.866183935582054,18.311126946041355,92410800
2004-11-23,18.1605281829834,18.276897994394655,18.071538812451152,18.153682746355262,70459700
2004-11-24,18.23583984375,18.297447516651957,18.071553151222968,18.22215026526534,60069200
2004-11-26,18.208454132080078,18.359049897074687,18.174226931648896,18.181072371735134,24398700
2004-11-29,18.324819564819336,18.448034845265923,18.2152951612299,18.235830170881744,67079900
2004-11-30,18.35219955444336,18.489105708327042,18.276902344877794,18.311128230531793,75960400
2004-12-01,18.65338897705078,18.673925288154532,18.352196275697136,18.448031088547705,99889000
2004-12-02,18.543865203857422,18.75606853635368,18.4274953817207,18.667080463253203,96088300
2004-12-03,18.63969612121582,18.783447672391254,18.578088500088278,18.591779372701836,76498400
2004-12-06,18.708152770996094,18.783451279196047,18.530175309744944,18.550711622608674,55297400
2004-12-07,18.53017807006836,18.742381445402597,18.482261305215523,18.660238792978856,111656000
2004-12-08,18.728687286376953,18.728687286376953,18.420649151153544,18.48910221516248,95655000
2004-12-09,18.63969612121582,18.728685487570488,18.441183690853098,18.571243063781495,83006000
2004-12-10,18.537023544311523,18.605476625218724,18.509643095328997,18.537023544311523,70949200
2004-12-13,18.65338897705078,18.673925288154532,18.420649340409366,18.55071003279924,93812500
2004-12-14,18.63969612121582,18.708149178650146,18.509636748287424,18.51648087896073,127843200
2004-12-15,18.55755615234375,18.756068611113136,18.530174403198366,18.63285335122623,106303900
2004-12-16,18.591785430908203,18.673929387723017,18.489106464115107,18.58493999237081,88997500
2004-12-17,18.454879760742188,18.701310332086617,18.34535535250776,18.48226151561776,126184400
2004-12-20,18.448028564453125,18.584933369512395,18.406955947865253,18.48909987540756,85552800
2004-12-21,18.53017807006836,18.59863115084409,18.441189979003653,18.482261305215523,94646100
2004-12-22,18.46172523498535,18.58494052089466,18.331665815977917,18.372737142736373,63651900
2004-12-23,18.489105224609375,18.584938746440418,18.365889950464425,18.393271702778332,65801900
2004-12-27,18.37958526611328,18.550717342509802,18.35904894691741,18.489109690556322,55958500
2004-12-28,18.448028564453125,18.50279074760352,18.34534832861688,18.379575509106772,55075900
2004-12-29,18.413806915283203,18.482259991192162,18.359044715682803,18.379581030145637,47594900
2004-12-30,18.317970275878906,18.441185530425145,18.31112483888927,18.406958345476966,48355400
2004-12-31,18.290592193603516,18.41380747284377,18.26321174579116,18.311128508688178,54959500
2005-01-03,18.304288864135742,18.448040503961995,18.242681205015103,18.345360201671408,65002900
2005-01-04,18.372739791870117,18.550717307664282,18.249524488194606,18.39327611102741,109442100
2005-01-05,18.331661224365234,18.55070998638947,18.31797035033032,18.372732540836378,72463500
2005-01-06,18.311134338378906,18.523337772610557,18.235835798062975,18.37958743815391,76890500
2005-01-07,18.256372451782227,18.40696822951925,18.222146554089274,18.359051450495393,68723300
2005-01-10,18.345352172851562,18.38642479804613,18.16737601954328,18.208447339104136,70376600
2005-01-11,18.297435760498047,18.35904339381693,18.215293119828694,18.270055315486175,64712000
2005-01-12,18.331661224365234,18.379577977853835,18.22213684335312,18.324815787347777,72940600
2005-01-13,17.98255729675293,18.345356430739947,17.90725877205343,18.263213772553232,89861600
2005-01-14,17.87987518310547,18.105769411923255,17.82511298538097,18.07154222232433,92180800
2005-01-18,18.01679039001465,18.037326715588957,17.6882170146329,17.818277798667793,69146400
2005-01-19,17.784042358398438,17.975710724811954,17.742971031893372,17.941483531362792,58114100
2005-01-20,17.7018985748291,17.86618517599087,17.619754621431294,17.688207698323826,58380100
2005-01-21,17.558141708374023,17.88671481199511,17.551296272177737,17.76350087736229,76501000
2005-01-24,17.57183074951172,17.797724897913753,17.551294443063057,17.633438363224393,69010900
2005-01-25,17.811429977416992,17.92779986219006,17.62660698884194,17.63345242978557,67580700
2005-01-26,17.804580688476562,17.914105108635145,17.72928216000476,17.84565201962751,64974500
2005-01-27,17.873031616210938,17.907257503758995,17.695054128566422,17.763507209296453,93204100
2005-01-28,17.920942306518555,18.24266997957225,17.770345318832312,18.167372791362606,110466500
2005-01-31,17.98940086364746,18.15368746855696,17.90725690837577,18.03731762687516,71442100
2005-02-01,18.0647029876709,18.092084748752704,17.948333114341683,17.968869435153035,57981700
2005-02-02,18.112619400024414,18.140001160556086,17.9894053945345,18.085238945126946,79329500
2005-02-03,17.920942306518555,18.071537988571322,17.866180121623596,18.051002985256634,62545400
2005-02-04,18.01679039001465,18.051017599305162,17.89357504783786,17.91411137341217,61246500
2005-02-07,17.907258987426758,18.003092525008533,17.838805901025193,17.98255751303188,57763400
2005-02-08,17.96202850341797,18.030481617670237,17.907266273143062,17.92780259910911,61343700
2005-02-09,17.845657348632812,18.009944027929375,17.825122329742285,17.96887268451385,77874800
2005-02-10,17.83879280090332,17.886709534506004,17.79772150147717,17.866174537609464,71796400
2005-02-11,17.777196884155273,17.879877158663476,17.667672476604857,17.818269516212126,83835900
2005-02-14,17.804580688476562,17.879879216948364,17.73612759946893,17.749818478397273,58694000
2005-02-15,17.804580688476562,17.907576457081696,17.75651608377165,17.852645293181475,76551600
2005-02-16,17.708452224731445,17.804581438189064,17.626054820580407,17.7633833909447,57506600
2005-02-17,17.61231803894043,17.756513138802244,17.57798655832011,17.653516077617216,67024800
2005-02-18,17.49558448791504,17.61231332430385,17.440653347829816,17.60544676808549,77091100
2005-02-22,17.323930740356445,17.502457337239075,17.303332373956785,17.33766385773099,96419200
2005-02-23,17.303329467773438,17.406325211459556,17.28272979517144,17.330794388247497,83689400
2005-02-24,17.420053482055664,17.46811806176509,17.268991877641394,17.28959154451468,85236300
2005-02-25,17.337657928466797,17.426920541550327,17.268993674738546,17.392589069517054,62467700
2005-02-28,17.27585792541504,17.420052969966044,17.255258259147315,17.317055948288953,82728000
2005-03-01,17.358261108398438,17.447523739536393,17.25526405214283,17.29646339850986,56394800
2005-03-02,17.344533920288086,17.49559431293821,17.27586962920624,17.296469309429522,67739000
2005-03-03,17.28272819519043,17.37885737244321,17.262128524495488,17.371990815544894,52183600
2005-03-04,17.28272819519043,17.371990815544894,17.25526196759717,17.310193113121876,63058200
2005-03-07,17.488725662231445,17.708451629359413,17.275867564019325,17.282734123272913,80407400
2005-03-08,17.440658569335938,17.591720232042466,17.399460529353284,17.440658569335938,52871800
2005-03-09,17.37885856628418,17.557385128918806,17.358260203836046,17.433789715582378,62991800
2005-03-10,17.461259841918945,17.495591326768917,17.337664400999532,17.461259841918945,59132900
2005-03-11,17.22780418395996,17.495593465580757,17.207204504734378,17.47499509601753,60617900
2005-03-14,17.241531372070312,17.26899629192701,17.13853432103745,17.220931699931356,65550500
2005-03-15,17.104209899902344,17.330801148260242,17.090476779477637,17.23467192461218,71469400
2005-03-16,16.91194725036621,17.145405019006425,16.86388264676303,17.04240925276215,74841400
2005-03-17,16.850143432617188,16.946272597574243,16.843276876597162,16.918806373494146,60573200
2005-03-18,16.692222595214844,17.10420696974096,16.671624227768984,16.843284274683015,135904000
2005-03-21,16.6166934967041,16.7265558248094,16.582360700632286,16.719689265595033,71446200
2005-03-22,16.472497940063477,16.66475766403135,16.451898262961205,16.609826501420844,102113300
2005-03-23,16.602956771850586,16.747150555044268,16.45189512127209,16.472494794440607,79293300
2005-03-24,16.67161750793457,16.802078148047617,16.61668636744968,16.64415128286128,78820900
2005-03-28,16.6166934967041,16.802085356842877,16.602960378275377,16.754020752004593,49802000
2005-03-29,16.424428939819336,16.644153531443106,16.35576467752144,16.57548926914521,74231700
2005-03-30,16.589223861694336,16.60982353511777,16.47936155609334,16.506827787324585,59585700
2005-03-31,16.596084594726562,16.69221375097321,16.56175312739891,16.65101572824772,62382300
2005-04-01,16.561758041381836,16.719684933405432,16.548024926511456,16.64415411128027,64619600
2005-04-04,16.63728904724121,16.657888721395846,16.43816410239455,16.554892969946742,62196400
2005-04-05,16.802099227905273,16.82269892255455,16.561776005313735,16.630439034817982,73549600
2005-04-06,16.93941307067871,17.124806231164598,16.788352704539577,16.802084512616087,78020200
2005-04-07,17.234663009643555,17.25526136996326,16.911941394909253,16.93254106489073,77451500
2005-04-08,17.124805450439453,17.337663527036284,17.10420577477055,17.214068092347116,47956300
2005-04-11,17.145402908325195,17.241533413359655,17.069873387530627,17.18660225748085,47791800
2005-04-12,17.385725021362305,17.40632469335114,17.028671898193835,17.11106927648729,67517800
2005-04-13,17.193466186523438,17.47498848106092,17.159133400810415,17.32392684324734,60929300
2005-04-14,17.056142807006836,17.262134344763115,17.049276247793326,17.172871694311997,66754400
2005-04-15,16.795211791992188,17.097333723091463,16.76088031990301,16.87760915853261,100251600
2005-04-18,16.925682067871094,17.056144083366114,16.754022003674304,16.788354802311076,75766400
2005-04-19,16.91194725036621,17.028676134686318,16.788353116670415,16.966878413007308,65956200
2005-04-20,16.699087142944336,16.960011116237755,16.685354026526355,16.93254488340179,91923500
2005-04-21,17.358261108398438,17.433790624080718,16.802081719401258,16.808948277129097,93562300
2005-04-22,17.15226936340332,17.337662504503037,17.014942129362904,17.200333960800567,80087500
2005-04-25,17.159128189086914,17.358254356756486,17.06986559266841,17.214059319881716,75457900
2005-04-26,17.00120735168457,17.337660810248778,16.987474236723926,17.131669324486833,60464300
2005-04-27,17.159128189086914,17.26899045067652,16.911937445679573,16.932537110850674,47732800
2005-04-28,16.788349151611328,17.11106949220015,16.78148259419515,17.042405227700296,83623100
2005-04-29,17.37198829650879,17.37198829650879,17.02180311310626,17.08359949690664,98641200
2005-05-02,17.323930740356445,17.41319469362884,17.131672335761426,17.323930740356445,54376700
2005-05-03,17.413185119628906,17.44065002961527,17.227792065990563,17.255256975976927,67867800
2005-05-04,17.3101863861084,17.44064829715318,17.241523463132385,17.39945028143531,86864200
2005-05-05,17.323930740356445,17.392595017567018,17.220934979371663,17.303332373956785,59362300
2005-05-06,17.317060470581055,17.49558702920501,17.29646210859567,17.39259129029246,64322600
2005-05-09,17.241531372070312,17.392591705436917,17.200332027792403,17.323927441302313,61872400
2005-05-10,17.097335815429688,17.22093122553483,17.04240466756761,17.193466306434726,62235100
2005-05-11,17.104209899902344,17.14540795151402,16.918816703156125,17.090476779477637,59463300
2005-05-12,17.16600227355957,17.241533102655083,17.04927340571288,17.05613996378175,74540700
2005-05-13,17.37198829650879,17.426919434068168,17.159130302173896,17.1865965257844,77204300
2005-05-16,17.5579776763916,17.56486601680128,17.351332719367637,17.378884767189753,50577300
2005-05-17,17.53731346130371,17.564866824208973,17.392662247501043,17.433990978042285,39983200
2005-05-18,17.7026309967041,17.79906513916078,17.50976139797409,17.564866809923142,71182400
2005-05-19,17.85416603088379,17.943711809949015,17.702626514844052,17.737066895911525,52120800
2005-05-20,17.730182647705078,17.854170150260934,17.723294307139017,17.82661678799669,64444500
2005-05-23,17.805953979492188,17.957493538149915,17.73018354325498,17.73018354325498,75421100
2005-05-24,17.7370662689209,17.826612044820756,17.716401252721113,17.771506648770934,61287700
2005-05-25,17.70951271057129,17.750842742496133,17.564861540283115,17.688849008425127,35749000
2005-05-26,17.84040069580078,17.909282815547087,17.72330148637721,17.737078173089905,50579200
2005-05-27,17.957489013671875,17.971265692028755,17.77839613648152,17.7921728148384,54978000
2005-05-31,17.771509170532227,17.929938356245668,17.73706878579513,17.90238499740282,46131100
2005-06-01,17.778390884399414,17.909266662493803,17.640628082977507,17.723285501067455,54621000
2005-06-02,17.764623641967773,17.812840710190372,17.661299851414697,17.709516919637295,27212500
2005-06-03,17.516647338867188,17.77839768131053,17.45465359469073,17.702628571396563,79659500
2005-06-06,17.47531509399414,17.56486086542502,17.433985063657236,17.482202118567415,40756900
2005-06-07,17.571748733520508,17.792170300819762,17.43398459705039,17.447761273460635,54511400
2005-06-08,17.495981216430664,17.64752205433704,17.45465249419092,17.599303678938217,45369700
2005-06-09,17.571748733520508,17.64063080175557,17.461537949870884,17.495978327080326,52767900
2005-06-10,17.516647338867188,17.578641083043646,17.45465359469073,17.55797606371267,39459800
2005-06-13,17.43398094177246,17.557968375836634,17.399540571783923,17.4684226255769,49104100
2005-06-14,17.468421936035156,17.523527314131147,17.385763211983246,17.433980253590256,44243300
2005-06-15,17.399551391601562,17.502873879633608,17.296228903569517,17.49598553858924,50764800
2005-06-16,17.248003005981445,17.378877477418733,17.18600928211492,17.37198913989845,65918800
2005-06-17,17.248003005981445,17.420207502540446,17.165344269554062,17.406430827499875,90821300
2005-06-20,17.296222686767578,17.413321814799275,17.172235220167398,17.206675599193563,50538900
2005-06-21,17.32377815246582,17.35133151218757,17.24800904086402,17.275561086769265,81084000
2005-06-22,17.268667221069336,17.399543010235934,17.24111518398042,17.296220571974338,60492700
2005-06-23,17.43398094177246,17.647515439912272,17.323770181230064,17.33754685475184,105159800
2005-06-24,17.248003005981445,17.4959765876315,17.248003005981445,17.37198913989845,57970700
2005-06-27,17.25489616394043,17.392660335690323,17.24112079781865,17.268672843878722,61636200
2005-06-28,17.268667221069336,17.358214297694513,17.24111518398042,17.282443896521837,53058100
2005-06-29,17.282447814941406,17.440875677117,17.2204540751655,17.37199359805306,55859900
2005-06-30,17.110246658325195,17.316891622571724,17.096469977024324,17.261786211184873,82018200
2005-07-01,17.020694732666016,17.213564274912372,16.99314269166869,17.11713016069733,69718400
2005-07-05,17.20667839050293,17.351330896274437,16.958704730891924,16.986256775819164,61883500
2005-07-06,17.013805389404297,17.275555655384874,17.006917051639533,17.199785253788562,64214600
2005-07-07,16.979368209838867,17.020696933587146,16.876045743559953,16.931151146496468,80082900
2005-07-08,17.282447814941406,17.303112832805503,16.965590776773844,16.972479116061876,56104000
2005-07-11,17.420207977294922,17.482200389034887,17.296220526182832,17.32377256319881,61525400
2005-07-12,17.64063262939453,17.647520968313316,17.358217302806004,17.385769344664823,63384800
2005-07-13,17.675077438354492,17.737071190338675,17.551089934386123,17.585531637608803,44749200
2005-07-14,17.888601303100586,17.97814837040816,17.764615178377394,17.764615178377394,69506800
2005-07-15,17.764623641967773,17.9781569357321,17.737070280802534,17.936828207800808,56472800
2005-07-18,17.59929656982422,17.764614019637133,17.59929656982422,17.70950732715559,39668000
2005-07-19,18.019479751586914,18.081473480052384,17.737064461384723,17.764617813509883,113290100
2005-07-20,18.040151596069336,18.067703644810152,17.826616977698972,17.909275751554702,71424800
2005-07-21,18.212345123291016,18.239897155319216,17.909264888085744,18.115909726652703,112932100
2005-07-22,17.6888484954834,18.143468322943523,17.654406803211437,17.902381732304676,97558900
2005-07-25,17.695741653442383,17.84039285893228,17.668188292120547,17.695741653442383,45174600
2005-07-26,17.5924072265625,17.730169998147254,17.585518890910908,17.71639332684407,51476400
2005-07-27,17.716402053833008,17.77150745237462,17.585527553431884,17.6406329519735,57977300
2005-07-28,17.7370662689209,17.805948342437244,17.675072534137815,17.7370662689209,44738700
2005-07-29,17.64063262939453,17.909271278145496,17.626855951556966,17.757731763381212,59524400
2005-08-01,17.85416603088379,17.943711809949015,17.743955234888286,17.77839561595576,61346800
2005-08-02,18.46721076965332,18.529204496630186,17.819722776053343,17.84038647583489,137510100
2005-08-03,18.770299911499023,18.8942874238774,18.41211405658743,18.43277907992274,139422400
2005-08-04,18.818511962890625,18.942499442177315,18.63253074396059,18.70830116215054,91461400
2005-08-05,19.12159538269043,19.245582881824205,18.77029790641693,18.797851267920695,82212400
2005-08-08,18.687631607055664,19.176693066187145,18.653191232867503,19.149139715783768,77207200
2005-08-09,18.83917808532715,18.949388892529335,18.604979791568386,18.749630983340086,64761800
2005-08-10,18.56365394592285,18.942503490200192,18.494771852286064,18.88050973730875,62818800
2005-08-11,18.784069061279297,18.804732762511694,18.52231745926184,18.584311190591436,48646800
2005-08-12,18.632530212402344,18.6945239502771,18.5292077538832,18.65319522963271,52006500
2005-08-15,18.743064880371094,18.86051134399846,18.43908688321705,18.63943595780889,45976600
2005-08-16,18.473634719848633,18.74997903189266,18.44600094750104,18.673985169651566,46894600
2005-08-17,18.618717193603516,18.756888697346497,18.41836673426272,18.528904464342578,52413100
2005-08-18,18.528900146484375,18.708524245434095,18.515082604015923,18.577260227410573,40861900
2005-08-19,18.459814071655273,18.591078091952827,18.44599784666085,18.54962678154275,36043500
2005-08-22,18.591079711914062,18.770703829627422,18.494359539958218,18.508177083870056,41691700
2005-08-23,18.563438415527344,18.70160984548559,18.473625734227152,18.542712108062766,48296700
2005-08-24,18.521987915039062,18.763789592210912,18.50126292292153,18.542714224869723,63645000
2005-08-25,18.673974990844727,18.71542628562866,18.54961978878002,18.58416231481448,39306300
2005-08-26,18.632530212402344,18.70852538288584,18.56344513128657,18.694707839577305,36774600
2005-08-29,18.75688362121582,18.812152471298475,18.521990678936216,18.521990678936216,52307700
2005-08-30,18.777606964111328,18.812149495806946,18.625616662139134,18.694703043243486,55163200
2005-08-31,18.91578483581543,18.957237469190694,18.6808931685901,18.770704572142705,65210200
2005-09-01,18.79142951965332,18.92269222930359,18.756885661024192,18.915783457577763,75974500
2005-09-02,18.66707420349121,18.839789542936437,18.632530344974086,18.79833691271589,52047500
2005-09-06,18.653255462646484,18.853605876044,18.639437920126646,18.69470677249262,46089000
2005-09-07,18.54962730407715,18.729251411198625,18.52890098943156,18.611804930300487,44656100
2005-09-08,18.383819580078125,18.570351129265006,18.321641957778045,18.51508227807753,52552300
2005-09-09,18.363086700439453,18.528893194712534,18.32854417494156,18.390721775008075,41515800
2005-09-12,18.383819580078125,18.480539740227865,18.321641957778045,18.390728351190727,40550500
2005-09-13,18.294010162353516,18.487451835144658,18.218016301878873,18.335462796481785,63422900
2005-09-14,18.17656135559082,18.40454554344107,18.169652584114942,18.32164292115739,54969600
2005-09-15,18.148927688598633,18.259465397402177,18.114383831026633,18.218014086029207,60357200
2005-09-16,18.010759353637695,18.2387435992136,17.941672939099654,18.197292277576278,187384300
2005-09-19,17.962390899658203,18.148923736790422,17.865670754943633,18.02456851203561,61832300
2005-09-20,17.851848602294922,18.114375206278904,17.74821971434632,18.010746318330302,61043400
2005-09-21,17.610057830810547,17.89331091391695,17.56860651364497,17.82422450683191,68281800
2005-09-22,17.506427764892578,17.686051884796562,17.375163731556295,17.610056710068157,71314900
2005-09-23,17.458065032958984,17.644597896638402,17.354436103485973,17.4856987992189,66396800
2005-09-26,17.458065032958984,17.610054041671845,17.416612406999114,17.547876420445373,56203700
2005-09-27,17.506427764892578,17.582422939620983,17.478792676731874,17.527154081013105,48797900
2005-09-28,17.734407424926758,17.872580194880896,17.534057040264578,17.540965810533603,71019400
2005-09-29,17.920940399169922,17.962391703371853,17.616961093691625,17.692956249489498,66807100
2005-09-30,17.775856018066406,17.927846305380562,17.692953422906857,17.900211228518717,57644500
2005-10-03,17.61696434020996,17.77586213369396,17.57551302836923,17.762044590509237,55341300
2005-10-04,17.257715225219727,17.54096825719269,17.098817440008233,17.52024326120803,151666300
2005-10-05,17.043548583984375,17.306075302199602,17.043548583984375,17.299167848681872,73684700
2005-10-06,17.085002899169922,17.23699325756497,16.946831403381417,17.036642809758266,81724600
2005-10-07,16.988283157348633,17.160998519812352,16.939923066692973,17.112638429156696,50768700
2005-10-10,16.898469924926758,17.050460282680245,16.822476063763617,17.04355151026294,48880900
2005-10-11,16.863920211791992,16.960640349091836,16.753382535531305,16.933006588883185,76567300
2005-10-12,16.787931442260742,17.06427705559777,16.767206443659948,16.919195476824477,71294400
2005-10-13,16.988283157348633,17.085003338659952,16.767207704229254,16.794841477012355,70192000
2005-10-14,17.043548583984375,17.08499989365765,16.92610210848229,17.071182351195432,53846700
2005-10-17,16.946828842163086,17.05736654917348,16.884651217255563,17.050457777771154,46924400
2005-10-18,16.974462509155273,17.154086611407752,16.89155988824699,16.919193655978617,69328200
2005-10-19,17.33371353149414,17.33371353149414,16.926105178911428,16.967556496104052,66574500
2005-10-20,17.126447677612305,17.36133924447477,17.09190383122591,17.306070407969543,58830600
2005-10-21,17.11954116821289,17.271530159237436,16.974459629664445,17.20935254524713,69431200
2005-10-24,17.340618133544922,17.340618133544922,17.05045634755348,17.195536581692554,51868000
2005-10-25,17.292259216308594,17.36134429374768,17.154086426003648,17.236990363729294,41310500
2005-10-26,17.34752655029297,17.499515552152648,17.223171313447196,17.250805078461106,58178100
2005-10-27,17.167905807495117,17.45806764404511,17.167905807495117,17.423523783912056,61566100
2005-10-28,17.63768768310547,17.686047758390078,17.34061714325634,17.34061714325634,106559300
2005-10-31,17.755138397216797,17.824223482618464,17.616965590986393,17.69296076618447,75122100
2005-11-01,17.934755325317383,18.03147678507935,17.69295497019523,17.69295497019523,71370400
2005-11-02,18.280197143554688,18.30783223981558,17.91404134209528,17.91404134209528,75067100
2005-11-03,18.26637077331543,18.404542224777956,18.135106774369824,18.376908461570725,73421600
2005-11-04,18.418359756469727,18.45290228989062,18.273279534846168,18.328548378947502,57464000
2005-11-07,18.66016960144043,18.7085296964571,18.446002901632138,18.459819130412786,77104800
2005-11-08,18.687801361083984,18.777614085896847,18.494361001881423,18.611807498988814,60091700
2005-11-09,18.62562370300293,18.756887744950355,18.61180747572974,18.639441247989733,59562100
2005-11-10,18.715429306030273,18.756880607503852,18.404541250695637,18.611800393489766,73314800
2005-11-11,18.846689224243164,18.922683040899514,18.743059016389616,18.7568765531318,51945600
2005-11-14,18.908878326416016,18.95723841672409,18.791431828076277,18.901969553841486,67152200
2005-11-15,19.05437660217285,19.082092693405205,18.881154996698555,18.93658585758729,65081000
2005-11-16,19.220674514770508,19.317678217831123,19.01280905919023,19.040523836531978,86277000
2005-11-17,19.380027770996094,19.400814834085555,19.234522294096752,19.296882161789508,91351000
2005-11-18,19.44932746887207,19.57404727357183,19.33153668905301,19.48397259327554,75431200
2005-11-21,19.511682510375977,19.56711337403595,19.289959055736073,19.4493226235615,65794400
2005-11-22,19.33846092224121,19.45625167287403,19.303817127998165,19.442393626546394,104253300
2005-11-23,19.34539222717285,19.46318299169896,19.220672438665655,19.34539222717285,70541300
2005-11-25,19.23453140258789,19.35925119703432,19.033593662296145,19.262246178255843,44082500
2005-11-28,19.227609634399414,19.29689858208197,19.075175006759196,19.25532574210314,57517200
2005-11-29,19.17909812927246,19.255316065578555,19.123667263297875,19.255316065578555,62220400
2005-11-30,19.17909812927246,19.241458018690885,19.144453012053287,19.17909812927246,55904700
2005-12-01,19.324607849121094,19.470114729855524,19.21374609312171,19.21374609312171,61006100
2005-12-02,19.407758712768555,19.47011862820108,19.255324098142736,19.27610985556915,42319600
2005-12-05,19.296892166137695,19.414682941561242,19.199887143004215,19.352323041538405,47517300
2005-12-06,19.18602752685547,19.34539110444308,19.179098503276514,19.33153305728517,65980000
2005-12-07,19.227609634399414,19.227609634399414,19.0890317390343,19.17217874056872,55583200
2005-12-08,19.18602752685547,19.269173166650692,19.12366763622099,19.19988425243726,63931600
2005-12-09,19.199886322021484,19.283033292355363,19.15138447331683,19.199886322021484,48467000
2005-12-12,19.01973533630371,19.227600761855477,18.93658837313732,19.1929569647889,63757200
2005-12-13,18.798019409179688,19.0058862543632,18.70794470137057,18.908882519556958,104285500
2005-12-14,18.770305633544922,18.87423840094505,18.604012941389346,18.707945708789477,65076200
2005-12-15,18.652496337890625,18.784145084386278,18.576278433881214,18.763358022863112,79018100
2005-12-16,18.638641357421875,18.763361103889334,18.576281484188144,18.62478331413088,88542500
2005-12-19,18.59014892578125,18.617865026375195,18.46542911626134,18.583219900632766,68680100
2005-12-20,18.610933303833008,18.624790030545228,18.479284488245263,18.541644383967025,62960600
2005-12-21,18.52085304260254,18.645572805299,18.506994997508283,18.61785803668641,75800900
2005-12-22,18.423852920532227,18.555501731145693,18.30606215768358,18.506998563968814,91276900
2005-12-23,18.458494186401367,18.479281255197222,18.319917692490314,18.375348554369936,30689200
2005-12-27,18.33378791809082,18.60401472513257,18.326860211633182,18.48622389169821,37819000
2005-12-28,18.285276412963867,18.472356106636465,18.25756163699919,18.368423384010445,35444400
2005-12-29,18.202129364013672,18.36149294789257,18.195200340161175,18.29913305479628,34495500
2005-12-30,18.11897850036621,18.229840214997655,18.08433471013484,18.11897850036621,49044600
2006-01-03,18.597074508666992,18.707936247369755,18.084338636772664,18.188271351609483,79973000
2006-01-04,18.68714714050293,18.763365073151036,18.54857064300531,18.54857064300531,57975600
2006-01-05,18.701007843017578,18.798011537201923,18.64557697182992,18.680220770731125,48245500
2006-01-06,18.64558219909668,18.707942111862348,18.354569713382425,18.631724147020623,100963000
2006-01-09,18.610933303833008,18.756438846132973,18.541644383967025,18.65943515126633,55625000
2006-01-10,18.707935333251953,18.721793380306703,18.423851976510143,18.465424796098283,64921900
2006-01-11,18.90887451171875,18.978162109193445,18.638647859577848,18.71486580269146,70120700
2006-01-12,18.80494499206543,18.88809197922588,18.687154197841096,18.8811629534978,45994800
2006-01-13,18.839590072631836,18.881162905317716,18.714870252997677,18.72872830441848,41418000
2006-01-17,18.701007843017578,18.839585681774828,18.638647947734437,18.638647947734437,58566600
2006-01-18,18.59014892578125,18.694081659855705,18.50007424200377,18.527789021021295,52376200
2006-01-19,18.721792221069336,18.874226764504634,18.60400147154969,18.617859517746357,60367600
2006-01-20,18.299131393432617,18.7148635358052,18.195198688233482,18.7148635358052,79165900
2006-01-23,18.25755500793457,18.382274758432295,18.22290989858754,18.299127817575215,47925600
2006-01-24,18.209056854248047,18.32684760666747,18.167482714634563,18.250629672285474,63040700
2006-01-25,18.292203903198242,18.40999466471573,18.174413141680752,18.299132927002347,59072100
2006-01-26,18.361499786376953,18.513934403175504,18.229850927301086,18.403072623398984,69509300
2006-01-27,19.25531768798828,19.366179429278418,18.839585497362176,18.867300271896607,134520700
2006-01-30,19.400821685791016,19.525541465223277,19.248387134027194,19.276101906358754,103999200
2006-01-31,19.5047664642334,19.664130138087486,19.310758973133435,19.338473762614754,94841300
2006-02-01,19.42854118347168,19.449326935967875,19.234532456857117,19.373108985944953,68448800
2006-02-02,19.17909812927246,19.393892569726976,19.0890221460787,19.380034522839306,55073400
2006-02-03,19.08209800720215,19.192959759851323,18.94352015560251,19.040523858776453,75022700
2006-02-06,18.825721740722656,19.08209026570177,18.770290886886066,19.061303199922122,60170500
2006-02-07,18.666364669799805,18.811870215953565,18.576288675115443,18.673293694127544,72159500
2006-02-08,18.64558219909668,18.763372998589986,18.507004321489287,18.714871137900374,51795200
2006-02-09,18.47235870361328,18.72872735560413,18.465429678253912,18.680224178088544,52861700
2006-02-10,18.49315071105957,18.63172729047031,18.36843086448614,18.44464884218697,52127000
2006-02-13,18.285276412963867,18.500072204177417,18.25063261261395,18.451569033480755,46707000
2006-02-14,18.465425491333008,18.486212562697776,18.257560063989942,18.299132885143326,58432900
2006-02-15,18.68790054321289,18.722663059691293,18.423712048249108,18.4932357551515,62808900
2006-02-16,18.639238357543945,18.701809574616593,18.47238222070179,18.667048376711655,48868500
2006-02-17,18.562772750854492,18.639247689745368,18.46543896108963,18.541915226035872,41513200
2006-02-21,18.451520919799805,18.57666199321608,18.312473514598164,18.57666199321608,50216100
2006-02-22,18.57666778564453,18.674001530057243,18.40285913797402,18.44457416817436,43043100
2006-02-23,18.53495216369629,18.694855784754868,18.451524764037295,18.583618367839804,47359100
2006-02-24,18.51409149169922,18.590567700049686,18.437616609403133,18.486282805242748,44753800
2006-02-27,18.806087493896484,18.952087388069693,18.54189904041982,18.59751773199671,51301500
2006-02-28,18.680953979492188,18.979903738709744,18.680953979492188,18.736572693539028,65036100
2006-03-01,18.868669509887695,18.910384547036863,18.736575870413564,18.75743206293318,53061200
2006-03-02,18.750469207763672,18.840850412314317,18.701803017338353,18.785231719534778,41850300
2006-03-03,18.722660064697266,18.882563636755492,18.590565175318893,18.639231364549293,45218800
2006-03-06,18.708763122558594,18.8756192687042,18.653144407176725,18.715715627738174,53054100
2006-03-07,18.813039779663086,18.84084978815869,18.639231204728144,18.70180239778906,51613900
2006-03-08,18.945140838623047,19.118949470170048,18.750474693910743,18.764379702687613,57547400
2006-03-09,18.77132797241211,19.063326460580694,18.77132797241211,18.959041570389267,45360700
2006-03-10,18.889514923095703,18.924276105721635,18.68789635091378,18.813038730053716,41297200
2006-03-13,18.847810745239258,18.97295318749885,18.729620808222396,18.896476955883593,40342600
2006-03-14,18.931243896484375,19.035528854637665,18.764387698228074,18.79915023498263,39821800
2006-03-15,19.021617889404297,19.084189105571127,18.778285529428253,18.91038046645319,57152000
2006-03-16,18.959049224853516,19.10504786485566,18.924286696718585,19.007715438187564,73793700
2006-03-17,19.118946075439453,19.230183473794025,18.95904248106156,19.014661180238843,120615000
2006-03-20,19.39008903503418,19.459612747571626,19.237137928295425,19.257995439873014,67094100
2006-03-21,19.28580665588379,19.619518928517646,19.24409295331823,19.28580665588379,73199600
2006-03-22,18.875612258911133,19.11894454561159,18.632279972210675,18.826946066781897,145696100
2006-03-23,18.667043685913086,18.840852283871207,18.53494878016969,18.826947277781507,73682900
2006-03-24,18.778276443481445,18.91732249186498,18.507135521987625,18.569705381825088,69157600
2006-03-27,18.778276443481445,18.979893677756483,18.771323942154165,18.778276443481445,59908600
2006-03-28,18.701799392700195,18.917321619693276,18.6392282096935,18.778275577720375,58520500
2006-03-29,18.785234451293945,18.910376859759744,18.715710743695787,18.736568253791564,53150300
2006-03-30,18.931243896484375,19.042481361988575,18.771340205578984,18.792197727631716,54612000
2006-03-31,18.917327880859375,19.1467565118551,18.917327880859375,18.97989908457559,62190500
2006-04-03,19.16065788269043,19.27884777256778,19.077230505161864,19.237134083803497,57605300
2006-04-04,19.216283798217773,19.327521227430385,19.09809386392253,19.188475103942,45470000
2006-04-05,19.28580665588379,19.424854099175242,19.21628293423806,19.38313907055499,41539300
2006-04-06,19.16065788269043,19.271895270098025,19.028564313927824,19.23018158133374,51885500
2006-04-07,18.945140838623047,19.271900588551745,18.931235829846177,19.19542569238821,47249400
2006-04-10,18.97294807434082,19.07723297276772,18.910376870073794,18.93123305412652,39432000
2006-04-11,18.861719131469727,18.99381411190034,18.771339192894118,18.972957917027955,42953400
2006-04-12,18.910388946533203,18.910388946533203,18.750483919036135,18.84086519449821,32183000
2006-04-13,18.819992065429688,18.91037326594717,18.771325877176047,18.82694456747366,28160000
2006-04-17,18.660093307495117,18.806091909897155,18.58361709134861,18.79218822827876,35796200
2006-04-18,18.924278259277344,19.11894435187598,18.64618478846091,18.729613492732973,56272700
2006-04-19,18.792190551757812,18.903427974785554,18.74352301888533,18.84780926327168,45111100
2006-04-20,18.792190551757812,18.903427974785554,18.56276320100626,18.80609423509527,45648300
2006-04-21,18.875612258911133,19.042468343091777,18.77132737205502,18.80608855898896,58528000
2006-04-24,18.847810745239258,18.945143166527924,18.757429503138535,18.820000724268333,42318400
2006-04-25,18.847810745239258,18.917333145557,18.78523952410946,18.833905734753795,49222500
2006-04-26,18.840856552124023,18.931236460073205,18.77133283197983,18.826951542884252,39190000
2006-04-27,18.945140838623047,19.209329375110453,18.729618506800062,18.750474693910743,96509600
2006-04-28,16.789905548095703,17.03323778161529,16.685620684031306,16.84552423066698,591052200
2006-05-01,16.887243270874023,17.380859030843922,16.74819586820555,16.90809945303628,174800900
2006-05-02,16.692583084106445,17.380865186359717,16.616106852948935,17.026295377431406,190533500
2006-05-03,16.108577728271484,16.699527109750967,16.094672724929826,16.67866960473848,211527100
2006-05-04,16.296289443969727,16.45619298607152,16.087718395700733,16.233718262094424,171257400
2006-05-05,16.54657554626465,16.650861750448446,16.351910794037124,16.449243170150886,131604300
2006-05-08,16.497915267944336,17.380863449428414,16.344964146969037,16.581343995965636,80693500
2006-05-09,16.42143440246582,16.685622847419463,16.331053202785302,16.511814276092178,75345900
2006-05-10,16.52572250366211,16.539627510333688,16.40058009572674,16.456198796358635,76563300
2006-05-11,16.14333724975586,16.539621847899035,16.0946710691209,16.484001840254546,92916700
2006-05-12,16.108577728271484,16.24762510957987,16.025149034275632,16.087720223258994,83115900
2006-05-15,16.157434463500977,16.21327003782777,16.073681767623338,16.122537728756143,67314800
2006-05-16,16.059720993041992,16.750686657934807,15.989926199055603,16.16441251840909,82095100
2006-05-17,15.864294052124023,16.10857513799355,15.864294052124023,15.975965177454409,98598300
2006-05-18,15.934094429016113,16.150457143855256,15.885238460945205,15.941074043201285,95476400
2006-05-19,15.745644569396973,15.98294606243431,15.717727451452834,15.906172989669237,100071200
2006-05-22,15.96899127960205,16.066704547647657,15.668875854907494,15.689813366383104,87322300
2006-05-23,15.906180381774902,16.317967048589484,15.892221150703072,16.12952275402198,79986300
2006-05-24,16.401718139648438,16.429636596746622,16.038786184723843,16.045765798998392,107356700
2006-05-25,16.569223403930664,16.694853787165194,16.429635124622997,16.450572634345296,83052700
2006-05-26,16.55526351928711,16.66693467078929,16.44359236778493,16.59016158614725,46861600
2006-05-30,16.157434463500977,16.583181549758454,16.150454850306993,16.43661233513494,52497500
2006-05-31,15.808469772338867,16.297032292776585,15.808469772338867,16.23421707354243,120202000
2006-06-01,15.927118301391602,15.941077532817719,15.787529980807161,15.871282706912709,80230800
2006-06-02,15.885237693786621,16.045764818617222,15.822422500378956,15.962012114890484,73935600
2006-06-05,15.70378303527832,15.864310275700216,15.69680341640439,15.857330656826283,63914100
2006-06-06,15.445533752441406,15.745650538660144,15.34084219081812,15.738670923721868,126601300
2006-06-07,15.38271713256836,15.62699695564415,15.361778291493922,15.45949022072424,73827500
2006-06-08,15.431570053100586,15.501363513797298,15.333856811920315,15.375734485808259,104126900
2006-06-09,15.298966407775879,15.487412024520099,15.278027562173584,15.459493563717038,52573800
2006-06-12,15.1524019241333,15.424601677806226,15.145423637959805,15.326888365440553,74309700
2006-06-13,15.01280403137207,15.375735918195002,14.977905966547718,15.166351522924053,113175300
2006-06-14,15.271048545837402,15.312926238684256,15.04072656008184,15.068645021979743,86081500
2006-06-15,15.403657913208008,15.445534273023654,15.21521229719939,15.361781553392364,121577300
2006-06-16,15.424589157104492,15.550219505863119,15.208226518256199,15.333855535790006,147506500
2006-06-19,15.73867130279541,15.77356937832733,15.438555840573677,15.452513739560981,129640900
2006-06-20,15.745644569396973,15.885234152792439,15.703768226868302,15.731686676037366,90598500
2006-06-21,16.10858154296875,16.15743751332344,15.724712063417305,15.78054764828343,91660300
2006-06-22,15.96899127960205,16.1713960987016,15.899197799716289,16.0946216733569,76590600
2006-06-23,15.70378303527832,15.962023608709085,15.70378303527832,15.94806437096122,60532600
2006-06-26,15.927118301391602,15.975974280157434,15.79450826529464,15.808467496720759,53644100
2006-06-27,15.955036163330078,16.16441930193354,15.941076932429706,15.975973678455107,84759100
2006-06-28,16.164413452148438,16.22722863724222,15.989927122715727,16.02482385611225,71906500
2006-06-29,16.38078498840332,16.492456193146126,16.206298564589467,16.27609340036016,121395500
2006-06-30,16.262130737304688,16.50641194537074,16.262130737304688,16.429638840317484,73048800
2006-07-03,16.54130744934082,16.5552653464002,16.36682108945843,16.422656671371783,25711400
2006-07-05,16.297027587890625,16.415678375387166,16.26212951437671,16.387759916576034,53093500
2006-07-06,16.387760162353516,16.4784938236251,16.345883804734157,16.36682264915654,44775200
2006-07-07,16.262130737304688,16.436617124319653,16.262130737304688,16.324945943128114,63168800
2006-07-10,16.401718139648438,16.51338930559057,16.317964099579182,16.352862170951916,50565100
2006-07-11,16.122529983520508,16.31097545555396,15.871269354142566,16.31097545555396,88676300
2006-07-12,15.801488876342773,15.968995670330695,15.787530975263028,15.90618178740768,77379300
2006-07-13,15.536269187927246,15.780550413734945,15.529289572192674,15.61304362978196,73099500
2006-07-14,15.557207107543945,15.738671780920797,15.515329415633438,15.55022749222553,67499400
2006-07-17,15.689815521240234,15.78054918751367,15.536267980687745,15.557206826264416,37053500
2006-07-18,15.871288299560547,15.885247535905554,15.689822220753616,15.7665966894251,65047300
2006-07-19,16.331918716430664,16.37379505902788,15.857315729579145,15.927110521391121,82188200
2006-07-20,15.948058128356934,16.366825778289904,15.89920214658946,16.359846162148028,76605200
2006-07-21,16.659957885742188,16.855381752819646,16.052744780061616,16.80652578605028,175483800
2006-07-24,16.750690460205078,16.827464884139772,16.604122557666415,16.757670074310532,59586700
2006-07-25,16.904233932495117,16.953091219544124,16.680891659456613,16.75068645258738,60075800
2006-07-26,17.00893783569336,17.1206090447469,16.820492171205828,16.834451405143977,54942100
2006-07-27,16.659957885742188,17.169457726658777,16.59016307697513,17.155498498660315,85386800
2006-07-28,16.925182342529297,16.946121191678834,16.792572293700303,16.80653152646666,51705800
2006-07-31,16.792572021484375,17.04383288230294,16.75767527135988,16.799551637754412,40254400
2006-08-01,16.743711471557617,16.890280710796617,16.64599953288183,16.764650314656137,49168700
2006-08-02,16.960079193115234,17.02987402613242,16.771634874562274,16.834450091155166,46462000
2006-08-03,16.897260665893555,17.085706278750656,16.855384306778237,16.883302767005418,43155300
2006-08-04,16.953092575073242,17.092680841270976,16.855379324387258,17.029865655553223,45690400
2006-08-07,16.904233932495117,17.08569986214514,16.883296426413352,16.946111607108552,36862400
2006-08-08,16.987993240356445,17.11362364086666,16.890281298281998,17.022889982175787,58171300
2006-08-09,17.057796478271484,17.19738484570222,16.988001628943103,17.092693237322663,44405700
2006-08-10,17.071748733520508,17.169462022733924,16.987996007023963,17.008934854260893,31753400
2006-08-11,17.05080795288086,17.064767181699448,16.890280815143115,17.05080795288086,30255500
2006-08-14,17.1205997467041,17.16945570772857,16.994969371941135,17.113620133525593,47831900
2006-08-15,17.246692657470703,17.267707267909223,17.120599650330323,17.197655448817088,48994500
2006-08-16,17.3027400970459,17.323754715077058,17.14162045408283,17.23969357069683,52373600
2006-08-17,17.3027400970459,17.337765351183027,17.23969357069683,17.3027400970459,45674800
2006-08-18,18.066301345825195,18.073305327343572,17.498882641640613,17.547918529035588,128414800
2006-08-21,18.297473907470703,18.304477889916885,17.905184084089484,17.97523593370241,88398300
2006-08-22,17.94721031188965,18.388534553272088,17.94721031188965,18.220410969120326,89312400
2006-08-23,17.982240676879883,18.178385582294236,17.87716357388671,17.968230040180032,44648500
2006-08-24,18.03127098083496,18.11533343885304,17.86314740092624,18.087312174137868,35933300
2006-08-25,18.10832977294922,18.213406852952275,17.99624737612895,18.01025667363581,33115900
2006-08-28,18.178386688232422,18.213411945985065,17.99625240843722,18.101329517823082,34190900
2006-08-29,18.10132598876953,18.199397760259107,17.954216995407496,18.15736719192467,42711200
2006-08-30,18.07330322265625,18.13634973800148,17.96122082562641,18.108329806807802,30283100
2006-08-31,18.003252029418945,18.19939554856158,17.989241396300898,18.122339738667335,26380500
2006-09-01,18.10132598876953,18.192392442848753,17.961222312817846,18.136351239693614,31594600
2006-09-05,17.94021224975586,18.185391740703825,17.90518565381471,17.99625346713368,44222400
2006-09-06,17.94021224975586,18.017268088570354,17.870160394001577,17.870160394001577,50160400
2006-09-07,17.81410789489746,18.003247384813033,17.786086635890488,17.84913313252901,51266900
2006-09-08,17.933197021484375,18.066295340260528,17.83512394316797,17.88416115038981,36866800
2006-09-11,18.150358200073242,18.178379464041896,17.80710573322165,17.814111049213814,55608200
2006-09-12,18.16437339782715,18.199398650464456,18.01726439726942,18.14335744456812,52248800
2006-09-13,18.199398040771484,18.28346051486371,18.08731563273365,18.08731563273365,37706700
2006-09-14,18.444578170776367,18.56366589220923,18.199397410634866,18.20640272791064,74324500
2006-09-15,18.808839797973633,18.87188629435235,18.556653812458777,18.61970030883749,126057700
2006-09-18,18.76681900024414,18.941947950961783,18.682756516003412,18.731792408423896,49135000
2006-09-19,18.815855026245117,18.871896237427507,18.717781904580036,18.7317925414076,43039100
2006-09-20,19.040021896362305,19.07504715602917,18.906923504597806,18.920934142915755,71676400
2006-09-21,18.843875885009766,19.089056696967038,18.808850627356414,19.08205137821078,58495100
2006-09-22,18.675750732421875,18.80884910576757,18.54965767726572,18.794838469388484,47712500
2006-09-25,18.87889862060547,19.04702222801327,18.766816215666935,18.780825514188507,67903900
2006-09-26,19.05402374267578,19.13808486153955,18.82985764140848,18.85087358918812,54766500
2006-09-27,19.222156524658203,19.243171146377232,18.99799165213499,19.040022231701084,66233900
2006-09-28,19.194122314453125,19.278184753071745,19.09605058283735,19.243158180261013,44179700
2006-09-29,19.159099578857422,19.208135451066607,19.06102649831175,19.159099578857422,34283500
2006-10-02,19.16611099243164,19.257177450348056,19.019001992870994,19.138089721609525,52908100
2006-10-03,19.17311668395996,19.250172507967694,19.061032934613902,19.17311668395996,39386200
2006-10-04,19.572404861450195,19.586414157007944,19.17311121131573,19.18712050687348,82191200
2006-10-05,19.558393478393555,19.691491802034285,19.46032173262003,19.558393478393555,81967200
2006-10-06,19.52337074279785,19.6144371846878,19.369256452653705,19.446313597725776,36452200
2006-10-09,19.418291091918945,19.565400056197056,19.348240603919994,19.474332283994556,33366300
2006-10-10,19.39728355407715,19.439314129430375,19.222154597956155,19.39728355407715,34598500
2006-10-11,19.292198181152344,19.383264611418102,19.20813573033775,19.2361556565244,37219600
2006-10-12,19.7685546875,19.81759191409241,19.292205082895403,19.32022501910612,120174900
2006-10-13,19.873628616333008,20.097793399700997,19.831596717355882,19.852612666844443,129751900
2006-10-16,19.929676055908203,20.034753164015434,19.845613567745666,19.950690675852897,49744800
2006-10-17,19.922672271728516,19.971708170213603,19.733532660890578,19.78256855937567,40122600
2006-10-18,19.97870445251465,20.104797469371192,19.79657024329158,19.96469382039116,40630800
2006-10-19,19.817583084106445,19.929665451265137,19.698495401984434,19.859613637759153,44730800
2006-10-20,19.915666580200195,19.957697158669134,19.733532291997474,19.950691839569643,48887800
2006-10-23,19.929676055908203,20.097799696105355,19.740536459638438,19.824597611673052,48525000
2006-10-24,19.810575485229492,19.915652525310783,19.705497109021145,19.915652525310783,61409600
2006-10-25,19.831600189208984,19.936677282792292,19.712512460180506,19.810585572168964,40717100
2006-10-26,19.85961151123047,19.901642060382624,19.642452115129412,19.84560088280406,69964200
2006-10-27,19.852619171142578,20.167851836112934,19.789572638148506,19.957696280756718,89060100
2006-10-30,19.985719680786133,20.202879241893957,19.838610642783483,19.859626601391884,47296800
2006-10-31,20.111799240112305,20.209872318076393,20.00672218298325,20.076773999778375,61861700
2006-11-01,20.181861877441406,20.30795494805216,20.104806040167713,20.160847256424937,75895900
2006-11-02,20.153839111328125,20.216885637792878,20.020740740332784,20.11180720293309,58674400
2006-11-03,20.12581443786621,20.26591810325032,20.041753307537807,20.209876904322194,41124500
2006-11-06,20.202877044677734,20.349984730553224,20.146835830611654,20.153841149385904,60446200
2006-11-07,20.279924392700195,20.36398550502124,20.17484599810795,20.216877890395764,56511200
2006-11-08,20.30093765258789,20.4760665170915,20.07677291980362,20.160835362661324,77403300
2006-11-09,20.497098922729492,20.59517073805071,20.314964597041314,20.392021786867,89407500
2006-11-10,20.483076095581055,20.51810267744892,20.42002958434638,20.43404021709353,37855100
2006-11-13,20.56014060974121,20.6371964452177,20.42704222318661,20.448058179840903,47271800
2006-11-14,20.546072006225586,20.679625366304442,20.433606442168216,20.581218332928064,63012500
2006-11-15,20.468751907348633,20.63745024633424,20.461722642303997,20.47577983169805,63943200
2006-11-16,20.714778900146484,20.834273778853227,20.475789142732996,20.48281841097408,64328500
2006-11-17,20.665576934814453,20.76398535697794,20.581228390898243,20.60231485652933,49356700
2006-11-20,21.01000213623047,21.08732274866492,20.735867369520506,20.749925906453292,85703800
2006-11-21,21.03108024597168,21.087313027082757,20.9397024794269,21.024050980745887,66446600
2006-11-22,21.03108024597168,21.087313027082757,20.96078893440902,21.066225231405383,43907200
2006-11-24,20.918621063232422,20.97485386149263,20.834271195494274,20.848329730233242,20456700
2006-11-27,20.7218017578125,20.904558653454792,20.6163654482061,20.8694136638178,72722100
2006-11-28,20.658546447753906,20.679634252837324,20.475789492451828,20.62340144664406,52602300
2006-11-29,20.785066604614258,20.932678530454236,20.686659547851338,20.693688814862345,58775100
2006-11-30,20.637451171875,20.78506172234668,20.616363375795352,20.67962542333901,53297400
2006-12-01,20.468751907348633,20.595274656066422,20.314110757757078,20.54607114144919,72257000
2006-12-04,20.616365432739258,20.749918806511396,20.50389985715075,20.546074112822584,55123400
2006-12-05,20.475786209106445,20.665572402336956,20.405496218157936,20.63745667409668,45606000
2006-12-06,20.377378463745117,20.475785520319214,20.293029941166058,20.454699060022246,48564100
2006-12-07,20.278972625732422,20.433612486883383,20.25085555605279,20.35629188596007,46831100
2006-12-08,20.665576934814453,20.665576934814453,20.243830193145598,20.257888730696944,108854900
2006-12-11,20.763973236083984,20.911583772118206,20.461721558648026,20.5179543353318,107712000
2006-12-12,20.68665885925293,20.827240172706762,20.53904693832652,20.77803664596314,68529400
2006-12-13,20.77100372314453,20.806150050843314,20.60933463781607,20.806150050843314,46002500
2006-12-14,21.136516571044922,21.14354583628005,20.74991636797963,20.763974898449888,85866500
2006-12-15,21.220867156982422,21.248982878213162,21.10840159066885,21.185720829574866,102783700
2006-12-18,21.01000213623047,21.27007970670352,20.93268286449189,21.22087616813464,56986800
2006-12-19,21.08029556274414,21.20681972624693,20.75695722552235,20.883480048329133,53822100
2006-12-20,21.15058135986328,21.25601768819777,21.0662314927783,21.080290027408406,31202100
2006-12-21,21.073257446289062,21.185723024253203,21.009995391097302,21.178693758043515,32270500
2006-12-22,20.834274291992188,20.988915515713092,20.820217095859633,20.96782771047046,37971700
2006-12-26,21.08029556274414,21.087324831904965,20.66557806712766,20.75695722552235,37098300
2006-12-27,21.101381301879883,21.178700573678118,21.024060689385767,21.08029349646443,31248400
2006-12-28,21.073257446289062,21.108403777337507,20.95376260211523,20.98890893316368,26690600
2006-12-29,20.98890495300293,21.192748271647,20.967817158372775,20.98890495300293,41739800
2007-01-03,20.98890495300293,21.263039579718995,20.665565472149837,21.02404993669133,76935100
2007-01-04,20.953765869140625,21.06623146463994,20.69368968230932,20.876446610169626,45774500
2007-01-05,20.834274291992188,20.911594903852638,20.700722214209783,20.82724502357798,44607200
2007-01-08,21.038114547729492,21.157609403784548,20.756950574863353,20.841299096375405,50220200
2007-01-09,21.0592041015625,21.213845314878863,20.89753496100064,21.087321173327574,44636600
2007-01-10,20.84832763671875,21.009996747895656,20.686658525541844,20.946734688618516,55017400
2007-01-11,21.57935333251953,21.614498321968146,20.84129648783996,20.9186170734614,99464300
2007-01-12,21.937837600708008,22.06436171409668,21.53717880210753,21.544208068484174,103972500
2007-01-16,21.90270233154297,22.10654712486051,21.811324509477355,21.972993685814398,62379600
2007-01-17,21.86052131652832,22.099511042962504,21.797259251254822,21.972986912415507,58519600
2007-01-18,21.79022789001465,22.05030539344666,21.649645238316985,21.895664208440127,56364300
2007-01-19,21.867551803588867,21.867551803588867,21.572329262744137,21.600444992936346,75826900
2007-01-22,21.59341049194336,21.87457576989804,21.445799927643016,21.832400173787594,56143900
2007-01-23,21.60747718811035,21.762117076857958,21.45283729936275,21.53015657338859,49171200
2007-01-24,21.853487014770508,22.001097572606255,21.544206026982547,21.635585140524498,58527800
2007-01-25,21.40361976623535,22.12761653731552,21.40361976623535,21.846452677638997,97378700
2007-01-26,21.50905990600586,21.95189289687955,21.50905990600586,21.944863631539295,96103700
2007-01-29,21.459857940673828,21.635585564797832,21.32630457094488,21.544206449463942,57605900
2007-01-30,21.424715042114258,21.537180632306807,21.185725327781196,21.487977104184516,61900400
2007-01-31,21.69182777404785,21.860526205607826,21.333343104221925,21.37551737693793,73968400
2007-02-01,21.480955123901367,21.748061996737373,21.347403028179407,21.67777064384916,55355800
2007-02-02,21.220867156982422,21.67775868771822,21.178691564093356,21.6637001567552,60401700
2007-02-05,20.81318473815918,21.101377996886168,20.672602072133284,21.06623166003186,99102100
2007-02-06,20.742895126342773,20.911593535154644,20.539050377760233,20.799127929280065,79281100
2007-02-07,20.644481658935547,20.876442066757505,20.56013181032058,20.83426647210234,65145500
2007-02-08,20.56717300415039,20.946744191313897,20.524998725731365,20.553114464445336,48749000
2007-02-09,20.370342254638672,20.665564664446265,20.335197272323892,20.63041968213149,69823100
2007-02-12,20.342235565185547,20.447671899619607,20.26491496094256,20.307089226577038,52774400
2007-02-13,20.462142944335938,20.596159423367762,20.426874741777898,20.483303865870763,50348100
2007-02-14,20.737234115600586,20.941785712779474,20.56089708852006,20.575004373569243,55588600
2007-02-15,20.7795467376709,20.913563204077157,20.61026341737342,20.864189070491758,63858100
2007-02-16,20.27170181274414,20.41277195404262,20.208220383694282,20.391611029244476,109340300
2007-02-20,20.335172653198242,20.356333566977824,20.08124706921875,20.19410258535544,53978200
2007-02-21,20.701963424682617,20.730176644225267,20.271700727565072,20.27875436878686,68604900
2007-02-22,20.73016929626465,20.83597253174423,20.567939641700523,20.673741531836082,57754400
2007-02-23,20.384559631347656,20.652592660247908,20.37750598897189,20.61027080599331,63787100
2007-02-26,20.50446128845215,20.518568567993658,20.328124330215932,20.42687259631806,63481900
2007-02-27,19.65804672241211,20.433928342351425,19.6016189437739,20.25053772544115,87143300
2007-02-28,19.869653701782227,19.926081489354225,19.69331669745166,19.714477622295373,86333300
2007-03-01,19.81322479248047,19.982508145612453,19.55929909011024,19.6227805157028,80175700
2007-03-02,19.58045768737793,19.862596575743307,19.58045768737793,19.76384830115151,63254700
2007-03-05,19.432331085205078,19.68625672023075,19.333582825070266,19.390010594482177,56454300
2007-03-06,19.629831314086914,19.70742001087338,19.50286848128881,19.608670393505797,49361800
2007-03-07,19.474651336669922,19.67920147964033,19.4323295040465,19.580453227540414,52044700
2007-03-08,19.270105361938477,19.643940251676547,18.76225533324712,19.552244266767012,72175200
2007-03-09,19.248943328857422,19.382958450711122,19.0655527277824,19.34063795672281,80125000
2007-03-12,19.35474967956543,19.382962900252835,19.13609082885141,19.17135903639136,36516400
2007-03-13,18.846899032592773,19.326535912200583,18.839845390793293,19.220733975897595,75169500
2007-03-14,19.32653045654297,19.32653045654297,18.85394735213942,18.917428765070067,75730300
2007-03-15,19.241899490356445,19.375914680474448,19.185471687847567,19.270112718938417,51757100
2007-03-16,19.27716064453125,19.382962574684875,19.18546599715665,19.291267927310276,65055300
2007-03-19,19.629831314086914,19.629831314086914,19.185462744637857,19.284211016661132,49412000
2007-03-20,19.63689422607422,19.86260543746784,19.580466423225815,19.700375672446793,47902400
2007-03-21,20.11652374267578,20.11652374267578,19.439389014940943,19.679207424206986,72808200
2007-03-22,19.940185546875,20.137682098755842,19.75679493059682,20.116522522679674,47934900
2007-03-23,19.763858795166016,19.9401958621921,19.60868131516223,19.90492764157985,50519800
2007-03-26,19.904922485351562,19.904922485351562,19.538142503411297,19.707425882463276,47491500
2007-03-27,19.55223846435547,19.86259184023718,19.502864338831017,19.77795086657927,58979800
2007-03-28,19.49582290649414,19.749748677139145,19.326539507845762,19.45350239316826,46947000
2007-03-29,19.573402404785156,19.64393745729467,19.390011806398114,19.636883817509293,42629900
2007-03-30,19.65804672241211,19.714474501050322,19.397067405370155,19.573404381782613,47061000
2007-04-02,19.566347122192383,19.7003635761739,19.439384307404016,19.67214901940132,41977600
2007-04-03,19.65804672241211,19.792061855837634,19.573404381782613,19.65099308191429,39821300
2007-04-04,20.1024169921875,20.299914906610194,19.679207944335708,19.75679665095614,63244200
2007-04-05,20.137680053710938,20.20821510593862,19.961343095813838,19.97545037532822,30131200
2007-04-09,20.151784896850586,20.25758678972843,20.024822087259555,20.158838535754985,31384600
2007-04-10,20.031875610351562,20.20115890704622,19.904912801494554,20.102410653643684,38643100
2007-04-11,19.82733154296875,20.151790958097425,19.742689196001354,19.961346686429135,44050200
2007-04-12,20.130630493164062,20.18705827354061,19.777956529474526,19.79206246556036,43762100
2007-04-13,20.180004119873047,20.24348553935109,19.820276524612254,20.053041280916958,36002900
2007-04-16,20.264644622802734,20.27875190353131,19.89786339592579,20.172949988755665,30740100
2007-04-17,20.349281311035156,20.37749451931344,20.144729833305746,20.194103956800717,33170200
2007-04-18,20.17295265197754,20.222326795701562,20.00366929691895,20.180006293273046,41778400
2007-04-19,20.236433029174805,20.377501811737943,19.933133195914614,19.98956097800876,43648800
2007-04-20,20.469196319580078,20.52562409759731,20.24348520751115,20.440981757899287,60311500
2007-04-23,20.29991340637207,20.448035822233944,20.22232470548573,20.426874900534656,41739100
2007-04-24,20.30695915222168,20.426866959201398,20.16588908642553,20.30695915222168,34236700
2007-04-25,20.44803810119629,20.455091742548856,20.236434241997387,20.35634345430197,39475000
2007-04-26,20.525625228881836,20.70196221307267,20.391608744200365,20.51857158807287,68760300
2007-04-27,21.24507713317871,21.682392032361015,21.16043480201918,21.280343986377723,128298800
2007-04-30,21.11810874938965,21.42140845029123,21.11810874938965,21.25212383253939,67788800
2007-05-01,21.44257164001465,21.45667891810057,21.089897759931038,21.118112316102888,73539300
2007-05-02,21.590696334838867,21.647124104362128,21.372037550760115,21.4355189596418,80686700
2007-05-03,21.844621658325195,21.865782577401433,21.53426958393894,21.58364371643929,82036800
2007-05-04,21.55542755126953,21.6541771542552,21.364984675152822,21.640069875922375,104385900
2007-05-07,21.66123390197754,21.696502105061317,21.499004203825322,21.527218766292346,59889100
2007-05-08,21.689449310302734,21.82346579655877,21.569540105830374,21.640075169404312,60551700
2007-05-09,21.710607528686523,21.816409438196434,21.56248377909723,21.654179753924954,51735000
2007-05-10,21.569536209106445,21.816408214343436,21.53426935636296,21.640071259937613,55398600
2007-05-11,21.788192749023438,21.8516741575949,21.5483743933855,21.562481672033414,43425300
2007-05-14,21.844621658325195,21.858728937709355,21.73176611394034,21.752927033016576,70188500
2007-05-15,21.865854263305664,22.000304879452685,21.8233966712549,21.865854263305664,75013900
2007-05-16,21.986148834228516,22.000301812840164,21.802164161384063,21.93661475879007,45833600
2007-05-17,21.922462463378906,22.035683596395913,21.90830948432619,21.957844911010703,41045600
2007-05-18,21.816314697265625,21.929535814077013,21.639406533535055,21.915382837050046,58453000
2007-05-21,21.97199821472168,22.049838255741008,21.745555931431795,21.745555931431795,41836400
2007-05-22,21.71725082397461,21.887082532556224,21.696021354263493,21.865853062845108,39999500
2007-05-23,21.63941192626953,21.82339662436421,21.632335435992523,21.82339662436421,46322500
2007-05-24,21.349281311035156,21.795089374505814,21.20067772340998,21.611106036992638,64046400
2007-05-25,21.568639755249023,21.69601382993664,21.356350530570978,21.42711405536432,47726500
2007-05-29,21.78801155090332,21.81631615714914,21.504957390231517,21.57572093039947,42373100
2007-05-30,22.014453887939453,22.028605516267966,21.58987399493179,21.61817860129109,57376800
2007-05-31,21.71725082397461,22.049837751234133,21.660640254447404,22.021533141321754,85290500
2007-06-01,21.6464900970459,21.865855913853313,21.618184133740364,21.78801721416833,39469400
2007-06-04,21.73847007751465,21.766776025584328,21.51202789176479,21.52618086579963,41434500
2007-06-05,21.63941192626953,21.67479302795206,21.46250371845186,21.667717887377567,44265000
2007-06-06,21.434200286865234,21.604032013754072,21.40589432419913,21.490810862494847,38217500
2007-06-07,20.9600830078125,21.434197012419844,20.938853539056094,21.243135842719337,71971400
2007-06-08,21.264358520507812,21.271435008282502,20.811474100543954,20.931771693309607,61346200
2007-06-11,21.243131637573242,21.405886816713966,21.17944459361346,21.186521081798116,48467400
2007-06-12,21.122835159301758,21.398811464644993,21.066224600521036,21.20067383406138,56981800
2007-06-13,21.504959106445312,21.51911208554884,21.122838118566655,21.207753293783078,64435600
2007-06-14,21.596960067749023,21.731409369597486,21.44127993973078,21.47666240050896,59065700
2007-06-15,21.575719833374023,21.851696141324418,21.53326225131293,21.837544513772187,100933000
2007-06-18,21.589872360229492,21.738474569194334,21.52618531361537,21.71724645345774,45412600
2007-06-19,21.55449104309082,21.696018120666714,21.497880482000912,21.56864402078886,46802600
2007-06-20,21.236053466796875,21.589869749783087,21.20067102867705,21.54033568611734,46861600
2007-06-21,21.384660720825195,21.441271285518024,21.165294951353278,21.214829026746713,56564800
2007-06-22,20.868085861206055,21.299742192538805,20.839781258170625,21.228978660397058,86219900
2007-06-25,20.868085861206055,21.066223481262522,20.790245840879923,20.853932884837285,53905800
2007-06-26,20.889320373535156,21.087456691767933,20.875167393746406,20.910548493515847,48340300
2007-06-27,21.136995315551758,21.193605893560125,20.776102374609934,20.776102374609934,53468600
2007-06-28,21.108694076538086,21.207762272801887,21.002549387726447,21.12992355418159,46055200
2007-06-29,20.85393714904785,21.17944892357965,20.549656193112604,21.136991335493722,71193900
2007-07-02,21.04499626159668,21.08745384552987,20.86808808722243,20.99546218872425,47316000
2007-07-03,21.243131637573242,21.38465735216,21.073299970247866,21.08037645843252,35202600
2007-07-05,21.221906661987305,21.38466187555486,21.108685526487932,21.264364250373973,47838500
2007-07-06,21.207748413085938,21.257283828548335,20.98838268627501,21.165290835248804,57541000
2007-07-09,21.136995315551758,21.193605893560125,21.0945363697685,21.129918824587882,33831400
2007-07-10,20.75486946105957,21.221906989630646,20.648724813602946,21.016694184508165,66013500
2007-07-11,20.868085861206055,20.981306972752005,20.669948241149587,20.691177705702746,48017000
2007-07-12,21.27850914001465,21.30681508797926,20.832701257187132,20.917616401677186,54302400
2007-07-13,21.101608276367188,21.24313536549239,20.988387144947964,21.18652479978278,42173000
2007-07-16,21.250213623046875,21.398815864260698,21.03084648168009,21.059152441741276,48023200
2007-07-17,21.780929565429688,21.851691738038312,21.23605219825095,21.2431286854522,77539600
2007-07-18,21.880001068115234,21.915382159887237,21.582795308243146,21.589871796537974,64414400
2007-07-19,22.297510147094727,22.53102892189409,21.88708316866849,21.971998350575998,121159300
2007-07-20,22.049840927124023,22.078146890815823,21.788017511488082,22.042764436201075,98292600
2007-07-23,22.071060180664062,22.30457887418822,22.021526116841063,22.191357771249358,48910600
2007-07-24,21.795085906982422,22.2762763431902,21.731398858090085,21.94368947096528,59729300
2007-07-25,21.731399536132812,22.148902936474805,21.490805660224357,21.929537177724654,54950100
2007-07-26,21.214834213256836,21.604033121659217,20.882247233089846,21.39881893091389,87025300
2007-07-27,20.79732322692871,21.22897957689698,20.776095111161204,21.1794455071699,69214600
2007-07-30,20.804410934448242,20.868098015499136,20.485976878896686,20.81148742675422,67499600
2007-07-31,20.514272689819336,21.030844259019517,20.507196200551924,21.023767769752105,66554000
2007-08-01,20.733638763427734,20.910546948609547,20.393975371807212,20.485968383935067,80006300
2007-08-02,20.889320373535156,21.080381551575996,20.53550397703098,20.655801605830497,47938300
2007-08-03,20.4930419921875,21.073301929971795,20.45058440883332,20.839783196970423,61535500
2007-08-06,20.903478622436523,20.903478622436523,20.344447927188614,20.556737278721645,59530500
2007-08-07,20.910541534423828,21.08037453596304,20.556725255670788,20.75486285766521,49163000
2007-08-08,21.228984832763672,21.23606132300556,20.669954250977028,21.03084715509831,52898600
2007-08-09,20.733638763427734,21.299745765830945,20.464738915820405,20.974234003251187,72964500
2007-08-10,20.31614112854004,20.556736436933363,19.99770711428021,20.45059176551342,76576200
2007-08-13,20.259531021118164,20.514279318248175,20.125081730701996,20.47889821018134,55492300
2007-08-14,20.07489776611328,20.5151671319126,20.025190065564964,20.42995431795356,42944100
2007-08-15,19.95418357849121,20.586183968694094,19.91867710158264,20.053599004967996,48117700
2007-08-16,19.74825096130371,20.131712802510418,19.53521750803354,19.797958676771174,81447400
2007-08-17,20.06069564819336,20.06069564819336,19.75534678975932,19.947077657301616,76747700
2007-08-20,20.067790985107422,20.231116629229387,19.939970444687486,20.010982006524436,49952000
2007-08-21,19.93287467956543,20.11040295616211,19.790852870948047,19.954178560353007,50786200
2007-08-22,20.039392471313477,20.11040405672498,19.890269360939318,20.074898941235897,44763500
2007-08-23,20.096195220947266,20.11749909627745,19.954173448711465,20.081993991826725,33886600
2007-08-24,20.458364486694336,20.479668374012018,19.93288078942796,20.03229622137645,45158900
2007-08-27,20.231122970581055,20.429955135160956,20.167212680338704,20.316337142381958,32789500
2007-08-28,19.833457946777344,20.231120880419624,19.81925536053897,20.096199020021412,43924400
2007-08-29,20.30213165283203,20.316334238507718,19.755344294216226,19.97547895445687,45753700
2007-08-30,20.202720642089844,20.543574645607617,20.110405169616232,20.181416758957454,33690700
2007-08-31,20.401552200317383,20.536474089472517,20.138811071073317,20.380249670852624,42511900
2007-09-04,20.458364486694336,20.664298000797558,20.22402714393455,20.23822973547967,45689600
2007-09-05,20.224023818969727,20.401552120795866,20.181417405772823,20.34474311838884,47669800
2007-09-06,20.529369354248047,20.600380934240896,20.27372820804709,20.2808295014897,45430800
2007-09-07,20.195613861083984,20.47255749439954,20.110399706138328,20.323434416285945,52160900
2007-09-10,20.224023818969727,20.415754710005988,20.174316111167762,20.35894570759896,37247600
2007-09-11,20.543563842773438,20.557766424059935,20.29502408799051,20.330529186774058,34380800
2007-09-12,20.543563842773438,20.713990754913322,20.451248418843896,20.458349709487145,42364700
2007-09-13,20.70689582824707,20.777907402071286,20.564872680598643,20.678492011377255,35288600
2007-09-14,20.621685028076172,20.671392728255846,20.508065686251314,20.579077266979382,33496600
2007-09-17,20.401552200317383,20.50806891094156,20.32344066822417,20.444159968113823,39536500
2007-09-18,20.543563842773438,20.571967650913734,20.07488949578058,20.3802382212768,77462400
2007-09-19,20.358938217163086,20.52936516168089,20.09619583117754,20.5009613481444,94242200
2007-09-20,20.181413650512695,20.29503163418526,20.12460465867641,20.224020055781605,67168900
2007-09-21,20.344743728637695,20.458361736859768,20.19562060075879,20.37314890790996,135636100
2007-09-24,20.65009117126465,21.026451643368382,20.45125899374002,20.458360288055193,104459800
2007-09-25,20.99094581604004,20.99094581604004,20.67139568865015,20.692698217816076,75621000
2007-09-26,20.948335647583008,21.19687549394945,20.934133061063054,21.076156217396218,60337000
2007-09-27,20.94123077392578,21.10455642768131,20.905725668129524,21.090355198022586,43407100
2007-09-28,20.919937133789062,21.08326422189253,20.756611400119223,20.94124102035046,45819100
2007-10-01,21.14006805419922,21.15427064176179,20.884426895806136,20.919932010279265,43875100
2007-10-02,21.090356826782227,21.196873506830002,20.998041377489905,21.090356826782227,33700900
2007-10-03,20.912830352783203,21.196875308531677,20.799212370483815,21.09745855819482,37633900
2007-10-04,21.097454071044922,21.14006182116998,20.90572461321377,20.990937404598082,37868000
2007-10-05,21.189777374267578,21.296294080253787,21.111664491142108,21.225282491451846,45012300
2007-10-08,21.189777374267578,21.196878668591115,21.01935037380297,21.06195678531077,30265400
2007-10-09,21.374401092529297,21.580333153615364,21.303389523231917,21.32469340035104,63603100
2007-10-10,21.466716766357422,21.56613351247281,21.32469497173036,21.331796264626682,32251500
2007-10-11,21.239477157592773,21.750757968274502,21.154264366362266,21.516420760741262,50788400
2007-10-12,21.42411231994629,21.587438008177863,21.267887925259558,21.32469691918503,31121100
2007-10-15,21.331802368164062,21.537734503347,21.303397188451374,21.374408783299582,47150500
2007-10-16,21.530630111694336,21.71525968997122,21.46671982096644,21.473821114873243,56286200
2007-10-17,22.070310592651367,22.17682726504097,21.764961805216984,21.835973371621044,86092400
2007-10-18,22.12712287902832,22.17683057660389,21.750762468989727,22.169729283459784,49208600
2007-10-19,21.42411231994629,22.077416427305835,21.3815059131105,22.077416427305835,75200200
2007-10-22,21.665550231933594,21.800472096366185,21.3886065641701,21.3886065641701,58785100
2007-10-23,21.94249153137207,22.098717258937285,21.807569681502034,21.807569681502034,49956200
2007-10-24,22.191030502319336,22.226535609349842,21.658445770263672,21.90698558277625,77979200
2007-10-25,22.716516494750977,22.879843526970294,22.36145996681595,22.41826895710823,169588700
2007-10-26,24.875253677368164,25.585366567582412,24.541502460996142,25.571163984714243,288121200
2007-10-29,24.548608779907227,25.05989106061673,24.46339596941111,24.747439574020298,114655600
2007-10-30,25.25872230529785,25.27292489211162,24.392383471723203,24.40658605853697,107297300
2007-10-31,26.139257431030273,26.27417790997087,25.216108472506225,25.22321111863593,185635800
2007-11-01,26.31678581237793,26.622134584942298,25.819706226189485,25.94042412243475,152078800
2007-11-02,26.31678581237793,26.629234522247273,25.862311267750957,26.430403771318222,96389800
2007-11-05,26.082448959350586,26.34518999872363,26.011438746179273,26.103751481528782,75485400
2007-11-06,25.85521697998047,26.032745248919873,25.47175526894341,25.983037550326152,100966700
2007-11-07,25.223207473754883,25.677679241213735,25.17349979349316,25.592466462031553,74897800
2007-11-08,24.669334411621094,25.493065637027925,24.427895808888042,25.280029504306384,133742400
2007-11-09,23.95210838317871,24.527300821568637,23.895300758386636,24.271659737839784,125136900
2007-11-12,23.70357322692871,23.9379091135426,23.44793210781088,23.660965470787012,84865200
2007-11-13,24.551389694213867,24.701005756178287,23.78193371995307,23.895927298281386,104311500
2007-11-14,24.173797607421875,24.75801530510945,24.045554433019966,24.665394630747503,84063100
2007-11-15,24.05268096923828,24.294917805917052,23.90306481894863,24.05268096923828,64014100
2007-11-16,24.28779411315918,24.408911171196046,24.01705818872819,24.123928419320723,71113800
2007-11-19,24.19516944885254,24.39466033196343,24.13104786460661,24.19516944885254,63026200
2007-11-20,24.636911392211914,24.91477084556673,24.29492759965708,24.38754832338335,100009400
2007-11-21,24.387537002563477,24.74376746310543,24.35191450007383,24.508656772415563,89518700
2007-11-23,24.30204200744629,24.53715269382541,24.017056557108837,24.480157234451525,33467200
2007-11-26,23.489839553833008,24.487283302507787,23.461340462144964,24.287795096337426,80335000
2007-11-27,23.5539608001709,23.93868766093362,23.28322486881548,23.703576952568785,84178400
2007-11-28,24.00992202758789,24.14528855902276,23.439954108623425,23.781934860002103,88585000
2007-11-29,23.93155860900879,24.173795392032506,23.73207045280889,23.924435196782632,53633600
2007-11-30,23.938682556152344,24.30916251010371,23.646573727551388,24.166669801995898,71027800
2007-12-03,23.454206466674805,23.96717907378021,23.283217409521043,23.867435004136837,61770600
2007-12-04,23.347333908081055,23.682191255767233,23.24758986012895,23.32596096004031,54801500
2007-12-05,24.330535888671875,24.594145607229883,23.532577885640016,23.610949003600478,84894700
2007-12-06,24.61552619934082,24.658274836355467,24.131052517799915,24.40891186383777,49209700
2007-12-07,24.601272583007812,24.72239234226337,24.380411456201045,24.658270756262777,40771000
2007-12-10,24.7651309967041,24.900500259602037,24.55851947376072,24.679636479699198,36083500
2007-12-11,24.2949161529541,24.929008651282185,24.17379910176665,24.743767291107286,55070700
2007-12-12,24.558530807495117,25.000255853334718,24.173801226688237,24.658274909669583,63345400
2007-12-13,25.092872619628906,25.25673829299284,24.423157664863883,24.56565038190894,73913200
2007-12-14,25.156991958618164,25.534595314899374,24.943251543237125,24.971750627664235,71126200
2007-12-17,24.50152587890625,25.028748053875113,24.48015292513123,24.957500344921375,58121200
2007-12-18,24.75089454650879,24.93613319727507,24.373288395687666,24.67964682096573,52791800
2007-12-19,24.786502838134766,25.035862939998786,24.494394125456363,24.715255153444133,58469100
2007-12-20,25.306608200073242,25.498972944172568,24.993126423294132,25.142742540541732,59345000
2007-12-21,25.69133758544922,25.69133758544922,25.470473757666024,25.57734396545647,83240500
2007-12-24,26.06181526184082,26.16155933092642,25.684209220245567,25.74120738419279,29622600
2007-12-26,26.08318328857422,26.104556237107104,25.833820445130605,25.940690623438087,30252400
2007-12-27,25.627214431762695,26.040440259696044,25.605838760822923,25.897947563993398,33311100
2007-12-28,25.73409080505371,25.812461950654704,25.413482808423765,25.719841258778708,33447200
2007-12-31,25.36360740661621,25.64146944555808,25.306611946864358,25.57734785469806,35229700
2008-01-02,25.092872619628906,25.620092139526346,24.93613035909709,25.498975096622683,63004200
2008-01-03,25.19974708557129,25.39923803171309,24.836393138587784,25.092879556610622,49599600
2008-01-04,24.494409561157227,25.07862735467196,24.287795222083655,25.07150122280157,72090800
2008-01-07,24.658266067504883,24.793632626511805,24.40177977227327,24.61551744569229,80164300
2008-01-08,23.831809997558594,24.729509247517694,23.79618750755943,24.729509247517694,79148300
2008-01-09,24.537155151367188,24.60840287999877,23.760572575132084,23.767698706906717,74305500
2008-01-10,24.45878791809082,24.57990498593018,24.066932186085644,24.473034746688207,72446000
2008-01-11,24.1595401763916,24.39465349197768,24.024173633304304,24.323405797335692,55187900
2008-01-14,24.50152587890625,24.62976903720078,24.280664775705162,24.55139791626277,52792200
2008-01-15,24.22367286682129,24.494408795146764,24.22367286682129,24.245045826118098,61606200
2008-01-16,23.675071716308594,23.974306661259206,23.162099078005962,23.81043828793969,120778500
2008-01-17,23.589582443237305,24.08117951936008,23.489838345283946,23.895940868564246,94247800
2008-01-18,23.518333435058594,24.223670931554665,23.48983706421377,23.625203658650406,117062000
2008-01-22,22.770252227783203,23.176354768230787,22.44252082984707,22.471019921273587,108521400
2008-01-23,22.748876571655273,22.834371117978048,22.114786810601345,22.428268625666597,137597400
2008-01-24,23.689321517944336,23.767692640524437,22.884240055742765,23.04810571303649,155640400
2008-01-25,23.468460083007812,24.936130453850556,23.418588039525915,24.86488545396857,196992300
2008-01-28,23.311723709106445,23.582456919724237,23.097983244755795,23.52546145563419,81019000
2008-01-29,23.226224899291992,23.432839218319817,23.048109669334774,23.40434012924921,68023000
2008-01-30,22.941242218017578,23.368717683828606,22.834371992653455,23.197728584633285,106432600
2008-01-31,23.226224899291992,23.32597171103912,22.599259887763587,22.734627843026253,103642200
2008-02-01,21.694433212280273,23.68932302905747,21.551940500119954,22.129033402437944,291138900
2008-02-04,21.50918960571289,21.886792919162076,21.452192802235032,21.72292727902711,119998600
2008-02-05,20.711240768432617,21.331082427849953,20.582997572766168,21.309708108935048,137534100
2008-02-06,20.319387435913086,20.910729993797602,20.155521736973014,20.86085794272119,138315600
2008-02-07,20.03440284729004,20.504626973448516,19.87766056596292,20.191143769705718,164964900
2008-02-08,20.347883224487305,20.7183632241061,20.119895950540766,20.155519811414504,124872000
2008-02-11,20.098522186279297,20.38350764545458,19.884784450809214,20.31938605303128,156814100
2008-02-12,20.191139221191406,20.390628734799343,20.027273563001565,20.255260802032844,84365900
2008-02-13,20.632869720458984,20.696991318589937,20.326512634725145,20.3906342328561,88986200
2008-02-14,20.305137634277344,20.68986721015168,20.276638543214894,20.575872204813336,69113500
2008-02-15,20.24814224243164,20.404883177620967,20.127023814677123,20.1697710953812,68166100
2008-02-19,20.14800453186035,20.627208100797407,20.076481346429645,20.598598280948607,68261200
2008-02-20,20.183767318725586,20.212377141233905,19.969199106678897,20.133701493527454,93056200
2008-02-21,20.097938537597656,20.713034652925984,19.99780553318366,20.469858007269575,98776500
2008-02-22,19.797542572021484,20.305354600416415,19.454232916414377,20.19807050356311,125705400
2008-02-25,19.91197967529297,20.198071062888,19.65449674436177,19.776085754613575,109974300
2008-02-26,20.298202514648438,20.641513540692078,19.79039047701582,19.840456298845364,108923500
2008-02-27,20.212379455566406,20.512775805342233,20.09794288081291,20.1623136246357,75199500
2008-02-28,19.97635269165039,20.219530739953242,19.883372127433212,20.04072343174182,83002900
2008-02-29,19.4542293548584,19.904823024827003,19.325487916527067,19.80469140132088,117411400
2008-03-03,19.304031372070312,19.5901227114703,19.218204652345875,19.482838629719193,76544300
2008-03-04,19.7331600189209,19.76176845765317,19.282565172220874,19.325479876605012,86925600
2008-03-05,20.112239837646484,20.31965553576525,19.81184360670228,19.8476045105945,106489800
2008-03-06,19.7188663482666,20.148004087188365,19.66880052882746,20.06932844853185,91127700
2008-03-07,19.933435440063477,20.07648044027726,19.540058620045304,19.554363529324053,77597600
2008-03-10,20.062179565429688,20.21237841467852,19.847611339864514,19.90482962429466,72175100
2008-03-11,20.941904067993164,20.984817422857574,20.29819692407223,20.31250183042402,98740700
2008-03-12,20.47701644897461,21.0921141493067,20.412647060145968,21.049200768690344,75993800
2008-03-13,20.469865798950195,20.734499910038465,20.14085956925583,20.4126475021588,84552200
2008-03-14,19.9978084564209,20.748799960443456,19.76893532291777,20.54138283058657,105214900
2008-03-17,20.24099349975586,20.548542390801696,19.511460475540286,19.5257640281858,84490100
2008-03-18,21.04204559326172,21.084958968335034,20.505623630174686,20.505623630174686,83695300
2008-03-19,20.469865798950195,21.16363781806982,20.469865798950195,21.013438936372534,61442100
2008-03-20,20.87038803100586,20.898996489292852,20.448402698789195,20.555686804700407,60170200
2008-03-24,20.863239288330078,21.02774170428251,20.78456362670428,20.977675870226694,48294700
2008-03-25,20.841779708862305,21.00628347157246,20.69873467874713,20.977673647034514,49149000
2008-03-26,20.42694091796875,20.791707890599223,20.29819947301786,20.7630994384941,45868100
2008-03-27,20.062179565429688,20.37688081189125,20.02641864923266,20.369728355813546,47894400
2008-03-28,19.962039947509766,20.33395933007344,19.904821685899275,20.19091299395173,49244000
2008-03-31,20.298202514648438,20.448401344328403,19.911979486112426,19.940587942504454,46780600
2008-04-01,21.099260330200195,21.127870151561478,20.47701035750602,20.62005673592969,65796200
2008-04-02,20.856088638305664,21.156485032857052,20.741652046494828,21.149332575344904,49499400
2008-04-03,20.74165153503418,20.970524713012153,20.59860511670207,20.74165153503418,38961400
2008-04-04,20.856088638305664,20.927611849235383,20.555692243754276,20.834631265769215,43860800
2008-04-07,20.856088638305664,21.163637490369204,20.763109419031277,21.135027660320603,44428600
2008-04-08,20.56283187866211,20.741639112389606,20.41263445714266,20.698725758268466,44733500
2008-04-09,20.662967681884766,20.770253135223328,20.41263859527134,20.54137868373344,45839300
2008-04-10,20.820327758789062,21.02774357031115,20.59860566802076,20.620063040602403,65591600
2008-04-11,20.22667694091797,20.748793792025573,20.176609764181105,20.648662166934,54373700
2008-04-14,20.069334030151367,20.248141357415488,19.976354820218347,20.198075524052197,43418100
2008-04-15,20.205228805541992,20.369731225933318,20.047878842236162,20.112249591813935,34310000
2008-04-16,20.705883026123047,20.777404844892487,20.298201292504487,20.434095203710672,54107400
2008-04-17,20.89900016784668,20.984828286197605,20.67012700449976,20.827478327444513,48743300
2008-04-18,21.45687484741211,21.528398036408422,21.177935910936988,21.464027302730877,73658900
2008-04-21,21.757274627685547,21.886016115619622,21.542706390589814,21.592772221632714,54411700
2008-04-22,21.635679244995117,21.957532870349205,21.43541461542022,21.914618144174536,67387500
2008-04-23,22.49395179748535,22.501102886743467,21.67143738531918,21.778722822865035,98351500
2008-04-24,22.74428939819336,22.95885762557213,22.286543118883174,22.62270037222765,115416700
2008-04-25,21.33528709411621,21.735815066258024,21.170784704653325,21.49263702783835,145194900
2008-04-28,20.7344970703125,21.34244224307884,20.612908035759233,21.313832416505544,97473000
2008-04-29,20.48415756225586,20.67011726086406,20.348265038196455,20.598594089985365,84428900
2008-04-30,20.39832878112793,20.891835745371516,20.39117632834588,20.55567864976041,74733600
2008-05-01,21.027738571166992,21.09210930941661,20.369727641208694,20.384032552862266,71699400
2008-05-02,20.913301467895508,21.185089325550212,20.64151497443223,21.163631958622283,66024200
2008-05-05,20.798864364624023,21.621377643438787,20.73449362970717,21.4068094365102,119687700
2008-05-06,21.242313385009766,21.35674997803918,20.69158642843584,20.741652267362237,93582000
2008-05-07,20.891834259033203,21.55699731434158,20.798855107863254,21.235145147192572,88775000
2008-05-08,20.93475341796875,21.020580135089997,20.74164125815934,20.9419058717607,69589900
2008-05-09,21.020584106445312,21.135020660354506,20.705884265290695,20.89184264224964,51621200
2008-05-12,21.449722290039062,21.499788112840868,20.991976065346723,21.027736977579053,64278800
2008-05-13,21.3779354095459,21.62918606772858,21.198469871293472,21.53586459029121,70934700
2008-05-14,21.485620498657227,21.722515020977294,21.342047480008915,21.456905347242053,66730400
2008-05-15,21.858903884887695,21.91633280440409,21.492794009515638,21.521507784667115,53355800
2008-05-16,21.528688430786133,21.8804407643663,21.478438293019476,21.87326197765484,81538200
2008-05-19,21.148221969604492,21.456902967006425,21.040542902170092,21.442546762105167,59615000
2008-05-20,20.645715713500977,21.040539350518586,20.55239286672077,21.033360564672925,75767600
2008-05-21,20.279611587524414,20.85390092550331,20.236540229479445,20.68161412410964,60125100
2008-05-22,20.437532424926758,20.602641739891435,20.229353138808236,20.3011396188955,52203100
2008-05-23,20.13603401184082,20.337035919255616,20.064248887748047,20.286785784705284,48890700
2008-05-27,20.416000366210938,20.459071712752763,20.13603319065551,20.179105906410758,47334500
2008-05-28,20.229354858398438,20.509320648402632,20.128854599261206,20.502141862862356,52318500
2008-05-29,20.32268524169922,20.58829494628261,20.20064857243884,20.25089872403771,47699200
2008-05-30,20.32986068725586,20.602649135668273,20.243717975598887,20.372932043084344,63399200
2008-06-02,19.956565856933594,20.358569619263086,19.777100331712198,20.272425564702967,77028400
2008-06-03,19.60481834411621,20.32268061901537,19.57610456511133,20.03553598289843,86616700
2008-06-04,19.76992416381836,19.841709283068553,19.52585092457023,19.583279841498413,79567400
2008-06-05,20.315507888793945,20.315507888793945,19.81300496807729,19.899147699988013,76063400
2008-06-06,19.734031677246094,20.222178191418656,19.734031677246094,20.092962776583157,78500800
2008-06-09,19.8919620513916,20.03553504735284,19.597638641963265,19.848890700288653,66787100
2008-06-10,20.02117919921875,20.30832521588575,19.611997905446067,19.64071305479824,77433900
2008-06-11,19.46841812133789,20.057064744648933,19.46123933700323,19.9924570548501,59330800
2008-06-12,20.272424697875977,20.494961556255348,19.51867007186118,19.669420449378844,113996300
2008-06-13,20.86825942993164,21.227190624444983,20.459078087260643,20.55239959538002,131969100
2008-06-16,20.767757415771484,20.896972854182202,20.559576682951167,20.832365134976843,74718900
2008-06-17,20.674428939819336,20.904145973153057,20.667251523377267,20.846717057122966,44256700
2008-06-18,20.430362701416016,20.71750874912213,20.430362701416016,20.49497042522851,49677800
2008-06-19,20.767757415771484,20.95440178578544,20.33703974414034,20.49496896374581,62037800
2008-06-20,20.26525115966797,20.760576499721978,20.171929668835507,20.746218925989723,97480400
2008-06-23,20.078603744506836,20.39446347234373,19.949389708277245,20.315498198081162,57145300
2008-06-24,19.906320571899414,20.107322501965363,19.748391364199215,20.042714787630366,65218300
2008-06-25,20.351390838623047,20.581106491885063,19.927852089466214,19.96374464683342,64280200
2008-06-26,19.920679092407227,20.24371767942904,19.920679092407227,20.12168103202232,67049100
2008-06-27,19.834529876708984,20.035531764275284,19.71249326090326,19.8704238044244,73450200
2008-06-30,19.74838638305664,20.085781074538733,19.73402881255614,19.90631555092231,57830500
2008-07-01,19.288963317871094,19.65507193748327,18.98028226635812,19.576108004436463,100327800
2008-07-02,18.578275680541992,19.382282057221495,18.578275680541992,19.310495553537198,84669000
2008-07-03,18.650062561035156,18.736206641039512,18.377275484579805,18.642883773600317,37074500
2008-07-07,18.685956954956055,18.9443864628586,18.26959685805412,18.74338588662481,71527600
2008-07-08,18.55674171447754,18.80799380666544,18.312668409976578,18.61417064675931,65553200
2008-07-09,18.111661911010742,18.556737051259553,18.075769350809416,18.51366570517528,54255800
2008-07-10,18.269596099853516,18.427525313085,17.93219994223971,18.09013052468487,57830600
2008-07-11,18.126014709472656,18.405980439114355,17.85322776382344,18.061407022753333,69532600
2008-07-14,18.054235458374023,18.52802443763467,17.996806532682236,18.291129948004347,51216200
2008-07-15,18.7720890045166,19.123841182329443,17.896297951750736,17.896297951750736,92719300
2008-07-16,19.568923950195312,19.59046030934756,18.60698848214421,18.757738888569452,82060400
2008-07-17,19.755569458007812,20.03553529749263,19.461246044904904,19.798640809648496,96526100
2008-07-18,18.563920974731445,19.001816081071937,18.025524207429154,18.922852152932975,150277000
2008-07-21,18.40598487854004,18.786452306630206,18.327020974003116,18.420342449987977,77575600
2008-07-22,18.52084732055664,18.6213489764884,18.291131597078994,18.33420432214134,88657200
2008-07-23,18.97309112548828,19.267414408748436,18.55673125873882,18.563910042380893,79408800
2008-07-24,18.262418746948242,18.786457938989642,18.262418746948242,18.729029005193514,81092600
2008-07-25,18.77927017211914,18.82234150956895,18.30548135253184,18.405981596319105,58682300
2008-07-28,18.305479049682617,18.743375261176116,18.19062125145694,18.70748134347249,59707800
2008-07-29,18.743379592895508,18.80080850528055,18.23369679741665,18.319840850600848,66368200
2008-07-30,18.82952308654785,19.016167402128378,18.592628641621285,18.80798809923574,51977700
2008-07-31,18.463407516479492,18.86541116503681,18.456228733196728,18.556730329942514,60461000
2008-08-01,18.262418746948242,18.628528713353735,17.99680907238253,18.606992349725015,82720200
2008-08-04,18.147552490234375,18.341374196439173,18.02551589118009,18.22651638194257,60588300
2008-08-05,18.81516456604004,18.865416062063513,18.305483143578456,18.405983397198877,84297600
2008-08-06,19.396642684936523,19.49714298438562,18.937209810568042,19.188461928404667,95550000
2008-08-07,19.66224479675293,19.920675621340244,19.188455864485157,19.31049249062767,82565800
2008-08-08,20.19346046447754,20.26524694900961,19.518671069830656,19.633528897396648,80814100
2008-08-11,20.028358459472656,20.387289619567913,19.85607166693258,19.999644678656168,68743800
2008-08-12,20.1862850189209,20.358571777088688,19.798638786133292,19.94221176921317,62813000
2008-08-13,20.0355281829834,20.459066869825605,19.927849157511144,20.150385992715545,51165200
2008-08-14,20.0355281829834,20.301137723747175,19.78427621073941,19.970920493857427,49732300
2008-08-15,19.96375274658203,20.20782606950235,19.798644724963538,20.08578940804219,47267400
2008-08-18,19.87760353088379,20.13603297660096,19.777101897736674,19.942211234616433,38078200
2008-08-19,19.690210342407227,20.00012236842436,19.65417463575718,19.84877075088525,40332900
2008-08-20,19.668594360351562,19.877603985321052,19.58210671833611,19.848775687765524,41497200
2008-08-21,19.58932113647461,19.625356864964694,19.358689174918236,19.531663146085513,43614200
2008-08-22,20.064992904663086,20.093821202468423,19.618142603947593,19.625350022067536,47930400
2008-08-25,19.935258865356445,20.06498962093554,19.791113275896517,19.899223155328574,51381300
2008-08-26,19.65418243408203,19.978508046639625,19.58210961751102,19.877606928244994,44774400
2008-08-27,19.863189697265625,20.02895756781286,19.553277585614698,19.70463061964922,33975300
2008-08-28,20.137060165405273,20.187510703676274,19.892013515511202,19.899220931646212,48372600
2008-08-29,19.668594360351562,20.021749597121993,19.668594360351562,19.94967679122152,50735500
2008-09-02,19.53165626525879,20.00733486206025,19.502826592883213,19.94246947388965,66079200
2008-09-03,19.387514114379883,19.58931773301772,19.344270972769877,19.459586933513016,57127700
2008-09-04,18.991111755371094,19.380302698963003,18.991111755371094,19.272194179891606,66141900
2008-09-05,18.486602783203125,18.897415964547186,18.47218794797279,18.760479153882063,82305200
2008-09-08,18.825347900390625,18.97669957332102,18.501020923147504,18.890211921164656,62110800
2008-09-09,18.810932159423828,19.17129483920331,18.774895066641164,18.88300497031463,85735700
2008-09-10,19.055980682373047,19.358685416820506,18.91904246627964,19.11363866156901,75064900
2008-09-11,19.70462989807129,19.791116164631507,18.76048013585476,18.810930687127293,72913300
2008-09-12,19.90644073486328,19.992927032952668,19.41634713010703,19.56049141848098,75628500
2008-09-15,19.329843521118164,19.812729307145915,19.26497816369102,19.40191629322319,82349400
2008-09-16,18.73164939880371,19.092012029888064,18.392909020467183,18.803722199955452,111729700
2008-09-17,17.708223342895508,18.645167213353385,17.657772783462132,18.544264719811988,106972100
2008-09-18,18.20551872253418,18.270384100527973,17.304612222258385,17.873984415602088,132291300
2008-09-19,18.133441925048828,19.027140811098615,16.937038466734275,19.005519939655798,134926100
2008-09-22,18.30641746520996,18.96948461944626,18.248759511566544,18.897411833723478,105207700
2008-09-23,18.335254669189453,18.861383884374654,18.2631818538289,18.49381376324298,92181300
2008-09-24,18.537050247192383,18.803719155881335,18.349661544403357,18.436149166719108,80250300
2008-09-25,19.178497314453125,19.373092066624107,18.55146580839901,18.609123767315257,96203500
2008-09-26,19.747861862182617,19.86317773549116,18.839748328872588,18.861370570620554,100744300
2008-09-29,18.02533721923828,19.93525870335322,18.02533721923828,19.416337059928072,134383100
2008-09-30,19.236156463623047,19.236156463623047,18.407322737414347,18.573089207721235,107192700
2008-10-01,19.084814071655273,19.45238430250768,18.940669772581305,19.012741234780776,88957000
2008-10-02,18.919042587280273,19.120846203094143,18.522644149607125,18.868592026995472,93819800
2008-10-03,18.96949005126953,19.798323887729023,18.91183208111603,19.005527141786995,114289400
2008-10-06,17.953266143798828,18.73164937078996,17.39830736283704,18.47218783690147,146374600
2008-10-07,16.742448806762695,18.16948460644201,16.677583418170503,18.003718113228384,145941200
2008-10-08,16.58388900756836,17.513623912336268,16.216318946487057,16.504608786156396,171598600
2008-10-09,16.07217025756836,17.232538186252206,15.906403803377561,17.131637105383742,131948700
2008-10-10,15.495587348937988,16.108203867900535,14.882970829975442,15.704598256743846,228467500
2008-10-13,18.378496170043945,18.378496170043945,16.310013839382226,16.475781712335234,144935400
2008-10-14,17.36948013305664,18.54426177586539,17.009117480398515,18.479396388412972,165674900
2008-10-15,16.331634521484375,17.47758781168863,16.20190375283116,17.138847429396403,113280200
2008-10-16,17.434345245361328,17.434345245361328,15.358655628991237,16.53343862793406,161147800
2008-10-17,17.246957778930664,18.097413908598586,16.80010745879727,16.9874962140355,133673100
2008-10-20,17.816329956054688,17.837952211193496,16.583890281306893,17.441553823036774,93484300
2008-10-21,16.836135864257812,18.025331798663704,16.77127050650169,17.51361635132917,100385600
2008-10-22,15.51721477508545,16.61992350275838,15.063157108076593,16.6055100428381,150054800
2008-10-23,16.086585998535156,16.281182129487004,15.05594875831709,15.531627273083243,154774100
2008-10-24,15.827129364013672,16.4757833335836,15.099197908695647,15.178476769118372,153919700
2008-10-27,15.264963150024414,15.827128043861606,15.149647203869375,15.618118406958539,117683900
2008-10-28,16.648757934570312,16.728036798170745,15.380280995541892,15.596498077615337,134088800
2008-10-29,16.576688766479492,17.27579210218281,16.360471636786713,16.670382489433035,111701800
2008-10-30,16.31001091003418,17.210917423229652,16.13703702446156,17.0739806229894,95323000
2008-10-31,16.093795776367188,16.511816392324473,15.942444124317289,16.237941385183248,93055200
2008-11-03,16.30280113220215,16.5118106805428,16.007302598880926,16.201898691065416,61923500
2008-11-04,16.958663940429688,17.052357608752864,16.48298543272147,16.670372769367823,72123000
2008-11-05,15.913609504699707,16.821723258664445,15.891987257697936,16.814515842997185,81179700
2008-11-06,15.048738479614258,15.913609091809741,15.034325023327689,15.762257490746201,95509700
2008-11-07,15.495587348937988,15.524417008500382,15.135224852451058,15.365856630254882,71256300
2008-11-10,15.351451873779297,15.834337990918632,15.272173007309222,15.747851704828598,67106800
2008-11-11,15.279378890991211,15.351450330596448,14.983881589651038,15.344244286375599,78014500
2008-11-12,14.630724906921387,15.135233231163333,14.616311443834872,15.055952998151847,90162300
2008-11-13,15.315410614013672,15.315410614013672,13.506390183585737,14.52261261317694,148413700
2008-11-14,14.457744598388672,15.380273187918398,14.162247428045944,14.818107135360194,96624500
2008-11-17,13.92441463470459,14.587482063722646,13.801891260603167,14.22711936044489,97289000
2008-11-18,14.236420631408691,14.265444213514385,13.60514145876778,14.149347117118493,108966500
2008-11-19,13.271368026733398,14.475876927584496,13.242343048887774,14.243681256780846,103010500
2008-11-20,12.719902038574219,13.670447630398735,12.698133311804485,13.148010643805419,139532800
2008-11-21,14.27995491027832,14.294467391509079,13.046421685391651,13.075446647853166,157231900
2008-11-24,15.01282024383545,15.19422212706792,14.417822288270793,14.432333387099623,125289900
2008-11-25,14.50489616394043,15.186967714549139,14.185628423487271,15.136175402565234,92948100
2008-11-26,14.867705345153809,15.005571230334164,14.316243188419584,14.316243188419584,79678300
2008-11-28,14.671791076660156,14.73709589765315,14.526670328665787,14.679047321657958,28650800
2008-12-01,13.503557205200195,14.47587145141159,13.496300963483801,14.425077759396826,79639900
2008-12-02,13.895386695861816,14.01148381311287,13.467278057003503,13.779289578610761,79689800
2008-12-03,14.417830467224121,14.439597819808828,13.496308045484751,13.532587889117478,80961500
2008-12-04,13.866364479064941,14.454106366237932,13.634170221613239,14.076790005885444,78719200
2008-12-05,14.417830467224121,14.497646400013581,13.401978237659952,13.721246120779757,91996200
2008-12-08,15.24502182006836,15.419167546277261,14.613742351572284,14.766120726997078,107225000
2008-12-09,14.947518348693848,15.419163059601958,14.845932333307797,14.962030834318542,80484900
2008-12-10,14.954774856567383,15.208736439566763,14.729835477358177,15.107151806367012,61499000
2008-12-11,14.113069534301758,14.599226721644452,14.011483520836045,14.591970478969275,83564300
2008-12-12,14.04776382446289,14.40331138860028,13.568862910809537,13.895385506125903,78112600
2008-12-15,13.815570831298828,14.105813625236449,13.706728572583762,14.033252580755342,59925900
2008-12-16,14.591972351074219,14.642764672330184,13.78654730262404,13.938924266391936,97688700
2008-12-17,14.265440940856934,14.548427375403238,14.149343871095054,14.374281770760417,78922700
2008-12-18,14.004229545593262,14.526668030900145,13.779291522190022,14.410570897273505,80759200
2008-12-19,13.873617172241211,14.367029151064612,13.866360930554405,14.091298886898988,113530400
2008-12-22,13.917153358459473,13.996970633716435,13.706726499686244,13.96068942496936,58575400
2008-12-23,13.989714622497559,14.200140100751698,13.79380024399477,13.989714622497559,47511400
2008-12-24,13.909904479980469,14.113075204553617,13.859112144834015,13.975209306308004,16880400
2008-12-26,13.880873680114746,14.025995763129929,13.851850093903762,13.931667377960787,23101000
2008-12-29,13.757522583007812,13.938924524560047,13.525328319258866,13.895388446103865,58512800
2008-12-30,14.033252716064453,14.142093591842158,13.786545992842019,13.793802235758776,43224100
2008-12-31,14.105817794799805,14.279963522638417,13.982464397915718,14.01148799389521,46419000
2009-01-02,14.751607894897461,14.802400224198223,14.055025006223273,14.171122154335638,50084000
2009-01-05,14.889467239379883,14.998308094945312,14.555687047127792,14.65727304511055,61475200
2009-01-06,15.063614845275879,15.23776051363906,14.954773975547235,15.056358602762405,58083400
2009-01-07,14.156607627868652,14.722582181470257,14.134838896734637,14.650021128343848,72709900
2009-01-08,14.599225997924805,14.650018310146372,14.18562848986338,14.243677044400416,70255400
2009-01-09,14.163860321044922,14.729833348783886,14.084043044215425,14.63550497215627,49815300
2009-01-12,14.127582550048828,14.359778195158276,14.00422917582914,14.30172824589069,52163500
2009-01-13,14.381552696228027,14.504906131809694,14.163870814136923,14.163870814136923,65843500
2009-01-14,13.851848602294922,14.279957178704256,13.793800052137044,14.171116320156559,80257500
2009-01-15,13.960688591003418,14.004224654912605,13.438251672133633,13.837335256605293,96169800
2009-01-16,14.301729202270508,14.446851317170093,13.895389218133552,14.243680633108086,79634100
2009-01-20,13.409235000610352,14.236429030431438,13.329419064741009,14.120330481554678,89873000
2009-01-21,14.062278747558594,14.11307245680308,13.394719507060213,13.692219982401083,68340900
2009-01-22,12.415146827697754,13.191546760073999,12.386121858568655,13.097216994391133,222436600
2009-01-23,12.480457305908203,12.690882891942397,12.15393317449112,12.313566425413176,117020600
2009-01-26,12.792465209960938,12.923074838512015,12.502222359840253,12.545759825348664,92476500
2009-01-27,12.814233779907227,13.03917181289448,12.647344316206588,12.90130732583068,61695000
2009-01-28,13.089963912963867,13.285876945232253,12.886793253441333,12.915816842523473,64145500
2009-01-29,12.763444900512695,13.03191908694782,12.741676162158184,12.901310808783059,49192800
2009-01-30,12.407896041870117,12.908565907626338,12.407896041870117,12.872284680260055,62370900
2009-02-02,12.937585830688477,13.155267597105734,12.335331467348022,12.357100197584513,88871700
2009-02-03,13.42374324798584,13.50356054260644,12.770696555962294,12.952098491745886,86865100
2009-02-04,13.518073081970215,13.786548584410419,13.423744674294356,13.45276965141744,75618000
2009-02-05,13.815570831298828,13.888130491793126,13.242340102283569,13.430998264339726,75195200
2009-02-06,14.265440940856934,14.461355265074948,13.830076237256762,13.902637251854497,86746000
2009-02-09,14.105817794799805,14.345268343576299,13.97520815292404,14.250938542671705,52196400
2009-02-10,13.641426086425781,14.367033886426876,13.568866413615307,13.967950150021093,83953200
2009-02-11,13.938915252685547,14.142085790314578,13.728489860128747,13.743002337956405,58599000
2009-02-12,13.975207328796387,14.018743412191881,13.452770176089029,13.764780388408406,75323200
2009-02-13,13.851848602294922,14.127578869548197,13.815568777441225,13.9824581861468,47416000
2009-02-17,13.216242790222168,13.515781622817329,13.07012567474722,13.508475627695974,75853300
2009-02-18,13.238158226013184,13.479250444680975,13.150487694917706,13.311215376204293,54946900
2009-02-19,13.084737777709961,13.428111190515203,13.011679219343115,13.369664622516947,49195600
2009-02-20,13.150492668151855,13.289303814266836,12.90209436183088,12.982458929604238,69413800
2009-02-23,12.573328018188477,13.260076169305007,12.536799439358475,13.165101028261425,70803400
2009-02-24,12.544107437133789,12.675612571484914,11.952335726029908,12.441826285294551,122674500
2009-02-25,12.390682220458984,12.595245883019034,12.025390861693436,12.42721219242111,105894600
2009-02-26,11.996170997619629,12.47835558904294,11.996170997619629,12.456437600895965,83219500
2009-02-27,11.798913955688477,12.069230250968037,11.762385366842532,11.90119651271454,93428000
2009-03-02,11.535902976989746,11.87197111013066,11.48476240131768,11.660102115111698,80602100
2009-03-03,11.601652145385742,11.864661639033644,11.42631248295381,11.711239956959114,80476600
2009-03-04,11.776998519897461,11.981560867147886,11.608964068353092,11.776998519897461,69285100
2009-03-05,11.156000137329102,11.601655412355772,11.156000137329102,11.58704342133617,89708500
2009-03-06,11.16330337524414,11.41170160281596,10.863764582020929,11.214444637633482,92821400
2009-03-09,11.068330764770508,11.499374791472691,11.031802176803058,11.10486004947611,66479100
2009-03-10,12.040005683898926,12.142288235987468,11.14138906429501,11.229058927421871,95184200
2009-03-11,12.500268936157227,12.566021482709631,12.003472537083832,12.149588223385818,84522200
2009-03-12,12.427217483520508,12.44913547602974,12.040007976716645,12.427217483520508,93694100
2009-03-13,12.164203643798828,12.456436492370724,11.820830220911366,12.40529591805516,82965800
2009-03-16,11.871970176696777,12.390683281702401,11.864664181678604,12.288402138400123,67028900
2009-03-17,12.34684944152832,12.34684944152832,11.879276880284294,11.923111459531883,62481000
2009-03-18,12.390682220458984,12.580633894234184,12.127673389711434,12.441824181205957,70710700
2009-03-19,12.522191047668457,12.74867276059863,12.36146330377807,12.690226181595182,58994600
2009-03-20,12.463741302490234,12.894785235695835,12.332236184769746,12.653692984366941,81725500
2009-03-23,13.391586303710938,13.581538050494782,12.646391310976583,12.69022729417965,71600000
2009-03-24,13.099353790283203,13.303916144350673,13.033601206911081,13.179718368510581,50044100
2009-03-25,13.062823295593262,13.376974205392386,12.799814365800426,13.135881873554345,73927100
2009-03-26,13.756878852844238,13.793407448158284,13.238165553306514,13.274694148620561,63775100
2009-03-27,13.245468139648438,13.603455007874622,13.187021559964313,13.5450084281905,47670400
2009-03-30,12.770587921142578,12.975151621395929,12.617166191059717,12.960539629918646,49633000
2009-03-31,13.420805931091309,13.727650746413582,12.989761990674875,13.026290571330087,92423300
2009-04-01,14.10755729675293,14.144087282727288,13.281999122403205,13.31852771490108,96438900
2009-04-02,14.092942237854004,14.53129078307272,13.881072566652389,14.246363949985346,99082300
2009-04-03,13.698430061340332,13.990662957286984,13.464643744583007,13.976050964120562,81858400
2009-04-06,13.705727577209473,13.705727577209473,13.347742327001358,13.544999932261595,47476100
2009-04-07,13.705727577209473,13.983348308205898,13.610751073872839,13.705727577209473,65815200
2009-04-08,14.01988410949707,14.3340349316877,13.851849009004258,13.859155004110562,56408900
2009-04-09,14.370565414428711,14.392483402646546,14.041802558542507,14.209837681260048,55759600
2009-04-13,14.312111854553223,14.50206347930983,14.151384199824825,14.385170386148161,44444700
2009-04-14,14.136775970458984,14.282891678991122,13.881071738682794,14.202528527015032,63796300
2009-04-15,13.756878852844238,14.063723791302632,13.523092498490527,14.034499800270122,72725500
2009-04-16,14.436318397521973,14.450930390084125,13.873769225165862,13.997968374991546,67688700
2009-04-17,14.027193069458008,14.385178544475897,13.881075923400088,14.385178544475897,61398500
2009-04-20,13.596145629882812,13.844543880133058,13.566921650570533,13.80070791116464,62937200
2009-04-21,13.859156608581543,13.939521170578582,13.5669237378781,13.581535729782333,60928300
2009-04-22,13.720346450805664,14.01988530839856,13.6618998784333,13.705734459343523,59401000
2009-04-23,13.822628021240234,13.83724001314335,13.493865170801348,13.822628021240234,86116300
2009-04-24,15.27647876739502,15.488348344674183,14.246357634530106,14.480143793268892,168478500
2009-04-27,14.903889656066895,15.210734504580456,14.816220495620838,15.013476803362558,68219600
2009-04-28,14.560516357421875,14.808914636773444,14.45823520479812,14.794302645405423,76685200
2009-04-29,14.79430103302002,15.261873558027824,14.655489917104811,14.692019891543572,79301600
2009-04-30,14.801613807678223,15.415303724585145,14.618968032252988,15.050012173734677,87439900
2009-05-01,14.786991119384766,14.86735564837634,14.509370354603552,14.750462548102599,63224500
2009-05-04,14.750473976135254,14.903895766555761,14.597050792237992,14.88197916419669,54313400
2009-05-05,14.458239555358887,14.787001099208268,14.348650980599146,14.713942513860646,66835500
2009-05-06,14.458239555358887,14.662801922160293,14.326734380428489,14.65549592427787,59639100
2009-05-07,14.114861488342285,14.604352089970055,13.983356342610005,14.58243410118924,68727200
2009-05-08,14.187917709350586,14.348645420047013,13.983354028347438,14.217140296078995,67597600
2009-05-11,14.114861488342285,14.414400367631904,13.888381178179081,14.027192320171634,63762600
2009-05-12,14.531293869018555,14.65549302146642,14.224448986116553,14.253672971857856,71966800
2009-05-13,14.429008483886719,14.611654160897942,14.370561922982164,14.553207599993387,49281700
2009-05-14,14.655484199523926,14.779683277209532,14.465532586976796,14.487450563089137,54539500
2009-05-15,14.772388458251953,14.976952209595549,14.597048697161679,14.70663587365853,61289900
2009-05-18,15.050007820129395,15.050007820129395,14.78699753368707,14.874668093659936,46073800
2009-05-19,14.932371139526367,15.248517093038652,14.888258174623171,15.079416225638179,51368300
2009-05-20,14.98383903503418,15.211759097316332,14.86620350716486,15.005896222381967,47450700
2009-05-21,14.572114944458008,14.873556165229553,14.344196280482818,14.807386004345446,58232800
2009-05-22,14.520646095275879,14.829439637951992,14.31478326604987,14.65298638532647,37318700
2009-05-26,14.95443058013916,15.0353055299393,14.300082793068452,14.366252951572914,44991700
2009-05-27,14.800024032592773,15.145579405258237,14.755911087987156,14.88825132412923,42892900
2009-05-28,15.035309791564941,15.167648743758091,14.74121949159844,14.939730023377884,45480800
2009-05-29,15.358809471130371,15.395571465996662,14.925027747995157,15.116185914319718,46134900
2009-06-01,15.733758926391602,15.807281446141065,15.336739563465187,15.43967024971918,57317100
2009-06-02,15.733758926391602,16.16018785814797,15.586715289218104,15.704350759887072,48935700
2009-06-03,15.976385116577148,15.998442297143525,15.652888215557685,15.667591600276259,56039600
2009-06-04,16.04991340637207,16.101378777161244,15.866107709367203,16.005800431742234,42330000
2009-06-05,16.2778263092041,16.402814194965206,16.03520293123557,16.145486029889323,59579200
2009-06-08,16.211658477783203,16.41016892501954,15.902864916190861,16.160193117905457,49000600
2009-06-09,16.23371124267578,16.41016445807899,16.08666619534369,16.219006457477473,50887700
2009-06-10,16.57927703857422,16.630743823267515,16.26313234656009,16.299892933300235,61297200
2009-06-11,16.785133361816406,17.101279331685756,16.59397530091108,16.608680090748244,65124600
2009-06-12,17.152746200561523,17.189506776057705,16.718964678541482,16.83660020292054,50963500
2009-06-15,17.218917846679688,17.307145198753183,16.924829010311676,17.079225123532563,69089600
2009-06-16,17.24097442626953,17.726221339717718,17.23362203032927,17.25567781582392,105295600
2009-06-17,17.41007423400879,17.51300496606467,17.035110478528875,17.277733920036344,86483100
2009-06-18,17.27773666381836,17.41742939545378,17.130691535536204,17.365964021252907,58852200
2009-06-19,17.69680404663086,17.895314443561684,17.461533088339007,17.674748270744452,115459000
2009-06-22,17.11599349975586,17.60859301059958,17.093936302914482,17.60859301059958,71291600
2009-06-23,17.16008949279785,17.395360416746097,17.064509803490548,17.189497657128722,56752700
2009-06-24,17.25567054748535,17.461533340121882,17.174797030859843,17.240967164124243,54287700
2009-06-25,17.49094581604004,17.58652413422393,17.057164382528843,17.226265239029605,57724300
2009-06-26,17.16744613647461,17.417421905664654,17.145388956019367,17.32919458616936,65126400
2009-06-29,17.54241371154785,17.667401624081656,17.31449366953999,17.351255645182864,62854900
2009-06-30,17.476238250732422,17.821792302885626,17.373306152515603,17.62328190167343,66452400
2009-07-01,17.674760818481445,17.865917556056186,17.615941634825806,17.682111814111877,54908400
2009-07-02,17.182161331176758,17.6747607744535,17.064524366485035,17.46889783915113,65422200
2009-07-06,17.057167053222656,17.11598481262028,16.814543620416714,17.06451804611211,49207700
2009-07-07,16.56456756591797,17.013052449320732,16.513100800113474,16.968939480957143,52842500
2009-07-08,16.586618423461914,16.68219812924715,16.17489423557126,16.402812807148603,73023400
2009-07-09,16.49839973449707,16.770431380410226,16.446934363774375,16.652795846665157,46981200
2009-07-10,16.46163558959961,16.571920115022333,16.285182312179643,16.31459189291263,43229200
2009-07-13,17.079221725463867,17.12333609388675,16.27782892935166,16.483691775014048,67584000
2009-07-14,16.990991592407227,17.07186510986881,16.807185976400486,17.057161726355698,45448700
2009-07-15,17.733572006225586,17.733572006225586,17.3218462876805,17.46153899226994,67238700
2009-07-16,17.968841552734375,17.968841552734375,17.542412481460463,17.593877841425712,64555100
2009-07-17,17.858566284179688,17.97620184501827,17.71887352981143,17.93943985580215,52860100
2009-07-20,18.035017013549805,18.035017013549805,17.75563154527477,17.96884684487026,47798000
2009-07-21,18.25557518005371,18.25557518005371,17.917373492774242,18.15264447563399,52028400
2009-07-22,18.23352813720703,18.307050710809975,18.020314216317598,18.160006965930542,66192500
2009-07-23,18.79229164123535,18.90992715993432,18.262931807089988,18.32910196164891,106060500
2009-07-24,17.24097442626953,17.56447143368423,16.770430902375733,17.358609956661446,215135700
2009-07-27,16.990991592407227,17.24096734236244,16.836594145752272,17.2336149494431,80950000
2009-07-28,17.25567054748535,17.314488287906425,16.836593971694516,16.902764104958916,70288400
2009-07-29,17.49829864501953,17.579173585892168,17.16009689650837,17.446833283491827,73626900
2009-07-30,17.505647659301758,17.96148623483873,17.432125127463454,17.792385393238586,67820000
2009-07-31,17.292436599731445,17.69680848543142,17.277731810568493,17.476242257290686,54258200
2009-08-03,17.520362854003906,17.542420047356043,17.277739336436372,17.513010456219863,46902900
2009-08-04,17.476238250732422,17.49094303652419,17.29978502820788,17.410068116995024,49218300
2009-08-05,17.505647659301758,17.82914595799491,17.49094427479462,17.527704839550946,53310300
2009-08-06,17.24832534790039,17.630641521241646,17.108634032596807,17.59388094401989,59686000
2009-08-07,17.321847915649414,17.513006002441205,17.277734942490117,17.461540633367672,46169700
2009-08-10,17.218917846679688,17.31449619262697,17.130690494606192,17.248326029153393,35261900
2009-08-11,17.005701065063477,17.204211537988506,16.94688330297377,17.1453937758988,33615800
2009-08-12,17.299781799316406,17.571813274063427,16.932170637087776,17.005691747673264,61972300
2009-08-13,17.3659610748291,17.535061962034415,17.204211180697033,17.373312067902347,38954500
2009-08-14,17.417430877685547,17.498304443029465,17.285090531434633,17.365965499104945,46330200
2009-08-17,17.09392738342285,17.351255602993337,17.079222593201457,17.145392746871753,42474400
2009-08-18,17.434032440185547,17.485787188036145,17.204832238185283,17.219619711917197,38878900
2009-08-19,17.48578643798828,17.537541183618874,17.190044027091286,17.190044027091286,41821300
2009-08-20,17.500568389892578,17.648440253795023,17.404452665503413,17.448813660589906,39505900
2009-08-21,18.04768943786621,18.055083171020456,17.574501797677698,17.692798707724826,69011400
2009-08-24,18.21775245666504,18.28429468643462,17.95158494779801,18.04770071845891,54180900
2009-08-25,18.21775245666504,18.350836916204198,18.084667997125884,18.18817891577372,43980300
2009-08-26,18.151212692260742,18.299084647435723,18.05509690854504,18.18078764738033,41079000
2009-08-27,18.25471305847168,18.32125525876221,17.96636305380915,18.04769272309995,45495600
2009-08-28,18.247318267822266,18.846196625563493,18.195563539527548,18.5356668455846,55808000
2009-08-31,18.22514533996582,18.373017268123395,17.95897784357789,18.165996850745035,49592800
2009-09-01,17.74456214904785,18.291685979418162,17.6706261913846,18.003337295763686,62608500
2009-09-02,17.641048431396484,17.848067371042493,17.581899961467517,17.61147349132662,40771300
2009-09-03,17.82589340209961,17.8480732041901,17.567118232757853,17.678021473843973,34120000
2009-09-04,18.20296287536621,18.336045898988683,17.803709573865753,17.81110331021328,44999700
2009-09-08,18.350841522216797,18.365629001479718,18.047705248385107,18.2029709602225,53737100
2009-09-09,18.321258544921875,18.44694923354709,18.239928861043527,18.29168360161669,49900300
2009-09-10,18.483922958374023,18.52089024020621,18.225147754914506,18.33605101062247,46256000
2009-09-11,18.38041114807129,18.609611369302616,18.343442460639633,18.432165900264373,54303500
2009-09-14,18.483922958374023,18.550465193841084,18.21775401650579,18.225147754914506,42806800
2009-09-15,18.631786346435547,18.68354108130836,18.380404996872677,18.461733261582484,44716600
2009-09-16,18.631786346435547,18.742689551193106,18.446947201769365,18.66875361128448,50055800
2009-09-17,18.705724716186523,18.76487319821372,18.52827927010493,18.52827927010493,42428800
2009-09-18,18.6761531829834,18.838811173447777,18.55785620624363,18.824023698802506,68016500
2009-09-21,18.705724716186523,18.757480871894987,18.557854216224055,18.565247952753833,28878700
2009-09-22,19.053224563598633,19.090191838522998,18.698333647564596,18.77966193444043,61376700
2009-09-23,19.008861541748047,19.408114867349127,18.957106794402225,19.164127193996613,60599900
2009-09-24,19.178916931152344,19.304607651060017,18.971896507124626,19.164129455819378,56302900
2009-09-25,18.890565872192383,19.090192548717226,18.868386070497085,18.994076784211487,50158900
2009-09-28,19.097583770751953,19.341571428743936,18.927532065832605,18.927532065832605,44358000
2009-09-29,19.03843879699707,19.193703057857576,18.994077781067105,19.15673577961782,39050300
2009-09-30,19.016250610351562,19.21587722414691,18.764869261915365,19.045825550266763,63533400
2009-10-01,18.39519691467285,18.83141754781723,18.33604842595215,18.78705653382951,75958100
2009-10-02,18.4543399810791,18.550457128390793,18.06248188727068,18.084661682641997,51219700
2009-10-05,18.21775245666504,18.52828239218598,18.129030423779792,18.469133900192052,60804900
2009-10-06,18.56523323059082,18.63916771683675,18.232522401644417,18.247309862977577,48795300
2009-10-07,18.55785369873047,18.617002179108287,18.395194320033212,18.47652400938184,38472700
2009-10-08,18.979284286499023,19.149335968808877,18.646573247013805,18.809232604189166,60521300
2009-10-09,18.890565872192383,19.068012747021932,18.8240236466841,18.905353346796712,39520000
2009-10-12,19.016250610351562,19.14194128456966,18.890559936133464,18.971889610689512,29145800
2009-10-13,19.082794189453125,19.17891134088994,18.868381500467127,18.920136238835788,37749000
2009-10-14,19.193695068359375,19.3711418786384,19.090185604205512,19.326779470963302,45365500
2009-10-15,19.748214721679688,19.748214721679688,19.149336251961767,19.149336251961767,65620100
2009-10-16,19.59295082092285,19.689066562947804,19.297208449064303,19.555983553269606,56500900
2009-10-19,19.489444732666016,19.65210271292278,19.40811503743208,19.585560491406124,48143200
2009-10-20,19.496837615966797,19.600347107033972,19.178913996019272,19.53380488843049,54604700
2009-10-21,19.652103424072266,19.7777941347953,19.511625239096837,19.563379988769057,61672700
2009-10-22,19.659494400024414,19.75561014874321,19.319389591042825,19.63731319176117,61600000
2009-10-23,20.716773986816406,21.700118289877153,20.61326309529728,21.589215072731083,281761000
2009-10-26,21.20474624633789,21.456127588131018,20.783313235158445,20.798099294514554,124149700
2009-10-27,21.138212203979492,21.35262495463036,21.02730895983516,21.24172171048603,69685800
2009-10-28,20.716773986816406,21.271291482757675,20.665019246162302,20.879431944616584,73542400
2009-10-29,20.864648818969727,21.005127008728323,20.59108758704169,20.753745578722924,65225500
2009-10-30,20.502355575561523,20.997724491053543,20.45060084576858,20.724163373516372,73371800
2009-11-02,20.61326789855957,20.73895861666956,20.26577069447254,20.480184853100095,62428900
2009-11-03,20.3544921875,20.50975643078621,20.280556229177996,20.435820472464204,50294800
2009-11-04,20.746349334716797,20.990336997865022,20.421033390659858,20.472788135841142,63898400
2009-11-05,21.04948616027832,21.24911282118587,20.909009393160638,21.086454843896988,52681700
2009-11-06,21.08645248413086,21.167780758568384,20.849858576292743,20.982941591793487,38908500
2009-11-09,21.433948516845703,21.441342252364926,21.09384514422664,21.160387353688783,57518000
2009-11-10,21.448740005493164,21.648366671272075,21.30086808783224,21.367410309758544,65881100
2009-11-11,21.530065536499023,21.663148544397224,21.45612959197057,21.500490594603303,49693400
2009-11-12,21.707509994506836,21.803625730983477,21.4413411700934,21.448734905239416,55352400
2009-11-13,21.907133102416992,22.02543144320146,21.714901647892525,21.788836171843172,53037600
2009-11-16,21.84058952331543,22.03282095328715,21.71489887435825,21.892344247554774,54129500
2009-11-17,22.27874183654785,22.27874183654785,21.885150220848907,21.907429472605386,75648900
2009-11-18,22.360429763793945,22.382707597864687,22.13764150797727,22.278740595016746,59431200
2009-11-19,22.115367889404297,22.27874484165644,22.055957959817658,22.271318423402555,51967700
2009-11-20,21.996543884277344,22.107937304201077,21.85544479693705,22.02624813524972,42647100
2009-11-23,22.234188079833984,22.286171591941216,22.055958288418708,22.159925312633167,41832700
2009-11-24,22.21190643310547,22.27131635718035,22.093086584955707,22.24161210336507,37341400
2009-11-25,22.1227970123291,22.174780530017212,21.966845042820143,22.137648434208117,32033500
2009-11-27,21.69950294494629,21.82574925715943,21.350469689507527,21.617815154534142,29357900
2009-11-30,21.840595245361328,21.87030091724196,21.53611919080685,21.647512627470423,44172000
2009-12-01,22.286165237426758,22.315869485970747,21.84059017771435,21.922279339987444,49904200
2009-12-02,22.115367889404297,22.271318423402555,22.018825868548227,22.20448207556203,36308600
2009-12-03,22.152503967285156,22.42727584391875,22.10052044327348,22.159930387350368,43095200
2009-12-04,22.263893127441406,22.553517788164754,22.15249968090682,22.315876641394578,58810700
2009-12-07,22.1227970123291,22.338157502243366,22.041107817993712,22.11537059316728,38082700
2009-12-08,21.959415435791016,22.085661710325414,21.818316325089175,21.922284761816833,37402200
2009-12-09,22.063385009765625,22.13764778275383,21.72177823704229,21.885155204460677,44713300
2009-12-10,22.182207107543945,22.249042047588226,22.026255136921602,22.06338581655116,45940200
2009-12-11,22.167354583740234,22.278748040654577,22.12279748426343,22.256468782693847,43744200
2009-12-14,22.360429763793945,22.3975604315413,22.204477843077854,22.211904259916164,34651200
2009-12-15,22.293598175048828,22.43469587568413,22.1896297336216,22.197056152041007,49473200
2009-12-16,22.353012084960938,22.58322543116433,22.30845498295748,22.330732825736842,55737800
2009-12-17,21.981691360473633,22.24903528877085,21.959412109597114,22.241610288256215,43691200
2009-12-18,22.546092987060547,22.612929343065243,22.130222012710306,22.159927689354447,94118000
2009-12-21,22.66490936279297,22.902549073491837,22.553515925458424,22.575793763058687,40129100
2009-12-22,22.887706756591797,22.969395975855335,22.67977262238651,22.724329734509777,36321000
2009-12-23,22.961965560913086,22.98424482132247,22.79116214710891,22.806013570937026,28362700
2009-12-24,23.021366119384766,23.021366119384766,22.843136358111224,22.93225053052588,11083900
2009-12-28,23.147619247436523,23.15504566674924,22.939683756014425,23.021372952009653,25384000
2009-12-29,23.310993194580078,23.39268237996281,23.192173333902172,23.281288937632834,29716200
2009-12-30,22.991661071777344,23.2367285936456,22.87284122771991,23.132760167762147,42006200
2009-12-31,22.635202407836914,23.013941206464093,22.635202407836914,23.00651478887011,31929700
2010-01-04,22.984233856201172,23.09562727221585,22.71688852461063,22.73916777439122,38409100
2010-01-05,22.991661071777344,23.0956294976608,22.754021383662476,22.909973314265528,49749600
2010-01-06,22.85056495666504,23.080778243231975,22.664908760559104,22.93225271976948,58182400
2010-01-07,22.612926483154297,22.798582689365926,22.419843858720867,22.746597761813337,50559700
2010-01-08,22.768875122070312,22.932252060023313,22.4569726649278,22.486678335343434,51197400
2010-01-11,22.4792537689209,22.843139762812694,22.367860328577606,22.8060076717353,68754700
2010-01-12,22.330724716186523,22.575790812875272,22.211904876364354,22.390134636097606,65912100
2010-01-13,22.538658142089844,22.66490438774254,22.286165650784454,22.471821811071116,51863500
2010-01-14,22.991661071777344,23.0956294976608,22.47182460813714,22.50895527823849,63228100
2010-01-15,22.91739845275879,23.19959521253724,22.806003615782164,23.080775375110083,79913200
2010-01-19,23.095630645751953,23.199597660359373,22.783728185485355,22.835711692789065,46575700
2010-01-20,22.716896057128906,22.97681505831043,22.508960572894768,22.880273027027055,54849500
2010-01-21,22.286165237426758,22.813428042968194,22.278738821179743,22.731740297139165,73086700
2010-01-22,21.506410598754883,22.427266471797733,21.417296428101835,22.278740965450382,102004600
2010-01-25,21.773759841918945,22.02625239804852,21.610382888841645,21.714349912032247,63373000
2010-01-26,21.907426834106445,22.167345740850763,21.602950845659816,21.684640009150794,66639900
2010-01-27,22.033681869506836,22.145075326424422,21.550975945234192,21.796042117030744,63949500
2010-01-28,21.654945373535156,22.182209871940504,21.454436279080525,22.1599306115195,117513700
2010-01-29,20.927167892456055,22.219334923992136,20.54100264171347,22.204482087476396,193888500
2010-02-01,21.09797477722168,21.14995829724092,20.734088720642305,21.083121938231987,85931100
2010-02-02,21.135103225708008,21.164808900549527,20.897463492754017,21.06826829020367,54413700
2010-02-03,21.261354446411133,21.380175756915314,20.88261691937511,20.986583972565793,61397900
2010-02-04,20.674680709838867,21.164813110664998,20.652401449275928,21.075697484858058,77850000
2010-02-05,20.808347702026367,21.00143032432449,20.474165967963376,20.79349486574703,80960100
2010-02-08,20.585559844970703,20.852905237906835,20.47416640339547,20.800921726268022,52820600
2010-02-09,20.800920486450195,21.04598660988658,20.607837871554203,20.771214815030334,59195800
2010-02-10,20.786062240600586,20.971718389319538,20.674668834658014,20.81576790428874,48591300
2010-02-11,20.882612228393555,21.090546288065497,20.570709722441094,20.741513104727204,65993700
2010-02-12,20.741518020629883,20.838058654580667,20.48159896799255,20.65240239076041,81117200
2010-02-16,21.151865005493164,21.16678729744988,20.905652880479725,20.987722640105478,51935600
2010-02-17,21.3309326171875,21.375698079176082,21.15933049367429,21.28616715519892,45882900
2010-02-18,21.614444732666016,21.65921160866262,21.271240555100576,21.33092830002796,42856500
2010-02-19,21.465221405029297,21.57713572450069,21.405533673106703,21.480143693776892,44451800
2010-02-22,21.435380935668945,21.592062151411398,21.37569319230707,21.51745211644204,36707100
2010-02-23,21.136943817138672,21.50999259712564,20.95788057351311,21.39807824774318,52266200
2010-02-24,21.360776901245117,21.480153844571596,21.174252472958397,21.27870712048551,43165900
2010-02-25,21.338396072387695,21.375700390901148,20.90565943151642,21.092183870220737,48735300
2010-02-26,21.390613555908203,21.52491132213473,21.271238079944162,21.375691265645717,40370600
2010-03-01,21.651750564575195,21.674132579610756,21.286162947290677,21.46522618291566,43805400
2010-03-02,21.23394203186035,21.8606642778402,21.069801033367945,21.696523279347794,93123900
2010-03-03,21.23394203186035,21.345857836767777,21.151872244148436,21.27124777451902,48442100
2010-03-04,21.360776901245117,21.375699197044487,21.09218269219879,21.23394023308741,42890600
2010-03-05,21.3309326171875,21.39808152170456,21.204095955662872,21.383159226685574,56001800
2010-03-08,21.360776901245117,21.584607069030255,21.263784824686145,21.27870712048551,39414500
2010-03-09,21.48760414123535,21.718895355435972,21.301079794790365,21.308540939416304,50271600
2010-03-10,21.614444732666016,21.718899353590007,21.48760809681181,21.532374972808416,44891400
2010-03-11,21.7711238861084,21.778585031399658,21.524911783768683,21.554754941865763,35349700
2010-03-12,21.83827018737793,21.9203399297377,21.666668135181926,21.875574486353482,31700200
2010-03-15,21.853195190429688,21.912882930044645,21.64428739024335,21.77112401480863,37512000
2010-03-16,21.912891387939453,22.00242232038488,21.786054714418,21.950195705946964,36723500
2010-03-17,22.10686492919922,22.285929554205076,21.935262871892085,22.00987289513322,50385700
2010-03-18,22.091949462890625,22.174019227754954,22.009878274958115,22.10687033273166,43845200
2010-03-19,22.0770320892334,22.308321988590045,21.897968803628075,22.203868761087396,81332100
2010-03-22,22.084487915039062,22.159097955160888,21.927806688476416,22.00987787491724,37718200
2010-03-23,22.293392181396484,22.308314472603186,21.94272687644706,22.077024651171357,42026600
2010-03-24,22.121797561645508,22.271017677896577,22.084493244116988,22.174024175412832,33987700
2010-03-25,22.390382766723633,22.80819690521016,22.23370157537379,22.25608500930029,73168700
2010-03-26,22.129253387451172,22.532146750587952,22.077026786244883,22.45007556408198,55595500
2010-03-29,22.0770320892334,22.248634226721602,22.04718749676493,22.166563020501812,33336000
2010-03-30,22.211320877075195,22.278469759754977,22.009874229035855,22.106866268980028,34954800
2010-03-31,21.853195190429688,22.174015901442612,21.763662869473265,22.114328161827654,63760000
2010-04-01,21.75620460510254,22.039722473118108,21.35331266511746,21.89796353911032,74768100
2010-04-05,21.83827018737793,21.957645651781043,21.659206990773257,21.733815588724365,34331200
2010-04-06,21.875581741333008,22.069567291089815,21.621908439579357,21.748745090456183,47366800
2010-04-07,21.897960662841797,22.05464044584849,21.74127945676714,21.75620174745386,58318800
2010-04-08,22.323230743408203,22.367996181887406,21.860649802231006,21.875572089413282,63713800
2010-04-09,22.636598587036133,22.688825185090902,22.308315283890064,22.345621013263518,54752500
2010-04-12,22.621667861938477,22.748504448387465,22.539596710981034,22.569441283353754,37068800
2010-04-13,22.718666076660156,22.755970376903356,22.47991371667304,22.494836005997453,41374600
2010-04-14,22.99472999572754,23.12902780421716,22.875354482196403,22.972347976358186,68941200
2010-04-15,23.03203010559082,23.09171784777258,22.912653198159276,22.994724377309705,52745400
2010-04-16,22.882810592651367,23.11410042132227,22.8305839948613,22.972342919625813,88703100
2010-04-19,23.15886688232422,23.315546672893408,22.9499590718306,22.957420217534093,64970300
2010-04-20,23.397607803344727,23.457295520268875,23.226004372003807,23.2931532314269,52199500
2010-04-21,23.3752384185791,23.50207507112377,23.300628371834893,23.3752384185791,55343100
2010-04-22,23.420000076293945,23.524454694009993,23.054412471957903,23.158867089673947,84847600
2010-04-23,23.09917449951172,23.561755507224944,22.86788470718902,23.218551391073063,126766600
2010-04-26,23.211090087890625,23.33792670018224,23.024565741759886,23.129018920211397,63649300
2010-04-27,23.017101287841797,23.315539914129126,22.94249127550306,23.091711300180535,68730900
2010-04-28,23.061870574951172,23.12901945495615,22.845503068432354,23.069331719737043,64557900
2010-04-29,23.129018783569336,23.449840884709694,22.88280670505405,23.076792194652125,52665200
2010-04-30,22.785816192626953,23.18870806478486,22.770893902492386,23.181246919717577,63214800
2010-05-03,23.02457046508789,23.173789118762937,22.81566264226108,22.882811534488695,43989500
2010-05-04,22.47991180419922,22.793272738013616,22.19639544649463,22.770890728998978,82085600
2010-05-05,22.27101707458496,22.450080355394405,22.151641554045334,22.211329314315147,66833800
2010-05-06,21.621904373168945,22.293391812614516,20.82358030670059,22.077024285968584,128613000
2010-05-07,21.047407150268555,21.599520483272727,20.383380913992223,21.58459819360929,173718100
2010-05-10,21.592063903808594,21.99495584843266,21.420460382531438,21.6442905056054,86653300
2010-05-11,21.54729461669922,22.121790018380757,21.31600479613876,21.39807597439841,63789400
2010-05-12,21.96510887145996,22.069562056914506,21.577137863960328,21.621903311574002,47146800
2010-05-13,21.81589126586914,22.181478879093866,21.771125813227034,21.830813557772537,45188800
2010-05-14,21.584609985351562,21.793516462494473,21.36824093623224,21.78605673665535,63334000
2010-05-17,21.592063903808594,21.808431457405106,21.22647626816277,21.726361693039337,46053300
2010-05-18,21.434682846069336,21.734468330243676,21.284789389237194,21.637038583945746,52690600
2010-05-19,21.164867401123047,21.502126840046927,20.82760939168859,21.37471787750784,61746700
2010-05-20,20.31797218322754,20.86508063247129,20.265509925010925,20.722682053390958,87991100
2010-05-21,20.115625381469727,20.31798112030439,19.815839895875754,19.95823710810167,117596300
2010-05-24,19.688419342041016,20.130603210088324,19.6809245306093,20.123108398656612,73711700
2010-05-25,19.538537979125977,19.733398907628317,19.02140710846553,19.22376285300527,98373600
2010-05-26,18.744098663330078,19.943241595644043,18.406839222229785,19.658444416606145,176684100
2010-05-27,19.486068725585938,19.755876288453763,19.28371305343507,19.28371305343507,136433600
2010-05-28,19.336179733276367,19.576009526978936,19.231255181305738,19.366158993547867,67496900
2010-06-01,19.403623580932617,19.71839853560601,19.126322686035355,19.13381749799058,76152400
2010-06-02,19.830821990966797,19.845811618002802,19.283713469558307,19.531036597694303,65718800
2010-06-03,20.130613327026367,20.18307560392494,19.79335379055004,19.898278344347194,67837000
2010-06-04,19.328683853149414,19.91326505809985,19.20127487241849,19.56101737230947,89832200
2010-06-07,18.95394515991211,19.358654974736282,18.91647110238914,19.35116016323169,80456200
2010-06-08,18.81903839111328,18.93145768665921,18.474284264685014,18.923962876357628,87355000
2010-06-09,18.5792179107666,19.126326425049612,18.54923865708504,18.9014863109064,87794000
2010-06-10,18.736600875854492,18.84902019521178,18.571719302763086,18.834030571433686,78930900
2010-06-11,19.231252670288086,19.27622012533414,18.564229940728037,18.766585632669724,68057700
2010-06-14,19.111339569091797,19.456092459477222,19.088855125570692,19.38114717338627,50972400
2010-06-15,19.92074966430664,19.97321190663823,19.29119989734977,19.29869470760984,81641500
2010-06-16,19.725900650024414,19.920761544529487,19.658448746946128,19.83832001199164,48698000
2010-06-17,19.763368606567383,19.988207260910368,19.51604551499438,19.9057657538896,47995500
2010-06-18,19.815834045410156,19.883285938440416,19.61347836631938,19.76337177960652,52075600
2010-06-21,19.448591232299805,20.153086358014605,19.40362236339017,20.070646290658523,54625300
2010-06-22,19.313684463500977,19.8233201288466,19.306189653188376,19.605974918247888,55985400
2010-06-23,18.968935012817383,19.32118403690208,18.901483132864534,19.32118403690208,61466200
2010-06-24,18.736600875854492,19.27621446646299,18.684138622120372,19.081353645815398,85243400
2010-06-25,18.384361267089844,18.81905053874982,18.21947819300135,18.774081647913054,156256700
2010-06-28,18.219472885131836,18.444312985343647,18.077075727436036,18.369366285273042,73784800
2010-06-29,17.470008850097656,18.13703291236134,17.320116878530435,18.08456922134893,119882100
2010-06-30,17.24517059326172,17.747311640556656,17.20020314365769,17.462514457589076,81050500
2010-07-01,17.35759162902832,17.4775057926891,17.035321778131376,17.30512936111293,92239400
2010-07-02,17.440034866333008,17.597421685544663,17.275151802980158,17.507486768706496,62485100
2010-07-06,17.85222816467285,18.054583741428402,17.67235701738641,17.762293305774037,73592000
2010-07-07,18.21197509765625,18.22696472112003,17.694845953558335,17.852232711460527,79965300
2010-07-08,18.294418334960938,18.45180653730223,17.964653734880056,18.436816912414617,50758100
2010-07-09,18.189496994018555,18.294421527563838,18.0995606584872,18.234464447039453,53806100
2010-07-12,18.609195709228516,18.654163160199186,18.30191550686487,18.309410320274896,49854200
2010-07-13,18.834030151367188,18.96143909166089,18.661653770231347,18.84152496308907,61928700
2010-07-14,19.066368103027344,19.19377706388109,18.8265398071825,19.1113355511259,72808100
2010-07-15,19.118831634521484,19.178788712466897,18.721615099702174,19.11133682109212,56934700
2010-07-16,18.654165267944336,19.216263471802744,18.646670453687467,19.118833745442736,65064800
2010-07-19,18.908979415893555,18.961441675606803,18.66915112606763,18.70662376029442,38181800
2010-07-20,19.09634780883789,19.09634780883789,18.511766637428074,18.63168079717827,45530700
2010-07-21,18.826536178588867,19.223751180964843,18.721610247262937,19.186278553020017,73297300
2010-07-22,19.36614990234375,19.47856921660837,19.08884759296782,19.118826839165926,73016400
2010-07-23,19.343666076660156,19.50105426517673,18.923966623097925,19.366150512016578,108520100
2010-07-26,19.56101417541504,19.635960874682713,19.33617407761201,19.381142954866252,67249900
2010-07-27,19.605979919433594,19.665936987739627,19.456086533923873,19.590990294984767,60672100
2010-07-28,19.448591232299805,19.628462419470974,19.358654923969656,19.53852611114083,69704800
2010-07-29,19.5085506439209,19.793346367198232,19.18628085870622,19.583495908816992,69446200
2010-07-30,19.343666076660156,19.366150512016578,18.998913311463475,19.298698635436498,83534800
2010-08-02,19.7333927154541,19.77086535439249,19.298703528116874,19.478574768102327,55044600
2010-08-03,19.605979919433594,19.7483784927189,19.46358134614829,19.635959168331244,56877700
2010-08-04,19.28370475769043,19.665931497491496,19.06636098181661,19.59847963579196,78531900
2010-08-05,19.013906478881836,19.17129326724327,18.893990897453353,19.103841378091385,64922100
2010-08-06,19.14881706237793,19.15631187878334,18.75160179932154,18.871516002828006,55982100
2010-08-09,19.19377899169922,19.283713896929374,19.013907751749365,19.148810109594596,57096500
2010-08-10,18.78907012939453,18.99142583731812,18.646671509430924,18.983931022636902,87257700
2010-08-11,18.631683349609375,18.66166117890894,18.406843197158825,18.496779544036993,76746900
2010-08-12,18.35438346862793,18.496782108641405,18.256953723033405,18.30192118796242,70240500
2010-08-13,18.28692054748535,18.489276162079673,18.167006426871474,18.249447920851917,45263500
2010-08-16,18.361875534057617,18.444317065320707,18.211982100759215,18.25695098844257,40909700
2010-08-17,18.6180477142334,18.80641323835368,18.535167860858607,18.6180477142334,52912600
2010-08-18,18.70093536376953,18.798886274403547,18.392015914136817,18.59545109427018,46818900
2010-08-19,18.414615631103516,18.640653704727775,18.24131824173556,18.55023905012408,54064600
2010-08-20,18.256385803222656,18.384474413954553,18.23378286063841,18.316662711972086,49560100
2010-08-23,18.294065475463867,18.565310930882656,18.26392629313105,18.41461933056451,51643000
2010-08-24,18.11323356628418,18.3468064663755,18.08309438582583,18.150906104741896,66522500
2010-08-25,18.158435821533203,18.248850463391776,17.98513989370859,18.08308932857451,47404800
2010-08-26,17.94746208190918,18.226243614969352,17.92485914484654,18.150897138160023,49105300
2010-08-27,18.03034782409668,18.09815952634018,17.7138936926653,17.992673857786475,60939400
2010-08-30,17.811845779418945,17.94746920407281,17.781708039004247,17.887192286128325,45453100
2010-08-31,17.683752059936523,17.879652346156686,17.570733050955763,17.781702921603937,66074600
2010-09-01,18.007740020751953,18.045413979899738,17.736494700460884,17.83444412001593,65235900
2010-09-02,18.037885665893555,18.045420460429032,17.86458826580782,17.992676898680696,48837100
2010-09-03,18.301603317260742,18.422157192426997,18.23379158284028,18.263929333074067,64189100
2010-09-07,18.052947998046875,18.309125181207744,18.022810266735704,18.158433650422594,51928700
2010-09-08,18.03034782409668,18.23378293082718,17.887189626347638,18.135832055535513,65512400
2010-09-09,18.090627670288086,18.24131924865071,18.075558081317293,18.22625109679502,46028900
2010-09-10,17.970069885253906,18.105693281968353,17.92486256538735,18.068019317817235,58284300
2010-09-13,18.919431686401367,19.055055079253883,18.150900084980282,18.233781366637874,114680400
2010-09-14,18.85915756225586,19.100265213035254,18.753671887203655,18.866692355982085,87160400
2010-09-15,18.926965713500977,19.002310762380766,18.776272741512024,18.911896128879143,56201900
2010-09-16,19.085195541381836,19.11533471615377,18.874225629323153,18.881760423016136,44548300
2010-09-17,19.002321243286133,19.235895622410577,18.896836966981855,19.13794470545762,70341600
2010-09-20,19.160533905029297,19.22834558235622,18.919426357695507,19.047514921855875,49838700
2010-09-21,18.949569702148438,19.153004794458933,18.896827590167515,19.153004794458933,52675700
2010-09-22,18.542705535888672,18.81395095553638,18.354339982495624,18.75367403593521,94299400
2010-09-23,18.40707778930664,18.527631600227714,18.35433567666802,18.467354694767177,46201800
2010-09-24,18.670795440673828,18.68586359376353,18.52010241285508,18.565309746354618,51948800
2010-09-27,18.633115768432617,18.82901606985802,18.52763154347847,18.723531844903874,43603300
2010-09-28,18.595443725585938,18.7612048601307,18.346801305211386,18.68585836729587,56041200
2010-09-29,18.45982551574707,18.58037936332967,18.38447900172914,18.557774977989723,44318900
2010-09-30,18.452293395996094,18.708470718530577,18.354343919551933,18.542709513349912,61262700
2010-10-01,18.36940574645996,18.70092947972449,18.30912883469504,18.663256948789517,62672300
2010-10-04,18.01527976989746,18.075556684005893,17.917330323389386,18.052952302297108,98143400
2010-10-05,18.34679412841797,18.422140591779197,18.01527055189711,18.128289528381828,78152900
2010-10-06,18.40707778930664,18.48995907323292,18.18103831599354,18.32419650538036,50489700
2010-10-07,18.482431411743164,18.648192606438876,18.294065829859942,18.55024313619035,50096100
2010-10-08,18.512561798095703,18.572838702851353,18.361870254763964,18.550235761764718,41327800
2010-10-11,18.527631759643555,18.640650778715152,18.459820060777634,18.640650778715152,27587800
2010-10-12,18.708463668823242,18.783810165373517,18.40707911973703,18.572840262455724,50141500
2010-10-13,19.092731475830078,19.24342448446347,18.75367292496246,18.851623811708677,75336500
2010-10-14,19.009849548339844,19.092730844057197,18.83655360012628,19.05505831170294,51949100
2010-10-15,19.24342155456543,19.25095491044658,19.009847283034908,19.10779815486766,68954800
2010-10-18,19.454387664794922,19.552338524819838,19.175607543124773,19.281091758122706,48330500
2010-10-19,18.911895751953125,19.115330828949215,18.798876743771295,19.039984344456442,66150900
2010-10-20,19.070125579833984,19.137937284625398,18.911899226730636,19.032453049223164,56283600
2010-10-21,19.153003692626953,19.243419763046205,18.874222126189384,19.137934108037964,50032400
2010-10-22,19.122865676879883,19.243420923748626,19.03998583087076,19.22835133825069,25837900
2010-10-25,18.97970199584961,19.10025576158524,18.964632415854094,19.017374508724153,50912400
2010-10-26,19.514671325683594,19.567413451456268,18.881762942181194,18.926971710370754,69304200
2010-10-27,19.62769317626953,19.672901950918376,19.3037055806449,19.43179423458593,64805500
2010-10-28,19.800981521606445,19.876326570560984,19.529734746603097,19.7482379753777,80730300
2010-10-29,20.094831466674805,20.49416684143658,19.951673285214593,20.456492879412995,114193200
2010-11-01,20.305809020996094,20.509242744390004,20.117443450994703,20.253065454218895,61912100
2010-11-02,20.6373233795166,20.65992775650483,20.358543248901942,20.388680981104883,54402100
2010-11-03,20.3660831451416,20.71267505646507,20.313339585617765,20.690070673812,110255300
2010-11-04,20.44896125793457,20.667465960209768,20.351011815714088,20.652396373063564,93599300
2010-11-05,20.230464935302734,20.486642256241396,19.989357206681742,20.471572663923727,110953700
2010-11-08,20.200315475463867,21.752448203897124,20.02701956330661,20.102366049453366,71670800
2010-11-09,20.305809020996094,20.426362870827763,20.124976809133337,20.200323324556944,58538600
2010-11-10,20.29826545715332,20.4037496709094,20.200314598281565,20.35100756403136,52277300
2010-11-11,20.10236930847168,20.132507045547534,19.800984752138543,20.10236930847168,62073100
2010-11-12,19.793447494506836,19.981812998404813,19.66535889437162,19.94413903535637,64962200
2010-11-15,19.740705490112305,19.9667435211664,19.718101112160994,19.838654920338477,51794600
2010-11-16,19.566343307495117,19.74070547010342,19.44504877016887,19.74070547010342,65339200
2010-11-17,19.384401321411133,19.642152572320956,19.369239142899985,19.63457148306538,58299700
2010-11-18,19.58908462524414,19.771026413119944,19.41472392593959,19.490531919762578,59514000
2010-11-19,19.475372314453125,19.58150466869675,19.407143959312258,19.558761401668168,52423200
2010-11-22,19.505695343017578,19.51327643207315,19.285849544185528,19.445048076517885,53350500
2010-11-23,19.04326057434082,19.407144175176306,19.020517307059265,19.38440090789475,69742500
2010-11-24,19.232784271240234,19.301011184059252,19.07358428547597,19.103908643124385,56825900
2010-11-26,19.14181137084961,19.263105901484355,19.08116410553224,19.111487015218493,21356500
2010-11-29,19.187299728393555,19.270690274646302,18.899225530526504,19.09632953788611,56603600
2010-11-30,19.149404525756836,19.30860315529634,18.952300427794285,18.990204450271563,75282100
2010-12-01,19.74070930480957,19.899907873745832,19.37682417619985,19.384405266998513,74123500
2010-12-02,20.385086059570312,20.453314430619844,19.86200380945086,19.89232672661442,91759200
2010-12-03,20.48363494873047,20.513957860202094,20.30169314206589,20.32443496418337,52622000
2010-12-06,20.34718894958496,20.453321364555485,20.28654164875242,20.415417343764787,36264200
2010-12-07,20.369922637939453,20.56702518837527,20.35476045838438,20.52912118543262,57860500
2010-12-08,20.642841339111328,20.650422431349043,20.316861602617212,20.33960487933035,41666800
2010-12-09,20.52911949157715,20.726223471694965,20.47605331345791,20.680738382727746,47148300
2010-12-10,20.726221084594727,20.77170616832329,20.55186039201461,20.612507652300945,37625800
2010-12-13,20.657995223999023,20.809614115947625,20.597347956408566,20.673157402382866,47943900
2010-12-14,20.93848991394043,21.037041182362756,20.66557648454794,20.70348048487693,64070500
2010-12-15,21.112855911254883,21.218988295485573,20.870266778187418,20.870266778187418,69634200
2010-12-16,21.218984603881836,21.218984603881836,20.968814423186572,21.044623875567417,57680200
2010-12-17,21.15076446533203,21.294802336267015,21.03705096551835,21.165926650892683,87456500
2010-12-20,21.082530975341797,21.21898772048078,20.983979684933225,21.1886648026417,52811000
2010-12-21,21.279638290405273,21.332704489282815,21.044630218542377,21.11285860165507,38153000
2010-12-22,21.370607376098633,21.52980595355816,21.211407352693808,21.23415062630744,42252300
2010-12-23,21.453990936279297,21.469153114765202,21.196239685798634,21.203820775041585,24902500
2010-12-27,21.279638290405273,21.37819104198826,21.135600432062315,21.317543750993142,21652800
2010-12-28,21.234148025512695,21.35544257803844,21.1962425741327,21.2038236644087,23042200
2010-12-29,21.203813552856445,21.317528406823627,21.135585218853908,21.181071738818556,19502500
2010-12-30,21.112855911254883,21.226569386637095,21.059789719139534,21.165922103370228,20786100
2010-12-31,21.158340454101562,21.16592154505311,20.94607424529407,21.074949899579824,24752000
2011-01-03,21.21140480041504,21.36302371437166,21.165919704606104,21.26447098651632,53443800
2011-01-04,21.2947998046875,21.3554470937746,21.112857937426195,21.181086318392364,54405600
2011-01-05,21.2265682220459,21.234149312781483,21.052207472963087,21.150758760635263,58998700
2011-01-06,21.848207473754883,21.870950750407445,21.120439972218783,21.256896740243175,88026300
2011-01-07,21.68143081665039,21.78756323065562,21.416098335691622,21.71175374381802,73762000
2011-01-10,21.393348693847656,21.529805440386347,21.25689339325423,21.423673057943038,57573600
2011-01-11,21.309959411621094,21.416091793203513,21.26447286584698,21.37818778433701,50298900
2011-01-12,21.64352035522461,21.673844721339474,21.279636637518422,21.317542095162,52631100
2011-01-13,21.370607376098633,21.522224862353617,21.23415062630744,21.476739761071652,67077600
2011-01-14,21.453990936279297,21.514638204277986,21.1583356855288,21.28721131076913,62688400
2011-01-18,21.726909637451172,21.787556920166402,21.332701576829542,21.347863758994666,53322700
2011-01-19,21.58287239074707,21.742072415956876,21.431254902773077,21.575291299456573,50005900
2011-01-20,21.49189567565918,21.64351311769698,21.325114609689255,21.605609118673748,58613600
2011-01-21,21.241731643676758,21.552549152256184,21.241731643676758,21.529805878721607,58080300
2011-01-24,21.514644622802734,21.65110137799555,21.218989283848543,21.241732558362465,52047800
2011-01-25,21.567710876464844,21.567710876464844,21.317540656679853,21.332701392768897,42436600
2011-01-26,21.81789207458496,21.977090728215018,21.605625757132227,21.61320685196404,74628800
2011-01-27,21.8861083984375,22.33338117899961,21.598032737664056,21.79513675662873,146938600
2011-01-28,21.037044525146484,21.931592956125563,20.809617595144587,21.90884968474731,141249400
2011-01-31,21.021883010864258,21.150758660870892,20.786874982950472,21.052207373663563,65029000
2011-02-01,21.218984603881836,21.272050786764915,20.93091041996867,21.074946788952733,62810700
2011-02-02,21.181079864501953,21.309955495286722,21.13559332708734,21.173498774932852,45824000
2011-02-03,20.96123695373535,21.203826086497518,20.877847843064163,21.203826086497518,60340100
2011-02-04,21.052204132080078,21.10527031286261,20.85510014206996,20.999137951297545,40412200
2011-02-07,21.37818717956543,21.484319558145454,21.06736968862804,21.074949333430716,68980900
2011-02-08,21.438831329345703,21.4843164212466,21.264469159493085,21.302374607698003,34904200
2011-02-09,21.203813552856445,21.423660728185602,21.158328478836232,21.370594567504615,52905100
2011-02-10,20.847518920898438,21.181079628497404,20.68832037955607,21.173498539012773,76672400
2011-02-11,20.657995223999023,21.082526097132227,20.521538510434265,21.044622097117532,83939700
2011-02-14,20.642841339111328,20.673165708062175,20.43057654023739,20.627679154635906,56766200
2011-02-15,20.558948516845703,20.841100907917934,20.551324073795392,20.619955697178064,44116500
2011-02-16,20.604705810546875,20.642833847294867,20.284425356593093,20.627582050799123,70817900
2011-02-17,20.74959373474121,20.87160665351509,20.52082260283438,20.56657653831747,57207300
2011-02-18,20.63520050048828,20.7495860239346,20.58182068651272,20.68858031446384,68667800
2011-02-22,20.27680778503418,20.6657200284346,20.22342792986996,20.421697002259897,60889000
2011-02-23,20.27680778503418,20.482702758803573,20.15479627194683,20.231053831249415,60234100
2011-02-24,20.4140682220459,20.635213512895866,20.20817327731224,20.314932972585208,64494200
2011-02-25,20.24629783630371,20.551327977947395,20.208169795844007,20.520824381986422,53006300
2011-02-28,20.2691707611084,20.482691519089425,20.215790935235933,20.353054175760082,51379900
2011-03-01,19.948896408081055,20.421691996266578,19.941270508570945,20.284428714067825,60055000
2011-03-02,19.887889862060547,20.109036575433887,19.85738771974548,19.910767559665512,48658200
2011-03-03,19.979398727416992,20.131912344383306,19.964146929372905,20.025152667057736,68271500
2011-03-04,19.78875160217285,20.00989681099769,19.674364594531458,19.994645016046675,70437200
2011-03-07,19.61336326599121,20.032778994218198,19.483725888828914,19.92601786011942,64980400
2011-03-08,19.758249282836914,19.84213270597045,19.55998029919757,19.651489620297003,50549800
2011-03-09,19.742998123168945,19.811629752582505,19.5676068277749,19.681992391967043,39789100
2011-03-10,19.376968383789062,19.60573956704726,19.331214438035765,19.537109375663167,66549500
2011-03-11,19.582860946655273,19.712498322645263,19.33883799290742,19.376966033996194,49905800
2011-03-14,19.590484619140625,19.64386445239444,19.3312098966295,19.437969563137127,54473400
2011-03-15,19.36170768737793,19.422713405181952,19.064304994894705,19.125310712698727,76067300
2011-03-16,18.904163360595703,19.277823521054607,18.820279962812176,19.23206814708675,100725400
2011-03-17,18.896543502807617,19.232074292169653,18.87366580851375,19.110062831585033,62497000
2011-03-18,18.911794662475586,19.20157298476591,18.911794662475586,19.11006365812386,85486700
2011-03-21,19.315961837768555,19.50660496741668,19.17869855170324,19.20157625087801,46878100
2011-03-22,19.29308319091797,19.41509467154024,19.239703349957175,19.29308319091797,30895600
2011-03-23,19.47610092163086,19.5294807600024,19.201574376301213,19.239702416711882,43969000
2011-03-24,19.68199348449707,19.72774887630686,19.44559644477893,19.521853976637136,38696700
2011-03-25,19.537109375,19.78875825837216,19.514231674878275,19.773506458291006,57029800
2011-03-28,19.376968383789062,19.613365467088094,19.35409068366656,19.567611521334797,48973200
2011-03-29,19.437969207763672,19.460846902093348,19.29308005265841,19.323583645097976,40763500
2011-03-30,19.52947998046875,19.61336195692231,19.445596549523735,19.521854081792707,41999300
2011-03-31,19.36170768737793,19.58285432347441,19.32357965918456,19.52184860567039,63233700
2011-04-01,19.430347442626953,19.468476941286827,19.30071005616668,19.468476941286827,63114200
2011-04-04,19.48373031616211,19.567613771766847,19.376970612295626,19.407474215967124,35433700
2011-04-05,19.659116744995117,19.96414541020821,19.628613151228105,19.689618884270722,73651100
2011-04-06,19.941268920898438,20.06328039436273,19.720123670678717,19.81163154853119,65581400
2011-04-07,19.979398727416992,20.025152667057736,19.804005958893033,19.97177282839495,46134700
2011-04-08,19.880271911621094,20.040412949902205,19.796388441355173,19.956529479636284,39887600
2011-04-11,19.81163215637207,20.01752706959444,19.67436888089049,19.971773129264424,34286300
2011-04-12,19.55235481262207,19.712495764292687,19.48372318397628,19.69724396803999,36920400
2011-04-13,19.544727325439453,19.727745956609045,19.491347497386332,19.559979120452123,38144700
2011-04-14,19.38458824157715,19.399840036904774,19.132939436636374,19.38458824157715,55239900
2011-04-15,19.346460342407227,19.491348035554353,19.20157119476883,19.41509051287671,65080400
2011-04-18,19.125314712524414,19.277829766176644,18.850788197746933,19.140566508787906,58045100
2011-04-19,19.178695678710938,19.193947475876044,18.96517633636515,19.06431010895549,38892400
2011-04-20,19.643861770629883,19.8268789401539,19.453218703897633,19.476096395522323,61608600
2011-04-21,19.46084976196289,19.743000761035685,19.338838283257104,19.666744677713236,46892300
2011-04-25,19.52947998046875,19.537105879144793,19.323585079689963,19.49135048708854,33525100
2011-04-26,19.971773147583008,20.162416262706387,19.575235119048404,19.628614958564306,69200000
2011-04-27,20.11665916442871,20.124285062926894,19.926016065448376,20.055653430934658,52689000
2011-04-28,20.36830711364746,20.490320029835985,20.131910088420614,20.177664022934213,80200000
2011-04-29,19.76587677001953,20.314928377287057,19.33883663103368,20.246296744567186,319317900
2011-05-02,19.56761360168457,19.82688841267116,19.43035029533969,19.781134462053487,89825600
2011-05-03,19.68199348449707,19.71249707903693,19.437970546143966,19.521853976637136,71892900
2011-05-04,19.872638702392578,20.017527882897866,19.666745235296386,19.712499177485363,73292300
2011-05-05,19.666749954223633,19.88789527327594,19.582866494673475,19.865017569446273,55600000
2011-05-06,19.72774887084961,19.994648050542335,19.63623954174679,19.88026248003239,55993000
2011-05-09,19.697250366210938,19.796384165071967,19.575238865539603,19.674372664400632,38696400
2011-05-10,19.575233459472656,19.712496723443046,19.254952995038888,19.354086766522272,120798700
2011-05-11,19.33883285522461,19.56760394996349,19.22444585336402,19.559978052873376,78600000
2011-05-12,19.308334350585938,19.36171418978006,19.140568933905612,19.331212047879788,77400000
2011-05-13,19.087190628051758,19.308335901691574,19.02618488485888,19.277833757340957,66812300
2011-05-16,18.736404418945312,19.117690634892888,18.68302458143129,19.03380720194715,91350900
2011-05-17,18.820838928222656,18.959001925265817,18.628946202112783,18.72872977551878,82882100
2011-05-18,18.951322555541992,18.989700508096444,18.61359100976765,18.828511350537692,53931100
2011-05-19,18.97434425354004,19.09715542949631,18.805479252606343,19.074129249019947,37783600
2011-05-20,18.79781150817871,19.089489275352925,18.75943354808884,18.97435246703265,45451500
2011-05-23,18.552186965942383,18.613592573603576,18.444727518541594,18.582889037760395,52692500
2011-05-24,18.536836624145508,18.644297543838935,18.45240482213137,18.575216046902188,47691800
2011-05-25,18.567543029785156,18.659650730575063,18.544515372574928,18.55219125831167,34904200
2011-05-26,18.935976028442383,19.212302048173225,18.66732589415134,18.690353550470725,78016600
2011-05-27,19.005062103271484,19.112521597217086,18.92062880715662,18.943656469013167,50251000
2011-05-31,19.19694709777832,19.235325054595457,18.959000544656618,19.158567676935977,60196300
2011-06-01,18.75175666809082,19.26602921173891,18.705702825622033,19.181595947191756,74033500
2011-06-02,18.590559005737305,18.92061459089365,18.559856943689464,18.797803414652876,51487800
2011-06-03,18.352622985839844,18.529163969215716,18.29889324864071,18.460082460238105,60697700
2011-06-06,18.42937469482422,18.613591507254238,18.245157882394196,18.337265556596666,54778700
2011-06-07,18.46775245666504,18.55218571049492,18.34494124965343,18.490780106989117,41112600
2011-06-08,18.37565040588379,18.437056028178095,18.314244783589483,18.344946862723877,42205000
2011-06-09,18.390995025634766,18.45240209296316,18.283535585860207,18.42937444271501,42878700
2011-06-10,18.199115753173828,18.43706392247008,18.18376543904677,18.43706392247008,49327200
2011-06-13,18.452409744262695,18.567545115194232,18.19143545600419,18.260516971368247,47572500
2011-06-14,18.590559005737305,18.76710135260503,18.5675328252076,18.65196459385769,42894500
2011-06-15,18.22212791442871,18.429372351065542,18.16839820063951,18.421696468520672,49410200
2011-06-16,18.42169761657715,18.49845498278455,18.153047566863734,18.229804933071136,57184100
2011-06-17,18.621265411376953,18.65196747817252,18.406345087708264,18.590561880556457,83320400
2011-06-20,18.782461166381836,18.92830006105567,18.544514574880125,18.552190460286692,54338400
2011-06-21,19.005062103271484,19.081819512100832,18.728736017096157,18.820845200496535,49708700
2011-06-22,18.920623779296875,19.043435015178343,18.874569931847677,18.882245817093445,44287300
2011-06-23,18.905263900756836,18.920615664664343,18.575209760894175,18.75942653570989,59470400
2011-06-24,18.65196418762207,18.8361824119957,18.567532420810885,18.81315476794283,101387200
2011-06-27,19.342784881591797,19.54235200265267,18.5982402633815,18.5982402633815,92044200
2011-06-28,19.803325653076172,19.895434791380634,19.31208081951927,19.41954026085357,81032100
2011-06-29,19.665164947509766,19.734244974037562,19.46559635969294,19.734244974037562,66051000
2011-06-30,19.95684242248535,19.95684242248535,19.695868212146216,19.75727382257747,52535400
2011-07-01,19.972196578979492,20.087331929300543,19.834033572984065,19.903115075981777,52906200
2011-07-05,19.97987174987793,20.071979441231548,19.880086709548596,20.033601480505098,37805300
2011-07-06,20.21013832092285,20.24084185446306,19.92613649177617,19.93381237516122,48744200
2011-07-07,20.54787254333496,20.63230434350629,20.233168603725293,20.332952172664232,51946500
2011-07-08,20.663000106811523,20.70905393176184,20.348296285605763,20.37132393009327,58320700
2011-07-11,20.44040870666504,20.570895794502874,20.332949268689777,20.432734287402553,43999800
2011-07-12,20.37133026123047,20.56322296618995,20.217815511652823,20.379004681086712,47319300
2011-07-13,20.44040870666504,20.693706999053187,20.348301035264825,20.417382520827505,40861800
2011-07-14,20.317596435546875,20.732085327164455,20.233164651866414,20.432733214790623,46382300
2011-07-15,20.5555477142334,20.67068304794358,20.317599698670463,20.317599698670463,49132400
2011-07-18,20.409711837768555,20.647658424208508,20.156413480842044,20.440413914716252,44501900
2011-07-19,21.138898849487305,21.215654752148044,20.555544912310694,20.578571097498916,86730600
2011-07-20,20.770469665527344,20.993065945564855,20.709064047590342,20.939336212873155,49795400
2011-07-21,20.80117416381836,20.962363369311692,20.45576663201053,20.755120314252476,81737400
2011-07-22,21.131227493286133,21.146577798691723,20.47879193272584,20.61695492955335,76380600
2011-07-25,21.422901153564453,21.56106413337363,20.870250698352866,20.92398042071752,108482400
2011-07-26,21.553394317626953,21.60712405511838,21.323123595799267,21.353825675497703,74636500
2011-07-27,20.977706909179688,21.48430344770017,20.877923363602886,21.39987020327179,71488700
2011-07-28,21.277055740356445,21.545705733507408,20.8855945727407,20.947001623997775,83761400
2011-07-29,21.031442642211914,21.26938921439633,20.923983183294823,21.123551795587513,104394800
2011-08-01,20.931659698486328,21.254039548972187,20.532522461879957,21.115876546760337,61838400
2011-08-02,20.570898056030273,21.069820276394697,20.540195983529884,20.709061042345024,63883100
2011-08-03,20.663000106811523,20.72440569475351,20.325268641118257,20.593918637373704,64581200
2011-08-04,19.91078758239746,20.624628682886573,19.90311169847525,20.363654485631947,92949500
2011-08-05,19.711219787597656,20.033599605208842,19.365812317290953,19.93381457422014,112071700
2011-08-08,18.79013442993164,19.649814443181725,18.721052934937205,19.204623399898264,134257200
2011-08-09,19.634456634521484,19.665160162418488,18.444722744983714,18.96666954300962,126268900
2011-08-10,18.575220108032227,19.25835787817856,18.498462709762553,19.15089839901638,127819900
2011-08-11,19.33510971069336,19.480947114997196,18.72872804934256,18.805485425517052,90690100
2011-08-12,19.266029357910156,19.45024619320821,18.920621876710516,19.28905554730662,64787100
2011-08-15,19.580732345581055,19.634462070250894,19.304406374107366,19.37348786697579,56529400
2011-08-16,19.580738067626953,19.76611765673301,19.349012476294874,19.48032320273658,54251500
2011-08-17,19.503490447998047,19.851077995783452,19.256317735468684,19.503490447998047,50923700
2011-08-18,19.05548858642578,19.379903123732888,18.56114318605895,18.978246749302087,105714200
2011-08-19,18.576597213745117,19.016875405456556,18.46845948592093,18.854667340454228,77397900
2011-08-22,18.522518157958984,18.916450129616816,18.37576031474027,18.862381295455684,54721000
2011-08-23,19.094106674194336,19.11727966476958,18.56114115035181,18.56114115035181,59670600
2011-08-24,19.233142852783203,19.256315844782176,18.862383820392232,19.040039005921393,45329700
2011-08-25,18.978242874145508,19.43396799952899,18.92417404117886,19.372174837100648,48192000
2011-08-26,19.503490447998047,19.573007957555127,18.862385672400418,18.931903181957498,71957000
2011-08-29,19.959209442138672,19.974658100152855,19.59617481839606,19.719761135979297,38863200
2011-08-30,20.260452270507812,20.414935914515322,19.851073118438784,19.87424463375426,57341400
2011-08-31,20.5462589263916,20.631223655754535,20.28363745759832,20.306810460115177,59300800
2011-09-01,20.24501609802246,20.74708751407808,20.24501609802246,20.43812003550043,60510800
2011-09-02,19.92831802368164,20.08280170301102,19.820180332110404,19.912870834361144,43894400
2011-09-06,19.704326629638672,19.76611983281025,19.395360613780788,19.464878151507083,54929300
2011-09-07,20.082807540893555,20.082807540893555,19.750668565071607,19.843359094266606,41961000
2011-09-08,20.252735137939453,20.59259839156975,20.044184059663937,20.082804247757174,65811900
2011-09-09,19.88197135925293,20.221834533067153,19.696591848063008,20.08279953135836,64529200
2011-09-12,19.997840881347656,20.028738214784592,19.518943999202715,19.650254719777802,55046100
2011-09-13,20.11370086669922,20.229562900153983,19.936044177251848,20.021010355975996,48792300
2011-09-14,20.469011306762695,20.700735373759397,19.997837367501628,20.21411424376005,66739200
2011-09-15,20.84749412536621,20.87839145247023,20.32225135072309,20.64666591898704,67808300
2011-09-16,20.947906494140625,21.06376851058213,20.72390531885697,20.893836178086815,89681500
2011-09-19,21.017427444458008,21.094669297919058,20.546254937550664,20.700737171206942,52324900
2011-09-20,20.83977508544922,21.241431600200492,20.80115489002799,21.094672205720986,49211900
2011-09-21,20.075075149536133,20.901559353951065,20.05962648866015,20.893835023513073,72750700
2011-09-22,19.356731414794922,19.812456663466726,19.00142100302537,19.542110952231074,96278300
2011-09-23,19.356731414794922,19.426248925491677,19.070938513722126,19.233145056504156,64768100
2011-09-26,19.65026092529297,19.712054138415073,19.101844869726172,19.457156950128088,51057600
2011-09-27,19.82790756225586,20.021011453016722,19.65797666876198,19.820183229833532,55620700
2011-09-28,19.75838851928711,20.368597474179097,19.704319669768203,20.028734240147283,60736200
2011-09-29,19.657974243164062,20.21411284955771,19.379904203334444,20.06735349817368,63407300
2011-09-30,19.225421905517578,19.696595846225243,19.217697573491883,19.464871778517107,54060500
2011-10-03,18.947351455688477,19.573007555587637,18.939627124422373,19.09410932994786,64592500
2011-10-04,19.57301139831543,19.611631588962634,18.738802610249596,18.769698468114193,83485400
2011-10-05,19.997840881347656,20.206393462249135,19.433977805517088,19.634806053059332,94061300
2011-10-06,20.345422744750977,20.391767258493783,19.85107733611966,20.00555953968418,55111400
2011-10-07,20.275915145874023,20.47674343458701,20.237294944426477,20.345432687092604,52741600
2011-10-10,20.808874130249023,20.83204565252352,20.445837899781598,20.53080407682983,41815300
2011-10-11,20.85521697998047,20.90928582531719,20.63894012536804,20.747079289307024,38826200
2011-10-12,20.82431983947754,21.094665541820774,20.777975324959304,20.994252181487,52489800
2011-10-13,20.994260787963867,21.009709456891557,20.561708370851637,20.669846106813157,43823500
2011-10-14,21.06377410888672,21.24142934619839,20.87067020573946,21.09466996729203,50947700
2011-10-17,20.83977508544922,21.179638403566912,20.73936169339441,20.940189950770048,39453300
2011-10-18,21.094667434692383,21.164184949340477,20.700735342775072,20.808874517375266,52487900
2011-10-19,20.95563507080078,21.21825649881586,20.862946021657738,21.141016115618616,42880000
2011-10-20,20.88612174987793,21.117845876282043,20.391774687874513,21.056052677689877,76300200
2011-10-21,20.978803634643555,21.001976628663307,20.700733599468762,20.971079303303636,76620600
2011-10-24,21.001977920532227,21.164184468851428,20.886115889837704,20.901563080202163,56897800
2011-10-25,20.708450317382812,21.032864748061147,20.638932834147095,20.91700276708996,53554600
2011-10-26,20.538528442382812,20.901563200180366,20.160045020866473,20.878391677867842,63029900
2011-10-27,21.048316955566406,21.164178956081606,20.58486748024033,20.955626471195085,74512400
2011-10-28,20.83977508544922,21.001983147403628,20.693017164235734,20.96336147871638,57712100
2011-10-31,20.569425582885742,20.855219986493132,20.56170272380905,20.66984043007175,46799000
2011-11-01,20.075075149536133,20.329972160928264,19.97466180037303,20.229558811765166,61182600
2011-11-02,20.090534210205078,20.2372936179656,19.851085735739282,20.160051746867108,53533100
2011-11-03,20.492183685302734,20.538528202652493,20.067354277588734,20.268182483791886,65836100
2011-11-04,20.275915145874023,20.39177722348291,20.082811192103794,20.376328553597393,36549200
2011-11-07,20.70073890686035,20.716187573501017,20.183220360525546,20.24501355382227,42589700
2011-11-08,20.978803634643555,21.009700960003226,20.61576890126079,20.86294161107591,47822500
2011-11-09,20.237285614013672,20.662113527134508,20.129146447938925,20.53852717156243,62950900
2011-11-10,20.2990779876709,20.46900885153447,20.175491636994572,20.44583585830809,32514400
2011-11-11,20.785701751708984,20.917012450469674,20.523080354187606,20.53080468626361,37903000
2011-11-14,20.66983985900879,20.855219410308536,20.584873678855097,20.762528898025806,34199200
2011-11-15,20.809919357299805,20.965566320044502,20.545320411249484,20.669837387701467,43874200
2011-11-16,20.28850555419922,20.630928008498323,20.265159547006718,20.59979801976224,53262800
2011-11-17,19.87603759765625,20.26515343330942,19.798214133653794,20.24180594880095,70977500
2011-11-18,19.68926429748535,19.84491125400562,19.57252982227484,19.829346261481717,47626200
2011-11-21,19.455799102783203,19.650357093811035,19.377975609500137,19.64257459604676,61882500
2011-11-22,19.292369842529297,19.42466784280051,19.18341636530657,19.370191846368932,49204500
2011-11-23,19.0433292388916,19.292364630724435,19.0433292388916,19.15228268668071,49099700
2011-11-25,18.911029815673828,19.19897619930563,18.911029815673828,18.973288292626762,26164600
2011-11-28,19.354625701904297,19.432447695151765,19.214543739083858,19.409101690921272,46766700
2011-11-29,19.331281661987305,19.486928644968184,19.26124066808187,19.315716666817288,40917100
2011-11-30,19.90717315673828,19.914955654336072,19.564750684233704,19.743745160263604,81350900
2011-12-01,19.673704147338867,19.946084141201602,19.61144565097601,19.891608142429057,48545400
2011-12-02,19.627010345458984,19.93830433040638,19.580316841460768,19.914956836227407,52293800
2011-12-05,20.000560760498047,20.078382764320715,19.84491378413356,20.062819254171924,56818400
2011-12-06,19.969432830810547,20.13286232128273,19.93052182488655,20.08616733294226,46175300
2011-12-07,19.922727584838867,20.047244511639956,19.72038720769739,19.97720355476949,62667000
2011-12-08,19.76708984375,20.016123812748496,19.7437438368811,19.829348335999622,60522200
2011-12-09,20.000560760498047,20.132860245099987,19.84491378413356,19.860478778641923,53788500
2011-12-12,19.852697372436523,19.899390874168184,19.681486876514,19.774873879977317,38945900
2011-12-13,20.047250747680664,20.311849670530712,19.961644777241144,20.03946825178986,54581100
2011-12-14,19.914947509765625,20.125070405893567,19.899382520935625,20.016116968442578,47926400
2011-12-15,19.891603469848633,20.140637396801466,19.87603996268355,20.01612043332505,46213900
2011-12-16,20.234033584594727,20.36633309432993,19.946087068926385,19.977217063856955,101408100
2011-12-19,19.868257522583008,20.327414383323372,19.813780052095076,20.249590909842762,52258300
2011-12-20,20.25737953186035,20.311855534463614,20.08616754155325,20.12508003224111,60767600
2011-12-21,20.047250747680664,20.381890649188627,19.79821681661222,20.241808691872798,64132500
2011-12-22,20.08616065979004,20.12507313714601,19.82934424667756,20.093943155261233,35794100
2011-12-23,20.25737953186035,20.265162029997924,20.02390904081242,20.16399103856923,23205800
2011-12-27,20.265155792236328,20.34297778093839,20.179549823432914,20.20289582629982,21287200
2011-12-28,20.093942642211914,20.350759048767216,20.047249154936186,20.319630552036465,29822500
2011-12-29,20.249597549438477,20.272943560086023,20.125080544785614,20.195121545447822,22616900
2011-12-30,20.202896118164062,20.32741456747667,20.163985123250896,20.234026101582042,27395700
2012-01-03,20.833271026611328,20.981134038087827,20.53754203493884,20.66205903637155,64731500
2012-01-04,21.32355308532715,21.37802907909802,20.841050153905574,20.87217865704914,80516100
2012-01-05,21.54145622253418,21.580367218358788,21.237946298896066,21.307985794508493,56081400
2012-01-06,21.87609100341797,21.938349472761995,21.424716729584027,21.424716729584027,99455500
2012-01-09,21.588150024414062,21.868313948324467,21.572585032116958,21.829401467581707,59706800
2012-01-10,21.665977478027344,21.907228965473326,21.5959364841947,21.73601847185999,60014400
2012-01-11,21.572589874267578,21.77493036646887,21.30020986972709,21.34690337273979,65582400
2012-01-12,21.79049301147461,21.806058005586237,21.51811155195927,21.6893235184681,49370800
2012-01-13,21.985050201416016,21.985050201416016,21.627064255761617,21.73601624194174,60196100
2012-01-17,21.992834091186523,22.29634406297471,21.92279310010316,22.1017860842675,72395300
2012-01-18,21.969484329223633,22.101783800448167,21.767143874153206,22.03174281660227,64860600
2012-01-19,21.88388442993164,22.13291843171503,21.813843431385095,21.915012937974694,74053500
2012-01-20,23.12126922607422,23.144616717635078,22.37416730844146,22.42864330439057,165902900
2012-01-23,23.136829376220703,23.308041309767393,22.841101966831626,22.996747424904047,76078100
2012-01-24,22.83332633972168,23.012319338309155,22.70880934206433,22.934495843683386,51703300
2012-01-25,23.004528045654297,23.07456901560447,22.62319470056952,22.62319470056952,59231700
2012-01-26,22.95783233642578,23.113479251094297,22.880008879091523,23.043438287929362,49102800
2012-01-27,22.747716903686523,22.98118735222146,22.701023407723323,22.918928862817374,44187700
2012-01-30,23.0434513092041,23.05123380777112,22.43642978021508,22.545381791433687,51114800
2012-01-31,22.98118782043457,23.11348729865863,22.74771736714296,23.082357311142616,50572400
2012-02-01,23.261354446411133,23.385871450025185,23.160184937609632,23.18353243242218,67409900
2012-02-02,23.308046340942383,23.479256827086584,23.121269375963802,23.269133854755356,52223300
2012-02-03,23.53373146057129,23.658248440439962,23.416996977489344,23.455907977063497,41838500
2012-02-06,23.502605438232422,23.518168949088953,23.323610961965702,23.378088445222314,28039700
2012-02-07,23.61933708190918,23.72828906654859,23.38586663493399,23.463690117259052,39242400
2012-02-08,23.860586166381836,23.868368662275707,23.51816376884807,23.549293752423555,49659100
2012-02-09,23.946195602416992,23.969541609117993,23.72050764191046,23.876154613594935,50481600
2012-02-10,23.73607635498047,23.969545364728177,23.627124348346175,23.845028361614762,44605300
2012-02-13,23.79833221435547,23.94619669577108,23.681597722441925,23.837243216873453,33319800
2012-02-14,23.69649887084961,23.861002773926824,23.383157035846537,23.759167237850225,59644000
2012-02-15,23.539827346801758,23.806168281677206,23.524161375556883,23.75916737967911,43311300
2012-02-16,24.51118278503418,24.714853804415323,23.735659889911844,23.743493620523633,94705100
2012-02-17,24.47984504699707,24.534679660841356,24.244839132198365,24.440677892574342,70036500
2012-02-21,24.628684997558594,24.76185542559561,24.40151129920609,24.425012490317783,50829900
2012-02-22,24.49551773071289,24.816693246697874,24.425015642410678,24.63652190731732,49253200
2012-02-23,24.573854446411133,24.746192060693957,24.2840123512525,24.44068399633255,35034700
2012-02-24,24.660018920898438,24.675686381954687,24.4720138706174,24.660018920898438,35575400
2012-02-27,24.558185577392578,24.675688557411103,24.36234677931789,24.47201602811765,34568400
2012-02-28,24.965526580810547,25.012527466357277,24.581681284096746,24.605182473935717,45230600
2012-02-29,24.863689422607422,25.067361917482714,24.761853922235378,24.981192382769382,59323600
2012-03-01,25.2945499420166,25.372884297113046,24.949873101890454,25.01254148244684,77344100
2012-03-02,25.130035400390625,25.412040752711462,25.067365552144103,25.310206731705122,47314200
2012-03-05,24.91069793701172,25.10653676196977,24.769695238112515,25.075201832793287,45240000
2012-03-06,24.72268295288086,25.051692106940138,24.667848342892825,24.70701698869218,51932900
2012-03-07,24.94202995300293,25.004698309904686,24.699190256775058,24.808859507820262,34340400
2012-03-08,25.075197219848633,25.231868848645732,24.989029168728475,25.098699906538997,36747400
2012-03-09,25.059532165527344,25.19270260661864,25.004697541689417,25.145700219787752,34628400
2012-03-12,25.09870147705078,25.22403819027865,24.926362375763848,25.043865357648542,34073600
2012-03-13,25.59221076965332,25.6078782309103,25.184868730022675,25.255370811547728,48951700
2012-03-14,25.670547485351562,25.75671702615114,25.45120900932545,25.48254094285588,41986900
2012-03-15,25.73322105407715,25.803723152373117,25.521717747452644,25.68622164738877,49068300
2012-03-16,25.53738021850586,25.81155635179608,25.459045888001885,25.78022142428923,65626400
2012-03-19,25.224042892456055,25.545218466741332,25.184875722570244,25.490383831248494,44789200
2012-03-20,25.059532165527344,25.184870369611595,24.86369336945964,25.145700219787752,41566800
2012-03-21,24.996856689453125,25.184863194954545,24.92635462342285,25.036023839856163,37928600
2012-03-22,25.067371368408203,25.137873469912392,24.902867460986272,24.918533432551385,31749500
2012-03-23,25.075197219848633,25.153534528378568,24.848025001637364,25.14569930339419,35912200
2012-03-26,25.52954864501953,25.54521610918061,25.18487339826545,25.21620533832437,36758300
2012-03-27,25.47471046447754,25.615714634013948,25.380708680874207,25.576547473201128,36274900
2012-03-28,25.21621322631836,25.615726216741255,25.098711690748935,25.474721983446607,41344800
2012-03-29,25.161365509033203,25.2162001281354,24.918525841238615,25.114366114524245,37038500
2012-03-30,25.271038055419922,25.388542533599843,25.09870193922252,25.38071029624392,31749400
2012-04-02,25.2945499420166,25.427718943333378,25.02820895111895,25.23971529579627,35853600
2012-04-03,25.02036476135254,25.216202061389836,24.80102477399626,25.1927023623337,42752100
2012-04-04,24.448514938354492,24.824526567795655,24.32317822658459,24.8010253740395,49455900
2012-04-05,24.691354751586914,24.777522802304404,24.323176873873678,24.401512687906155,50368600
2012-04-09,24.362346649169922,24.597352607951525,24.260509638001498,24.456348435029984,31056400
2012-04-10,23.868831634521484,24.432848316533047,23.735661195061134,24.33101130711144,54131300
2012-04-11,23.77482795715332,23.915832116428458,23.68082468625946,23.837496306372127,43014000
2012-04-12,24.268342971801758,24.315345358093605,23.829664491997796,23.876665384158223,38304000
2012-04-13,24.135177612304688,24.409352280190806,24.06467551215878,24.19784597975308,39749200
2012-04-16,24.346683502197266,24.432853066285176,24.10384376919609,24.276181403240194,38124800
2012-04-17,24.628684997558594,24.76185542559561,24.440679951058915,24.495514569521575,34361500
2012-04-18,24.393678665161133,24.52684909918323,24.315344346197488,24.503349401146682,40552900
2012-04-19,24.29184341430664,24.81669142529593,24.237008792792015,24.385845195722748,54781200
2012-04-20,25.396371841430664,25.76454970821218,25.10653128048706,25.184868586324974,106045000
2012-04-23,25.161365509033203,25.4590412900613,25.090863429007143,25.310204893678563,61398200
2012-04-24,25.004697799682617,25.47471121392089,24.934195712840303,25.23187002851672,40871100
2012-04-25,25.224042892456055,25.318044697834704,24.965535686467128,25.00470285635294,62495500
2012-04-26,25.153539657592773,25.247541458734414,25.0047017292982,25.1613718959115,40308100
2012-04-27,25.05170249938965,25.239709088957095,24.97336666942516,25.161371764860924,41419100
2012-04-30,25.083038330078125,25.15354043016562,25.004702497299604,25.05170339931402,35697200
2012-05-01,25.075197219848633,25.33370585560326,25.028197822993445,25.106532143260605,43832300
2012-05-02,24.91069793701172,25.012534962703636,24.785361208569096,24.949866598482327,37385300
2012-05-03,24.87936019897461,24.98902944386122,24.761857223148755,24.973361981982734,31501300
2012-05-04,24.268342971801758,24.730522644751638,24.22134207964133,24.63652086043079,57927200
2012-05-07,24.009830474853516,24.174335801963927,23.947162134556955,24.048999121370798,48641400
2012-05-08,23.892333984375,24.111673981791025,23.633826823981448,23.87666652153139,46328300
2012-05-09,24.09600830078125,24.150842930657255,23.578993941762352,23.649496035640528,50309300
2012-05-10,24.080345153808594,24.299685206766632,23.853172861576937,24.174348460542575,43839200
2012-05-11,24.409345626831055,24.707021411670958,24.041169255193623,24.041169255193623,43459300
2012-05-14,24.033340454101562,24.315348835659623,24.002005525425492,24.143009716204524,40528900
2012-05-15,23.820446014404297,24.28565843443491,23.773136710111462,24.159499287030236,61822800
2012-05-16,23.576011657714844,23.907179778827814,23.449852516713293,23.899294644523266,60083700
2012-05-17,23.434085845947266,23.82044846257485,23.426200710432113,23.64697999304894,48484000
2012-05-18,23.079259872436523,23.505046590772867,23.000410034541478,23.489277826342313,56205300
2012-05-21,23.45773696899414,23.489277505295295,22.913674749283583,22.945215285584737,38787900
2012-05-22,23.465620040893555,23.560238633610773,23.26061108475902,23.410425611152604,39504900
2012-05-23,22.95310401916504,23.181766927465137,22.582510179187683,23.142342754841742,65171000
2012-05-24,22.92156410217285,23.102917707476777,22.677130916592088,22.99252881797627,52575000
2012-05-25,22.913673400878906,23.150222897410664,22.874249236758008,23.024063767501243,29507200
2012-05-29,23.307920455932617,23.43407958258414,23.039831935814274,23.165991062465796,37758800
2012-05-30,23.134458541870117,23.244847432765308,22.960990069901126,23.142343677496324,41585500
2012-05-31,23.016176223754883,23.197529766017336,22.819052415921266,23.102909676525666,39134000
2012-06-01,22.432693481445312,22.834824789571993,22.42480834741246,22.67712662072157,56634300
2012-06-04,22.511545181274414,22.692900283286793,22.330191583197802,22.56674112776082,47926300
2012-06-05,22.480012893676758,22.669251683782072,22.38539274665599,22.480012893676758,45715400
2012-06-06,23.142337799072266,23.158108066318846,22.716549607027403,22.771744038454965,46860500
2012-06-07,23.047714233398438,23.418307938282407,23.000404942708972,23.370997143657707,37792800
2012-06-08,23.378890991210938,23.40254639734148,22.90579339615063,23.031952554308607,42551100
2012-06-11,22.787519454956055,23.505050233524454,22.72443987565122,23.44197065421962,46361900
2012-06-12,23.095029830932617,23.102913461074333,22.74020631713342,22.94521529133567,35337900
2012-06-13,22.968868255615234,23.21330289026401,22.905788689497758,23.03983295548933,32984600
2012-06-14,23.134458541870117,23.229077161512897,22.77174982274388,23.126573406243914,39458900
2012-06-15,23.670637130737305,23.71794644335235,23.25273394148592,23.331583798468287,62314400
2012-06-18,23.528697967529297,23.678512483502857,23.42619274462385,23.646971952167238,58679900
2012-06-19,24.20680809020996,24.530091066648883,23.694284904403112,23.804675277190324,75725800
2012-06-20,24.388154983520508,24.48277355836006,24.159490670443855,24.388154983520508,36257100
2012-06-21,23.765249252319336,24.553744598489832,23.70216968478312,24.41181519554946,48456600
2012-06-22,24.20680809020996,24.230461988429294,23.678516140235406,23.89140874388712,45098100
2012-06-25,23.552349090576172,23.907170980079233,23.35522531731835,23.8914007172742,42217200
2012-06-26,23.670637130737305,23.867761021225252,23.607557545938597,23.654866858553646,38421300
2012-06-27,23.78890037536621,24.049103732643964,23.67851152801663,23.80467064039765,33781700
2012-06-28,23.583894729614258,23.69428359235324,23.197532206092355,23.639089160983747,45328400
2012-06-29,24.120067596435547,24.198917414960803,23.765244165039487,24.009678752861305,55227200
2012-07-02,24.096424102783203,24.143734919629946,23.820450353587642,24.143734919629946,30589100
2012-07-03,24.25411605834961,24.25411605834961,23.788903702405786,23.83621300018138,20938100
2012-07-05,24.20680809020996,24.26988765868742,23.954488312364578,24.120073119577622,28801900
2012-07-06,23.80467987060547,24.206812761221748,23.61544112865707,24.13584804499912,38294800
2012-07-09,23.654863357543945,23.836216949007213,23.48139490100548,23.749483472705833,30680800
2012-07-10,23.44985008239746,23.82832746611259,23.268496524025892,23.717938605179537,37534100
2012-07-11,23.102914810180664,23.44985321016224,22.95310176577086,23.426197806549073,39184900
2012-07-12,22.57461929321289,23.008292601275123,22.503656101355112,22.984637201365597,63523600
2012-07-13,23.173879623413086,23.244844330642554,22.645587638446862,22.677128176742468,39085000
2012-07-16,23.213302612304688,23.284267311329046,22.897904785493918,23.24484164301803,27900600
2012-07-17,23.38677215576172,23.544471828651353,23.024065013625314,23.371001887685647,33771300
2012-07-18,24.009681701660156,24.009681701660156,23.22907005671639,23.339460417783652,41090400
2012-07-19,24.183149337768555,24.28565305836793,23.95448499375676,24.056990218291475,46663200
2012-07-20,23.749475479125977,24.482774733090555,23.69427955323018,24.443350575671616,64021700
2012-07-23,23.087142944335938,23.323690932955607,22.874248852216976,23.315805799476895,55151900
2012-07-24,22.984642028808594,23.1502268550821,22.787518166633674,23.055606739506423,47723300
2012-07-25,22.732318878173828,23.126566518450122,22.692894715720357,23.05560182288556,45579500
2012-07-26,22.992523193359375,23.260611719937902,22.93732876211123,23.047717624607518,45301400
2012-07-27,23.465620040893555,23.536584737399178,23.008292832265877,23.244840817994344,44242600
2012-07-30,23.371009826660156,23.512939279686197,23.229080373634115,23.457744826606305,28905000
2012-07-31,23.23695945739746,23.426198177492385,23.12657057999267,23.24484459206004,37620900
2012-08-01,23.189647674560547,23.37888637442729,23.031948006037176,23.33157707544448,31721800
2012-08-02,23.016176223754883,23.284264722723425,22.842706310342706,23.03194498539074,39520500
2012-08-03,23.45773696899414,23.607551508553534,23.24484286076798,23.284268531144427,35859400
2012-08-06,23.615440368652344,23.741599525891154,23.505049978116546,23.65486454131355,27471800
2012-08-07,23.8598690032959,23.930833703718275,23.552356304089255,23.710054468633597,28002900
2012-08-08,23.915063858032227,24.02545272555448,23.741595422792184,23.82044375448778,26257600
2012-08-09,24.049108505249023,24.16738250858609,23.89140883150924,23.96237353429859,24920800
2012-08-10,23.986024856567383,24.14372450348279,23.851980607869876,24.049104414546488,27810300
2012-08-13,23.962373733520508,24.01756816860765,23.78102015996687,23.930834700871664,23049100
2012-08-14,23.914752960205078,24.121120083221875,23.819507527365857,24.04968525164303,34551400
2012-08-15,23.970312118530273,24.03380957191597,23.827442469937782,23.898877294234026,24351000
2012-08-16,24.43067169189453,24.55766661248186,24.017937443036278,24.097309646878077,35787200
2012-08-17,24.525915145874023,24.54178988814089,24.279862696332575,24.54178988814089,32589900
2012-08-20,24.39891815185547,24.486227712968205,24.271923252363464,24.46241560160147,23737700
2012-08-21,24.44654083251953,24.573535731865196,24.29573533573319,24.414792864632425,28822700
2012-08-22,24.24018096923828,24.414798618516404,24.18461936301895,24.279866316924547,33437400
2012-08-23,24.01793098449707,24.129051131655515,23.87506135877995,24.121113762015845,28355600
2012-08-24,24.256059646606445,24.311619751402674,23.954447000327203,24.010007105123435,22943300
2012-08-27,24.35923194885254,24.573534887952043,24.27985976101267,24.549724291329078,34691100
2012-08-28,24.311607360839844,24.44653962396132,24.22429931804256,24.367168951218073,23947900
2012-08-29,24.327476501464844,24.40684866983745,24.160796310390744,24.327476501464844,23346800
2012-08-30,24.065553665161133,24.29573284279353,23.98618148273967,24.232235399636053,23982100
2012-08-31,24.46241569519043,24.573535854196408,24.113178963301987,24.287798086195522,36590100
2012-09-04,24.12112045288086,24.335424950901643,23.930628070384234,24.168744683929177,48556700
2012-09-05,24.12112045288086,24.232242144761386,23.97825078753367,23.986188159375057,33650000
2012-09-06,24.88309097290039,24.89102834457467,24.176680032877965,24.208429519575088,48371700
2012-09-07,24.565597534179688,24.6608429426626,24.3909784287969,24.637032347491107,42649100
2012-09-10,24.38304328918457,24.525912928874295,24.216363052145635,24.470352849861317,40524000
2012-09-11,24.4386043548584,24.53384976999765,24.29573471825094,24.35923216630997,25191800
2012-09-12,24.43067169189453,24.748158993362853,24.3909848330242,24.55766661248186,32775800
2012-09-13,24.55765724182129,24.748149550014617,24.129048412962582,24.51797039809458,45047300
2012-09-14,24.77195930480957,24.803708778717482,24.454472135221636,24.613216476964723,51422800
2012-09-17,24.77195930480957,24.811646147194462,24.637028582395658,24.756086081753853,36488500
2012-09-18,24.748153686523438,24.771964282840973,24.629096163240128,24.68465623984577,34542700
2012-09-19,24.644969940185547,24.756091609778426,24.637034083834735,24.676719421183105,48871900
2012-09-20,24.962461471557617,24.986272071056057,24.533852513800717,24.5656019983303,45543000
2012-09-21,24.756088256835938,25.089450192667176,24.676716078990715,24.94658057532545,102348900
2012-09-24,24.43067169189453,24.660849417746988,24.31955000095647,24.60528932922739,46825900
2012-09-25,24.12112045288086,24.605289537913247,24.097309851255584,24.565604192605196,54266400
2012-09-26,23.94649314880371,24.287792430733983,23.843310384309994,24.033802689920275,54672000
2012-09-27,23.93855857849121,24.12905090636931,23.724254141916433,23.94649594805677,47129900
2012-09-28,23.621070861816406,24.017930248243633,23.605196123023696,23.954432806971212,54229300
2012-10-01,23.406766891479492,23.79568891618137,23.351206818507574,23.6607566615788,54042700
2012-10-02,23.541702270507812,23.72425725275786,23.414707368603548,23.557577011720504,43338900
2012-10-03,23.700439453125,23.803622211856684,23.549632485226518,23.61312991688406,46655900
2012-10-04,23.83537483215332,23.83537483215332,23.47026341648497,23.787750616697632,43634900
2012-10-05,23.6925048828125,24.00999207859273,23.60519533626105,23.99411734032913,41133900
2012-10-08,23.636951446533203,23.748071617767728,23.454394933063746,23.525829761399883,29752000
2012-10-09,23.240081787109375,23.60519162640032,23.160709622164084,23.5575689329924,45121100
2012-10-10,23.001972198486328,23.263899361719247,22.978161601582432,23.136904465236533,47227100
2012-10-11,22.978164672851562,23.216279757108545,22.914667216123114,23.192467643123333,41488500
2012-10-12,23.176586151123047,23.2718315453081,22.859097466777552,22.994029703454913,46464700
2012-10-15,23.422651290893555,23.589331578554003,23.21628413910033,23.31153109911992,42440200
2012-10-16,23.406766891479492,23.605196588606884,23.271834636876925,23.375018927166302,47739400
2012-10-17,23.48613929748535,23.525824631730586,23.089279899439163,23.2559601199473,44206100
2012-10-18,23.41470718383789,23.597262164647397,23.224214832484673,23.533764714196323,59238500
2012-10-19,22.732112884521484,23.081349686986734,22.620992703059375,23.05753757071674,90470800
2012-10-22,22.224124908447266,22.882911407677444,22.089192660947184,22.803539230224747,83374000
2012-10-23,22.263813018798828,22.382872056785896,22.033635340747505,22.041572710873215,64414800
2012-10-24,22.144752502441406,22.382869032341933,22.1209419091802,22.351119556129188,53320400
2012-10-25,22.128887176513672,22.38287855255186,22.11301394555422,22.374941180122633,54084300
2012-10-26,22.390806198120117,22.493990487952974,22.097131095454014,22.113005834489595,57790000
2012-10-31,22.652732849121094,22.92259581939117,22.620983373855022,22.660668704039306,69464100
2012-11-01,23.43058204650879,23.46233001494975,22.874978216754847,22.89085295792465,72047900
2012-11-02,23.41470718383789,23.62901164682225,23.279774912392032,23.486142004832676,57131600
2012-11-05,23.51788902282715,23.605198581381465,23.279773971731743,23.509953166502733,38070800
2012-11-06,23.700439453125,23.9703039161441,23.502009789957906,23.668689980347136,43401500
2012-11-07,23.08134651184082,23.676635711610338,23.0575343988465,23.43852063726202,57871800
2012-11-08,22.86703872680664,23.31152235497361,22.859101356957392,23.113092650437878,49841800
2012-11-09,22.88292121887207,23.168660574654965,22.86704647379546,22.922606567664577,43291200
2012-11-12,22.398744583129883,23.025783178377544,22.390807213252234,22.97022310313251,61112300
2012-11-13,21.67852783203125,21.84657770179128,21.406445782224864,21.622511208777908,131689200
2012-11-14,21.47846794128418,21.838576991410864,21.446457569566906,21.798564026764268,76086100
2012-11-15,21.334421157836914,21.582495396508047,21.31041338260875,21.510473597161862,50955600
2012-11-16,21.222394943237305,21.36643858955728,21.07835129691733,21.34243080639101,64083300
2012-11-19,21.39044761657715,21.446464258214117,21.182384714540536,21.446464258214117,57179300
2012-11-20,21.37443733215332,21.44645914747762,21.174377073216633,21.414450299743844,47070400
2012-11-21,21.566499710083008,21.74255221447487,21.342431637488833,21.374440489951503,66360300
2012-11-23,22.16667938232422,22.222696015872653,21.766558826876768,21.79056508334679,57845700
2012-11-26,21.918596267700195,22.070642455705233,21.74254383118898,22.03863361558423,85198700
2012-11-27,21.6705322265625,21.91060398258099,21.6385233713849,21.894600318161693,45018600
2012-11-28,21.894588470458984,21.918594717267062,21.422446282949952,21.61450388910543,53018400
2012-11-29,21.566499710083008,21.894598461104447,21.49447788411841,21.69453817261143,69551400
2012-11-30,21.302413940429688,21.71053546603883,21.198381766185456,21.64651625355716,83690200
2012-12-03,21.15036392211914,21.462457335862066,21.126356149393477,21.43044849856599,53173800
2012-12-04,21.102352142333984,21.310413422682768,21.078344367060673,21.206382782508374,49777500
2012-12-05,21.342424392700195,21.550487205265675,21.014325753053413,21.110353804183113,68283800
2012-12-06,21.39044761657715,21.590507923188618,21.294419524153486,21.454466853639257,39182300
2012-12-07,21.174381256103516,21.46246857431084,21.10236095289063,21.46246857431084,46162100
2012-12-10,21.558490753173828,21.582497003851536,21.22238950664013,21.254398349656547,47031100
2012-12-11,21.862581253051758,21.998622267785205,21.646515842650683,21.646515842650683,52282800
2012-12-12,21.798564910888672,22.10265734918229,21.670526471503546,22.030635536235835,43966300
2012-12-13,21.694530487060547,22.022629121849064,21.56649206989129,21.862580337218326,45080100
2012-12-14,21.454458236694336,21.710535082092356,21.366432775050264,21.69453142400878,42077500
2012-12-17,21.68653106689453,21.78255913064661,21.350429791085148,21.438456788140016,42046100
2012-12-18,22.05463981628418,22.11065643771067,21.718538561386783,21.80656555296467,50486900
2012-12-19,21.854589462280273,22.190690869128613,21.806575411684555,22.158682010844515,53519900
2012-12-20,22.150671005249023,22.150671005249023,21.72654272804501,21.894594130838513,52607300
2012-12-21,21.966617584228516,21.99862643275272,21.60650849871447,21.966617584228516,98776500
2012-12-24,21.65452766418457,21.806573928122557,21.60651361685538,21.76656247640474,20842400
2012-12-26,21.494476318359375,21.76655841299725,21.366437865157877,21.630517365678312,31631100
2012-12-27,21.57450294494629,21.678535160159292,21.26240935198532,21.518486302757296,39394000
2012-12-28,21.246402740478516,21.526487459036506,21.246402740478516,21.374441207304066,28239900
2012-12-31,21.37443733215332,21.42245289326195,21.102356784230977,21.27840926261335,42749500
2013-01-02,22.102651596069336,22.19067704627279,21.726537442728247,21.806561828099003,52899300
2013-01-03,21.80656623840332,22.126662318286492,21.734544429637292,22.110657132707708,48294400
2013-01-04,21.398447036743164,21.878592006631052,21.39044444250551,21.822575373306243,52521100
2013-01-07,21.358444213867188,21.510488986743717,21.31843122652647,21.422463467272937,37110400
2013-01-08,21.246402740478516,21.438461967055765,21.17438091209678,21.406451587179916,44703100
2013-01-09,21.36643409729004,21.40644553448265,21.254399325741453,21.382437756363988,49047900
2013-01-10,21.174381256103516,21.59050704321655,21.038341718437778,21.326427510306154,71431300
2013-01-11,21.47046661376953,21.55049102144062,21.030334661086467,21.198384543490995,55512100
2013-01-14,21.518484115600586,21.670530362044474,21.41445343730037,21.5264867102912,48324400
2013-01-15,21.774559020996094,21.838579772583778,21.47046808264825,21.47046808264825,48244500
2013-01-16,21.63852310180664,21.790567833099274,21.614515315968287,21.726548597202644,41077400
2013-01-17,21.80656623840332,21.98261870075444,21.654520028081873,21.75855220800547,51685900
2013-01-18,21.80656623840332,21.83857660956089,21.638516368841593,21.686530399239444,52167700
2013-01-22,21.72654151916504,21.966614720320976,21.60650568175631,21.846577356573764,58650600
2013-01-23,22.094650268554688,22.118656517102163,21.76655164347407,21.76655164347407,50387700
2013-01-24,22.11066246032715,22.462768996208844,21.98262399752269,22.16668062335061,101739300
2013-01-25,22.31072425842285,22.59080898713054,21.91860624876768,22.070652506009964,81847700
2013-01-28,22.334733963012695,22.59081092794349,22.214698076493775,22.414758396138346,56056500
2013-01-29,22.414758682250977,22.510786782156217,22.086659875953,22.26271241000536,49242600
2013-01-30,22.286720275878906,22.55880243712456,22.214698437529226,22.414758760425197,43580500
2013-01-31,21.966617584228516,22.382741773075246,21.926604615649907,22.23869966520831,50530000
2013-02-01,22.350730895996094,22.446758959191868,22.046638467752878,22.142668057287196,55565900
2013-02-04,21.9586181640625,22.422757982282953,21.94261297431792,22.30272211187642,50540000
2013-02-05,22.006628036499023,22.13466647751338,21.894594782196112,22.1026576304291,35410400
2013-02-06,21.87859344482422,22.038642287420615,21.806571618289727,21.910602297540166,41889600
2013-02-07,21.830575942993164,21.9186014187664,21.686532312751414,21.886592571123035,38028300
2013-02-08,22.0466365814209,22.174675005619196,21.85457894512345,21.88658931434223,33318500
2013-02-11,22.294715881347656,22.342729916412715,22.006628618279983,22.12666446911196,32247700
2013-02-12,22.31072425842285,22.406753875191395,22.206693572734327,22.31072425842285,35990900
2013-02-13,22.43075180053711,22.49477100812733,22.310714450759423,22.350727409464753,41715600
2013-02-14,22.438764572143555,22.454768236547814,22.302723503503863,22.34273495402301,32663200
2013-02-15,22.414758682250977,22.53479457030209,22.31072645995798,22.43876647039685,49650900
2013-02-19,22.632604598999023,22.664879997549914,22.430887974983076,22.49543723310915,38781400
2013-02-20,22.487363815307617,22.75362962513692,22.455088425522106,22.697147693012276,44110200
2013-02-21,22.180753707885742,22.38247027657038,21.970968291776686,22.38247027657038,49078500
2013-02-22,22.398622512817383,22.398622512817383,22.172699255187965,22.334073230491303,31425900
2013-02-25,22.083938598632812,22.63260657102313,22.083938598632812,22.56805730727275,48011800
2013-02-26,22.083938598632812,22.269517539543177,22.05973204761048,22.09200590999775,49923300
2013-02-27,22.43895149230957,22.592256521044035,22.051656035588614,22.12427412609571,36394700
2013-02-28,22.43088150024414,22.568048826540267,22.382469955367643,22.49543073973789,35840200
2013-03-01,22.551921844482422,22.57612685727906,22.204968963955633,22.366341358844817,34849700
2013-03-04,22.713285446166992,22.713285446166992,22.350196544000376,22.471226178055915,38157500
2013-03-05,22.87466812133789,23.0279732042643,22.721363038411482,22.826256556878562,41432200
2013-03-06,22.664888381958008,22.77784924072225,22.414760106561634,22.761711535476994,51448500
2013-03-07,22.705219268798828,22.818181607646782,22.60032731734231,22.681014262526425,29196700
2013-03-08,22.592260360717773,22.858526224838638,22.559984964351315,22.793976971081324,37667800
2013-03-11,22.487363815307617,22.568049211820814,22.325989944330644,22.54384420845697,36627500
2013-03-12,22.519651412963867,22.551926822451506,22.301797015850987,22.463170985336728,39255200
2013-03-13,22.527713775634766,22.608400737133636,22.390546402779428,22.487371064373228,29093400
2013-03-14,22.705219268798828,22.721356965630747,22.53577806899011,22.59225846892635,55914800
2013-03-15,22.624540328979492,22.721363459693368,22.576127224646637,22.61647147825735,92710300
2013-03-18,22.672954559326172,22.81819081144404,22.438962477808253,22.49544290052607,44809400
2013-03-19,22.737497329711914,22.769771188186198,22.616467667225947,22.68908577251266,51901600
2013-03-20,22.850465774536133,22.987633181558856,22.73750492368548,22.866603478650845,35447800
2013-03-21,22.68101692199707,22.88273353912198,22.63260382582462,22.68101692199707,34233200
2013-03-22,22.793977737426758,22.866595842717143,22.672948074934666,22.74556618022505,28720900
2013-03-25,22.721359252929688,22.874664310314778,22.55998534631637,22.83432006417363,44154000
2013-03-26,22.721359252929688,22.866595461086547,22.681016545764173,22.78590850777989,27824300
2013-03-27,22.89080047607422,22.955349726602403,22.65680848104985,22.705220034202103,36047400
2013-03-28,23.084455490112305,23.12479820726856,22.802051853090468,22.85046342147318,55453800
2013-04-01,23.084455490112305,23.12479820726856,22.882738826378997,23.108660504815656,29201100
2013-04-02,23.23775291442871,23.2780971599148,23.011831295609024,23.068311700313945,28456500
2013-04-03,23.04410171508789,23.358780627030235,23.027965558276403,23.197406747112346,35062800
2013-04-04,23.076387405395508,23.08445625688998,22.81012146198224,22.906944601963758,45263200
2013-04-05,23.15707015991211,23.221619421124707,22.681018781353284,22.769773053660742,50927300
2013-04-08,23.068309783935547,23.18127058396128,22.971485141788154,23.18127058396128,34759500
2013-04-09,23.89131736755371,24.06075859249843,23.140931282282615,23.181273991371636,77733800
2013-04-10,24.43191909790039,24.464192958853424,23.818700350035037,23.859043060970272,71116700
2013-04-11,23.350717544555664,23.560503024655944,23.181274774908005,23.47981606477495,130923200
2013-04-12,23.22968864440918,23.415267581005356,23.124795131393387,23.278100206352573,62886300
2013-04-15,23.148998260498047,23.382988724454503,23.00376205715755,23.116722864655458,56332900
2013-04-16,23.374923706054688,23.51209108291281,23.157070904318942,23.31844329305002,52797300
2013-04-17,23.261966705322266,23.431409511175854,23.076387735225165,23.27810440854186,52840700
2013-04-18,23.22968864440918,23.382992180392556,22.9956966068938,23.358787168908762,56906600
2013-04-19,24.02042007446289,24.39964683858408,23.89132153608223,23.89939038710302,99790700
2013-04-22,24.875694274902344,25.15809785930344,24.423849463246025,24.448054473439214,137904000
2013-04-23,24.69011688232422,24.93217623315084,24.512605255340596,24.7708038455917,59126900
2013-04-24,25.62608528137207,25.755183823728522,24.690120079799783,24.706257782338344,90946600
2013-04-25,25.771316528320312,26.49749607298811,25.448570235020814,25.585736063069344,110700200
2013-04-26,25.650287628173828,25.80359116021818,25.3759528859171,25.739041899626937,47799300
2013-04-29,26.311914443969727,26.368394847123543,25.634146528172813,25.658351535824128,59116400
2013-04-30,26.707279205322266,26.715349593759463,26.045648939234134,26.271573646205425,75165200
2013-05-01,26.400672912597656,26.691145345594187,26.303846716297855,26.57011413919515,54330900
2013-05-02,26.75569725036621,26.76376456234405,26.13440957770731,26.32805892264657,46059500
2013-05-03,27.021957397460938,27.046162404791744,26.691142292818558,26.81217040742367,46784600
2013-05-06,27.231752395629883,27.360850950535518,26.828319026805737,26.965484894788826,40978300
2013-05-07,26.876726150512695,27.264021728933223,26.820245737698347,27.151060903304526,43078300
2013-05-08,26.618520736694336,26.820237312796156,26.344186070077836,26.683068440512564,51595700
2013-05-09,26.352252960205078,26.626587622463635,26.29577256602984,26.50555644754491,46417800
2013-05-10,26.376468658447266,26.400676750016654,26.077928871341133,26.3603309567183,36394900
2013-05-13,26.650802612304688,26.683078014770004,26.26350701657626,26.311920120274234,36027600
2013-05-14,27.243946075439453,27.243946075439453,26.65080354970629,26.699556136580885,56870100
2013-05-15,27.50394630432129,27.54457499893262,27.162687586232526,27.178938444170214,46303900
2013-05-16,27.690834045410156,27.74771050751294,27.26019399008729,27.333321312724404,59382900
2013-05-17,28.33272933959961,28.332729339599613,27.707085082947874,27.73146292639956,60666700
2013-05-20,28.503355026245117,28.519602785278877,28.17834405395169,28.218969650604784,54020800
2013-05-21,28.31647300720215,28.65773485378782,28.210847070944105,28.519604099361516,48702400
2013-05-22,28.121463775634766,28.308343974460218,27.918332720450504,28.26771838333015,66047500
2013-05-23,27.747713088989258,28.072721031308372,27.544581962714183,27.81271343763908,51102700
2013-05-24,27.845212936401367,27.853336817007722,27.54457976141002,27.560827522622734,33174400
2013-05-28,28.454599380493164,28.584603135477188,27.958959096012183,27.967082974652556,48212100
2013-05-29,28.340858459472656,28.454611405715134,28.08897472169622,28.227105513230175,38412200
2013-05-30,28.462738037109375,28.641494455348763,28.283984718405602,28.31648334937453,51131000
2013-05-31,28.35710334777832,28.665860394079736,28.267725166125665,28.2920999067456,56165700
2013-06-03,28.917747497558594,28.950249221917446,28.30023023241558,28.373354462920446,51252600
2013-06-04,28.43023109436035,29.039624415249857,28.251474728381655,28.942119252242545,65529500
2013-06-05,28.259611129760742,28.348989352350614,27.97522869382577,28.113356419983873,46025100
2013-06-06,28.405851364135742,28.527731260019443,28.02396701613353,28.308349307149488,37618500
2013-06-07,28.982736587524414,29.072114745022102,28.487099431504756,28.641477912933784,40757300
2013-06-10,28.82023811340332,28.966492736383806,28.552103604761015,28.85273672998346,35994500
2013-06-11,28.308353424072266,28.584611875322057,28.178349629339124,28.478982823496708,39435900
2013-06-12,28.438352584838867,28.657734533866044,28.316472691090063,28.55210549925271,37372700
2013-06-13,28.210845947265625,28.45460262824079,28.10521691568045,28.430227890003582,45654900
2013-06-14,27.950841903686523,28.18647163503206,27.82896199818713,28.072718709651163,53192600
2013-06-17,28.438352584838867,28.568356358388183,28.13771943966879,28.186468917540747,49670100
2013-06-18,28.42210578918457,28.576484323741212,28.3571054428841,28.413981908222596,28616500
2013-06-19,28.10521697998047,28.51147914904666,28.10521697998047,28.405850117219828,30816200
2013-06-20,27.21143913269043,27.893959642633938,27.11393398874557,27.83708009223238,54493700
2013-06-21,27.03269386291504,27.406454435703633,26.8539374587399,27.34957796156343,85338500
2013-06-24,27.398319244384766,27.788330520163576,26.463915098568343,26.764548209151865,56109000
2013-06-25,27.357694625854492,27.93458929634121,27.187065248451947,27.690832600118352,44073400
2013-06-26,27.910219192504883,28.015848259973097,27.536458614737874,27.72333890362138,48665900
2013-06-27,28.129594802856445,28.259598587231967,28.03209273945848,28.048343599947263,28993100
2013-06-28,28.064598083496094,28.267729216527417,27.902092557164014,27.934594282337454,65545500
2013-07-01,27.918338775634766,28.43023001359225,27.893964035576893,28.235222794525487,31055400
2013-07-02,27.577075958251953,27.98333814260794,27.325195387653316,27.958963403397618,37630000
2013-07-03,27.63395881652832,27.92646815293959,27.300823872178864,27.34957646142581,15994400
2013-07-05,27.796459197998047,27.820837037872668,27.28457105365046,27.698957137103452,26085900
2013-07-08,27.893964767456055,28.10521975241456,27.609579361335953,27.910212528231213,32396900
2013-07-09,27.910219192504883,28.11335034557853,27.73958976781152,28.097102580923806,25318500
2013-07-10,28.194595336914062,28.28397351061682,27.885835218541185,27.902086077353903,29658800
2013-07-11,28.99900245666504,29.064005913783593,28.357110365064187,28.43836158692695,53638300
2013-07-12,28.982736587524414,29.03148915512329,28.665852646966304,28.909612385426847,35501200
2013-07-15,29.389013290405273,29.42964200002829,28.909626752021502,28.974627108254666,34142600
2013-07-16,29.470273971557617,29.600277811621893,29.21839017538607,29.259015794243147,36378500
2013-07-17,29.039623260498047,29.56776225788017,28.836492161612323,29.527136658009944,37285100
2013-07-18,28.79586410522461,29.16150071129056,28.6171108418971,29.023373048740456,49547100
2013-07-19,25.513267517089844,26.54517239469162,25.204508906813093,26.3257935199478,248428500
2013-07-22,26.008899688720703,26.008899688720703,25.675766422402482,25.757019156762368,79040700
2013-07-23,25.854524612426758,26.033280961577763,25.765146437851257,25.92765192803086,65810400
2013-07-24,25.96827507019043,26.15515528138895,25.91139861893584,26.03327849992946,52803100
2013-07-25,25.50514793395996,25.7164045261688,25.391394980373573,25.69202977883901,63213000
2013-07-26,25.69202423095703,25.69202423095703,25.35888777496498,25.399514928021294,38633600
2013-07-29,25.62701988220215,25.675770911434682,25.513265414303206,25.57014187336904,28870700
2013-07-30,25.87889862060547,26.098278998320204,25.635140406814436,25.82202216898435,45799500
2013-07-31,25.870779037475586,26.041408430893558,25.76514998936857,25.976406535815176,43898400
2013-08-01,25.732646942138672,26.073907240620116,25.67577048401964,26.049532501293246,42557900
2013-08-02,25.911405563354492,25.919530994249538,25.651397973782966,25.748901594756028,29199900
2013-08-05,25.757022857666016,26.000779546002903,25.708270280184855,25.9195267999682,30984000
2013-08-06,25.659521102905273,25.732648424633357,25.497015599116793,25.6351448124068,36331500
2013-08-07,26.049531936645508,26.08203055519873,25.391386093275415,25.627018900109274,38078600
2013-08-08,26.723934173583984,26.87018885269646,26.041413370904234,26.19579503193154,59034400
2013-08-09,26.569543838500977,26.732049309897665,26.38266363123171,26.626420288559707,26800700
2013-08-12,26.707670211791992,26.788924493415784,26.374535405969237,26.374535405969237,25493700
2013-08-13,26.372196197509766,26.63403593858666,26.355830823520467,26.601305190608066,39464100
2013-08-14,26.470382690429688,27.296816827221356,25.938522134805694,26.298550962676195,48519600
2013-08-15,26.012165069580078,26.331282031153226,25.234827040321385,26.183996799446287,33338000
2013-08-16,26.020349502563477,26.175817440313967,25.905795001425236,26.012168375929054,32866300
2013-08-19,25.68486785888672,26.159452812318325,25.676685171330718,25.987621055706498,27902500
2013-08-20,25.873064041137695,26.102173027725694,25.668501554148172,25.72577880079517,22979600
2013-08-21,25.86487579345703,26.192173829446066,25.80759855912457,25.86487579345703,37409100
2013-08-22,26.503116607666016,26.58494347927854,26.265823362053684,26.33946598581696,31169900
2013-08-23,28.434181213378906,28.802394256244494,27.820493849061375,28.777844639136557,225493800
2013-08-26,27.943235397338867,28.368722599499588,27.84504316172424,28.14779787280584,72786800
2013-08-27,27.21499252319336,27.902322620181376,27.124987648798378,27.427739262538363,58522300
2013-08-28,27.01861572265625,27.49319910565495,27.002250347880285,27.321367352571425,44257400
2013-08-29,27.452281951904297,27.493193820291168,26.838594561974805,26.94496791688105,45284700
2013-08-30,27.329547882080078,27.39500625090134,27.075889289630524,27.30499826256841,42790200
2013-09-03,26.085805892944336,26.241273809552137,25.60303989207726,25.979434093594463,154507000
2013-09-04,25.529401779174805,25.75032810304618,25.455759150988317,25.684868162512423,142320600
2013-09-05,25.553945541381836,25.7257788422879,25.32483655442431,25.4475737346784,71644900
2013-09-06,25.488494873046875,25.68487474497595,25.472129493547328,25.61941478766626,75434900
2013-09-09,25.905792236328125,26.012165599478006,25.529398023798656,25.54576183600891,49628500
2013-09-10,26.503116607666016,26.511300855515266,26.01216786349484,26.102174300892624,56881200
2013-09-11,26.78951072692871,26.94497712849795,26.61767582675829,26.650406581207566,39087500
2013-09-12,26.74859046936035,26.82223309171845,26.6667667206851,26.77314009106367,32860200
2013-09-13,27.02678871154785,27.059519451244505,26.601298459616753,26.81404514626987,40899000
2013-09-16,26.838607788085938,27.411383591893443,26.78133051984289,27.313194435102076,52839700
2013-09-17,26.944974899291992,27.38683068367205,26.920428396174085,27.345915683307155,84716500
2013-09-18,27.264089584350586,27.329551082212664,26.863148834761443,26.994068709109573,64099900
2013-09-19,27.52593231201172,27.558663064485007,27.264092534978122,27.395012423494922,42026600
2013-09-20,26.830415725708008,27.395007048912365,26.74858886057827,27.33772980400942,102904900
2013-09-23,26.78951072692871,26.977707882947225,26.593129321609606,26.62586007605888,39826100
2013-09-24,26.552215576171875,26.89587910964611,26.306741177779376,26.89587910964611,40685000
2013-09-25,26.60130500793457,26.83859824708597,26.5113001336754,26.584942755433563,28907500
2013-09-26,26.81405258178711,27.002249705167095,26.66676733368521,26.70767920896329,28504000
2013-09-27,27.223176956176758,27.61593656836168,26.895875718668023,26.904059966362507,55348000
2013-09-30,27.23134994506836,27.255899559439815,26.75676672601188,27.00224102010144,39839500
2013-10-01,27.476837158203125,27.501383659952356,27.247725030164574,27.288636906871993,36718700
2013-10-02,27.755033493041992,27.84504147621924,27.239538333459446,27.296815573413063,46946800
2013-10-03,27.705947875976562,27.820502386382636,27.345915847413128,27.722313251945472,38703800
2013-10-04,27.72230339050293,27.81231136562594,27.50955669996214,27.566833934790385,33008100
2013-10-07,27.247718811035156,27.583201117665944,27.1658950762961,27.49319313662774,35069300
2013-10-08,27.01042938232422,27.272272237080973,26.83859764255096,27.255906863572687,41017600
2013-10-09,27.059518814086914,27.288627743818502,26.969510842728056,27.059518814086914,35878600
2013-10-10,27.624120712280273,27.730494094297004,27.214995681390377,27.255910681580385,42875100
2013-10-11,27.926870346069336,27.935051471776855,27.558657261716906,27.558657261716906,30033300
2013-10-14,28.188705444335938,28.2296173089144,27.640476470583952,27.738668691222486,27757900
2013-10-15,28.221435546875,28.630560426165662,28.20507017713836,28.36871763175453,47097800
2013-10-16,28.344179153442383,28.556925898807407,28.278720777359606,28.311448404712994,35111600
2013-10-17,28.57328987121582,28.63057024562714,28.12325297392141,28.188714475319383,31359200
2013-10-18,28.606021881103516,28.63057150589648,28.09052658109609,28.491467369990755,41811700
2013-10-21,28.63056755065918,28.80239929359022,28.565106055423037,28.622383303066716,27433500
2013-10-22,28.295080184936523,28.720567343189025,28.245984072195693,28.655108980909926,40438500
2013-10-23,27.624120712280273,28.221446004190643,27.55047808186504,28.106888373585402,58600500
2013-10-24,27.591384887695312,27.902317571436885,27.468646166329982,27.67320862102197,53209700
2013-10-25,29.236074447631836,29.694295607723333,29.023330804139242,29.358813205931288,113494000
2013-10-28,29.105159759521484,29.23607966844423,28.85968532046344,29.13789051709638,38383600
2013-10-29,29.064233779907227,29.22788436705021,28.85148708020875,29.154241758904632,31702200
2013-10-30,29.080598831176758,29.28516128251361,28.990590853168495,29.07241458515312,36997700
2013-10-31,28.974231719970703,29.20334071594969,28.916954470975956,29.17879421534507,41682300
2013-11-01,29.072410583496094,29.203330409476276,28.957856125935294,29.186965041056894,40264600
2013-11-04,29.40791130065918,29.44064205805267,29.088794219514686,29.121524976908177,28060700
2013-11-05,29.980676651000977,30.037953895846854,29.26880009264813,29.285165465657773,51681900
2013-11-06,31.240785598754883,31.273516348250823,30.324346462501047,30.47163171385671,88948800
2013-11-07,30.684371948242188,31.101678033332963,30.62709470364886,31.06076616167712,60437400
2013-11-08,30.913482666015625,30.913482666015625,30.55345380526054,30.823474670482877,36737800
2013-11-11,30.758012771606445,30.91347912338033,30.561631429187628,30.83983651014522,26872500
2013-11-12,30.569820404052734,30.76619865546952,30.438900529316204,30.586185778566804,31651600
2013-11-13,31.22442054748535,31.22442054748535,30.193426898690916,30.258885276984863,44957600
2013-11-14,31.109865188598633,31.199873187480755,30.86439081434122,30.987126440781914,46183700
2013-11-15,30.96257209777832,31.10985730930457,30.86438299721923,31.052580073863833,50601300
2013-11-18,30.43890380859375,30.749839715107115,30.33253042348037,30.561639448607924,53277500
2013-11-19,30.29050064086914,30.694482130484435,30.23278585444695,30.381188116564406,44275000
2013-11-20,30.570819854736328,30.84288860911363,30.389438588452123,30.438903919221264,32229900
2013-11-21,30.83464241027832,30.94181937979496,30.71921597802789,30.727462295712986,23064700
2013-11-22,30.974790573120117,31.065481174563597,30.776923029105163,30.94181160076832,27982000
2013-11-25,31.032506942749023,31.288089299946424,30.974795304841283,31.271599811251587,30646800
2013-11-26,30.793411254882812,31.040750417611267,30.793411254882812,30.974792468870852,34465300
2013-11-27,30.999509811401367,31.131422498660864,30.908822394260778,30.974777165367254,26002100
2013-11-29,31.436492919921875,31.568405690167385,31.18091055161247,31.18091055161247,22090400
2013-12-02,31.700326919555664,31.972395704829086,31.378789652846454,31.403522321039663,42950400
2013-12-03,31.584890365600586,31.733292602639274,31.3952659838396,31.444731299487135,52109800
2013-12-04,32.10429000854492,32.137268977162975,31.42823687711265,31.502437983979487,51983600
2013-12-05,31.329315185546875,32.054837049404775,30.653261793673185,32.030101240888285,116305000
2013-12-06,31.62611961364746,31.782765056794442,31.321071900130175,31.67558494040506,36457300
2013-12-09,31.914669036865234,32.04658178026167,31.634354064016815,31.791002609020506,30286000
2013-12-10,31.420001983642578,32.07132263269569,31.345800857230852,31.832229764808083,37828600
2013-12-11,31.00777816772461,31.57665144626261,30.826396914401432,31.378783847227123,39853400
2013-12-12,30.68622398376465,31.032493663032096,30.653245020487642,31.032493663032096,36012800
2013-12-13,30.2492733001709,30.87586128567204,30.191561662696895,30.851125480291493,40066100
2013-12-16,30.41416358947754,30.50485419976564,30.12560541587742,30.282250832253457,31734200
2013-12-17,30.109119415283203,30.595548353580977,29.952473980764747,30.455389263707765,45687700
2013-12-18,30.158592224121094,30.175078571138688,29.292911188392903,29.97721095643724,63192100
2013-12-19,29.886520385742188,30.13385647716611,29.74636442045328,30.100877492963175,34160100
2013-12-20,30.33995819091797,30.44713827388435,29.83703989205392,29.845286207307826,62649100
2013-12-23,30.191553115844727,30.41415643096325,30.13384149470816,30.34820164039895,25128700
2013-12-24,30.570819854736328,30.64501785089004,30.208057322167917,30.274015289925448,14243000
2013-12-26,30.86760711669922,30.908832400163707,30.64500379519075,30.669739594278955,17612800
2013-12-27,30.743942260742188,31.01601090413092,30.645005349466537,30.983035078753424,14563000
2013-12-30,30.743942260742188,30.818143371675063,30.422405161715634,30.68623063502192,16290500
2013-12-31,30.842885971069336,30.98304506804154,30.68624052861686,30.834642798329202,17503500
2014-01-02,30.63677406311035,30.834644817366197,30.587305588284153,30.793419515819892,30632200
2014-01-03,30.430652618408203,30.686234957634625,30.175070279181785,30.669745470099226,31134800
2014-01-06,29.787582397460938,30.41416728412956,29.77109290767379,30.381188304555266,43603700
2014-01-07,30.01842498779297,30.084382938204,29.853533256813574,29.95247018243012,35802800
2014-01-08,29.48253631591797,29.795830382379062,29.33413717396177,29.68040708027474,59971700
2014-01-09,29.292896270751953,29.60619017037237,29.185719344473135,29.58145751739225,36516300
2014-01-10,29.713376998901367,29.804067607182596,29.474284148895972,29.59795373201549,40548800
2014-01-13,28.839454650878906,29.696889174398795,28.715788205882664,29.67215651440921,45901900
2014-01-14,29.499013900756836,29.581461329728445,28.550892055442105,28.63333633936588,41623300
2014-01-15,30.306983947753906,30.331719752326528,29.5567295400484,29.59795483265335,44812600
2014-01-16,30.41416358947754,30.50485419976564,29.935981023933312,30.249271856685382,38018700
2014-01-17,29.993698120117188,30.36470380019282,29.804073693644927,30.36470380019282,46267500
2014-01-21,29.8205509185791,30.356448197563985,29.72986346456353,30.356448197563985,31567300
2014-01-22,29.6226863861084,29.944223528112406,29.474284144406834,29.894755065862505,21904300
2014-01-23,29.72986602783203,29.78757766038495,29.284659309525424,29.754598686055253,43954000
2014-01-24,30.34821319580078,30.958308607272564,30.11736347830859,30.875864301413785,76395500
2014-01-27,29.705121994018555,30.41415402041159,29.663899860052098,30.397664537815565,44420800
2014-01-28,29.903013229370117,30.001947048018373,29.474295821828505,29.77934359727276,36205500
2014-01-29,30.224533081054688,30.405914264925133,29.597948397303036,29.66390319004383,52745900
2014-01-30,30.389436721801758,30.405926212728286,29.870028765287,30.33172507608332,35036300
2014-01-31,31.197383880615234,31.238606010267077,30.14208226530294,30.463619279652974,93162300
2014-02-03,30.076129913330078,31.32105921674447,30.034907776041965,31.114945385256423,64063100
2014-02-04,29.96895980834961,30.661502638298728,29.886515506351497,30.480124544893176,54697900
2014-02-05,29.531993865966797,30.067891164645406,29.515504379617678,29.919488932551268,55814400
2014-02-06,29.82879066467285,29.886502279539915,29.424806215556263,29.515496794646545,35351800
2014-02-07,30.14208221435547,30.166814863095393,29.68862935381095,29.944211589295417,33260500
2014-02-10,30.33995819091797,30.33995819091797,29.919487319354122,30.19980228207928,26767000
2014-02-11,30.64499855041504,30.719199644885293,30.389419448942967,30.405908930497137,32141400
2014-02-12,30.892358779907227,30.9995357658202,30.752199663256846,30.793421822842543,27051800
2014-02-13,31.00777816772461,31.21389208466503,30.77693158716695,30.77693158716695,37635500
2014-02-14,31.016016006469727,31.147928764823387,30.77692629417438,30.826391612901855,31407500
2014-02-18,31.082462310791016,31.381492400332828,31.07415732769551,31.256898642111388,32834000
2014-02-19,31.157228469848633,31.356582974347354,30.908037715699493,30.916345869729465,29750400
2014-02-20,31.356569290161133,31.456244914595302,31.065847398631895,31.20705426919439,27526100
2014-02-21,31.54763412475586,31.854969329346115,31.44795844165712,31.514407840845337,38021300
2014-02-24,31.306739807128906,31.547625547034713,31.182146029290433,31.306739807128906,32085100
2014-02-25,31.182146072387695,31.439641781455613,31.024322850822738,31.24029046918574,30736500
2014-02-26,31.124008178710938,31.348280828348564,30.89142737429082,31.215378869522485,41041800
2014-02-27,31.447959899902344,31.472878029674277,30.924656994260907,31.107398395609692,33903400
2014-02-28,31.82173728942871,31.94633106620068,31.414723347256928,31.547625276992868,41215000
2014-03-03,31.381500244140625,31.67222542325371,31.140617650584637,31.497789048332955,29717500
2014-03-04,31.904813766479492,31.962958188139194,31.622396646146644,31.730380501500377,26802400
2014-03-05,31.655603408813477,31.788505314718265,31.506088368591666,31.77189218040124,20520100
2014-03-06,31.68883514404297,31.763592677050188,31.47286752929681,31.68052699113554,23582200
2014-03-07,31.481155395507812,31.86324779859616,31.306719151811063,31.796795292686944,26591600
2014-03-10,31.41472625732422,31.572546323307645,31.331663731781834,31.555936353104958,19006600
2014-03-11,31.580848693847656,31.755281866723205,31.331657994220922,31.456251759718462,25216400
2014-03-12,31.78849983215332,31.92140171513651,31.389794183203747,31.39809916461421,30494100
2014-03-13,31.472881317138672,31.93803985614456,31.265221764327112,31.913118555136517,32169700
2014-03-14,31.315044403076172,31.680523879305497,31.15722119965654,31.27351314851423,27195600
2014-03-17,31.605775833129883,31.904806025474258,31.389811343454816,31.481182032074774,20479600
2014-03-18,32.851722717285156,33.142447833959785,31.746976146090006,31.780199248272364,64063900
2014-03-19,32.619140625,32.851718151107654,32.32011056650093,32.785268787347384,35597200
2014-03-20,33.499610900878906,33.765414639493095,32.5942159260273,32.60252090658315,59269800
2014-03-21,33.358394622802734,34.00629071802063,33.23379775743164,33.82355266240758,80721800
2014-03-24,33.640830993652344,33.757119778995,33.109223307153485,33.50792907202763,46098400
2014-03-25,33.5079231262207,34.04783886937122,33.19227993013434,33.773726922304625,43193100
2014-03-26,33.05106735229492,33.81525234214582,32.893244197142195,33.624206094683096,41977500
2014-03-27,32.69390106201172,33.200590576578335,32.67728792742888,33.00954428182282,35369200
2014-03-28,33.47468566894531,33.757102503951266,32.9596913822745,33.05106200075144,43472700
2014-03-31,34.0478401184082,34.471463943760256,33.55776375728178,33.58268187388152,46886300
2014-04-01,34.405025482177734,34.54623559414797,34.11430344081638,34.180756003774746,32605000
2014-04-02,34.34687805175781,34.60437695761552,34.19736296688977,34.421635594191834,28666700
2014-04-03,34.0644645690918,34.29704537457208,33.8152737912361,34.29704537457208,30139600
2014-04-04,33.11753463745117,34.38010471915422,32.92648828654399,34.26381591152658,51409600
2014-04-07,33.05938720703125,33.44978802715321,33.00955096182901,33.19228914195735,37559600
2014-04-08,33.075992584228516,33.16736323717008,32.56099810330401,33.01784819938049,35918600
2014-04-09,33.61591720581055,33.68236659087072,33.12584071254215,33.167371974283775,27398700
2014-04-10,32.69390106201172,33.798647578403425,32.46962849809052,33.59098814906507,45960800
2014-04-11,32.569297790527344,33.05106909365782,32.394864664344574,32.394864664344574,34330200
2014-04-14,32.544403076171875,32.73544947105629,32.31182540737921,32.48625865897371,32006600
2014-04-15,33.01784896850586,33.192282127113224,32.436401937849915,32.67728763419231,33968700
2014-04-16,33.55778503417969,33.57439501002332,33.15077091607766,33.275367915338144,30615800
2014-04-17,33.23381805419922,33.391641269206715,32.818499140822595,33.23381805419922,36688400
2014-04-21,33.17566680908203,33.35010312483953,33.05107306197661,33.33348999149923,22221200
2014-04-22,33.21721267700195,33.3418064670559,33.08431073309836,33.19229138408534,27056700
2014-04-23,32.968013763427734,33.217207643035636,32.78527559864889,33.217207643035636,24602800
2014-04-24,33.10921859741211,33.2005892496502,32.64406035357786,33.00954296253023,42381600
2014-04-25,33.150760650634766,33.79035225609196,33.017858704606795,33.46640396068831,56876800
2014-04-28,33.948177337646484,34.29704697785922,33.30028065120786,33.34181192135317,50610200
2014-04-29,33.649139404296875,34.2139734208824,33.54946374508534,34.139215884315725,29636200
2014-04-30,33.55778503417969,33.64084758793113,33.3667354570114,33.55778503417969,35458700
2014-05-01,33.22549819946289,33.524528190238925,33.18396696043965,33.424852582857056,28787400
2014-05-02,32.968013763427734,33.507929611069116,32.943095642919666,33.48301149056105,43416600
2014-05-05,32.75205612182617,32.926489338842345,32.644072296164154,32.82681366749488,22460900
2014-05-06,32.4447021484375,32.685584617191736,32.35333151573079,32.63574839471944,27112400
2014-05-07,32.74374008178711,32.81849760945185,31.98785982145768,32.57761505909363,41744500
2014-05-08,32.926490783691406,33.142458444492334,32.36996482822863,32.67730001007177,32120400
2014-05-09,32.843414306640625,33.100909956999686,32.70220425473262,32.843414306640625,29647600
2014-05-12,33.200599670410156,33.242130933927186,32.934795781542384,33.00955332332597,22782600
2014-05-13,33.811248779296875,33.87817015324853,33.33444515834491,33.39299976505924,27004800
2014-05-14,33.66067123413086,33.83633499772571,33.501734617652524,33.710859057451835,18818700
2014-05-15,33.12531280517578,33.79451362223872,33.0500278728055,33.535198146077526,37793200
2014-05-16,33.31771469116211,33.32607826658063,32.84927469306445,33.183871956574414,29867100
2014-05-19,33.25078201293945,33.309336593909826,33.008196925499135,33.13367285099871,24537400
2014-05-20,33.19223403930664,33.4097220703496,33.00820349620307,33.19223403930664,21320900
2014-05-21,33.75269317626953,33.75269317626953,33.24243207439038,33.29261991238594,22398700
2014-05-22,33.54355239868164,33.75267679815219,33.334427999211094,33.70248898450972,20201800
2014-05-23,33.56028747558594,33.76941190460552,33.45990864313249,33.76941190460552,18020000
2014-05-27,33.61885070800781,33.677405307916096,33.30098379164465,33.677405307916096,26160600
2014-05-28,33.46826934814453,33.61883917941415,33.30933594446449,33.577014935391546,25711500
2014-05-29,33.74430847167969,33.75267204244665,33.38461429999196,33.585375099230205,19888200
2014-05-30,34.2462158203125,34.271312922011525,33.66903353700438,33.836333720726984,34567600
2014-06-02,34.12074661254883,34.37169531865205,34.02873134241426,34.25458613520294,18504300
2014-06-03,33.70249557495117,34.0287291913618,33.66903489865631,33.96180783877207,18068900
2014-06-04,33.727603912353516,33.76942818011794,33.34281554334144,33.63558860867952,23209000
2014-06-05,34.47208023071289,34.505540915012695,33.79451892406763,33.95345238801195,31865200
2014-06-06,34.69792175292969,34.84849158353283,34.49716410611568,34.69792175292969,24060500
2014-06-09,34.522254943847656,34.69791866693288,34.3131305522743,34.622633758327076,15019200
2014-06-10,34.388427734375,34.43025198942007,34.17930326816351,34.321506373513984,15117700
2014-06-11,34.17928695678711,34.35495065873613,34.10400205723973,34.23784152410345,18040000
2014-06-12,33.9450798034668,34.196028487140985,33.702494693154634,34.137473900649866,29818900
2014-06-13,34.488800048828125,34.77320939661777,34.17929679096412,34.380054453530036,26310000
2014-06-16,34.71464920043945,34.806664443817496,34.32986108357219,34.32986108357219,24205300
2014-06-17,34.86522674560547,35.05762084667891,33.74431962427512,34.538993131133736,22518600
2014-06-18,34.84013366699219,34.91541859451526,34.446978690928816,34.8066729900962,27097000
2014-06-19,34.723026275634766,34.94051751565172,34.572459589989656,34.77321729817397,19828200
2014-06-20,34.86522674560547,34.99070268547262,34.61427805685688,34.67283264453203,47764900
2014-06-23,35.124534606933594,35.13289817865701,34.87358278144089,34.907043450304585,18743900
2014-06-24,34.923770904541016,35.08270428205867,34.76483752702337,34.99069223674935,26509100
2014-06-25,35.157997131347656,35.174727468180954,34.681193700047764,34.88195455106189,20049100
2014-06-26,34.89869689941406,35.082724285948416,34.65611171831586,35.0743607101459,23604400
2014-06-27,35.34202194213867,35.37548261040549,34.723012343142386,34.80666401380943,74640000
2014-06-30,34.8819580078125,35.30857047088916,34.8819580078125,35.27510979390665,30793100
2014-07-01,35.024173736572266,35.25839536898013,34.8736038268054,35.01581015980163,26917000
2014-07-02,35.049251556396484,35.049251556396484,34.73974513946947,34.907045301676064,20208100
2014-07-03,34.96559524536133,35.12453181433502,34.76483763011054,35.05761048192825,15969300
2014-07-07,35.124534606933594,35.233276994263086,34.890313115872736,34.92377378473643,21952400
2014-07-08,34.948875427246094,35.13290595574878,34.80667233957455,35.02416035336213,31218200
2014-07-09,34.85685729980469,35.124539496996135,34.73974813346275,35.11617273312288,18445900
2014-07-10,34.87358856201172,35.132904002211404,34.33823053539285,34.605909548702286,21854700
2014-07-11,35.208187103271484,35.208187103271484,34.69792301335684,34.88195352210911,24083000
2014-07-14,35.25001907348633,35.50933455710258,35.16637056444164,35.316940433510936,21881100
2014-07-15,35.50933074951172,35.52606108772391,35.15800002902712,35.40895191122429,28748700
2014-07-16,36.87282943725586,37.06522357380856,35.53443086547416,35.55952478168086,63318000
2014-07-17,37.249237060546875,38.236304482597774,37.01501875395348,38.01881651090178,82180300
2014-07-18,37.38307571411133,37.50855162754785,37.01501792754124,37.34961823604862,43407500
2014-07-21,37.50856399536133,37.77624305403586,36.9899362180527,37.27434561676764,37604400
2014-07-22,37.50019836425781,37.76787740825235,37.299437485768955,37.642401460323576,43095800
2014-07-23,37.53365707397461,38.01882735138272,37.32453261460615,38.01882735138272,52362900
2014-07-24,37.140506744384766,37.64240419053072,37.073585383039365,37.58384959484656,30725300
2014-07-25,37.22415542602539,37.35799495834469,37.05685521287973,37.05685521287973,26737700
2014-07-28,36.78079605102539,37.23250227532325,36.74733538523007,37.107029565067904,29684200
2014-07-29,36.71388244628906,36.88118261949114,36.504758027532816,36.73061278270781,27763100
2014-07-30,36.45457458496094,36.88955062011763,36.21198946424933,36.86445670797015,31921400
2014-07-31,36.10323715209961,36.54657986959097,36.03631900181091,36.28726764961762,31537500
2014-08-01,35.8522834777832,36.17851699329233,35.634792340120626,36.14505632734659,31170300
2014-08-04,36.27890396118164,36.36255564486366,35.81046729650414,35.94430679940992,34277400
2014-08-05,36.036319732666016,36.35418653720811,35.82719532342163,36.22871380625262,26266400
2014-08-06,35.75191116333008,36.111602219118616,35.308565236501074,35.75191116333008,24634000
2014-08-07,36.16179275512695,36.34582325786079,35.6766257810813,35.83555918463353,30314900
2014-08-08,36.13670349121094,36.237082327882206,35.894118377518495,36.16179740263233,28942700
2014-08-11,36.13670349121094,36.34582792901773,35.98613364071119,36.18689131405373,20351600
2014-08-12,36.40437698364258,36.462931562050585,35.969397836193636,36.00285850699399,21431100
2014-08-13,36.87282943725586,36.95647795193572,36.404389458484324,36.53822899656386,22889500
2014-08-14,37.0317497253418,37.157222452751235,36.81425855892252,36.87281632756245,19313200
2014-08-15,37.46673583984375,37.55875110499269,37.140502220487136,37.291072074187994,41611300
2014-08-18,37.73442077636719,37.73442077636719,37.3747264241187,37.59221447406636,26891100
2014-08-19,38.155277252197266,38.16369306324395,37.73441605970932,37.85225667985937,28139500
2014-08-20,37.835418701171875,38.214194385102424,37.79333322760533,38.163689890273076,24770500
2014-08-21,38.06269073486328,38.087941381213945,37.73441948863922,37.74283530045065,22285500
2014-08-22,38.003761291503906,38.273112157604835,37.93642196952087,38.17210317463029,18294500
2014-08-25,38.020599365234375,38.247864799132934,37.91117776481059,38.214198343342,16910000
2014-08-26,37.885921478271484,38.21419589122668,37.82700117077295,38.13844075145486,14873100
2014-08-27,37.76808166503906,37.8775064716804,37.67549169102839,37.79333551944307,21287900
2014-08-28,37.7764892578125,37.86066018458453,37.549223902429965,37.66706448427682,17657600
2014-08-29,38.239437103271484,38.24785291187459,37.759655740015994,37.95325144703881,21607600
2014-09-02,37.9532585144043,38.26469486535472,37.751243750245585,38.23944422392829,22976800
2014-09-03,37.84382629394531,37.970085898144205,37.48188552021794,37.48188552021794,33684500
2014-09-04,38.096343994140625,38.10476301395156,37.6418164627228,37.65865129142942,26475500
2014-09-05,38.64348602294922,38.660320860949916,37.97010855750665,37.97010855750665,36939400
2014-09-08,39.11484909057617,39.392615870669545,38.71082263985693,38.736073289615376,45736700
2014-09-09,39.35894012451172,39.53570427829905,39.07275436470879,39.114843055701584,40302400
2014-09-10,39.426273345947266,39.51044429304446,38.95490769382189,39.409438514344664,27302400
2014-09-11,39.56095886230469,39.56095886230469,39.11484694943585,39.342112417571855,29216400
2014-09-12,39.30842590332031,39.57777674031355,39.224251759937886,39.48518678805052,38244700
2014-09-15,38.92124557495117,39.316852923453126,38.80340174061246,39.173761655273225,37667600
2014-09-16,39.35894012451172,39.43469527301592,38.96333275869319,39.047503718846166,27910600
2014-09-17,39.156925201416016,39.30001646367456,38.912824942475645,38.938075586188084,38311900
2014-09-18,39.29161071777344,39.417870390510686,39.10643072066998,39.215855556314466,35556600
2014-09-19,39.9986572265625,40.04074271321042,39.22427078639013,39.401034967778294,202522400
2014-09-22,39.61146545410156,39.880816420675195,39.544126106999755,39.81347707357339,38686100
2014-09-23,39.19060134887695,39.54412326298575,39.11484619429413,39.434698437273546,33430300
2014-09-24,39.628292083740234,39.653542728215534,39.00541609571517,39.249516362030135,26582700
2014-09-25,38.75289535522461,39.63670312559218,38.744476334135115,39.459942213701815,33077400
2014-09-26,39.06433868408203,39.24109962754591,38.51721780850376,38.66031229434331,27078800
2014-09-29,39.08958053588867,39.19058951878619,38.51720914313178,38.7023890675283,26091000
2014-09-30,39.02224349975586,39.1232492693432,38.72763878966247,39.03065930934,33033100
2014-10-01,38.63506317138672,39.16534602268206,38.592974478593625,38.946499590373634,38088400
2014-10-02,38.5172233581543,38.8034091601514,38.416217548895546,38.57614689204841,25119400
2014-10-03,38.79499435424805,38.971755327768165,38.39096789580911,38.702404355475544,32453200
2014-10-06,38.79499435424805,38.971755327768165,38.65189984407685,38.82024500448896,20604000
2014-10-07,38.32361602783203,38.66030623866728,38.231026059306544,38.60138593340848,25723700
2014-10-08,39.375770568847656,39.46836054124315,38.16369153882762,38.28153215427063,33031000
2014-10-09,38.592979431152344,39.3926165330902,38.500392643508825,39.140100398509,34422800
2014-10-10,37.06102752685547,38.82022705748577,36.99369142037094,38.38253112713252,51978100
2014-10-13,36.74119186401367,37.50715928259827,36.606516379787266,36.88428316122812,37100200
2014-10-14,36.80850601196289,37.35562664593387,36.665414800228426,36.926346588900664,38115700
2014-10-15,36.379234313964844,36.52232554594852,35.43650314322451,36.194054403477395,60218700
2014-10-16,35.9752082824707,36.261393959238795,35.537512352653906,35.79844417997028,49040400
2014-10-17,36.724342346191406,36.9852741864292,36.017295533922706,36.36240152497555,40683300
2014-10-20,37.103111267089844,37.15361253750243,36.034123827518926,36.24455435001127,34527900
2014-10-21,37.7764892578125,37.86066018458453,37.195698945974335,37.33879337458484,36433800
2014-10-22,37.355648040771484,37.93643545013626,37.22938837264505,37.87751512792172,33570900
2014-10-23,37.894351959228516,38.25629293526635,37.48190647109811,37.55766163377851,45451900
2014-10-24,38.82863998413086,39.476766363273455,38.02900337553078,39.417846075252754,61076700
2014-10-27,38.64348602294922,38.803412167580255,38.475140853859315,38.475140853859315,30371300
2014-10-28,39.13166809082031,39.14008390036165,38.525627054547556,38.60138218408165,29049800
2014-10-29,39.24109649658203,39.30843582829045,39.0054152574347,39.089586211154156,30276100
2014-10-30,38.761314392089844,38.98857981668866,38.525633156616706,38.98857981668866,30073900
2014-10-31,39.51887130737305,39.535706142380654,39.12326071198544,39.51045228441101,35849700
2014-11-03,39.93129348754883,39.94812831410797,39.33367159381617,39.46834699537444,23130400
2014-11-04,40.04073715209961,40.17541261721847,39.771386221861896,39.81347170266472,21530800
2014-11-05,40.28483581542969,40.318505483084,39.779800433363654,40.23433131394822,22449600
2014-11-06,40.991886138916016,41.12656160964727,40.225918797085185,40.28483911484783,33037800
2014-11-07,40.97505569458008,41.177067316866186,40.64678440017752,41.177067316866186,28000600
2014-11-10,41.15178298950195,41.37063248061544,40.86559741637109,40.949771532535586,36370100
2014-11-11,41.13497543334961,41.202314770918335,40.9497986768683,41.11814059895743,23445200
2014-11-12,41.05921936035156,41.17705998752948,40.84037294000918,40.87404260803609,22722100
2014-11-13,41.757843017578125,41.79151267955353,41.00029167770996,41.084465832648476,26210400
2014-11-14,41.73258972167969,42.12819698651869,41.57266044292847,41.86726515009806,29081700
2014-11-17,41.631595611572266,41.84202624431687,41.362244658532504,41.58951012720667,30318600
2014-11-18,41.2843132019043,41.78406187342252,41.25043116932071,41.61465494167307,23995500
2014-11-19,40.84385681152344,41.29278243790002,40.59821692000216,41.21654947953716,26177500
2014-11-20,41.25041961669922,41.25041961669922,40.54738217774112,40.65749713721466,21510600
2014-11-21,40.64054870605469,41.5468716557806,40.2932661106566,41.52146175868246,42884800
2014-11-24,40.31022262573242,40.65750535472396,40.14081570718743,40.64903646282241,35434200
2014-11-25,40.20858383178711,40.63209955537899,40.19164281510321,40.36951864353135,28008000
2014-11-26,40.445743560791016,40.6490324894073,40.047637825800074,40.22551685002729,27163600
2014-11-28,40.496559143066406,40.82690076396167,40.327152272278056,40.61514298326806,21534400
2014-12-01,41.18265914916992,41.31818402215734,40.41186082821001,40.555857823291056,31191600
2014-12-02,41.04713821411133,41.54688683704066,40.826911486066884,41.36901103002382,25773500
2014-12-03,40.72526550292969,41.08101708965268,40.4965666695358,41.03019404962029,23534800
2014-12-04,41.3690071105957,41.55535502286378,40.826907617998955,40.98784239512366,30320400
2014-12-05,41.013248443603516,41.47911818047911,40.97936965187692,41.35206221020985,27313400
2014-12-08,40.40338897705078,40.953957319587765,40.1916311765748,40.87772438216971,26663100
2014-12-09,40.31022262573242,40.589741294838674,39.852824915011404,39.90364795992537,24330500
2014-12-10,39.725765228271484,40.36950752918482,39.55635833924135,40.30174671227336,30431800
2014-12-11,39.954471588134766,40.43728248299095,39.53942799080184,39.878241860238475,29060400
2014-12-12,39.76811981201172,40.42880318590394,39.530948853019474,39.62412281214129,34248400
2014-12-15,39.53093719482422,40.37796823715943,39.42929437447076,39.97986584445544,29247800
2014-12-16,38.251922607421875,39.2514195184677,38.22651270955079,38.878727014634386,47801400
2014-12-17,38.74320602416992,38.9210817892782,38.031699732569415,38.158752465717875,34970900
2014-12-18,40.250919342041016,40.250919342041016,39.251422358672315,39.454711249852096,40105600
2014-12-19,40.3695068359375,40.7421994004696,39.954460126499455,40.344096933928014,64551200
2014-12-22,40.64054870605469,40.75913253406863,40.411849938670535,40.471141852677505,26566000
2014-12-23,41.038665771484375,41.33512542419447,40.767616022958606,40.97090171876899,23648100
2014-12-24,40.776084899902344,41.19960053572379,40.72526509155121,41.19960053572379,11437800
2014-12-26,40.55586242675781,41.004788013641885,40.5050393819307,41.004788013641885,13197800
2014-12-29,40.19163513183594,40.47115377576452,40.030697119689,40.40339295315102,14439500
2014-12-30,39.827415466308594,40.33563299662183,39.67494956098097,40.18316709129421,16384700
2014-12-31,39.344600677490234,40.18315977290059,39.344600677490234,39.58176838428627,21552500
2015-01-02,39.607177734375,40.16621820057352,39.42083306642058,39.52247590632005,27913900
2015-01-05,39.242950439453125,39.58176092370556,39.1751864039024,39.27682922606143,39673900
2015-01-06,38.66697692871094,39.598709988924426,38.573802976456044,39.285309338658834,36447900
2015-01-07,39.15824508666992,39.35306184059361,38.53144391859667,38.94648732399195,29114100
2015-01-08,40.31022262573242,40.445747514334776,39.57330624590515,39.598716152778024,29645200
2015-01-09,39.97140121459961,40.50503177599165,39.72576462198083,40.327155999250174,23944200
2015-01-12,39.47166061401367,40.267872171062045,39.26837489433581,40.166226080054855,23651900
2015-01-13,39.26838302612305,40.581281277412145,39.014274208320145,39.78507278665134,35270600
2015-01-14,38.92954635620117,39.16671724784364,38.641555669409414,38.92954635620117,29719600
2015-01-15,38.522987365722656,39.28531691188649,38.4636954267064,39.14979201825385,32750800
2015-01-16,39.166725158691406,39.20060395191138,38.260398777743646,38.378985863100475,35695300
2015-01-20,39.29376983642578,39.51399971856497,38.599204634910556,39.217536912787914,36161900
2015-01-21,38.89567947387695,39.08202741171545,38.52298682936826,38.912620489241206,39081100
2015-01-22,39.92058181762695,39.92905070801014,39.031199693681295,39.28530841035611,35898000
2015-01-23,39.96293640136719,40.14081219625576,39.64106360740125,40.11540229160537,26211600
2015-01-26,39.81893539428711,39.92058146499327,39.166724212011125,39.81046650397874,42525500
2015-01-27,36.13434982299805,36.59174743331679,35.66848332263674,36.379989639410056,169164000
2015-01-28,34.889217376708984,36.24446936794402,34.8638074721977,36.202118450035904,84507100
2015-01-29,35.583778381347656,35.676952327954474,34.55040254093779,34.66898638892191,63585300
2015-01-30,34.22006607055664,35.21956327058834,34.17771192030282,35.194150134202445,78004900
2015-02-02,34.965450286865234,35.04168323149169,34.07606808700189,34.380999865507704,50352500
2015-02-03,35.23649978637695,35.51602165839568,34.77063323084697,35.26191292184913,52082400
2015-02-04,35.43979263305664,35.75319333507928,35.03321796339174,35.524494477548735,41614800
2015-02-05,35.95647430419922,36.11740906547864,35.45672577782178,35.7616575201765,36548200
2015-02-06,35.92259216308594,36.244464915751685,35.70236547831517,36.151290969098376,34616600
2015-02-09,35.88024139404297,36.202114147997484,35.75318542424927,35.77859855690853,31381100
2015-02-10,36.083534240722656,36.22753125052265,35.72778262445475,36.20212134398014,29670700
2015-02-11,35.897186279296875,36.12588511090521,35.753189282579974,36.12588511090521,38262500
2015-02-12,36.498573303222656,36.498573303222656,36.00729367287247,36.13434964104372,33268800
2015-02-13,37.15925598144531,37.15925598144531,36.54939574513008,36.744212523649836,40264900
2015-02-17,37.17631912231445,37.53460240142098,36.84362332207818,37.50901166838834,33695700
2015-02-18,37.1336669921875,37.27868875248209,37.014239221452364,37.21897486711452,27111700
2015-02-19,37.10807800292969,37.133668739530634,36.724200683101294,36.83509929864346,27603400
2015-02-20,37.4151725769043,37.43223414937195,36.92892915114389,37.11659993996366,29721100
2015-02-23,37.66257858276367,37.69669848992183,37.23604882873085,37.27870115330138,32518800
2015-02-24,37.61137771606445,37.79051935495749,37.46635596970172,37.662562436103485,25271700
2015-02-25,37.52607345581055,37.61137806918077,37.36399013457975,37.49195030879749,29759800
2015-02-26,37.58579635620117,37.73081488456597,37.44077457367319,37.526082461678826,28957300
2015-02-27,37.40665054321289,37.70522326300169,37.24457044103939,37.64550936987655,33807700
2015-03-02,37.4322509765625,37.69669733328409,37.150739785539756,37.2531060122009,31924000
2015-03-03,36.92040252685547,37.38958770787749,36.75832244424232,37.15926132469288,31748600
2015-03-04,36.73274230957031,36.860699278825734,36.579191343132884,36.69008673232151,25748700
2015-03-05,36.775386810302734,36.8862854300662,36.527998833200755,36.74126365742737,23193500
2015-03-06,36.135581970214844,36.77537625933575,35.956440350259875,36.6815392429321,36248800
2015-03-09,36.5535888671875,36.79244767855454,35.99056987223283,35.99056987223283,32108000
2015-03-10,35.85408020019531,36.43416076612526,35.85408020019531,36.127058907202006,39159700
2015-03-11,35.81142044067383,36.14411296727223,35.69199268796283,36.09293150420306,32215300
2015-03-12,34.99248123168945,35.529909323009576,34.85599191927693,35.25693069818454,59992500
2015-03-13,35.299591064453125,35.376366523614216,34.64273508144439,34.719510540605484,58007700
2015-03-16,35.4531364440918,35.521379478149996,35.21427768948276,35.37636099692499,35273500
2015-03-17,35.57257080078125,35.68346941265409,35.10338887169841,35.291059690833904,31673400
2015-03-18,36.2550163269043,36.536527427440674,35.256938615902875,35.34224323500701,44194800
2015-03-19,36.07587814331055,36.331795279394335,36.016164253363094,36.05028415178811,33879100
2015-03-20,36.57917785644531,36.664482471163915,36.24648530321534,36.30619918435085,71904500
2015-03-23,36.562103271484375,36.792429554254404,36.49385700066601,36.57916483918897,26246100
2015-03-24,36.59626007080078,36.82658331127761,36.46829982238984,36.49389057040631,25513300
2015-03-25,35.367828369140625,36.621826247199586,35.3507667971891,36.61329383414277,43469900
2015-03-26,35.15458297729492,35.49580809607569,34.90719492888706,35.16311539505459,37495600
2015-03-27,34.94983673095703,35.342243184940365,34.830408962715374,35.07779365943197,34401400
2015-03-30,34.941314697265625,35.43609074601692,34.89866237510241,35.06074250098805,35049700
2015-03-31,34.68539047241211,35.00102149737423,34.58302426915792,34.7877566756663,34887200
2015-04-01,34.736568450927734,34.770688342606825,34.3868143414593,34.63419901340359,36865300
2015-04-02,34.369754791259766,34.75363206916145,34.22473303998025,34.685385773462265,37487500
2015-04-06,35.444602966308594,35.64080615780536,34.27591297601829,34.412402294197,39223700
2015-04-07,35.427547454833984,35.75171086126903,35.23987664408746,35.495793752678246,28809400
2015-04-08,35.33371353149414,35.5640399257417,35.00955335069791,35.367836683418865,24753400
2015-04-09,35.384891510009766,35.50431926480358,35.18868830511104,35.18868830511104,25723900
2015-04-10,35.58962631225586,35.785829512655546,35.32517682258906,35.512850863911446,28022000
2015-04-13,35.62374496459961,35.87966528629443,35.30811402311462,35.31664643605755,30276700
2015-04-14,35.529911041259766,35.85407114006492,35.30811386401198,35.657867947368516,24244400
2015-04-15,36.050270080566406,36.22088252274941,35.55549757781352,35.62374060218972,27343600
2015-04-16,35.96497344970703,36.11852435625391,35.67493321002543,35.78583181012314,22509700
2015-04-17,35.50431823730469,35.60668767059016,35.11191183886352,35.54697054075922,42387600
2015-04-20,36.604774475097656,36.82656846152203,35.55551192538572,35.598164239602376,46057700
2015-04-21,36.37444305419922,36.80950506000072,36.28060602337291,36.681544880844385,26013800
2015-04-22,36.67302322387695,36.79245101330357,36.29767502377822,36.400041235549146,25064300
2015-04-23,36.97157669067383,37.20190300806149,36.510924055898485,36.58769949502771,46309500
2015-04-24,40.83594512939453,41.06627151594485,38.94215581914096,38.950684979755664,130933700
2015-04-27,40.97241973876953,41.05772758504142,40.28144408185598,40.28997323940237,59248200
2015-04-28,41.9364013671875,41.979053687771966,40.69093538280559,40.759178444908045,60730800
2015-04-29,41.8510856628418,42.06435046355186,41.37337133775271,41.5610454037096,47804600
2015-04-30,41.49280548095703,42.26056018314573,41.458682326601284,41.54399021249065,64725500
2015-05-01,41.50986862182617,41.69754272368941,41.288074618485,41.44162556470705,38937300
2015-05-04,41.151580810546875,41.68900581018208,41.100396082607055,41.262476173172175,34039500
2015-05-05,40.605621337890625,41.08333571691348,40.35823661430089,40.79329542503585,50369200
2015-05-06,39.47957992553711,40.750639603709125,39.25778595867842,40.58002710773022,52433000
2015-05-07,39.83787536621094,40.170568017686065,39.37722250070841,39.47105955710671,32971700
2015-05-08,40.733577728271484,40.92978095824322,40.53737449829975,40.562965233550905,35364900
2015-05-11,40.40941619873047,40.8700689797157,40.40941619873047,40.56296712572554,24609400
2015-05-12,40.39235305786133,40.67386416449815,39.59900771718281,39.96582344477235,29928300
2015-05-13,40.63121032714844,41.2198199995934,40.58002560400265,41.10892139319215,34184600
2015-05-14,41.56104278564453,41.6463473988899,40.97242989009932,40.97242989009932,32980900
2015-05-15,41.2027702331543,41.723137011361494,40.989505373506326,41.689013852818576,28642700
2015-05-18,40.95537567138672,41.134520598032694,40.614153902966216,40.929784933650005,24136500
2015-05-19,40.85234069824219,41.049819035742914,40.508898117616724,40.835168241679796,28574800
2015-05-20,40.85234069824219,41.15285049980608,40.586172534491894,40.68920399855506,25047900
2015-05-21,40.7149658203125,40.869514672186504,40.362938607779846,40.59476188559085,22410700
2015-05-22,40.26848220825195,40.65485093990454,40.199792395764945,40.611921444755424,25720600
2015-05-26,40.00232696533203,40.25132270272582,39.65888434304325,40.20839319376762,29581900
2015-05-27,40.87808609008789,41.01546242810648,40.02806774682204,40.19978898817284,27335600
2015-05-28,40.740726470947266,41.23013008068323,40.68920909480763,40.7836559800745,19283700
2015-05-29,40.23414993286133,40.84375747116248,40.00232665590633,40.72355353688469,36519600
2015-06-01,40.55183029174805,41.01547682353068,40.02808179569485,40.405869314322814,28837300
2015-06-02,40.28565979003906,40.65485942089902,40.0280794901001,40.294247656046714,21498300
2015-06-03,40.22555160522461,40.98971107141966,40.199794561809405,40.6720255845155,28002200
2015-06-04,39.804847717285156,40.49172967125194,39.6674713264918,40.17404738166321,27745500
2015-06-05,39.61595153808594,39.94222167458385,39.35837123045551,39.76191578677368,25438100
2015-06-08,39.26392364501953,39.86494653552109,39.212406274298395,39.75332720328093,22121600
2015-06-09,39.195228576660156,39.444220959435,39.03209190914396,39.28967215616204,24406100
2015-06-10,40.019500732421875,40.208394508387784,39.22958398545584,39.31544628149111,28417400
2015-06-11,39.87353515625,40.28566433773832,39.60737023556823,40.06242892600733,27347800
2015-06-12,39.46997833251953,39.899279803961996,39.409876388542415,39.68462906824077,23931000
2015-06-15,39.04927062988281,39.19523486765091,38.6543139693756,39.02351358364006,33254500
2015-06-16,39.34977722167969,39.701804322094446,38.89471540262364,38.93764489773558,27070300
2015-06-17,39.46997833251953,39.555837316683906,38.94623001331008,39.26391218509062,28704100
2015-06-18,40.11395263671875,40.18263920682464,39.64171813775031,39.68465092879261,32658300
2015-06-19,39.58161544799805,40.20839881255962,39.48717182521692,40.174053890469004,63837000
2015-06-22,39.69321823120117,40.113935162839205,39.633116280297266,39.779080500571524,20318100
2015-06-23,39.41847229003906,39.736154552995245,39.169476579065545,39.607366039786044,25896500
2015-06-24,39.18665313720703,39.71040166154976,39.10937871106939,39.212410187482384,34890900
2015-06-25,39.195228576660156,39.547255678490664,39.06643681549585,39.52149536107148,20616000
2015-06-26,38.86037826538086,39.736153897053825,38.66289992813762,39.195236254944106,49835300
2015-06-29,38.096229553222656,38.83462895499323,38.087644960898,38.671495498329996,34081700
2015-06-30,37.90733337402344,38.396736946119084,37.727024209058186,38.388149079767174,35945400
2015-07-01,38.1649055480957,38.83461486707315,37.864392520759445,38.17349013730616,28343900
2015-07-02,38.12199020385742,38.42250006744453,37.83006493266772,38.190676768972246,21752000
2015-07-06,38.1134033203125,38.19067775513197,37.735619014146145,37.74420360676522,23034000
2015-07-07,38.0361213684082,38.19925807373745,37.1946906196171,38.070466282720815,36435800
2015-07-08,37.9846076965332,38.55128568777575,37.80429853203363,38.15632571939171,39785900
2015-07-09,38.22500991821289,38.826032735620586,38.207837463394284,38.422488235660545,32424700
2015-07-10,38.30228805541992,38.75734668881836,38.267943142439734,38.64572735928832,25465800
2015-07-13,39.100799560546875,39.169486129276535,38.59422342433153,38.619980478191145,28178300
2015-07-14,39.16948699951172,39.46141229255059,38.90332203621682,39.02352599064834,22880300
2015-07-15,39.28968811035156,39.40130746366471,39.00635070617127,39.221001545067075,26629600
2015-07-16,40.06241989135742,40.088176935856985,39.46998494069146,39.5043265749206,26271700
2015-07-17,40.028079986572266,40.16545636659769,39.71898231268726,39.9679780250181,29467100
2015-07-20,40.28565979003906,40.46596894777643,39.87353065507448,40.053839812811844,30631900
2015-07-21,40.59476089477539,40.637693677823734,39.90787894505131,40.165459266783905,42781900
2015-07-22,39.100799560546875,40.294257760618954,38.80887427399376,39.014937255494765,59152400
2015-07-23,39.590213775634766,39.693245293814776,38.723022277957035,38.86898659774888,33934000
2015-07-24,39.4442253112793,39.770495406998236,39.324021401096246,39.4184682663289,32333200
2015-07-27,38.937652587890625,39.50433055109405,38.85179358070966,39.44422859100514,39701400
2015-07-28,38.92906951904297,39.186649825965915,38.45683841046569,39.13513572976811,34328900
2015-07-29,39.7447395324707,40.16545323050078,38.86037608450338,38.980583273537256,40945900
2015-07-30,40.25131607055664,40.69779009584235,39.435642433502196,39.71897976619039,39777900
2015-07-31,40.09676742553711,40.672029959088405,39.92504614190755,40.603343410823214,31201500
2015-08-03,40.191219329833984,40.35435276829581,39.88212163564401,40.33718031025065,24125900
2015-08-04,40.81800079345703,40.96396177917989,40.07960144722904,40.13970341491628,33403900
2015-08-05,40.85234069824219,41.56497963136992,40.817995785117404,41.195780003556465,26959700
2015-08-06,40.028079986572266,41.01547496978146,39.77908754955268,40.96395759903021,27368000
2015-08-07,40.1311149597168,40.165456598437935,39.718982541950396,39.830601874900104,19163000
2015-08-10,40.637691497802734,40.775067880377954,40.21697448380351,40.31142136094485,23079900
2015-08-11,39.84776306152344,40.30282158015638,39.40987699504971,40.199790142511446,29237400
2015-08-12,40.1311149597168,40.26849134053517,39.24675143759419,39.65888058004931,30181400
2015-08-13,40.12252426147461,40.4402065055724,39.91646134244779,40.40586486927529,22627200
2015-08-14,40.354347229003906,40.4402062321327,39.94221811842587,39.95080270861434,21473400
2015-08-17,40.62910079956055,40.7407201261575,39.985148437003716,40.19121463415878,21099700
2015-08-18,40.85381317138672,40.992095460583336,40.3611823100669,40.48217890100022,23574100
2015-08-19,40.28340530395508,40.68961104132923,40.01548187976419,40.430328819314,31485500
2015-08-20,39.46234130859375,40.16239717280882,39.46234130859375,39.81668984054989,36238200
2015-08-21,37.22389602661133,39.30677469807318,37.22389602661133,39.15120672286776,70053100
2015-08-24,36.02257537841797,36.89548181803207,34.32861630343977,34.95952953145991,88753700
2015-08-25,34.976806640625,37.37082115713752,34.9076638560613,36.79176187559953,70616600
2015-08-26,36.91276931762695,37.02512472716212,35.48673358376989,36.30778296224347,63408000
2015-08-27,37.941246032714844,37.98445863610494,37.102907679923774,37.36218659717463,50943200
2015-08-28,37.96717071533203,38.15731011542288,37.50046671342364,37.50911121174238,28246700
2015-08-31,37.61282730102539,37.967175952035284,37.249834150504455,37.64739870524845,34441700
2015-09-01,36.1435661315918,36.80905065262544,36.005283847799724,36.44605759710268,49688900
2015-09-02,37.47454071044922,37.49182641059087,36.19542857215878,36.61027548482783,37671500
2015-09-03,37.59552764892578,38.01037445493998,37.4053882931616,37.51774366674128,28285200
2015-09-04,36.82632827758789,37.19796245198449,36.471979796989864,36.99918191866451,37138800
2015-09-08,37.9326057434082,38.027675459562815,37.33626383786199,37.422689054233096,32469800
2015-09-09,37.22389602661133,38.373370143750265,37.08561374830758,38.20915767163923,33469500
2015-09-10,37.41403579711914,37.84616833356937,36.94733186649459,37.267109020333066,31366600
2015-09-11,37.57823944091797,37.67330911244414,37.111535579012696,37.28438922752307,27132500
2015-09-14,37.197967529296875,37.543671561727784,37.042399560784666,37.53503036210352,23656000
2015-09-15,38.010379791259766,38.278303166822504,37.2325431571228,37.327609551442016,28882200
2015-09-16,38.28694152832031,38.356084315690545,37.88938039167019,38.00173577269203,23372200
2015-09-17,38.24372100830078,38.89191966945842,38.09679756095464,38.27829239482065,32768200
2015-09-18,37.57823944091797,38.01901640946489,37.448601677217034,37.59552513545992,63143700
2015-09-21,38.122737884521484,38.43387387900795,37.68196079336231,37.699246492712675,26177200
2015-09-22,37.941246032714844,38.070883842885124,37.43132940012703,37.491827704255215,28085900
2015-09-23,37.91530990600586,38.174588782724705,37.60417393517933,37.96716700011355,17145200
2015-09-24,37.94988250732422,38.14002189484789,37.39675334024797,37.5523213306019,27905600
2015-09-25,37.97581481933594,38.65858517465716,37.82024680680932,38.44251885691579,29384600
2015-09-28,37.41403579711914,38.10544719605758,37.34489300877049,37.880739727743695,27613800
2015-09-29,37.54367446899414,37.65602985426662,37.20661161008639,37.483176176211195,32763600
2015-09-30,38.25237274169922,38.28694413774052,37.73381498871881,37.92395437003619,34958900
2015-10-01,38.55486297607422,38.67585955107487,37.81159453317375,38.67585955107487,28657900
2015-10-02,39.38455581665039,39.38455581665039,37.95851724678582,38.26101197516493,41839000
2015-10-05,40.30068588256836,40.52539337658704,39.49691900907348,39.540131608279765,34369300
2015-10-06,40.40439224243164,40.77602648830731,39.94633280784938,40.0414024935724,27017200
2015-10-07,40.447608947753906,40.922954127772016,39.71298487835409,40.7068878371356,27711500
2015-10-08,41.00938415527344,41.06988245516051,40.188331560778735,40.24018865935769,33772700
2015-10-09,40.715538024902344,41.08717236048452,40.551325511048105,41.009388353108946,28600600
2015-10-12,40.62045669555664,40.680954984329176,40.1883241775188,40.603170999205986,19769100
2015-10-13,40.525394439697266,40.73281953700285,40.24018863992593,40.24018863992593,19987800
2015-10-14,40.34389877319336,40.70688856544016,40.214257677728064,40.317971872864305,24697800
2015-10-15,40.62910079956055,40.64638649714683,40.21425394821893,40.62910079956055,27189400
2015-10-16,41.06123352050781,41.087163715450714,40.534034578011315,40.637745467053776,26450300
2015-10-19,41.156314849853516,41.3810256860642,40.63775696106227,40.98346112128622,29387600
2015-10-20,41.285945892333984,41.320517288990466,40.63774704111923,41.000736815282764,30802200
2015-10-21,40.79332733154297,41.47609778532291,40.71554331406284,41.41559617447317,25144300
2015-10-22,41.510650634765625,42.305776220792914,40.698242648461544,41.07851809583395,56637100
2015-10-23,45.693695068359375,46.7308138512479,45.15785162768236,45.20106422344653,135227100
2015-10-26,46.88638687133789,46.946885171290035,45.37392277871409,45.39984967957641,64633300
2015-10-27,46.40238571166992,46.99008616337236,46.307319333023024,46.66166784388103,50999900
2015-10-28,46.65302276611328,46.65302276611328,45.685046921164286,46.272747365539196,47000800
2015-10-29,46.117191314697266,46.52339701119987,45.99619471495013,46.272759313489324,30202100
2015-10-30,45.494911193847656,46.66167097639735,45.47762549741253,46.08261168500391,46619800
2015-11-02,46.01348114013672,46.117192041996994,45.47763433722004,45.67641493949811,30285000
2015-11-03,46.799964904785156,47.00738671983847,45.71963333539409,45.74556023804818,36596900
2015-11-04,47.01603317260742,47.43088011686502,46.72218284164448,46.825893753481274,37087800
2015-11-05,46.998741149902344,47.275305742209966,46.6703194601958,47.093810846678714,31468500
2015-11-06,47.4654426574707,47.51729975576399,46.63574886623844,46.74810426408553,32851200
2015-11-09,46.80861282348633,47.42224045169427,46.29005491453244,47.145675793997434,32513100
2015-11-10,46.24683380126953,46.78268065002511,46.03941197980513,46.7308235462038,55283700
2015-11-11,46.36781692504883,46.84316199881623,46.203604470848106,46.4110295141351,36516300
2015-11-12,46.0826301574707,46.65304518084572,45.970274734058876,46.22091248747341,35361100
2015-11-13,45.66777801513672,46.05669805467526,45.399854588585626,45.866558636031876,36848200
2015-11-16,46.47153854370117,46.5752494408708,45.67641287364077,45.87519676383835,32165200
2015-11-17,46.08869552612305,46.575944089057046,45.98428227480985,46.262710973381246,31551300
2015-11-18,46.85437774658203,46.967490454576954,46.09739984967008,46.11480206006409,29710000
2015-11-19,46.93268585205078,47.55915214728017,46.793471488570056,46.976193037433454,28149200
2015-11-20,47.15019989013672,47.24591036988486,46.34971827611891,47.2024065115807,37147600
2015-11-23,47.15019989013672,47.38512470793716,46.76736129027581,47.2024065115807,28235900
2015-11-24,47.202415466308594,47.367731486879016,46.619456352350575,46.915283972592725,24600000
2015-11-25,46.715152740478516,47.185002356684485,46.715152740478516,47.06319023080845,21005100
2015-11-27,46.92397689819336,47.05449178963051,46.80216476972219,46.8108642135566,9009100
2015-11-30,47.2894287109375,47.820184574538565,46.98489829041196,47.45474806990792,56241400
2015-12-01,48.04640579223633,48.05510523814372,47.24592068432979,47.34163118497287,39952800
2015-12-02,48.03770065307617,48.69026859524699,47.907189056121325,48.13341114898905,47274900
2015-12-03,47.158912658691406,48.52495467788292,46.92398779104841,48.28133036438604,38627800
2015-12-04,48.646766662597656,48.92519539679013,47.07190143802647,47.08930364880504,43963700
2015-12-07,48.55975341796875,48.698967769268926,48.10730594646019,48.542351209164735,30709800
2015-12-08,48.54235076904297,48.8120767052298,47.8462790188532,48.26392206896706,32878000
2015-12-09,47.83757781982422,48.611957874687555,47.428634201090176,48.17691260169629,36373200
2015-12-10,48.08991241455078,48.429247249625625,47.863686978412524,48.19432236708168,31775800
2015-12-11,47.03709411621094,47.94198572312273,46.993586935451006,47.60265095563932,39549500
2015-12-14,47.976783752441406,48.03768981443801,46.70645257489597,47.27201265815748,46768900
2015-12-15,48.028995513916016,48.638059518232645,47.933285029349314,48.42923634107513,39843000
2015-12-16,48.83817672729492,48.94258664945692,47.64615044934675,48.32482324122869,37503300
2015-12-17,48.46404266357422,49.41244146383905,48.316125549116514,49.038302274432525,41280900
2015-12-18,47.09800338745117,48.72507182067752,47.01099233914927,48.52495138828131,84684200
2015-12-21,47.70706558227539,48.15950973921287,47.18500927028817,47.75056944515799,37246300
2015-12-22,48.159515380859375,48.272628092910324,47.41993966782153,47.84628553993211,28322200
2015-12-23,48.56846237182617,48.620669008459544,48.237826978080015,48.46405241769203,27279800
2015-12-24,48.437950134277344,48.690277246676,48.22913021439299,48.60326949991298,9558500
2015-12-28,48.68156051635742,48.68156051635742,47.837571732037716,48.15950426372531,22458300
2015-12-29,49.20361328125,49.464639747105785,48.7772708281496,48.97739122927675,27731400
2015-12-30,48.994808197021484,49.40374856638324,48.977405984837404,49.13402257536151,21704500
2015-12-31,48.27261734008789,48.89038075752392,48.22041071866296,48.75986918265904,27334100
2016-01-04,47.68095397949219,47.68095397949219,46.45412662964652,47.263310979452335,53778000
2016-01-05,47.898494720458984,48.19432570573397,47.45474990211291,47.79408476069511,34079700
2016-01-06,47.02838897705078,47.332922631329204,46.671652019108194,47.26331380093469,39518900
2016-01-07,45.392616271972656,46.541138696514984,45.305608556372164,45.85376645822371,56564900
2016-01-08,45.53183364868164,46.358416899218604,45.375217106254695,45.56663474322974,48754000
2016-01-11,45.5057487487793,45.98429803097436,44.774872334817246,45.68846702248655,36943800
2016-01-12,45.923370361328125,46.20179902447332,45.29690752881718,45.90596815499011,36095500
2016-01-13,44.93147277832031,47.04579295364553,44.63564187628336,46.81086812092808,66883600
2016-01-14,46.21052169799805,46.48024771462571,44.870581104812615,45.24472040445703,52381900
2016-01-15,44.365928649902344,45.21861718366552,43.80036833669981,44.64435742341143,71820700
2016-01-19,43.99179458618164,44.96629540916313,43.556749161030396,44.792276575276,43564500
2016-01-20,44.19189453125,44.70524802694987,42.72143955385409,43.487120075384595,63273000
2016-01-21,43.922176361083984,44.879278083849485,43.7655597758884,44.37462390507872,40191200
2016-01-22,45.49704360961914,45.53184803429514,44.600847929441656,44.731362862410336,37555800
2016-01-25,45.061988830566406,45.810267208880234,44.94017668881893,45.19250041709644,34707700
2016-01-26,45.392616271972656,45.62754108705189,44.85316113316012,45.06198429738552,28900800
2016-01-27,44.5660400390625,45.41872839901345,44.39202126130816,45.25340906653738,36775200
2016-01-28,45.29691696166992,45.42742855768615,44.59214239430647,45.122898181182784,62513800
2016-01-29,47.933284759521484,47.933284759521484,46.984886001902986,47.62005165511438,83611700
2016-02-01,47.6026496887207,47.93328500273157,47.419931483266716,47.75056679727759,44208500
2016-02-02,46.11479187011719,47.21110432963041,45.810261553344496,47.13279605972721,56313800
2016-02-03,45.383914947509766,46.454125736881515,44.60083226302728,46.33231361243568,57559800
2016-02-04,45.24470520019531,45.94947968762426,44.69654726552835,45.33171292100451,46987100
2016-02-05,43.64374542236328,45.24471229798018,43.1216923773472,45.19250566582565,62009000
2016-02-08,42.99116516113281,43.13037948793088,41.92965384484045,43.112977282189696,59290500
2016-02-09,42.87805938720703,43.71334880161732,42.3473036436035,42.65183731441026,46740500
2016-02-10,43.25220489501953,43.84386679543839,43.08688886839429,43.40882147566761,38237000
2016-02-11,43.23479461669922,43.60023434306767,42.20808758808411,42.35600469515498,48878600
2016-02-12,43.9395637512207,44.096180283587245,43.28699597273723,43.72204115839288,34243300
2016-02-16,44.77210235595703,44.77210235595703,43.930818794726555,44.605599362472994,37291200
2016-02-17,45.93762969970703,46.244349961046396,45.08758423608145,45.122638553314005,40789000
2016-02-18,45.736061096191406,46.402079587291425,45.65719057337595,45.858751176208784,27176000
2016-02-19,45.411827087402344,45.814941695805594,45.15768830877106,45.543279101994685,33559100
2016-02-22,46.13918685913086,46.445903754285105,45.814939463723874,45.814939463723874,25008300
2016-02-23,44.8509635925293,45.8938042483213,44.67569538456548,45.86751518716378,28895300
2016-02-24,45.00870895385742,45.13139570828737,43.992157261913555,44.42156090241838,33014500
2016-02-25,45.657188415527344,45.657188415527344,44.351447240915796,45.332944433927274,26939500
2016-02-26,44.95612335205078,46.16547031436674,44.78085514341668,46.095361693727895,35975900
2016-02-29,44.58806610107422,45.26284657646496,44.395270724401655,44.999942574470275,31654000
2016-03-01,46.077842712402344,46.0866046194193,44.623118768297964,44.66693833227286,33024500
2016-03-02,46.40208053588867,46.41084244173046,45.70977297068495,45.928857389321855,29289900
2016-03-03,45.87628173828125,46.41961357227865,45.37676946793387,46.41961357227865,24427800
2016-03-04,45.595829010009766,45.96389241726189,45.315401339227925,45.92007622050752,33034200
2016-03-07,44.71950912475586,45.39428951512888,44.32515985737565,45.18397035158781,38407800
2016-03-08,45.26284408569336,45.683485785588786,44.34268681527386,44.51795502597105,33835100
2016-03-09,46.305694580078125,46.31445648813818,45.44688384275096,45.47317290989488,28251600
2016-03-10,45.61336898803711,46.39330887572604,44.83342910034818,46.38454697109511,38387800
2016-03-11,46.50724411010742,46.50724411010742,45.90257226626863,46.44590073506421,32275700
2016-03-14,46.59488296508789,46.962946609001285,46.12166305571878,46.19176834701048,24083600
2016-03-15,46.96293640136719,46.96293640136719,46.21805071060869,46.22681261650433,21104800
2016-03-16,47.62896728515625,47.84805177743933,46.796448888851785,46.84026511871559,31691700
2016-03-17,47.90061569213867,48.198570626091204,47.32223297834409,47.5062630820599,28223900
2016-03-18,46.875308990478516,48.1722884945196,46.84025467721606,48.12846893145987,67625500
2016-03-21,47.19955062866211,47.26089400226786,46.38455627308502,46.66498407898647,23925700
2016-03-22,47.38359451293945,47.5413356174483,46.84902780798882,46.980479842734226,23124100
2016-03-23,47.29595947265625,47.532571116516856,47.09440214854476,47.418646248814206,20129000
2016-03-24,47.50627136230469,47.61143430529726,47.085629619224626,47.182027312152776,19950000
2016-03-28,46.91912841796875,47.57638179323477,46.73509827520551,47.506273161917235,17025100
2016-03-29,47.94443893432617,48.07589093794352,46.8402548072011,47.02428493789472,23924300
2016-03-30,48.24238967895508,48.75942905527221,48.11094102983495,48.13723009106637,23008300
2016-03-31,48.40013885498047,48.71562101455515,48.07589478784586,48.15476532773953,26360500
2016-04-01,48.69808578491211,48.73314009526884,47.82174808377212,48.24238977916375,24399200
2016-04-04,48.575408935546875,48.77696624670703,48.19858337986718,48.575408935546875,18928800
2016-04-05,47.812992095947266,48.46148020300129,47.7253563092079,48.365082509069715,19272300
2016-04-06,48.30371856689453,48.37382716644072,47.50625163334776,47.63770358601585,21188700
2016-04-07,47.725345611572266,48.119698206096636,47.52378836169596,48.08464389925832,19225100
2016-04-08,47.6902961730957,48.443947132240964,47.60266374001683,47.90938059875593,22167200
2016-04-11,47.59390640258789,48.330030277187696,47.585141152660775,47.75164747164237,21414200
2016-04-12,47.89186096191406,48.00578246625612,47.11191753047613,47.64648411056681,24944300
2016-04-13,48.50529479980469,48.584165333745965,48.10218022319962,48.30373751150215,20818000
2016-04-14,48.514060974121094,48.70685635919875,48.25992221069388,48.391374217422,20877100
2016-04-15,48.76819610595703,49.004804351706845,48.29497292853111,48.46147589408624,28793800
2016-04-18,49.47801971435547,49.59194453751158,48.38259772275375,48.627974522087115,23786000
2016-04-19,49.41667938232422,49.749688624233144,48.794480455229184,49.62700188852007,29596800
2016-04-20,48.715606689453125,49.51307376145001,48.627974267768344,49.32904367013441,36195700
2016-04-21,48.88212203979492,49.27647472343413,48.56663989288356,48.899649197174824,38909100
2016-04-22,45.37677001953125,45.94639092427226,44.49167031623328,45.49069486907213,126834100
2016-04-25,45.665950775146484,45.68347792749764,45.24530914760633,45.37675777579622,33226900
2016-04-26,45.07881546020508,45.87628272858493,44.77209856581414,45.79741219246106,33532600
2016-04-27,44.64064025878906,45.13139056352905,44.2988690981335,45.11386340875659,43369300
2016-04-28,43.729251861572266,44.491664712240365,43.43129691466153,44.36021272217626,43134800
2016-04-29,43.70296859741211,44.035977923710796,43.24727250430961,43.24727250430961,48411700
2016-05-02,44.35144805908203,44.47413479260137,43.62408622041342,43.816881569065394,33114500
2016-05-03,43.62409210205078,44.17618582028686,43.466351039697614,44.11484244525654,26460200
2016-05-04,43.70296859741211,43.86947493204329,43.34367020478794,43.67667953108663,24257600
2016-05-05,43.76431655883789,44.0797987595998,43.580286389381456,43.70297316901908,25390700
2016-05-06,44.158653259277344,44.158653259277344,43.518927181573375,43.7467734976608,24787300
2016-05-09,43.87823486328125,44.33393093585636,43.81689148264263,44.246298490076484,17951600
2016-05-10,44.71074676513672,44.78085203795087,43.983384919783404,44.10607499739307,22891000
2016-05-11,44.73704147338867,45.37676762979717,44.69322525447693,44.80715009801804,24039100
2016-05-12,45.14016342163086,45.40306746404226,44.623123930766205,44.8685008141526,24102800
2016-05-13,44.763336181640625,45.48193290623869,44.72828186752282,45.0788149798107,22592300
2016-05-16,45.420570373535156,45.534491831930694,44.474124349264045,44.51794055195171,20032000
2016-05-17,44.573421478271484,45.65003265272134,44.441053404158424,45.641209460985365,27803500
2016-05-18,44.838165283203125,45.12937774532955,44.3881050694455,44.546949454731056,24907500
2016-05-19,44.40574645996094,44.670485930149425,43.964512887531804,44.53811787822768,23842400
2016-05-20,44.670475006103516,45.19995718334203,44.47633457082583,44.546930174651116,23905800
2016-05-23,44.149837493896484,44.723442579615856,44.1057148026132,44.65284358048615,26118700
2016-05-24,45.52648162841797,45.63237674669134,44.47634690353967,44.74108638239566,34757900
2016-05-25,45.99419403076172,46.320709350542316,45.702981576710336,45.817699900188934,24040200
2016-05-26,45.79122543334961,45.87064762114424,45.323518864306465,45.82652493155732,24335200
2016-05-27,46.170684814453125,46.170684814453125,45.685328515320265,45.81769657889542,17721400
2016-05-31,46.770751953125,46.770751953125,45.95888391242556,46.11772487862563,37653100
2016-06-01,46.63838577270508,46.726634504185135,46.27657438949909,46.27657438949909,25324800
2016-06-02,46.31188201904297,46.54132539485919,45.74710350371917,46.45307664787392,22840800
2016-06-03,45.70297622680664,46.25892812846576,45.53530530753424,46.22363199955934,23368300
2016-06-06,46.003013610839844,46.19715409531083,45.79122001300918,45.87946874808239,18243300
2016-06-07,45.976531982421875,46.5324871667881,45.976531982421875,46.10008019721576,20866800
2016-06-08,45.923587799072266,46.2765726124026,45.77356664448968,45.90593805345403,21149400
2016-06-09,45.55294418334961,45.888282575516335,45.438225900678745,45.888282575516335,20305700
2016-06-10,45.429405212402344,45.93241118243678,45.04112090619788,45.04994409587183,25833200
2016-06-13,44.24690628051758,44.75873888868677,43.293843424621784,43.75272678721802,83217800
2016-06-14,43.97333908081055,44.21160224557007,43.743895739889936,44.03511151113264,42577100
2016-06-15,43.849788665771484,44.229249785298265,43.849788665771484,43.92921083884325,33757600
2016-06-16,44.4675178527832,44.53811683856947,43.69094584085892,43.69977239725467,31188600
2016-06-17,44.23807907104492,44.5028185421713,43.964513043285486,44.4851687952502,45710500
2016-06-20,44.18514633178711,44.855823499881545,44.14984682476187,44.6881525246848,35607900
2016-06-21,45.173492431640625,45.385286029934335,44.26455233964207,44.299851833748534,34097800
2016-06-22,44.99700164794922,45.411758921069854,44.961702153878726,45.0764238264353,28816800
2016-06-23,45.80887222290039,45.94124364945453,45.13819863201097,45.25291694425633,29028800
2016-06-24,43.97333908081055,44.95287477578017,43.69977305628058,43.95568933409781,133503000
2016-06-27,42.737884521484375,43.37326194935628,42.39372287016877,43.3291358985968,50216300
2016-06-28,43.62917709350586,43.65565339858261,42.949676946519546,43.17029374620295,38140700
2016-06-29,44.59990310668945,44.75874750765083,43.9468757509209,44.04394770332463,31304000
2016-06-30,45.15584182739258,45.27056349788828,44.56459046088582,44.758734308440864,28527800
2016-07-01,45.14701461791992,45.64119738299871,45.06759244793127,45.120541683371926,21400400
2016-07-05,45.15584182739258,45.2529137511701,44.77638405515905,44.855806232218384,24806400
2016-07-06,45.34117126464844,45.48236589938993,44.46752714782283,44.811688859608616,28167500
2016-07-07,45.34117126464844,45.54413834169273,45.06760518706058,45.37646739857459,19585200
2016-07-08,46.15303421020508,46.205983454460466,45.49118380556635,45.650028171987266,28391000
2016-07-11,46.40894317626953,46.62073675348683,46.303048070833235,46.32952100560613,22269200
2016-07-12,46.95608139038086,47.1237523217199,46.58544676260163,46.717814829803324,27317600
2016-07-13,47.22081756591797,47.52968310032959,46.9296051455046,47.26494361822331,25356800
2016-07-14,47.42378234863281,47.64439911857811,47.282587750521614,47.51202771007303,24545500
2016-07-15,47.388492584228516,47.653232089232944,46.956082145189775,47.60910939945644,32024400
2016-07-18,47.6179313659668,47.953269859063845,47.256119932953915,47.38849136522378,31433900
2016-07-19,46.85018539428711,47.5649850627603,46.708990772083865,47.39731413453153,53336500
2016-07-20,49.33872985839844,50.15942443808944,49.00339145566531,49.55052341968895,89893300
2016-07-21,49.24166488647461,49.62112601941464,49.20636539356276,49.40050923823299,32776700
2016-07-22,49.92117691040039,49.97412616242596,49.22402690728616,49.48876980106829,32157200
2016-07-25,50.06237030029297,50.07119685858319,49.647609585639486,49.83293027993198,25610600
2016-07-26,50.08883285522461,50.556542723590425,49.86821607255893,49.87704262901873,28079000
2016-07-27,49.58583068847656,50.124136218357506,49.515235063072375,49.95646866247049,32327500
2016-07-28,49.603485107421875,49.74467973787133,49.17107802444659,49.41816778614675,37550400
2016-07-29,50.01823425292969,50.08882986867406,49.46227905118446,49.647596329651286,30558700
2016-08-01,49.92998504638672,50.08000282225561,49.54169740748937,49.94763142420524,26003400
2016-08-02,49.92998504638672,50.212374220305975,49.69171854970275,50.16824817672619,35122000
2016-08-03,50.2741584777832,50.397703349666074,49.85057461717969,50.01824217668568,22075600
2016-08-04,50.64479446411133,50.759516148112574,50.009416972837194,50.12413865683844,26587700
2016-08-05,51.14779281616211,51.36840959335364,50.69773607188312,50.87423016690532,29335200
2016-08-08,51.23603439331055,51.26250732564704,50.98894134824046,51.23603439331055,19473500
2016-08-09,51.35958480834961,51.62432425948829,51.20074046439745,51.33310850679441,16920700
2016-08-10,51.20075225830078,51.465491770421224,51.02425812810531,51.324297139533954,15756900
2016-08-11,51.447837829589844,51.580209258039254,51.20957127818807,51.20957127818807,18162300
2016-08-12,51.13014221191406,51.350758985403004,50.847753011155795,51.209564385023874,21655200
2016-08-15,51.288997650146484,51.624336160948204,51.1478030192319,51.19192571020292,19283900
2016-08-16,51.00483703613281,51.164671410287475,50.853884231279075,51.15579322831275,20523500
2016-08-17,51.11140060424805,51.217955735125614,50.81836976017656,51.093640851214026,18856400
2016-08-18,51.14691925048828,51.23571802004649,50.85389177926296,50.98708485261021,14214300
2016-08-19,51.16466522216797,51.262342148707404,50.79172065246373,50.995952686443545,17271000
2016-08-22,51.20907211303711,51.28011112232671,50.84500565874395,51.14691467357192,15221900
2016-08-23,51.4044189453125,51.6619302376508,51.36889944554323,51.41330051391778,18732400
2016-08-24,51.45770263671875,51.53761982443498,51.25347057640535,51.32450619474964,18151500
2016-08-25,51.65306091308594,51.75961943765279,51.30675417656052,51.3955529470329,18552600
2016-08-26,51.528724670410156,52.12366433041346,51.22681575055594,51.75071642361692,20971200
2016-08-29,51.590911865234375,52.0348956278864,51.590911865234375,51.6619508931758,16417200
2016-08-30,51.4044189453125,51.67080841893014,51.15578922157948,51.48433612613039,16930200
2016-08-31,51.02259826660156,51.32450727238787,50.88052363960367,51.19131421494839,20860300
2016-09-01,51.138023376464844,51.34225539480647,50.62300085317467,50.62300085317467,26075400
2016-09-02,51.20907211303711,51.67081551144026,50.98708028999674,51.20907211303711,18900500
2016-09-06,51.15580368041992,51.324516271020514,50.800615356987535,51.30675651611621,16278400
2016-09-07,51.200191497802734,51.36002587378351,50.97819968531012,51.031478939745796,17493400
2016-09-08,50.9959602355957,51.31562899256459,50.77396841962578,51.17355436583689,20146100
2016-09-09,49.91263961791992,51.07587796534976,49.91263961791992,50.427662262336995,35113900
2016-09-12,50.65852355957031,50.800598163392365,49.3798521251718,49.72615876028021,29303000
2016-09-13,50.19678497314453,50.30334347653107,49.770561121576556,50.17014704096093,30130200
2016-09-14,49.9570198059082,50.28557002081577,49.752787811069126,50.072456459452084,24062500
2016-09-15,50.7828483581543,50.92492298979561,49.70840874465895,49.85936494614895,26847000
2016-09-16,50.83613586425781,51.17356443940662,50.392152144919315,51.17356443940662,44607000
2016-09-19,50.551971435546875,51.28010424650248,50.48093243578245,50.85388040989378,20937100
2016-09-20,50.44542694091797,50.92492674094857,50.392147679880495,50.92492674094857,17384000
2016-09-21,51.28899383544922,51.36891103429631,50.68517913978158,51.06700199279914,33707300
2016-09-22,51.34226989746094,51.50210428519421,51.1735573269987,51.431065274056536,19822200
2016-09-23,50.9959602355957,51.42218411577879,50.95156254986698,51.38666461226529,19955300
2016-09-26,50.52534103393555,50.738451290336094,50.463183593541515,50.68517541989918,21688700
2016-09-27,51.45770263671875,51.555379575852605,50.32998382664596,50.55197563837699,28065100
2016-09-28,51.528724670410156,51.55536598417619,51.20905600382036,51.395531650881296,20536400
2016-09-29,50.96931838989258,51.65305014975858,50.80060245481502,51.33338480464927,25463500
2016-09-30,51.14691925048828,51.297875465073886,50.91604922429035,51.120281313284174,29910800
2016-10-03,50.98707962036133,51.10251631527763,50.66741424473567,50.978201437979926,19189500
2016-10-04,50.82725524902344,51.14692066630163,50.5875036455697,50.853893186964925,20085900
2016-10-05,51.18243408203125,51.46658334400283,50.84500556319261,50.87164688528934,16726400
2016-10-06,51.2712287902832,51.37778390826735,50.862761294579435,51.2712287902832,16212600
2016-10-07,51.324501037597656,51.48433539696974,50.987072569220395,51.36889871801748,20089000
2016-10-10,51.53761672973633,51.848403892567326,51.38666054541411,51.422180046116516,18196500
2016-10-11,50.7828483581543,51.51986283858052,50.51645884724263,51.40442614183245,26497400
2016-10-12,50.71181106567383,50.85388569263555,50.08135512023907,50.71181106567383,22177500
2016-10-13,50.5430908203125,50.88051930090656,50.01031186133326,50.34774034192732,25313700
2016-10-14,50.98707962036133,51.271232266461396,50.72069011367677,50.72069011367677,27402500
2016-10-17,50.80949401855469,51.02260429054908,50.4987034065167,50.933808908439204,23830000
2016-10-18,51.200191497802734,51.45770281325246,50.97819968531012,51.08475480685523,19149500
2016-10-19,51.084754943847656,51.36002601151413,50.96932163991684,51.03147907659536,22878400
2016-10-20,50.83613586425781,51.07588747917983,50.312234939945306,51.05812772392706,49455600
2016-10-21,52.97612380981445,53.67761872127746,52.825171009470466,53.52666253360737,80032200
2016-10-24,54.166015625,54.166015625,53.21589070387551,53.22476888814422,54067000
2016-10-25,54.15713119506836,54.49455635559903,53.98841522747634,54.03281291835388,35137200
2016-10-26,53.83744430541992,54.34358526342072,53.69536970996927,53.9972786487176,29911600
2016-10-27,53.36682891845703,54.01504797417214,53.357950736622065,53.8196941005415,28479900
2016-10-28,53.162601470947266,53.73978157270612,52.905093527499666,53.286916351368816,33574700
2016-10-31,53.207000732421875,53.650984396960745,53.207000732421875,53.42011438182421,26434700
2016-11-01,53.10043716430664,53.29579102960865,52.61205588837762,53.25139334767438,24533000
2016-11-02,52.77190017700195,53.215883854488204,52.65646347240407,53.118206903468966,22147000
2016-11-03,52.5765495300293,52.958375787292844,52.4877541439653,52.860698830226326,21600400
2016-11-04,52.13254928588867,52.63869027799821,51.96383675096075,52.07927342608289,28697000
2016-11-07,53.65098571777344,53.739784485263236,53.0826871551452,53.0826871551452,31664800
2016-11-08,53.695369720458984,53.97063734382778,53.411220529502174,53.76640532453542,22935400
2016-11-09,53.428985595703125,53.80193358668026,52.56765970222646,53.278032795366116,49632500
2016-11-10,52.12367630004883,53.713138430970034,51.17355164912411,53.70425686190002,57822400
2016-11-11,52.407814025878906,52.4966093731165,51.51096543708253,51.70631926579568,38767800
2016-11-14,51.60866928100586,52.461120640995254,50.8627764580946,52.40784137245619,41328400
2016-11-15,52.627784729003906,53.18204618085588,52.13610404318243,52.14504561413398,35904100
2016-11-16,53.32508850097656,53.334026663038266,52.57415671,52.69036986785532,27332500
2016-11-17,54.2100830078125,54.487213620407964,53.611127586981674,54.004471292741826,32132700
2016-11-18,53.950843811035156,54.657077731197845,53.90614619550032,54.33524944301183,27686300
2016-11-21,54.406768798828125,54.50510559993078,54.013421594417515,54.084940508022896,19652600
2016-11-22,54.63920593261719,54.76436063836198,54.362078629956585,54.514051226872404,23206700
2016-11-23,53.99554443359375,54.621317866827795,53.86144817778106,54.54086079538207,21848900
2016-11-25,54.11175537109375,54.11175537109375,53.75417105368152,53.90614362128462,8409600
2016-11-28,54.18327713012695,54.54980303561995,53.82568938370036,53.941905912820424,20732600
2016-11-29,54.612388610839844,54.89845748701335,54.102828212017656,54.219044758653766,22366700
2016-11-30,53.87038803100586,54.6928384994522,53.8346319838461,54.40676966091684,34655400
2016-12-01,52.922794342041016,53.772062827748556,52.69036124395176,53.73630336493328,34542100
2016-12-02,52.96748733520508,53.16416095328647,52.565201939224856,52.8155147468402,25515700
2016-12-05,53.83464050292969,54.165407010414185,53.24462300380675,53.36977771419493,23552700
2016-12-06,53.593257904052734,54.04917902546596,53.4591616511733,54.02236113897382,19907000
2016-12-07,54.86268997192383,54.87163154123489,53.45916368852341,53.64689572154167,30809000
2016-12-08,54.540863037109375,55.050426784015926,54.38889045713746,54.80011399022455,21220800
2016-12-09,55.399070739746094,55.41695046788312,54.648139209038504,54.69283682427633,27349400
2016-12-12,55.577857971191406,55.69407449222423,55.17557604721724,55.264971272498336,20198100
2016-12-13,56.301979064941406,56.69532288281423,55.64044612532757,55.87287578811385,35718900
2016-12-14,56.03378677368164,56.72214097368001,55.89969051529136,56.31985560871869,30352700
2016-12-15,55.94440460205078,56.45396504655795,55.694091755299496,56.05167958768116,27669900
2016-12-16,55.69408416748047,56.275163463381254,55.53317000585286,56.275163463381254,42453100
2016-12-19,56.87411880493164,57.008215075711085,55.801358869325576,55.92651698015097,34338200
2016-12-20,56.80259323120117,57.03502286113586,56.34666871949309,56.93668606801415,26028400
2016-12-21,56.80259323120117,56.945627636593876,56.427125785664565,56.70425643807946,17096300
2016-12-22,56.8115348815918,57.30321546721314,56.68638019545648,57.070785822991766,22176600
2016-12-23,56.53440856933594,56.80259767414814,56.141061366082525,56.72214060168353,12403800
2016-12-27,56.5701789855957,57.276413088823716,56.507601625584144,56.507601625584144,11763200
2016-12-28,56.31092071533203,56.677446644617945,56.16788628951825,56.677446644617945,14653300
2016-12-29,56.23045349121094,56.49864256494239,56.07847752296403,56.19469403865766,10250600
2016-12-30,55.55104446411133,56.310917579729846,55.452707662425794,56.284096281864095,25579900
2017-01-03,55.94440460205078,56.176834305951644,55.54211914317399,56.132136679456515,20694100
2017-01-04,55.69408416748047,56.09636957154949,55.53317000585286,55.85499832910808,21340000
2017-01-05,55.69408416748047,56.01591249073568,55.45271292503906,55.5957473564625,24876000
2017-01-06,56.176822662353516,56.45395334551979,55.46165055603203,55.694080211757914,19922900
2017-01-09,55.99803161621094,56.39137885224474,55.90863637722677,56.105306585033894,20382700
2017-01-10,55.980140686035156,56.38242600139544,55.6761921600084,56.078477475368686,18593000
2017-01-11,56.489707946777344,56.52546740373021,55.81029531572049,55.971209461798864,21517300
2017-01-12,55.97123336791992,56.677467598439016,55.38121571703066,56.373518904937825,20968200
2017-01-13,56.051666259765625,56.20363883575523,55.738776128277834,55.98014734621087,19422300
2017-01-17,55.899696350097656,56.051672352817185,55.452713322420024,56.033792622484896,20664000
2017-01-18,55.87287902832031,56.051672923252916,55.53317096896935,56.02485162237659,19670100
2017-01-19,55.69408416748047,56.301981353582576,55.6046889266695,55.640448387077825,18451700
2017-01-20,56.0874137878418,56.1589292759771,55.75664399831361,56.02483304668635,30213500
2017-01-23,56.28410339355469,56.42713782947667,55.935457169132974,56.05167371401019,23097600
2017-01-24,56.78472137451172,56.981394988013754,56.26621945171897,56.498652524077684,24672900
2017-01-25,56.92775344848633,57.303217520344866,56.72214168386719,57.169124670485196,23672700
2017-01-26,57.45519256591797,57.69656720849059,56.81153935649321,57.32110312051029,43554600
2017-01-27,58.805076599121094,58.92129653274711,58.00944748308774,58.45643043908035,44818000
2017-01-30,58.2239990234375,58.814019815678584,57.92899544773579,58.72462458605931,31651400
2017-01-31,57.794898986816406,58.241881953736225,57.446252818252454,57.982631014472474,25270500
2017-02-01,56.83836364746094,57.768089166933365,56.7400268353731,57.53565608196032,39671500
2017-02-02,56.471839904785156,56.68639328069327,56.09637575970873,56.54335883349127,45827000
2017-02-03,56.92775344848633,56.94563317717619,56.38243365917883,56.76683930048708,30301800
2017-02-06,56.891998291015625,56.90093986114114,56.44501527061455,56.766843590936894,19796400
2017-02-07,56.70426559448242,57.017152341112414,56.525471706318235,56.9813962916474,20277200
2017-02-08,56.623802185058594,57.04396726374059,56.5165272282368,56.82941393988761,18096400
2017-02-09,57.267452239990234,57.60716364034617,56.60591939677782,56.784713255287116,22644400
2017-02-10,57.21381378173828,57.48200626200742,57.1959340557064,57.437305241823196,18170700
2017-02-13,57.85747146606445,57.98262614064842,57.3300280628164,57.42836485290641,22920100
2017-02-14,58.073326110839844,58.20823531899627,57.578661301522075,57.92942798743573,23108400
2017-02-15,58.03736877441406,58.0733450324288,57.70460039587454,58.010388296345404,17005200
2017-02-16,58.02835464477539,58.67591336073081,57.956409013266125,58.226220570402596,20546300
2017-02-17,58.118316650390625,58.18127338601904,57.83051345012217,57.9834073992527,21248800
2017-02-21,58.00139236450195,58.41510903793356,57.96541610658143,58.10932113826351,20655900
2017-02-22,57.88447189331055,57.911452370013095,57.60566448502521,57.857491416608,19292700
2017-02-23,58.118316650390625,58.2172496437738,57.731580456738996,57.93843536161687,20273100
2017-02-24,58.118316650390625,58.28020637940222,57.68660841910317,58.03736835500005,21796800
2017-02-27,57.76754379272461,58.04635115074679,57.60565409992541,58.04635115074679,15871500
2017-02-28,57.542701721191406,57.7405642595441,57.34483575195424,57.63264235761033,23239800
2017-03-01,58.406105041503906,58.451070205969046,57.57866504648524,57.67759801478347,26937500
2017-03-02,57.56966781616211,58.235211165328295,57.45274674043379,58.18125023105631,24539600
2017-03-03,57.78553009033203,57.81251056291931,57.218916149810404,57.55169132251269,18135900
2017-03-06,57.80351638793945,58.06433906646391,57.389803216885404,57.53370479281541,18750300
2017-03-07,57.92042922973633,58.26219325927979,57.73155909274386,57.73155909274386,18521000
2017-03-08,58.45106887817383,58.532017151200726,57.785525448005366,57.79452122540117,21510900
2017-03-09,58.21724319458008,58.6399487373904,57.9923967548481,58.63095982027465,19846800
2017-03-10,58.397117614746094,58.693916562083324,58.235227903632044,58.55900732586015,19538200
2017-03-13,58.199241638183594,58.630949747479804,58.07332820250711,58.46906006421467,20100000
2017-03-14,57.9294319152832,58.05534535496201,57.695589729407786,58.03735379971199,14280200
2017-03-15,58.2352294921875,58.38812342858567,57.78553660035593,58.055355080162464,24833800
2017-03-16,58.136295318603516,58.24422408067361,57.83050745205817,58.23522830172556,20674300
2017-03-17,58.34314727783203,58.67591556363708,58.17226181532607,58.37912352582106,49219700
2017-03-20,58.397117614746094,58.62196405452846,58.20824742874117,58.379132918741774,14598100
2017-03-21,57.74955368041992,58.90976203085194,57.67760117920673,58.630954665861054,26640500
2017-03-22,58.487056732177734,58.58598971786086,57.66861923270797,57.66861923270797,20680000
2017-03-23,58.34314727783203,58.67591556363708,58.253203226975614,58.4061039963709,19269200
2017-03-24,58.44207763671875,58.86478309275173,58.24421171249157,58.78384168471372,22617100
2017-03-27,58.550010681152344,58.657939440888626,57.87547137178016,58.12729828272945,18614700
2017-03-28,58.720890045166016,58.88277973700411,58.14528377680124,58.42409113316818,20080400
2017-03-29,58.882774353027344,58.909754822238725,58.41509001413894,58.567990775949006,13618400
2017-03-30,59.098628997802734,59.341466960796424,58.783845399262596,58.837806341364384,15122800
2017-03-31,59.23353576660156,59.53033465942984,58.86478437943295,59.04466561528381,21040300
2017-04-03,58.95474624633789,59.30550618504905,58.63096678571689,59.188581630965594,20400900
2017-04-04,59.11661148071289,59.188557105218244,58.71188389175734,58.8108168449398,12997400
2017-04-05,58.96371841430664,59.674233869841345,58.855796532604124,59.629268706387855,21448600
2017-04-06,59.11661148071289,59.41340347849352,58.89176510743762,58.99968697507902,18103500
2017-04-07,59.07164001464844,59.32346685719281,58.85578941557709,59.22453390308369,14108500
2017-04-10,58.93675994873047,59.19758269650606,58.78386598472174,59.008712471241715,17952700
2017-04-11,58.891788482666016,59.008706172939895,58.32517100558075,58.9997103931436,18791500
2017-04-12,58.66693115234375,58.918758045834224,58.55900240009002,58.83780976620188,17108500
2017-04-13,58.415096282958984,59.23354053296141,58.415096282958984,58.72089097762814,17896500
2017-04-17,58.891788482666016,58.900777400692824,58.46907603524351,58.49605651286291,16689300
2017-04-18,58.81081771850586,59.09862080610252,58.6039628946094,58.75685678388363,15155600
2017-04-19,58.49604415893555,59.13460715422298,58.3611349375609,59.04466996056256,26992800
2017-04-20,58.90977478027344,59.13462124890044,58.58599531650899,58.87379852188076,22299500
2017-04-21,59.71922302246094,59.98903466586651,58.86480233058588,59.06266831947841,32522600
2017-04-24,60.735504150390625,60.852428661605785,60.348768095425974,60.69053899064925,29770000
2017-04-25,61.08627700805664,61.19420576566944,60.79847384952441,61.06829231267212,30242700
2017-04-26,61.00532531738281,61.43702655163028,60.81645516967862,61.230171711568865,26190800
2017-04-27,61.40106201171875,61.49999499296432,60.78049051145051,61.293140113464474,34971000
2017-04-28,61.57194519042969,62.183527750752205,60.879421209452126,61.976672879010316,39548800
2017-05-01,62.426361083984375,62.552274525687615,61.60791685114536,61.76980654215924,31954400
2017-05-02,62.32743453979492,62.69617912515265,62.17453374901865,62.69617912515265,23906100
2017-05-03,62.12957763671875,62.39938928104909,61.79680239409805,62.39938928104909,28928000
2017-05-04,61.88673782348633,62.12957584432454,61.73384387659972,62.08460380734874,21749400
2017-05-05,62.05760192871094,62.084582396884166,61.598913384464815,61.96766474754448,19128800
2017-05-08,62.003639221191406,62.10257217617855,61.5359549136582,62.030619688593916,18566100
2017-05-09,62.09357452392578,62.30942511839188,61.7697952013433,61.93168486263454,22858400
2017-05-10,62.33642578125,62.56127222468174,61.98566587843799,62.04862260812813,17977800
2017-05-11,61.57194519042969,61.81478317593176,61.266157341152656,61.48200799133459,28789400
2017-05-12,61.4999885559082,61.70685027552504,61.19420072716888,61.70685027552504,18714100
2017-05-15,61.54497528076172,61.589947318912714,60.77150288459802,61.28415255537911,31530300
2017-05-16,62.78418731689453,62.811322439777136,61.65351118945672,61.716828776549264,34956000
2017-05-17,61.03840637207031,62.503757814935945,60.99317657892859,62.313805105716234,30548800
2017-05-18,61.2464485168457,61.62635394557547,60.730860606113104,60.96604311484484,25201300
2017-05-19,61.2283821105957,61.599240329675,60.99319951977706,61.05651711333207,26961100
2017-05-22,61.91581344604492,61.96104324534953,61.05650246804515,61.409272819105986,16237600
2017-05-23,62.12385177612305,62.18716934523066,61.85248682217761,62.16003423005561,15425800
2017-05-24,62.20527648925781,62.30477654327732,61.915823668773704,62.29573610280252,14593900
2017-05-25,62.9741325378418,63.20930817539807,62.331909402486886,62.386179641753934,21854100
2017-05-26,63.28166961669922,63.516852142426615,62.88366948102181,63.13694668624266,19827900
2017-05-30,63.688720703125,63.688720703125,63.10980824518115,63.127902925700525,17072800
2017-05-31,63.17314147949219,63.98722977713519,63.14600635308747,63.79727699120187,30436400
2017-06-01,63.40831756591797,63.86963537072985,62.82036458348707,63.534952743536984,21603600
2017-06-02,64.90985107421875,65.00030377585784,63.53494516534891,63.715857469725876,34770300
2017-06-05,65.3802261352539,65.9319967290693,64.95509073663216,65.09982061748235,33316800
2017-06-06,65.59730529785156,65.68776491185639,65.37117006503877,65.3983120899,31511100
2017-06-07,65.4797134399414,65.82343648831225,65.08171324628101,65.70584865886677,22301800
2017-06-08,65.08171844482422,65.59730650911379,64.67467777868498,65.5882660684261,24588300
2017-06-09,63.60733413696289,65.19932851191764,62.04247489264976,65.1631460373617,49187400
2017-06-12,63.11887741088867,63.263607300694446,61.626383202496264,62.63947172783375,47761700
2017-06-13,63.90581512451172,64.05958541922494,63.28167970337068,63.33594994830492,25258600
2017-06-14,63.56207275390625,64.31284320063544,62.80226186885355,64.14098515821522,25510700
2017-06-15,63.22740936279297,63.50781482932815,62.232415767607534,62.65754418744821,26068700
2017-06-16,63.31785583496094,63.344990954714426,62.61231511697572,63.073632856080906,48345100
2017-06-19,64.10482788085938,64.16814547948378,63.63446266156315,63.77014520178709,23798300
2017-06-20,63.236454010009766,64.10481239614741,63.20027154794999,64.05958259329795,21512200
2017-06-21,63.56207275390625,63.878667523776166,63.26357956397724,63.50780251957333,19891100
2017-06-22,63.55305099487305,63.851544272534156,63.05555069693788,63.806321364330955,22965700
2017-06-23,64.41239166259766,64.44857414639117,63.24553243939378,63.39930281968883,27617300
2017-06-26,63.79724884033203,64.86460704824206,63.71584349703841,64.58420166432326,19607000
2017-06-27,62.6032829284668,63.480688818712785,62.57614780214583,63.41737122359711,25215100
2017-06-28,63.136966705322266,63.17314227358308,62.2233783319779,62.60328390861997,25806200
2017-06-29,61.9520149230957,62.85655597807313,61.59019712088462,62.75705590993757,28918700
2017-06-30,62.349998474121094,62.757039079257325,62.178133511415304,62.21431597204277,24161100
2017-07-03,61.662540435791016,62.95603396680983,61.52685794490968,62.71181100410195,16165500
2017-07-05,62.485694885253906,62.811330202287444,61.70778906135159,61.74397153003312,21176300
2017-07-06,62.02436447143555,62.21431721770897,61.61732385814947,61.75299946184558,21117600
2017-07-07,62.829402923583984,63.17312594200524,62.14194998564286,62.14194998564286,16878300
2017-07-10,63.299774169921875,63.54399717239258,62.59422648268579,62.82940904509782,15014500
2017-07-11,63.30883026123047,63.93296583454266,63.091742327465745,63.31787760462512,17460000
2017-07-12,64.35808563232422,64.47567346349801,63.81536247914615,63.941997651517724,17750900
2017-07-13,64.91889953613281,65.16312945194836,64.50281153629481,64.6746765214169,20269800
2017-07-14,65.83248901367188,66.27571214536154,65.09076571323008,65.34403607419561,25868100
2017-07-17,66.34807586669922,66.43852857952213,65.77821756492523,65.8505824956234,21803900
2017-07-18,66.30282592773438,66.38423126575438,65.72392052038052,66.11286633682741,26435300
2017-07-19,66.80938720703125,66.97220483479319,66.43852214892392,66.48375195150739,22416200
2017-07-20,67.13502502441406,67.20738995086946,66.28475439131125,67.09884256118636,42361000
2017-07-21,66.74609375,67.19836433491577,66.18527574030794,66.43854616368453,46717100
2017-07-24,66.57418823242188,66.70987070560187,66.14905303696993,66.51087066508417,21394800
2017-07-25,67.10787963867188,67.21642011065536,66.48374432037409,66.75510930252916,22018700
2017-07-26,66.98124694824219,67.27974015826187,66.7641521941026,67.24355769923861,16252200
2017-07-27,66.17620849609375,67.31592493970422,65.41639063258812,66.71893159796997,36844200
2017-07-28,66.06766510009766,66.31188809528754,65.6153946710727,65.73298249822352,18306700
2017-07-31,65.76012420654297,66.4294894773371,65.49781340440175,66.30285429661383,23600100
2017-08-01,65.6515884399414,66.41139957902928,65.5701761601247,66.12194673064815,22132300
2017-08-02,65.36213684082031,65.63349500949516,64.62041347134841,65.62445456797627,26499200
2017-08-03,65.26261901855469,65.52493667433886,64.99125402261285,65.29880147808683,18214400
2017-08-04,65.7420654296875,66.06770086696163,65.34406502832961,65.48879495649713,22579000
2017-08-07,65.48875427246094,65.94102466536316,65.3621191145362,65.85057196700241,18705700
2017-08-08,65.84153747558594,66.14907809024764,64.90081404663856,65.20835466130028,22044600
2017-08-09,65.55208587646484,65.58826834377018,65.17218032140883,65.35308575683551,22213400
2017-08-10,64.59326934814453,65.29881014997312,64.53899220108887,65.03649245935235,24734500
2017-08-11,65.5792007446289,65.76010612417494,64.47565998654363,64.77416007378267,21443700
2017-08-14,66.56517791748047,66.68277268015474,65.9862721509491,66.0857722265499,20096600
2017-08-15,66.5833511352539,66.91980994972138,66.41966603112715,66.91980994972138,19181400
2017-08-16,66.97439575195312,67.38360516233112,66.53789970139648,66.69248930639534,18150400
2017-08-17,65.83767700195312,67.17443754782873,65.83767700195312,66.91072226876295,22977500
2017-08-18,65.91950988769531,66.2377845263408,65.41027046586252,65.71944956115621,18761500
2017-08-21,65.6103515625,65.91044214730755,65.20113523652543,65.9013466010764,17734800
2017-08-22,66.52877044677734,66.60151396253633,65.7921842450973,65.7921842450973,14343700
2017-08-23,66.12865447998047,66.51967952302131,65.95587387509607,66.34689891813692,13766500
2017-08-24,66.10140991210938,66.25599951552589,65.53760396463416,66.14687376953637,17098300
2017-08-25,66.2196044921875,66.70156425177915,65.91042537768237,66.2559797299882,12794300
2017-08-28,66.22870635986328,66.46513502134208,65.97408660881358,66.4378553248536,14569700
2017-08-29,66.42876434326172,66.52879451872224,65.51940415752435,65.70127341952477,11478400
2017-08-30,67.30174255371094,67.48361179751055,66.22869736441261,66.39238245897903,16897800
2017-08-31,67.99285125732422,68.16563189550901,67.11077779289377,67.31992672955931,27652800
2017-09-01,67.23809814453125,67.9655821714173,66.96528729828147,67.93830247436591,21736200
2017-09-05,66.93799591064453,67.19261562247922,66.36510155901647,66.69246480432764,21556000
2017-09-06,66.74703216552734,67.32902206959731,66.70156138576344,67.05621126674774,16535800
2017-09-07,67.60184478759766,67.83828042014741,66.92892007419941,67.00167056696378,17471200
2017-09-08,67.27447509765625,67.69277998477546,67.14715827839821,67.59274980113084,14703800
2017-09-11,67.98377990722656,68.14746504340413,67.5745635978483,67.5745635978483,17910400
2017-09-12,67.91102600097656,68.42026553775663,67.62912653424021,67.98377648847897,14394900
2017-09-13,68.39295959472656,68.4111506785558,67.79278564780964,68.13833992404268,13380800
2017-09-14,67.99285125732422,68.64759163584876,67.76551123355136,68.2020071318567,15733900
2017-09-15,68.4839096069336,68.55666008288568,67.35630498114519,68.04742062695554,38578400
2017-09-18,68.3475112915039,69.0840907830505,68.23838557732886,68.4111662236392,23307000
2017-09-19,68.60212707519531,68.84765124563664,68.21110196088738,68.39297120285377,16093300
2017-09-20,68.14744567871094,68.70215587491644,67.57454439595003,68.52027969869603,21587900
2017-09-21,67.4836196899414,68.42025958699966,67.3926850574065,68.30204525849106,19186100
2017-09-22,67.6655044555664,67.75643909960858,67.15625796076671,67.28356784999949,14111400
2017-09-25,66.61974334716797,67.52000818030197,66.31055721043492,67.37450718939958,24149200
2017-09-26,66.61974334716797,67.11988739318949,66.37421215948744,66.99257749508443,18019600
2017-09-27,67.1562271118164,67.44722200180084,66.53786210336631,66.88342330500531,19565100
2017-09-28,67.17445373535156,67.26538838573323,66.66520720504984,66.87436314500987,10883800
2017-09-29,67.73822021484375,67.78369098714232,67.18351009455684,67.23807640888829,17079100
2017-10-02,67.84738159179688,68.21112714790992,67.56548208129725,67.93831624635779,15304800
2017-10-03,67.5290756225586,68.09287438299178,67.46542069999788,67.9019096153096,12190400
2017-10-04,67.92010498046875,67.94738467216146,67.02892907059568,67.37448339514783,13317700
2017-10-05,69.0840835571289,69.22048895111344,68.16562797135738,68.40206352507279,21195300
2017-10-06,69.11135864257812,69.13863833198373,68.69305388333804,68.81126818338434,13959800
2017-10-09,69.3750991821289,69.61153480635346,68.98407396962503,69.08410415918662,11386500
2017-10-10,69.3750991821289,69.68427835868758,69.23869374746596,69.41147442723027,13944500
2017-10-11,69.4933090209961,69.52968426373974,69.06590859109343,69.4387496258147,15388900
2017-10-12,70.12984466552734,70.28443419816435,69.44782467556466,69.55694343372438,16876500
2017-10-13,70.46631622314453,70.81187752107721,70.28444696792434,70.55725085075463,15335700
2017-10-16,70.61180877685547,70.75730277614858,70.3389979886144,70.40265291415511,12380100
2017-10-17,70.5572509765625,70.58453760897481,70.24807185456342,70.44813219838277,16824000
2017-10-18,70.57542419433594,70.7936686333008,70.35717975537106,70.62998356961074,13300700
2017-10-19,70.8482437133789,70.86642786143213,70.33899737562464,70.53905769354242,15092800
2017-10-20,71.66667938232422,71.81218035310987,71.13016016275546,71.22109480056241,22866400
2017-10-23,71.68486022949219,72.1486288973998,71.6212052983362,71.83035424161993,20627200
2017-10-24,71.71215057373047,72.0213297315877,71.34840508258746,71.74852581663158,17517200
2017-10-25,71.50297546386719,71.9303757808685,70.93917669494317,71.4575116258484,20410800
2017-10-26,71.6211929321289,72.22136690256313,71.6120973898579,72.0213065997964,32120700
2017-10-27,76.21347045898438,78.38684061989646,76.03160120769265,76.72271685076221,71066700
2017-10-30,76.28623962402344,76.68636040033154,75.5769396572001,76.11345893645968,31756700
2017-10-31,75.64056396484375,76.71360902657393,75.57690904329476,76.71360902657393,27086600
2017-11-01,75.64056396484375,76.16799442217315,75.3677531937103,76.09524395815542,22307400
2017-11-02,76.43173217773438,76.8045662744458,75.5860268634034,75.7951758367647,23992900
2017-11-03,76.51356506347656,76.87731052339858,75.84064047223477,76.45900567274191,17633500
2017-11-06,76.81364440917969,77.02279333513573,76.45899454528328,76.56811331087196,19860900
2017-11-07,76.63179016113281,77.20469159584705,76.32261098635315,77.08647031548071,17939700
2017-11-08,76.89550018310547,76.94097097055356,76.23167108871897,76.51357054486654,18034200
2017-11-09,76.46809387207031,76.63177898127016,75.38595998034619,76.48628496079671,21178400
2017-11-10,76.26805877685547,76.47720778236315,75.68606867946218,76.195308280214,19397800
2017-11-13,76.3226089477539,76.33170449320112,75.8952085040239,76.07708472362623,14196900
2017-11-14,76.43173217773438,76.47719602774555,75.45871698278309,75.9315812625345,18801300
2017-11-15,75.83768463134766,76.4865721280759,75.57264489785953,76.28550702179449,19383100
2017-11-16,76.03872680664062,76.23979187072446,75.80111079700515,75.9473354973416,20962800
2017-11-17,75.3075942993164,75.96562292576849,75.16136261667799,75.96562292576849,22079000
2017-11-20,75.42639923095703,75.48123262335143,75.17050076950298,75.30759122319911,16315000
2017-11-21,76.51396179199219,76.62362855833045,75.618310354879,75.618310354879,21237500
2017-11-22,75.95648956298828,76.67849288213553,75.89251493839099,76.61451825753824,20553100
2017-11-24,76.09357452392578,76.24894046201939,75.65488643510255,75.8650927422432,7425600
2017-11-27,76.65108489990234,76.75161746037662,76.1301466195865,76.13928087220276,18265200
2017-11-28,77.57411193847656,77.73861905763889,76.78813425500198,76.8338333886005,21926000
2017-11-29,76.16665649414062,77.61066251782869,76.02043183131715,77.41873872572455,27381100
2017-11-30,76.92523193359375,77.24510498080622,76.1666708696974,76.32204375495158,33054600
2017-12-01,77.00747680664062,77.51013238055009,76.05699206475951,76.40428175069923,29532100
2017-12-04,74.10122680664062,77.16288185260375,73.75392997174916,77.15374062728768,39094900
2017-12-05,74.56732940673828,75.56351384761756,74.00984013613639,74.33884756841974,26152300
2017-12-06,75.65486907958984,75.9838833275525,74.4210691360844,74.5307428763083,26162100
2017-12-07,75.38984680175781,75.673168952751,74.94202446160234,75.43554594722109,23184500
2017-12-08,76.9161148071289,77.29996254923547,76.1575535743628,76.43172754470562,24489100
2017-12-11,77.89400482177734,78.02195404978163,76.87954524780777,77.03491117142582,22857900
2017-12-12,78.2138671875,78.64341395388834,77.75690372925013,77.96710301532802,23924100
2017-12-13,78.0036849975586,78.5977390711268,77.83917782291988,78.36011604715728,22062700
2017-12-14,77.4004898071289,78.47892408461469,77.25425812143769,78.0767939216744,19306000
2017-12-15,79.37458038330078,79.59392097126027,77.57414258255062,77.9214394005907,53936700
2017-12-18,78.94503021240234,79.96863120196353,78.80794670851085,79.62134137091965,22283800
2017-12-19,78.4423828125,78.91762194644433,77.93057877666146,78.91762194644433,23524800
2017-12-20,78.15902709960938,78.87189595400406,77.41874852596798,78.78049768387285,23674900
2017-12-21,78.14075469970703,78.68910947849645,78.04936339869369,78.64341731434443,17990700
2017-12-22,78.14990997314453,78.25957676499515,77.61068934660689,78.04937743214109,14145800
2017-12-26,78.04936981201172,78.1681778158206,77.71121430049584,77.96711275344413,9891200
2017-12-27,78.33267974853516,78.5794439351101,77.88485748567064,78.27784636161158,14678000
2017-12-28,78.3418197631836,78.53374358716759,78.18645385415502,78.50632689412835,10594300
2017-12-29,78.17733001708984,78.64343482053593,78.14077209400477,78.2595801144981,18717400
2018-01-02,78.55203247070312,78.88104678877039,78.14076805947431,78.71653962973676,22483800
2018-01-03,78.9176025390625,79.06383421983,78.57031275630516,78.65256284720414,26061400
2018-01-04,79.61219024658203,80.11485294071522,79.11866877580864,79.13694424981784,21912000
2018-01-05,80.59922790527344,80.80029296974796,79.90464140237326,80.11484768960844,23407100
2018-01-08,80.68146514892578,80.95564600642082,80.05999458161801,80.60834932389925,22113000
2018-01-09,80.62664031982422,81.09274503792919,80.29762604501008,81.01962920514615,19484300
2018-01-10,80.26107025146484,80.59922575749823,79.88636380078277,80.29762816882331,18652200
2018-01-11,80.49869537353516,80.54438754191877,79.73099303396495,80.54438754191877,17808900
2018-01-12,81.88789367675781,82.05240088772919,80.83687577181354,81.03794091552442,24271500
2018-01-16,80.74544525146484,82.97542925767532,80.43471343300435,82.34481742611693,36599700
2018-01-17,82.38138580322266,82.50933503562712,81.11102772955684,81.4126253371003,25621200
2018-01-18,82.34483337402344,82.86577156146443,81.9427101765303,82.07065941746593,24159700
2018-01-19,82.25344848632812,82.81094463944125,81.94271658339227,82.38139773726773,36875000
2018-01-22,83.72483825683594,83.73397947758193,82.0157925581753,82.25341548861188,23601600
2018-01-23,83.98988342285156,84.35545557703777,83.66086918135485,83.98988342285156,23412800
2018-01-24,83.91677856445312,85.38820162213717,83.6974380323596,84.58394835598773,33277500
2018-01-25,84.38288116455078,85.21455110461312,84.01730897182365,84.51083038609883,26383200
2018-01-26,85.96395874023438,85.96395874023438,84.61135088397074,85.10487222808055,29172200
2018-01-29,85.83601379394531,87.2343208519183,85.65323120085813,86.95100574082048,31569900
2018-01-30,84.75757598876953,85.59839400860001,84.17266334966665,85.26937977751605,38635100
2018-01-31,86.83220672607422,87.1886377003251,85.46131621812165,85.68065674703534,48756300
2018-02-01,86.14677429199219,87.8009801864911,85.52530355699474,86.63115456125138,47227900
2018-02-02,83.88021850585938,85.88172085666305,83.6243200628307,85.58012327478943,47867800
2018-02-05,80.42559051513672,85.21456690708808,80.42559051513672,82.76524182612775,51031500
2018-02-06,83.46895599365234,83.60604644051041,77.91227806632236,79.41111781382837,67998600
2018-02-07,81.8969955444336,83.87107415465968,81.5222821434709,82.70124876005025,41107600
2018-02-08,77.6929702758789,82.1437922541796,77.46448842573328,81.98842626953163,55628700
2018-02-09,80.59011840820312,81.27556395818011,76.61453561287912,78.87193740643737,63499100
2018-02-12,81.45828247070312,82.05233620718971,80.36157324388728,81.10185162335262,35720300
2018-02-13,82.09806823730469,82.2534341617153,80.24279744906849,81.27553250114553,26407700
2018-02-14,83.38359069824219,83.54887064732105,81.1798673844781,81.27168802164068,34960900
2018-02-15,85.08229064941406,85.13738162196726,83.20912052249615,83.75086710050786,27823900
2018-02-16,84.47624206542969,85.85357209910516,84.29260086312475,84.8894382733472,30596900
2018-02-20,85.13736724853516,85.44955871424976,83.56721174667241,83.99877630671824,30911700
2018-02-21,84.00796508789062,85.72503940330421,84.00796508789062,85.37611824531966,26922500
2018-02-22,84.22834014892578,85.14656032843654,83.88859616053976,84.52217032615066,24392800
2018-02-23,86.36775970458984,86.3769438649227,84.80678871016839,85.94537940028123,26329200
2018-02-26,87.61656188964844,87.64410737228641,86.54224603398607,86.6799804526395,30199800
2018-02-27,86.4963150024414,88.00219513414443,86.4963150024414,87.91037454181368,25869100
2018-02-28,86.10150909423828,87.88285860721105,85.97295882066958,87.08400447392167,31167300
2018-03-01,85.25675201416016,86.83609202436394,84.32934756529123,86.30352257804596,37135600
2018-03-02,85.44039916992188,85.53221979609141,83.42949453112489,84.09061424828909,32830400
2018-03-05,85.9821548461914,86.56063115705356,84.71501325815099,84.78846556356292,23901600
2018-03-06,85.6883316040039,86.76264784280072,85.3394103570475,86.6249133750269,22175800
2018-03-07,86.18413543701172,86.2575947231612,84.87108047030799,85.54138419686154,26716100
2018-03-08,86.70755004882812,87.32275601704482,86.10152124040059,86.56063142661581,25887800
2018-03-09,88.64498138427734,88.64498138427734,87.23092139676874,87.49720610274092,36937300
2018-03-12,88.8561782836914,89.26019747078574,88.18588136561053,88.6082618769068,26073700
2018-03-13,86.68917083740234,89.28772863107221,86.28515171514434,89.06735774868787,35387800
2018-03-14,86.17498779296875,87.60741645804676,85.85361203670531,87.3411316870096,32132000
2018-03-15,86.47798156738281,86.84527106058512,85.23838565760639,85.88113701661212,27611000
2018-03-16,86.86363983154297,87.57985055169875,86.23924974119548,86.93709913757561,49081300
2018-03-19,85.29347229003906,86.22087663696011,84.57726166773998,86.07395804496848,33344100
2018-03-20,85.51385498046875,86.1015154186524,85.3944888620913,85.44040267979456,23075200
2018-03-21,84.9170150756836,86.3586206435343,84.66909167556679,85.33021140192517,24457100
2018-03-22,82.44697570800781,84.24668609065121,82.32760962842906,83.80593740254174,38604700
2018-03-23,80.0504379272461,83.06219908536069,79.95861730763806,82.18070852728795,44068900
2018-03-26,86.11070251464844,86.31271211067552,83.00712028199803,83.1999457130788,56396800
2018-03-27,82.15313720703125,87.35944246221877,81.27164692616316,87.17580128075284,56569000
2018-03-28,82.07970428466797,83.76923311953303,81.60223285628295,82.47453925650076,52501100
2018-03-29,83.80593872070312,84.74252707061855,81.17065172863326,82.80508225462597,45867500
2018-04-02,81.28084564208984,83.44784578442716,80.3534483225835,83.07137916092131,48515400
2018-04-03,82.37353515625,82.68573367412152,80.702374634837,82.25416904952918,37213800
2018-04-04,84.7792739868164,85.17410895880761,80.55546240615551,80.66564434826935,35560000
2018-04-05,84.8251724243164,85.45874655081184,83.92532062701059,84.88027039540096,29771900
2018-04-06,82.85100555419922,84.89863252454646,82.16234045551977,84.00795787604686,38026000
2018-04-09,83.34687805175781,85.55060882072597,83.20915057063924,83.59480152870523,31533900
2018-04-10,85.28429412841797,85.65158362878041,84.1457029822125,84.83436816834286,26812000
2018-04-11,84.34772491455078,85.66078034201938,83.99880369109532,84.48545937304773,24872100
2018-04-12,85.92704772949219,86.45961712514367,84.87109310169058,84.87109310169058,26758900
2018-04-13,85.46794128417969,86.4779821431121,84.8802808933294,86.35861603434904,23346100
2018-04-16,86.46880340576172,86.91873639376213,85.78013818525301,86.37698277745353,20288100
2018-04-17,88.21340942382812,88.64497401468152,87.12072520489833,87.23091414473232,26771000
2018-04-18,88.55314636230469,88.81024686268478,87.70837856831737,88.35113682473083,21043300
2018-04-19,88.25013732910156,89.13162781398871,87.54310390534614,88.55315165356816,23552500
2018-04-20,87.23091888427734,88.25014386536235,86.35861249762024,88.06650262779164,31154400
2018-04-23,87.55229949951172,88.4154287768825,86.89117979816088,87.91040483683267,22331800
2018-04-24,85.5046615600586,88.58069761362229,84.85272610435422,88.36950390000305,34524800
2018-04-25,84.76093292236328,85.6699762699767,82.89694641044464,85.6699762699767,33729300
2018-04-26,86.55143737792969,87.36865278949124,85.48629859112886,85.89950188137296,42529000
2018-04-27,87.98384094238281,89.89374024155038,86.23004436882634,89.61827143678984,48272800
2018-04-30,85.87195587158203,88.51643471123298,85.53221885793468,88.45215957307282,41523600
2018-05-01,87.23091888427734,87.49720358257979,85.20165308562513,85.58730388780211,31408900
2018-05-02,85.8627700805664,87.38701192032167,85.56893990630853,87.22173200946011,27471000
2018-05-03,86.37699127197266,87.16666136291786,84.88947172742027,85.35776608494955,31142500
2018-05-04,87.37785339355469,87.57067882976406,85.32103472972375,85.68832427722681,22531300
2018-05-07,88.35116577148438,88.80109179456014,87.32275642756,87.38703157371367,24242000
2018-05-08,87.97468566894531,88.29606838185238,87.28602043637021,88.01141532200512,23484600
2018-05-09,89.01227569580078,89.03982118317505,87.27683993657469,88.15833055987487,27327400
2018-05-10,89.9029541015625,89.9396767492296,89.11328407288417,89.48975075792475,22388100
2018-05-11,89.71013641357422,89.86623921640486,89.10411455096728,89.80196406422736,16778300
2018-05-14,90.01313018798828,90.61915891696698,89.352010485635,89.91212539982517,19454100
2018-05-15,89.3612060546875,89.84786172951279,88.46134701042277,89.28774674383621,24594000
2018-05-16,89.59175109863281,89.82230114930566,89.10298611693905,89.7854122968985,17384700
2018-05-17,88.69720458984375,89.95139727019222,88.37443596677502,89.23208232854525,17246700
2018-05-18,88.86322021484375,89.38887409698079,88.54045152157185,88.54045152157185,17865800
2018-05-21,90.0067367553711,90.38484220886659,89.26898082799528,89.45341805088196,19422500
2018-05-22,89.9145278930664,90.53240039614269,89.63786499290967,90.0805242259945,15441200
2018-05-23,90.98426055908203,91.04881428132549,88.82630877754845,89.18596623516605,21251200
2018-05-24,90.66149139404297,91.24248197160114,89.27819121635746,91.0488207910246,26649300
2018-05-25,90.70758056640625,91.27934702368567,90.24648062738865,90.65225082518867,18363900
2018-05-29,90.38484191894531,91.18715157534086,89.66552690183384,90.22806254058256,28671000
2018-05-30,91.25170135498047,91.52836421227096,90.2926193975852,90.66149382620088,22158500
2018-05-31,91.15023803710938,92.21076936765049,90.93813599249744,91.56523222862222,34140900
2018-06-01,92.94856262207031,93.0131163571511,91.45459570699106,91.55603829580795,28655600
2018-06-04,93.76007843017578,93.9352986930755,93.0038746622591,93.3819800641315,27281600
2018-06-05,94.23963165283203,94.36873910558559,93.63097620199797,94.06441138016856,23514400
2018-06-06,94.51629638671875,94.61773897143348,93.97220164672987,94.50707945052952,21122900
2018-06-07,93.03155517578125,94.70074234964466,92.5704550681847,94.66385349673743,28232200
2018-06-08,93.72318267822266,94.01828639430563,92.71798806388077,93.22519383811498,22165100
2018-06-11,93.18830871582031,93.68629050239028,92.83786822830334,93.15141987314341,23490900
2018-06-12,93.42809295654297,93.55720041192879,92.9116631349997,93.23443177346424,18325200
2018-06-13,93.00389099121094,94.07364662604031,92.73645208250359,93.80620771733297,29492900
2018-06-14,93.52954864501953,94.09209136627189,93.14222622456599,93.74165780050387,25691800
2018-06-15,92.33988952636719,93.63097101825238,92.28455977420134,93.61253011280647,65738600
2018-06-18,93.01310729980469,93.24365733633289,91.68513683793704,92.22923858277454,23586000
2018-06-19,93.01310729980469,93.14221475739417,91.75891453822496,91.89724596730763,28653100
2018-06-20,93.94451141357422,94.54393575224765,93.25286145126434,93.48341143870097,26180800
2018-06-21,93.27131652832031,94.48862036553822,93.03154253491773,94.1381868642793,23198200
2018-06-22,92.59809112548828,92.9300766014312,91.8787693261034,92.59809112548828,38923100
2018-06-25,90.73524475097656,92.32142965493638,89.73005026871519,92.21998710625337,35433300
2018-06-26,91.37158203125,92.29378207507975,91.06725432818747,91.13180804982244,26897200
2018-06-27,89.9513931274414,92.23844529627863,89.82228568416001,91.83268206132053,31298400
2018-06-28,90.95661926269531,91.39927853266616,89.69320926841533,89.80386880903524,26650700
2018-06-29,90.9381332397461,92.13699593116786,90.6799183919511,91.23323692805849,28053200
2018-07-02,92.22924041748047,92.27534620420603,90.37561611688773,90.46783472616775,19564500
2018-07-03,91.34394073486328,92.8010118330081,91.24249814098975,92.66268741938946,14670300
2018-07-05,91.9986801147461,92.14622846597067,91.32547097401739,91.75890612869954,18977400
2018-07-06,93.28976440429688,93.5387553326261,91.91568120553906,92.11856635090348,19234600
2018-07-09,93.92608642578125,94.29496790298317,93.37276772789286,93.74164920509479,18212000
2018-07-10,94.1750717163086,94.53472917323798,93.93529773307965,94.06440517731954,19293100
2018-07-11,94.04596710205078,94.37795265735183,93.23442653003333,93.28053934829003,19644600
2018-07-12,96.08402252197266,96.28690765249935,94.73761133445569,94.77449314379889,24335900
2018-07-13,97.22756958007812,97.38434192904685,95.99181762532447,96.25003959729743,24635200
2018-07-16,96.74801635742188,97.58721479403467,96.38835184364103,97.19989243867491,21786900
2018-07-17,97.70709991455078,98.21431279495945,96.2039162516201,96.47135513076026,25901700
2018-07-18,96.9416732788086,97.799319619923,96.5727918459736,97.69787704999767,29493900
2018-07-19,96.2777099609375,97.11690855119429,95.80738585141836,96.76647498016163,40171600
2018-07-20,98.002197265625,99.78204366258915,97.82698403861458,99.67138415833585,56004000
2018-07-23,99.56998443603516,99.72675682507533,97.87313193706811,98.0299113619394,29707000
2018-07-24,99.28404998779297,100.3537982710938,98.91516860065131,100.12324828360866,26316600
2018-07-25,102.20745849609375,102.50256230361119,99.22874850248324,99.56074116541907,30702100
2018-07-26,101.091552734375,102.36418602776858,100.98088621658252,102.12441209046486,31372100
2018-07-27,99.30252075195312,101.6080213200837,97.88233155768518,101.6080213200837,37005300
2018-07-30,97.17224884033203,99.16419784397677,96.60970609043389,98.85065311692796,34668300
2018-07-31,97.82698822021484,98.41719572088773,97.18144392922186,98.20508660228886,27655200
2018-08-01,98.01142883300781,98.16820116673662,97.21833615718973,97.78087880017299,23628700
2018-08-02,99.20105743408203,99.6805983562788,96.68344824402236,97.19988504772797,26104300
2018-08-03,99.63449096679688,99.64371493702511,98.50940581709695,99.41316493211374,18659600
2018-08-06,99.71749877929688,99.98493766466297,99.19184498001282,99.70828184367745,20265900
2018-08-07,100.40913391113281,100.61201903776244,99.75437275253663,100.1140301912609,16080200
2018-08-08,100.9717025756836,101.21147660875253,100.2985003387605,100.82415419552312,15487500
2018-08-09,101.13768005371094,101.58956315409948,101.07312633020231,101.17456890083417,13677200
2018-08-10,100.51980590820312,101.15612619706866,99.94803934169875,100.90712824236995,18183700
2018-08-13,99.79126739501953,101.05468400691096,99.68982482581076,100.74113232867617,18472500
2018-08-14,101.03623962402344,101.21145989261467,99.63449858277856,100.11403953388572,16788300
2018-08-15,99.6661376953125,100.89737846001331,98.88850488628152,100.43450397410807,29982800
2018-08-16,99.64762115478516,100.77703605759397,99.33286988700137,100.25861888105392,21384300
2018-08-17,99.59207153320312,99.8883109081344,98.76815555095979,99.38840563864342,18061500
2018-08-20,98.9347915649414,99.88831184119255,98.57375004408718,99.5272703203383,17914200
2018-08-21,98.11087036132812,99.37914181896666,97.99051848550303,98.98106951419095,22881900
2018-08-22,99.11067962646484,99.36988820056841,97.92572210890347,97.99052425242935,18000600
2018-08-23,99.57356262207031,100.14752955879334,98.93480059917863,99.19400919547144,18167700
2018-08-24,100.35120391845703,100.4993201018436,99.57357100123589,99.67540396733514,17234000
2018-08-27,101.46207427978516,101.49910508196581,100.45301140624993,101.15657545897228,19662300
2018-08-28,102.0730972290039,102.29527503427035,101.6379940241327,101.77685780101362,19151500
2018-08-29,103.702392578125,103.71165204508694,102.08233194207648,102.24896703287192,20818000
2018-08-30,103.63758850097656,104.24858617679116,103.16546163828751,103.37837993411111,22798700
2018-08-31,103.98939514160156,104.40597939959572,103.2395335891452,103.39691629947859,23222700
2018-09-04,103.41541290283203,103.6468501370778,102.03604896434032,102.61926825199427,22634600
2018-09-05,100.43452453613281,103.14696986137442,100.07348292824277,102.76741637793604,32872400
2018-09-06,100.66593170166016,100.89736892273628,99.52726452919154,100.21231672596392,23477600
2018-09-07,100.17529296875,100.64742691056524,99.26806295354861,100.19381190296455,22498600
2018-09-10,101.2584457397461,101.49914251122904,100.31418465609137,100.75854032031502,20727900
2018-09-11,102.98031616210938,103.3043268975769,100.8048074377939,100.81406690535135,24301800
2018-09-12,103.41541290283203,103.54501718897735,102.30451700361388,103.1562043305414,18891100
2018-09-13,104.52632904052734,105.28544298202384,103.7949864405763,103.7949864405763,26055600
2018-09-14,104.95216369628906,105.28543389187014,104.09121686818862,104.94290422893843,19122300
2018-09-17,103.8134765625,105.25764252351372,103.5542680118466,105.24839012020702,20736500
2018-09-18,104.80404663085938,105.25766167704629,103.4246825565088,103.85978572981045,22170900
2018-09-19,103.40615844726562,104.90587434050498,102.7951677919561,104.65592522308387,21728400
2018-09-20,105.1373062133789,105.35023157600118,103.61907852576292,103.94308924027172,23714500
2018-09-21,105.7761001586914,106.72962065584962,105.08178829420858,105.53540340139048,71229700
2018-09-24,106.15564727783203,106.36857267786026,103.88756481491805,104.63741932349926,27334500
2018-09-25,105.95196533203125,106.55370356682415,105.3039438871183,106.27598311739176,22668000
2018-09-26,105.51688385009766,106.51668749441315,105.2946989843342,105.97049892428093,19352000
2018-09-27,105.91493225097656,106.37780668879137,105.72051877173935,106.25745481470133,19091300
2018-09-28,105.87793731689453,106.06308432958173,105.23916811618382,105.71130218031372,21647800
2018-10-01,107.02584838867188,107.09065053974841,106.21119176615191,106.22970363950031,18883100
2018-10-02,106.59999084472656,107.23875280450672,105.9427099510955,106.73885459699315,20787200
2018-10-03,106.61849975585938,107.55350812806704,106.39632199614297,106.84993698224419,16648000
2018-10-04,104.41521453857422,106.23894091884993,103.34134247312939,106.100077177573,34821700
2018-10-05,103.80422973632812,104.7670095152075,102.4248657450153,104.2671042225449,29068900
2018-10-08,102.61927032470703,103.71165437492729,101.22138742401492,103.36913178158373,29640600
2018-10-09,103.9245834350586,104.68369732317404,102.5729907592874,102.88774202520891,26198600
2018-10-10,98.27751922607422,103.22101559627568,97.93498954647234,102.98031887377424,61376300
2018-10-11,98.04606628417969,100.84182476596342,96.4630294999576,97.52764211382318,63904300
2018-10-12,101.43431854248047,102.98031769102441,99.16623629763,100.91590135803565,47742100
2018-10-15,99.61061096191406,101.3510239511705,99.00887257866913,100.8233471978739,32068100
2018-10-16,102.75814056396484,103.1377010499358,100.86035225991903,101.40654785094232,31610200
2018-10-17,102.48968505859375,103.50800768626881,101.41581974339805,103.38766284233901,26548200
2018-10-18,100.44377136230469,102.32304079321209,99.82352119737652,101.92496842142594,32506200
2018-10-19,100.59188079833984,102.6285255923383,100.17528954758761,100.84182989846819,32785500
2018-10-22,101.48985290527344,102.3322878238592,100.2030624544104,101.20287299639004,26545600
2018-10-23,100.0734634399414,100.8788675961086,97.30547596418695,99.76796458109479,43770400
2018-10-24,94.72262573242188,100.43449466390994,94.04682593796849,100.36044012083705,63897800
2018-10-25,100.25859832763672,101.15656873494052,98.26823698587496,98.63853792016366,61646800
2018-10-26,99.01811981201172,100.6752114970754,96.98147468045124,97.84242159921828,55523100
2018-10-29,96.13905334472656,100.62893556789832,94.08388898345099,100.08274692817682,55162000
2018-10-30,96.02796936035156,96.62970070090921,92.67675465309848,95.96316719769585,65350900
2018-10-31,98.87923431396484,100.11048200329013,97.56467261672746,97.61096288528086,51062400
2018-11-01,98.05533599853516,99.35138605887934,97.69429444026204,99.10143692734589,33384200
2018-11-02,98.27751922607422,99.35138441517266,97.18513510137323,98.57375862957426,37680200
2018-11-05,99.52725982666016,99.74017810476414,98.03680362831969,98.47190671344933,27922100
2018-11-06,99.72171020507812,100.75854484341463,98.38862902675262,99.40695178779293,24340200
2018-11-07,103.64685821533203,103.90606680782544,101.27694301207298,101.31397381998696,37901700
2018-11-08,103.45243072509766,103.87827433512017,102.67480510581385,103.49872099129917,25644100
2018-11-09,101.43431854248047,103.17472413519121,100.6844641059936,102.61927614287114,32039200
2018-11-12,98.9347915649414,101.79535239369481,98.22196092732383,101.2954471195342,33621800
2018-11-13,98.99960327148438,100.66594728341845,98.72187573804308,99.56431074335167,35374600
2018-11-14,97.595703125,100.6545766021726,97.1308288657352,100.5058134343671,39495100
2018-11-15,99.743408203125,100.22688134821838,96.61016060393656,97.61428349486621,38505200
2018-11-16,100.68246459960938,101.23101280259544,99.29714133888199,99.55746978053084,33502100
2018-11-19,97.27027130126953,100.93347484006408,96.27544088762545,100.66384697741442,44773900
2018-11-20,94.56471252441406,95.73619753931239,92.37050564913933,94.64839357218705,64052500
2018-11-21,95.8663558959961,97.09362347215321,95.05747225289043,96.32193061540592,28130600
2018-11-23,95.82915496826172,96.51716670953772,94.83432459206205,94.99238009729554,13823100
2018-11-26,98.99030303955078,99.13905907958066,97.23307931285954,97.42832560544561,32336200
2018-11-27,99.61320495605469,99.78985935446585,97.95825457119629,98.80432160341972,29124500
2018-11-28,103.31363677978516,103.50888307749067,100.28265524379705,100.31054655869544,46788500
2018-11-29,102.4489517211914,103.31361779120361,101.37044045390068,102.57911589573814,28123200
2018-11-30,103.09980010986328,103.17418168471728,101.67728618451315,102.92314564293937,33665600
2018-12-03,104.2154769897461,105.45204385341853,102.9510259071901,105.06155129439023,34732800
2018-12-04,100.89630126953125,104.72686753574386,100.6080815125074,104.07604644136164,45197000
2018-12-06,101.51922607421875,101.56570923634064,97.62357816149972,98.38597153578618,49107400
2018-12-07,97.4561996459961,101.76093097592563,96.97273373482008,100.76610075093477,45044900
2018-12-10,100.03163146972656,100.39423988805007,96.59156507170096,97.43763955875964,40801500
2018-12-11,100.96137237548828,103.15557910229101,99.89216742173524,102.08637414853797,42381900
2018-12-12,101.41693878173828,103.45308258494534,101.37974800127301,103.09978081064938,36183000
2018-12-13,101.76092529296875,103.08117296761031,100.99853214530403,101.88179708407405,31333400
2018-12-14,98.58122253417969,101.58431301217553,98.08845701304199,100.64526513423503,47043100
2018-12-17,95.66179656982422,98.36736737353206,94.5646933545878,98.00476612466221,56957300
2018-12-18,96.66592407226562,97.1679889648928,95.3177848901882,96.46137832785277,49319200
2018-12-19,96.40560913085938,99.37150155766354,94.22999429313931,96.36841834547594,68198200
2018-12-20,94.37874603271484,96.98203685429655,91.84053021092112,95.81055917662205,70334200
2018-12-21,91.32918548583984,95.76408208864746,90.61327526878587,94.4903242684013,111242100
2018-12-24,87.51720428466797,91.08744141910735,87.37774771542219,90.81781356287128,43935200
2018-12-26,93.4954833984375,93.61635521285486,87.35914625893676,88.4562494970154,51634800
2018-12-27,94.07192993164062,94.0812294004665,89.6277343506653,92.32400574344346,49498500
2018-12-28,93.33745574951172,95.21555178040072,92.52857196273258,94.91802543668736,38196300
2018-12-31,94.43455505371094,95.20624801270391,93.38394180020042,94.17422660812731,33173800
2019-01-02,94.01615142822266,94.60189030844347,91.98929983370067,92.55644686887081,35329300
2019-01-03,90.55748748779297,93.15148614324133,90.37153356835667,93.06780510614082,42579100
2019-01-04,94.7692642211914,95.30852004981328,91.98001874083857,92.71452090187499,44060600
2019-01-07,94.89009857177734,96.01509303722844,93.88597591153875,94.49960603205035,35656100
2019-01-08,95.5781478881836,96.66595192223656,94.56471834254988,95.80128554027748,31514400
2019-01-09,96.94487762451172,97.51202480419221,95.98723775851896,96.56368440980263,32280800
2019-01-10,96.3219223022461,96.4613859656991,95.18762824317267,95.96862050245953,30067600
2019-01-11,95.5781478881836,96.17318635604597,94.49963623179674,95.94074923286792,28314200
2019-01-14,94.88082122802734,95.64321458545031,94.146319185944,94.74135755791232,28437100
2019-01-15,97.63286590576172,97.67005668704293,94.72274933789835,95.30849527630726,31587600
2019-01-16,97.97688293457031,98.79506605881,97.58639031259263,97.86531766738658,29853900
2019-01-17,98.66487884521484,99.13904530701616,97.40042076024672,97.6235583360012,28393000
2019-01-18,100.1431884765625,100.31984292334074,98.46964579370251,99.9107514017139,37427600
2019-01-22,98.25579833984375,99.57603919268188,97.4934050353328,99.2506287139424,32371300
2019-01-23,99.21344757080078,99.52026623488581,97.93968975207686,98.66489943811888,25874300
2019-01-24,98.73926544189453,99.48306691036669,97.93968134598275,99.35290271739653,23164800
2019-01-25,99.64111328125,100.30123365462165,98.73925638877654,99.70619537176789,31225600
2019-01-28,97.69796752929688,98.99961676067194,97.30747488790965,98.79507096944502,29476700
2019-01-29,95.7082748413086,97.59566241162709,94.99236480837828,97.51198139129062,31490500
2019-01-30,98.9066390991211,98.9066390991211,97.00065900296141,97.2702869088745,49471900
2019-01-31,97.09362030029297,97.82812234668714,95.93143486487503,96.50788139447243,55636400
2019-02-01,95.55953979492188,96.78680740403813,95.15974769760429,96.48928819859835,35535700
2019-02-04,98.31159210205078,98.36738182859409,95.55023826763384,95.64321878073363,31315100
2019-02-05,99.68760681152344,99.73408996718642,98.51612205020851,98.60909545495056,27325400
2019-02-06,98.58122253417969,99.48307962460183,98.1163483303264,99.48307962460183,20609800
2019-02-07,97.8746109008789,98.17213010500232,96.96346144162102,97.80023641991107,29760700
2019-02-08,98.2464828491211,98.34875571053459,96.93554167900798,97.05640638185336,21461100
2019-02-11,97.85600280761719,99.09256967615708,97.59567443390694,98.73926080319359,18914100
2019-02-12,99.38079071044922,99.61322777490315,98.06984935550553,98.68347951708743,25056600
2019-02-13,99.30640411376953,100.20826101308414,99.21343071138385,99.94793264903785,18394900
2019-02-14,99.39009857177734,99.75269985547057,98.23721262089163,98.84154336476908,21784700
2019-02-15,100.61737060546875,100.69175217813137,99.81778643288865,100.32915087817263,26606900
2019-02-19,100.5708999633789,101.0264818647259,100.2082985927026,100.2175980644534,18038500
2019-02-20,100.04800415039062,100.78564310279329,99.2450051451782,100.71094386423597,21607700
2019-02-21,102.15821075439453,102.22357080683251,99.78656337152674,99.81457380489852,29063200
2019-02-22,103.61479187011719,103.82954323695353,102.54101366480498,102.75577215535148,27763200
2019-02-25,104.1937026977539,104.74460062745418,103.885580833177,104.35244034620297,23750600
2019-02-26,104.91267395019531,105.73434415688274,103.80154599133975,103.88558441090827,21536700
2019-02-27,104.7352523803711,104.91266125955818,103.53075408613762,104.28707127592295,21487100
2019-02-28,104.60453796386719,105.39819768558682,104.32442653934233,104.61387714846452,29083900
2019-03-01,105.07140350341797,105.52892384304685,104.26840455092834,105.40754293114438,23501200
2019-03-04,104.8193130493164,105.74369300678946,103.45608395458201,105.5289344693403,26608000
2019-03-05,104.29639434814453,104.94066264444032,103.85755246560683,104.80994257326576,19538300
2019-03-06,104.34308624267578,105.19277385427873,104.04429648200757,104.45513507431754,17687000
2019-03-07,103.07324981689453,104.15636738111408,102.58771902433112,104.01630809281515,25339000
2019-03-08,103.185302734375,103.37204371031744,101.58864388181881,101.9247833374845,22818400
2019-03-11,105.35150909423828,105.46355080720902,103.62413049007475,103.6334625503489,26491600
2019-03-12,106.08915710449219,106.43462858104856,105.18344851967332,105.34217904261601,26132700
2019-03-13,106.91082763671875,107.3776871460494,106.2385488034889,106.56534903527819,35513800
2019-03-14,106.99485778808594,107.56442695329264,106.75209597489443,106.94817611187712,30763400
2019-03-15,108.22736358642578,109.47854352157728,106.9948477715577,107.69513696252727,54681100
2019-03-18,109.77735137939453,109.81470099724551,108.35810151961293,108.4701432494547,31207600
2019-03-19,109.85204315185547,110.58968202594784,109.2357851847489,110.26287467288245,37588700
2019-03-20,109.73064422607422,110.87912163087272,108.974334181274,109.60926333114024,28113300
2019-03-21,112.251708984375,112.81193900786722,109.32916370357661,109.37585250708065,29854400
2019-03-22,109.29181671142578,111.6634568091499,109.28247752636707,111.57942551475436,33624500
2019-03-25,109.86139678955078,110.18819706189802,108.61020944493492,108.83430004258565,27067100
2019-03-26,110.09481048583984,110.84178141009679,109.10506350372624,110.7577501196485,26097700
2019-03-27,109.0303726196289,110.37493035940187,107.86322378266242,110.06680135675205,22733400
2019-03-28,109.17975616455078,109.78667490154581,108.43277816152457,109.65595481957276,18334800
2019-03-29,110.1228256225586,110.4776362924667,109.2077778308754,110.24420653296404,25399800
2019-04-01,111.1312484741211,111.2152869007228,110.27222857836853,111.06588841952495,22789100
2019-04-02,111.28997802734375,111.56075741198899,110.66438083757869,111.1685899892928,18142300
2019-04-03,112.01829528808594,112.4478052718519,111.25264581724882,111.91558560460797,22860700
2019-04-04,111.44869995117188,112.2610380423641,110.53365220050554,112.13965001368894,20112800
2019-04-05,111.94355773925781,112.26102586785177,111.4580270483439,111.4766982918095,15826200
2019-04-08,111.98091125488281,112.06494253897311,110.77641298361789,111.86886241905232,15116200
2019-04-09,111.37398529052734,111.61675419053059,110.72038493326048,110.76706660237404,17612000
2019-04-10,112.22370147705078,112.37309282947759,111.61678263423418,111.82220197706854,16477200
2019-04-11,112.35441589355469,112.83994666899973,111.97158766061578,112.55049604077544,14209100
2019-04-12,112.93331909179688,112.96133664791964,112.3917674431804,112.64386845859573,19745100
2019-04-15,113.02667999267578,113.52154988870117,112.57849176919969,112.92397033987314,15792600
2019-04-16,112.7652587890625,113.58693620153502,112.13966866726585,113.57759701538097,14071800
2019-04-17,113.698974609375,113.77367384899519,112.55050407598875,113.20410461338649,19300900
2019-04-18,115.19292449951172,115.33297666136994,113.2601263050454,114.09113570938965,27991000
2019-04-22,115.55706024169922,115.78115079698999,114.44593240204404,114.49262119943018,15648700
2019-04-23,117.12571716308594,117.25643725712153,115.6224289579656,115.87452996111688,24025500
2019-04-24,116.72421264648438,117.50853317676774,116.26668521344186,117.45251231709337,31257000
2019-04-25,120.58979797363281,122.66265520443052,120.2910153151198,121.43948564653344,38033900
2019-04-26,121.28077697753906,121.86902458741034,120.46844589527736,121.1033680636145,23654900
2019-04-29,121.1687240600586,121.55153803920774,120.77656377214015,121.29009784726212,16324200
2019-04-30,121.9437026977539,122.03706604593145,120.81389647966573,121.20605673582125,24166500
2019-05-01,119.40399169921875,121.99039037985155,119.23592198224438,121.87834865100939,26821700
2019-05-02,117.8447036743164,119.5160619581073,117.20043512323551,119.49739070785981,27350200
2019-05-03,120.35636138916016,120.85123126997718,118.81573089188751,118.91844054153367,24911100
2019-05-06,119.65607452392578,120.03890270250588,117.75129418604304,118.01273434521478,24239800
2019-05-07,117.200439453125,118.75041685828901,115.98660867824628,118.07813784514379,36017700
2019-05-08,117.19107055664062,117.99406944510429,116.48144214094266,117.1257105133336,28419000
2019-05-09,117.18170928955078,117.45248859614064,115.37963172230096,116.05191039746076,27235800
2019-05-10,118.7037124633789,119.45069062964431,115.61310436978647,116.6308619432303,30915100
2019-05-13,115.1742172241211,117.2284029416179,114.88476666397443,115.88384553552612,33944900
2019-05-14,116.46276092529297,117.53653195573655,115.50102447938211,115.65976210557545,25266300
2019-05-15,118.10282897949219,118.74948222900501,115.92858255440808,116.45340558810436,24722700
2019-05-16,120.83002471923828,121.25176511471228,118.51520734819658,118.78698908853909,30112200
2019-05-17,120.0240478515625,122.26389625246225,119.88346297609567,120.24896077205302,25770500
2019-05-20,118.29024505615234,119.5741703973863,117.85914535799333,118.57139330273671,23706900
2019-05-21,118.92753601074219,119.51795382115691,118.6276402284567,119.4242377298326,15293300
2019-05-22,119.649169921875,120.18336671180455,118.57141688706866,118.66514013798412,15396500
2019-05-23,118.2527847290039,118.35587458844678,116.90324995090113,118.27152508977515,23603800
2019-05-24,118.30902862548828,119.414895959499,118.05599439613253,118.93694162070689,14123400
2019-05-28,118.23404693603516,119.95844616765655,118.13095707435339,119.00253044579348,23128400
2019-05-29,117.09068298339844,117.51240900373234,116.24722379265059,117.5030352488129,22763100
2019-05-30,117.83103942871094,117.8591535403133,116.94071871085346,117.39056594672913,16829600
2019-05-31,115.90983581542969,116.79078284308702,115.57245215164943,116.42528506567169,26646800
2019-06-03,112.31106567382812,116.556475076503,111.53321573941456,116.06913999823442,37983600
2019-06-04,115.42251586914062,115.5349723315145,113.07020381339026,113.66062169109387,29382600
2019-06-05,117.92477416992188,117.96226204134769,116.40654755253824,117.10005529871479,24926100
2019-06-06,119.78974151611328,119.9303192352101,117.70921129370355,118.49644223059795,21459000
2019-06-07,123.14483642578125,123.94144120082262,120.20210637116702,121.07368689093146,33885600
2019-06-10,124.26947784423828,125.65649358939146,123.70716682044365,124.0820313028645,26477100
2019-06-11,123.8008804321289,125.8064352869492,123.03238971291181,125.46905155902792,23913700
2019-06-12,123.22917175292969,123.67901184326765,122.49817624357101,123.14481511711242,17092500
2019-06-13,124.00706481933594,124.64433727364938,123.29480231138233,123.68841429201642,17200800
2019-06-14,124.12892150878906,125.3847335441271,123.36981146205736,123.95085583359685,17821700
2019-06-17,124.50374603271484,125.32845058391726,124.20384306852456,124.29756631987414,14517800
2019-06-18,126.66863250732422,126.74360825653412,125.17852702970266,125.75957121087691,25934500
2019-06-19,127.16533660888672,127.39024956037937,125.40344222132903,126.51868327302087,23744400
2019-06-20,128.3461456298828,129.01154633909664,127.19342409436848,128.8147332475897,33042600
2019-06-21,128.3649139404297,129.07716208670809,127.88695964097253,127.99941611139504,36727900
2019-06-24,129.12400817871094,129.70505227285932,128.39301260860177,128.39301260860177,20628800
2019-06-25,125.04729461669922,128.94594733420595,124.39127476042653,128.62731116118212,33327400
2019-06-26,125.51587677001953,127.21217601711012,125.20662151574263,125.90950296669142,23657700
2019-06-27,125.7220458984375,126.24687601646973,125.12225434941632,125.7126792946035,16557500
2019-06-28,125.54401397705078,126.14380561852889,124.79427085016299,126.11569150253466,30043000
2019-07-01,127.15589904785156,128.11182156626847,126.49051279593391,128.04622675136312,22613500
2019-07-02,127.99939727783203,128.00876388226854,126.83729482052988,127.56829037104205,15237800
2019-07-03,128.82412719726562,129.08653514574118,127.72761947665488,128.2055880472187,13629300
2019-07-05,128.44924926757812,128.70229061234994,127.19343774934305,127.39961746728143,18141100
2019-07-08,128.3555908203125,128.48679484697664,126.8654705815676,127.8307604134895,16779700
2019-07-09,127.8869400024414,128.36489422850312,127.26840090977846,127.45583309842074,19953100
2019-07-10,129.18960571289062,129.87373959781803,128.41174858886257,128.51483843180986,24204400
2019-07-11,129.70504760742188,130.4735381689589,129.2083458738077,129.51761541929264,22327900
2019-07-12,130.1736297607422,130.38919035318898,129.33954440346187,130.1267824407969,18936800
2019-07-15,130.1736297607422,130.77342131766108,129.7612846842394,130.67971237761174,16651500
2019-07-16,128.46800231933594,130.3142389549489,127.9431863965516,130.22989660310742,22726100
2019-07-17,127.7088623046875,129.26456219300002,127.66200068693203,129.04901591151443,20211000
2019-07-18,127.84945678710938,128.03688899305456,126.20939995980784,127.03411882615946,30381800
2019-07-19,128.0369110107422,131.83247460951378,127.87759289328382,131.4107484985754,48992400
2019-07-22,129.73318481445312,130.4454472763572,128.7023004461548,128.77727619478478,25074900
2019-07-23,130.5391387939453,131.19517293175588,129.3583030861742,130.97961232068786,18034600
2019-07-24,131.87930297851562,131.8980504876533,130.1267898283691,130.17363715097406,20738300
2019-07-25,131.3826141357422,131.77622606531844,130.56727616020288,131.60752706683664,18356900
2019-07-26,132.4603729248047,132.77900914156527,131.48571676172458,131.55131160627536,19037600
2019-07-29,132.16986083984375,132.6197010799464,130.61414606345792,132.6103344729188,16605900
2019-07-30,131.5325927734375,132.34793091727414,131.0171433663484,131.3357796179439,16846500
2019-07-31,127.7088623046875,131.66374260059501,126.59362158283405,131.5137911438407,38598800
2019-08-01,129.38645935058594,132.08552961923027,128.3274463604261,128.3930555156445,40557500
2019-08-02,128.2992706298828,129.63007190954335,126.7623039760753,129.41451133176076,30791600
2019-08-05,123.90394592285156,125.5158741944709,122.56377788112599,124.92546351189758,42749600
2019-08-06,126.22815704345703,127.15595153830485,124.8411414540801,125.39407150860825,32696700
2019-08-07,126.78105926513672,127.12780951131678,123.54780770166487,125.38466307620416,33414500
2019-08-08,130.1642608642578,130.25798410281516,127.3902160247668,128.0181359828158,27496500
2019-08-09,129.05844116210938,130.62352249185966,127.88697181647328,129.9018933709022,23466700
2019-08-12,127.25901794433594,129.19897753077302,126.74358300895678,128.45861539257012,20484300
2019-08-13,129.89251708984375,130.07994931115306,126.51867990562891,127.50271694270506,25154600
2019-08-14,125.98088836669922,128.74536165509843,125.68939882297235,128.21879804736187,32527300
2019-08-15,125.69876861572266,126.54504366628409,124.35415215609167,126.36638512179515,28074400
2019-08-16,128.00250244140625,128.31280185130936,126.67668160303253,126.8271324104605,24449100
2019-08-19,130.14637756347656,130.2780184343801,128.7171235738247,129.6198140798624,24355700
2019-08-20,129.06500244140625,130.42844289405204,129.0462068549163,129.95829497183652,21170800
2019-08-21,130.503662109375,131.16188071992357,129.7608346587705,130.2780002751543,14970300
2019-08-22,129.55397033691406,130.889188817738,128.1529242549466,130.38143533542126,18697000
2019-08-23,125.42610931396484,130.08998477043167,124.87133800045024,128.99923773696537,38508600
2019-08-26,127.36314392089844,127.46657709833103,125.90568163808793,126.93061561365982,20312600
2019-08-27,127.6357650756836,128.5572510001972,126.62024382615229,128.24695164497015,23102100
2019-08-28,127.46651458740234,127.65457090475016,125.57652492422416,126.82712023886428,17393300
2019-08-29,129.8737030029297,130.17460466564032,128.73595266678487,129.0556499225792,20168700
2019-08-30,129.6291961669922,130.8703793211406,128.13412909694497,130.84217159134928,23940100
2019-09-03,127.91790008544922,129.00864721770145,127.59820279254922,128.45387585394275,18869300
2019-09-04,129.4129180908203,129.46933354428594,128.3315692908852,129.10261874898373,17995900
2019-09-05,131.68846130371094,131.99876071400755,130.47547139548067,130.8045807436743,26101800
2019-09-06,130.79519653320312,131.81070372065489,129.9489214132864,131.66966504122553,20824500
2019-09-09,129.30953979492188,131.40639634170765,128.31282810042592,131.2559455035018,25773900
2019-09-10,127.95547485351562,128.71711227889372,126.47920332213134,128.63248908669118,28903400
2019-09-11,127.9930648803711,128.13411786474003,127.02456131502971,127.7956107891408,24726100
2019-09-12,129.30953979492188,130.155800651212,128.69833864512867,129.61983926830337,27010000
2019-09-13,129.1214141845703,129.81722382955292,128.41619239988324,129.55394217775833,23363100
2019-09-16,128.1905975341797,128.5385025772367,127.56060072885184,127.72044937965595,16731400
2019-09-17,129.18728637695312,129.3095294667043,128.28459576759934,128.7829659228231,17814200
2019-09-18,130.24984741210938,130.39088611790822,128.37865261107507,129.15910026132207,23982100
2019-09-19,132.64755249023438,133.86992570956915,131.70725656903707,131.92352061353486,35772100
2019-09-20,131.11492919921875,133.19297615913047,129.99597421413517,132.5911870513272,39167300
2019-09-23,130.83279418945312,131.29354442748715,130.17458981210405,130.91741739201672,17139300
2019-09-24,129.17787170410156,132.29024923189132,128.70772369451933,131.9799498238336,29773200
2019-09-25,131.0396728515625,131.60385628417788,127.90848493088666,129.29072142779168,21382000
2019-09-26,131.20887756347656,131.81066633800296,130.17456072951543,131.1148565864489,17456600
2019-09-27,129.5069580078125,131.97994096348273,128.49143665355754,131.7824724996925,22477700
2019-09-30,130.7293701171875,130.9080286779575,129.55399995189035,129.80788392497303,17280900
2019-10-01,128.88636779785156,131.87650191695,128.82054019694937,131.32173077124713,21466600
2019-10-02,126.6108627319336,128.2281731539498,125.60475337685614,128.1153422144816,30521700
2019-10-03,128.14358520507812,128.5855256366245,125.26628067477783,126.8929893400409,24132900
2019-10-04,129.8737030029297,129.9959460968785,128.27520237617705,128.58550183542954,22897700
2019-10-07,128.93338012695312,129.9300915696498,128.83935913766322,128.9521900639223,15303700
2019-10-08,127.5699691772461,129.53518456755847,127.52295150305427,128.89579011144485,25550500
2019-10-09,129.98655700683594,130.419085241227,128.79237676811096,129.25312708957983,19749900
2019-10-10,130.79519653320312,131.33115786281488,129.9959390890229,130.22161532389006,17654600
2019-10-11,131.3405303955078,132.6099356573228,131.17128401274712,131.75426290595945,25446000
2019-10-14,131.2183074951172,131.91411734100868,131.1900997634069,131.3499483590246,13304300
2019-10-15,133.1177215576172,133.32457349312352,131.46279129133137,131.69786530890337,19695700
2019-10-16,132.02699279785156,132.5723663152234,131.19952755111063,132.3842955971231,20751600
2019-10-17,131.3499298095703,132.9766376155096,130.71993331071263,132.5346974174223,21460600
2019-10-18,129.20606994628906,131.64143301357356,128.40681264959562,131.41575682035037,32273500
2019-10-21,130.1652069091797,130.2310345355918,128.82998791581943,130.1840168521235,20078200
2019-10-22,128.22817993164062,131.6508573049573,128.1247467824011,130.67295563305845,27431000
2019-10-23,129.0462188720703,129.2436729830338,127.5135319116312,128.70771176264134,29844600
2019-10-24,131.58505249023438,132.036390648741,130.39087229915881,131.0678867108094,37029300
2019-10-25,132.32789611816406,132.71342104998257,130.88924390702005,131.02088481693573,25959700
2019-10-28,135.58128356933594,136.97291764256804,134.94187482361625,135.7787376960855,35280100
2019-10-29,134.3025360107422,135.87282927089313,134.1332751985534,135.47790650616514,20589500
2019-10-30,135.97618103027344,136.3428958313571,134.2648357266992,134.95126201542115,18496600
2019-10-31,134.8102569580078,136.27711668382418,134.45295417080953,136.24890894661854,24605100
2019-11-01,135.13938903808594,135.79759359632766,134.43416679401625,135.64714274079148,33128400
2019-11-04,135.91978454589844,136.34291486039237,135.55306969363332,136.18306626815146,16912000
2019-11-05,135.83517456054688,136.36173805625353,135.31800886019954,136.31472038389848,18250200
2019-11-06,135.45909118652344,135.8916338247031,134.65043574384444,135.750580762178,16575800
2019-11-07,135.6471405029297,136.23013397156856,135.18640449365319,135.25221777449994,17786700
2019-11-08,137.24559020996094,137.27379793797405,135.17692783715745,135.3837940744378,16732700
2019-11-11,137.38662719726562,137.67811661507872,136.08901433316757,136.6625953754945,14362600
2019-11-12,138.28941345214844,138.75956170320308,137.33970480243505,137.54657118072197,18641600
2019-11-13,138.51502990722656,138.6560829448576,137.54652597617488,137.97906853801624,16919200
2019-11-14,139.22021484375,139.54932416248266,138.22350344111155,138.24231337732473,19729800
2019-11-15,141.0161895751953,141.03499951221406,139.41768927527346,140.03827371911223,23485700
2019-11-18,141.36407470703125,141.5615431486386,140.0852717765639,141.11020515781956,21534000
2019-11-19,141.4110870361328,142.29496739782812,141.2324285356486,141.87183715065657,23935700
2019-11-20,141.16583251953125,142.31689851081478,140.07138836760183,141.81684690437555,25696800
2019-11-21,141.03372192382812,141.33564743404634,140.10910024283606,140.95824054627357,18576100
2019-11-22,141.1375274658203,141.80741579079225,140.41104609523438,141.59041579676025,15901800
2019-11-25,142.684814453125,142.79804369806604,141.44883770338845,141.5243190678164,22420900
2019-11-26,143.43963623046875,143.807598941976,142.76976241042755,142.80749590026912,24620100
2019-11-27,143.71322631835938,143.8830485800872,142.9584271186198,143.7226560895896,15184400
2019-11-29,142.82632446289062,143.69433841945488,142.73196917336577,143.50564223700107,11977300
2019-12-02,141.09976196289062,143.2509306587758,139.93926647088404,143.23205671678392,27418400
2019-12-03,140.8733367919922,140.98655166596816,138.36363484378063,139.15618215141686,24066000
2019-12-04,141.3828125,141.69415335935184,140.76953176072647,141.65641987223628,17574700
2019-12-05,141.45826721191406,141.82624426153976,141.03369713482053,141.57149645664435,17869100
2019-12-06,143.17547607421875,143.2886909541522,141.77910643416462,142.4584245069698,16403500
2019-12-09,142.8074951171875,143.60947213877773,142.38292497494575,142.53388772668518,16687400
2019-12-10,142.59048461914062,143.30753604199774,142.24138148197392,142.74143296312153,16476100
2019-12-11,143.12831115722656,143.28870371695263,141.8357265075143,142.9773483728008,18856600
2019-12-12,144.58128356933594,144.76997982651594,142.48672200245406,143.08111449274102,24612100
2019-12-13,145.7983856201172,146.13804463924706,144.1944458506823,144.35483838796566,23845400
2019-12-16,146.74192810058594,147.09101700504186,146.07205401924585,146.34566151797503,24144200
2019-12-17,145.9493865966797,146.9117564689541,145.72294239243712,146.66643831520668,25425600
2019-12-18,145.64743041992188,146.69471125023816,145.4681639287665,145.58139320542384,24129200
2019-12-19,146.9116973876953,146.9683048168397,145.06243978824867,145.29831367408323,24958900
2019-12-20,148.51559448242188,149.534571105569,147.45886998623484,148.45898706945738,53477500
2019-12-23,148.51559448242188,149.18546806462896,148.38350571997293,149.18546806462896,17718200
2019-12-24,148.4873809814453,148.7987363384926,148.24206284744218,148.5817219281661,8989200
2019-12-26,149.70443725585938,149.761044685428,148.5061938757916,148.65715661904102,14520600
2019-12-27,149.97808837890625,150.53474740740432,149.27989635218842,150.44039207525785,18412800
2019-12-30,148.6854705810547,150.03467679735755,147.87406377591745,150.00637308062258,16348400
2019-12-31,148.7892608642578,148.8553124700103,147.60989130382995,147.911816821668,18369400
2020-01-02,151.54428100585938,151.64806611302345,149.38368209784642,149.8082523011168,22622100
2020-01-03,149.65731811523438,150.91216941551934,149.12896270387338,149.3742808567233,21116200
2020-01-06,150.0441131591797,150.11016476552868,147.66650007283684,148.20429950761726,20813700
2020-01-07,148.67608642578125,150.64798941189073,148.43078267327837,150.31777448312974,21634100
2020-01-08,151.044189453125,151.71407758514792,149.02510968153575,149.94973123016297,27746500
2020-01-09,152.93121337890625,153.0538724258733,151.9311102480721,152.69533945572454,21385000
2020-01-10,152.22357177734375,153.9973480554913,152.07260903099078,153.6199555862088,20725900
2020-01-13,154.0540008544922,154.0823045781937,152.1481352111662,152.61988313499708,21626500
2020-01-14,152.96890258789062,154.3558418758796,152.58206604708363,154.15770152191135,23477400
2020-01-15,153.95956420898438,154.67662988837,153.38404586656713,153.4312091167612,21417900
2020-01-16,156.78067016601562,156.8467217717717,154.7615900543168,155.06351557217135,23865400
2020-01-17,157.6581268310547,158.00721561011963,156.08247644695953,157.9600379489106,34371700
2020-01-21,157.0919952392578,158.6865048817787,157.02594364620745,157.26181751293308,29517200
2020-01-22,156.33726501464844,158.02613070819066,156.31839106592938,157.94120513725719,24138800
2020-01-23,157.2996063232422,157.3750877078265,155.93154041958098,156.79955474739776,19680800
2020-01-24,155.71450805664062,158.06381729197344,155.15784910579725,158.04494334885658,24918100
2020-01-27,153.11048889160156,154.14833997343501,151.14801600742726,152.04433408904563,32078100
2020-01-28,156.11077880859375,156.393815954086,153.8558250377088,154.52569881083977,24899900
2020-01-29,158.54495239257812,159.21484042605837,156.32774695645463,158.35625620176285,34754500
2020-01-30,163.01719665527344,164.21544030441976,161.1396349055562,164.21544030441976,51597500
2020-01-31,160.61126708984375,162.6586510071575,159.99800065070156,162.47939891941252,36142700
2020-02-03,164.5267791748047,164.63999404803988,160.77165605102132,160.79995976933012,30107000
2020-02-04,169.94244384765625,170.43306565128077,166.34772747127744,167.13083064355817,36433300
2020-02-05,169.73486328125,173.7918974939306,168.32906396328247,173.63150495950617,39186300
2020-02-06,173.2541046142578,173.4333710847966,169.88581835396727,170.7444028199159,27751400
2020-02-07,173.4993896484375,175.1410770270383,172.16905751732648,172.51816064750537,33529100
2020-02-10,178.03762817382812,178.16971699037234,172.8955797058264,173.20693500123804,35844300
2020-02-11,174.01834106445312,179.9246186871627,173.1314528445182,179.87744102505104,53159900
2020-02-12,174.27310180664062,175.3486863579393,171.5747034556138,175.0939384809837,47062900
2020-02-13,173.32962036132812,175.70721942012503,172.53707294512571,172.73521339832718,35295800
2020-02-14,174.87692260742188,174.93353004235755,172.32947286250848,172.89557600506723,23149500
2020-02-18,176.65066528320312,177.09410933712462,175.01842203596405,175.12220712085204,27792200
2020-02-19,177.18048095703125,178.0319405494964,176.41416443662806,177.91841645341376,29997500
2020-02-20,174.47470092773438,177.1520880224131,171.33374751460371,176.8682633653664,36862400
2020-02-21,168.95909118652344,173.60431081519135,167.69135744955133,173.29210514517501,48572600
2020-02-24,161.67437744140625,165.13700729463477,154.42745645308867,158.7226349755328,68311100
2020-02-25,159.00643920898438,165.41134073594938,158.60907598738845,164.80585480979238,68073300
2020-02-26,160.99317932128906,163.9165403125389,159.13888503210237,160.5579939912632,56206100
2020-02-27,149.64979553222656,158.02254597585994,149.46058385061485,154.51262380879592,93174900
2020-02-28,153.27322387695312,154.8815589206955,143.80304190624392,144.19093515495462,97012700
2020-03-02,163.47189331054688,163.5948873794093,153.5570555882588,156.39527365057177,71030800
2020-03-03,155.638427734375,165.56273638671752,153.50976398083148,164.4274519386793,71677000
2020-03-04,161.35267639160156,161.4945814998226,156.68853121047633,159.403769247118,49814400
2020-03-05,157.30349731445312,161.6554226701789,156.75477346692026,157.09536018483988,47817300
2020-03-06,152.85693359375,154.31387882369515,147.58730308636078,153.84084259585427,72821100
2020-03-09,142.49745178222656,149.24295410550792,141.9108913840012,142.85696399322785,70419300
2020-03-10,152.2420196533203,152.3460882294673,144.35177667029004,149.63086415534653,65354400
2020-03-11,145.3451385498047,149.19564653551825,142.9988681016077,148.65639265874228,56371600
2020-03-12,131.5608367919922,145.19374469682643,131.1067260435362,137.46433426560162,93226400
2020-03-13,150.2647247314453,153.17863030331625,133.14080353628432,139.54571958932405,92727400
2020-03-16,128.11715698242188,141.2959565500694,127.71980820033161,132.45017146701056,87905900
2020-03-17,138.66587829589844,139.54571895054684,127.71981056490728,132.4501739191631,81059800
2020-03-18,132.82859802246094,138.12661078587766,127.73873683869692,130.55802937295286,81593200
2020-03-19,135.0139923095703,142.0527585137595,131.50405751614812,135.07075434119722,85922700
2020-03-20,129.94305419921875,139.16726040338546,128.53340107980478,138.12657495470134,84866200
2020-03-23,128.64698791503906,132.98947346409804,125.37358379021876,129.62144183970466,78975200
2020-03-24,140.34042358398438,141.53248444816953,133.65169697152206,135.99795327111457,82516700
2020-03-25,138.99700927734375,146.00741194957217,136.6507528558583,140.87969928171756,75638200
2020-03-26,147.69142150878906,148.211764422316,140.36881303206195,140.39719406044296,64568100
2020-03-27,141.62705993652344,146.53717885318503,141.15402365454713,143.56651157981065,57042300
2020-03-30,151.5891876220703,151.93924425192506,141.9203258368067,144.21928944249186,63420300
2020-03-31,149.20513916015625,155.89386596934028,148.11714684043403,150.80398997511287,77927200
2020-04-01,143.90713500976562,149.24298505489344,142.6867074425819,144.74913922915178,57969900
2020-04-02,146.88726806640625,147.0954052519253,142.25151679459384,143.67062609444574,49630700
2020-04-03,145.53440856933594,148.89297054298996,143.98284945612286,146.73592529866758,41243300
2020-04-06,156.35740661621094,157.521071752868,149.08210675823807,151.67435061344497,67111700
2020-04-07,154.67340087890625,160.83232776277265,154.45579380630528,160.44443456648847,62769000
2020-04-08,156.2250213623047,157.68196726498687,154.68291792799084,156.73589437246093,48318200
2020-04-09,156.23440551757812,158.34414306200398,154.52201667417057,157.38861507402567,51385100
2020-04-13,156.58448791503906,156.641264403409,153.54760262178084,155.48705455059172,41905300
2020-04-14,164.3328094482422,164.38011596592045,158.9401984591346,159.8862710690104,52874300
2020-04-15,162.61102294921875,164.20988854135737,160.11339094351374,161.96768583778768,40940800
2020-04-16,167.4927215576172,167.7197842257334,163.57598075714515,164.90049133393524,50479600
2020-04-17,168.9685821533203,170.2930780974871,166.38579340831046,169.82004176943852,52765600
2020-04-20,165.6194610595703,169.11047113712758,165.55324348664345,167.10480191712205,36669600
2020-04-21,158.76991271972656,164.30442883992933,157.1521222009458,164.14359822815481,56203700
2020-04-22,164.1625518798828,164.61666276960204,161.60815827581536,162.14741225062102,34620200
2020-04-23,162.17578125,165.61948531645297,161.69328936770626,164.72071913449065,32790800
2020-04-24,165.13699340820312,165.14644893831272,161.50407768863286,162.78126717777104,34277600
2020-04-27,164.66397094726562,167.3602697201905,163.9544163592446,167.06698946688982,33194400
2020-04-28,160.652587890625,166.196573972886,160.2552391260029,166.12088643163574,34392700
2020-04-29,167.86167907714844,168.09819726179364,162.61098692676447,163.8787209318409,51286600
2020-04-30,169.54568481445312,170.6714991341824,166.72637794260925,170.29307585110467,53875900
2020-05-01,165.15589904785156,169.00640698439105,164.62608627101295,166.3195642920733,39370500
2020-05-04,169.1956329345703,169.34700802647814,164.4274330268601,165.0802254792797,30372900
2020-05-05,171.01210021972656,173.74624981187438,170.19847710047543,170.87965061593798,36839200
2020-05-06,172.6960906982422,174.2665747211143,171.83517558038187,172.26090537465083,32139300
2020-05-07,173.69894409179688,174.5977102209606,172.73394594797495,174.23819799492594,28316000
2020-05-08,174.72068786621094,175.02343803963055,173.47187949066208,175.00451254481112,30877800
2020-05-11,176.6696014404297,177.3980669441104,172.98937962637464,173.27318985590108,30892700
2020-05-12,172.66775512695312,176.9534640935365,172.4690879074282,176.72641584265085,32038200
2020-05-13,170.0565643310547,174.12467974465682,167.0196646746437,172.70557072381354,44711500
2020-05-14,170.79444885253906,170.94582390083653,166.20599194796617,167.96568718564657,41873900
2020-05-15,173.28265380859375,176.9723310236414,167.45484336581754,169.403750532531,46610400
2020-05-18,174.93826293945312,176.15869006730068,174.03949698503263,175.73296034530364,35264500
2020-05-19,173.72732543945312,176.53716236645175,173.59487584581345,175.0518213758498,26799100
2020-05-20,176.1370391845703,176.3172959270405,174.50526111480437,175.33063201334923,31261300
2020-05-21,174.0214385986328,177.09525661913764,173.88862010567996,175.89039384126738,29119500
2020-05-22,174.09730529785156,174.99858898917685,173.17705787964485,173.79372643034782,20826900
2020-05-26,172.25682067871094,176.9339415138883,171.81092701385654,176.78214484582574,36073600
2020-05-27,172.48451232910156,172.65528721071786,167.54175424409405,170.95709263901247,39517100
2020-05-28,172.09556579589844,174.7045118921634,171.12789439391577,171.46942973465383,33810200
2020-05-29,173.8506622314453,174.81834800632248,171.1563362064676,173.35733024164716,42130400
2020-06-01,173.4522247314453,173.61350329791978,172.15249985824332,173.17709140100695,22622400
2020-06-02,175.42552185058594,175.51090205839748,172.04812518661575,174.79937137437696,30794600
2020-06-03,175.85238647460938,176.40263844814606,174.16368863132845,175.3400908998681,27311000
2020-06-04,173.5375518798828,176.30777568703863,172.94935793777034,174.84677269413396,28761800
2020-06-05,177.59808349609375,178.1008974330214,172.6742880796406,173.25300037181995,39893600
2020-06-08,178.69854736328125,178.87880410656408,174.9796156570411,176.40267692363886,33211600
2020-06-09,180.064697265625,180.91852827671923,177.65497196351984,178.35702076730806,29783900
2020-06-10,186.74359130859375,188.3374275256502,181.21262453597723,181.32647928613525,43872300
2020-06-11,176.71575927734375,185.7189846562895,176.52602066269233,183.2238936451731,52854700
2020-06-12,178.11036682128906,181.88621894783518,175.6816632491681,180.76673647244982,43373600
2020-06-15,179.24880981445312,181.0323846706777,174.5716739870542,175.11244424815027,32770200
2020-06-16,183.64132690429688,185.54822386322215,181.63955340017736,182.99619824445867,42556700
2020-06-17,184.2769775390625,186.25029117097526,183.75518544089064,185.02645020652403,25687800
2020-06-18,186.25030517578125,186.41158374986512,184.0492963329475,184.0492963329475,23061600
2020-06-19,185.14027404785156,189.06792275669048,184.4002833111231,188.40383036169425,44441100
2020-06-22,190.28228759765625,190.46252987916642,185.21617808322773,185.74745201555635,32818900
2020-06-23,191.5535430908203,193.48890010509766,191.0981530482965,191.72430349967055,30917400
2020-06-24,187.69232177734375,192.82483374136044,186.4779771190064,191.25947187782361,36740600
2020-06-25,190.0640411376953,190.32019619453087,185.44384063248827,187.65433065926044,27803900
2020-06-26,186.259765625,189.6371623789604,184.88414249446612,189.48536568805383,54675800
2020-06-29,188.2615509033203,188.3469311186925,183.62237101173906,185.73798504625432,26701600
2020-06-30,193.0714874267578,193.9158366509064,187.59745474347227,187.7302732345924,34310300
2020-07-01,194.200439453125,195.7658156516249,191.4207331819274,192.72045793900065,32061200
2020-07-02,195.680419921875,197.3501545246881,194.48505358442102,195.1301677892324,29315800
2020-07-06,199.89268493652344,200.3006367249916,197.41655756468825,198.11860638784356,31897600
2020-07-07,197.56832885742188,203.65902902311808,197.32167012883755,199.65548237749698,33600700
2020-07-08,201.9134063720703,202.32134362309262,197.98575814601915,199.2949790467451,33600000
2020-07-09,203.32699584960938,205.28133095940976,200.62317371738888,205.23389268976726,33121700
2020-07-10,202.71035766601562,203.09933126878065,200.25320837736183,202.66291938926605,26177600
2020-07-13,196.4488983154297,204.73111197415724,195.9081280111182,203.4788109385705,38135600
2020-07-14,197.66319274902344,198.137546449428,191.6673550273695,195.55706116113717,37591800
2020-07-15,197.36912536621094,200.4903815184619,194.513520663541,198.81116499075517,32179400
2020-07-16,193.46043395996094,195.14913217192185,191.93301428777966,194.8645170233169,29940700
2020-07-17,192.47377014160156,194.5229672110187,191.0601908439934,193.9822114975741,31635300
2020-07-20,200.7465362548828,201.4106286872803,192.59712687547508,194.48506023255374,36884800
2020-07-21,198.0426788330078,202.96647278101233,197.35960831558944,202.7008358549193,37990400
2020-07-22,200.88880920410156,201.41060121414287,197.70115148727237,198.46960223109352,49605700
2020-07-23,192.1511993408203,200.10137235400663,191.78120401670046,196.56269764115507,67457000
2020-07-24,190.97479248046875,192.45477363052308,187.37918351676916,190.13992537997643,39827000
2020-07-27,193.39404296875,193.50788324422007,190.5574021372156,191.13611433106948,30160900
2020-07-28,191.65789794921875,194.20042716363653,191.39226100073117,193.1663394373007,23251400
2020-07-29,193.59324645996094,194.15298040006812,191.6483932266433,192.11326510422728,19632600
2020-07-30,193.44146728515625,193.97275568307558,189.33357625555024,190.69022112897082,25079600
2020-07-31,194.49456787109375,194.5799625692484,188.80232145143125,193.91585557271614,51044000
2020-08-03,205.43312072753906,206.47670479362864,199.64601352103927,200.6706193833469,78983000
2020-08-04,202.34983825683594,203.75393593196725,199.52269365345714,203.1847055797649,49280100
2020-08-05,202.01779174804688,203.9721270209977,200.7180670128789,203.8772504737923,28806400
2020-08-06,205.25289916992188,205.2718628994895,200.6990997033003,201.44857235284556,32656800
2020-08-07,201.58135986328125,204.63619908524305,200.11086038451512,203.82980641865512,27820400
2020-08-10,197.56832885742188,201.01214157502835,195.76579047102226,200.8129066386174,36716500
2020-08-11,192.94815063476562,196.99912154458283,192.7204556060686,196.53426409900342,36446500
2020-08-12,198.46009826660156,199.49418583198894,194.2478352017247,194.760130815179,28013100
2020-08-13,197.9952850341797,200.50936900980943,197.47349292783164,198.69733391145982,22588900
2020-08-14,198.18502807617188,198.8396386899495,196.86632498324673,198.05220958034238,17958900
2020-08-17,199.49424743652344,200.35757488939987,198.20400442791444,198.84913317028403,20184800
2020-08-18,200.6421661376953,201.46753707867512,198.47911406909904,199.73140051485709,21336200
2020-08-19,199.4248809814453,201.7072917926525,198.9969334890695,201.1271806773052,27627600
2020-08-20,204.06581115722656,204.46522986493005,198.67363683654222,199.2727576425351,26981500
2020-08-21,202.58221435546875,205.65394317773766,202.42054594494113,203.3810516231777,36249300
2020-08-24,203.2194061279297,204.95973970025923,202.02113558012567,204.2654985218534,25460100
2020-08-25,205.8631591796875,205.99629872084208,202.6582908961741,202.6582908961741,23043700
2020-08-26,210.31381225585938,211.20775529198036,206.70952576058684,207.20405021886822,39600800
2020-08-27,215.477783203125,219.82384972072043,208.64958927330213,211.96858760041155,57602200
2020-08-28,217.693603515625,219.3388308886957,215.4777698400072,216.99936246159774,26292900
2020-08-31,214.4792022705078,217.49387296688693,213.31898017144454,215.87717456181977,28774200
2020-09-01,216.1339111328125,216.30508427603655,213.43305839151958,214.46014078421672,25725500
2020-09-02,220.29937744140625,221.4500950446365,216.2100847206822,216.79970070139385,34080800
2020-09-03,206.65245056152344,218.07396349853397,204.4271124541194,218.0359298562455,58400300
2020-09-04,203.75198364257812,207.66059870503477,195.13591608430326,204.56034037396486,59664100
2020-09-08,192.72987365722656,199.73874665694365,192.29240679527527,196.3817141569425,52924300
2020-09-09,200.93698120117188,204.31303742314904,196.57189039154144,197.42779993984246,45679000
2020-09-10,195.30706787109375,204.21795697838257,194.1088118526165,202.94360462855934,35461500
2020-09-11,194.03273010253906,198.40734044461416,191.37944373526474,197.04740148822023,33620100
2020-09-14,195.3450927734375,198.94937969662053,194.0327069253546,194.2324234935453,30375800
2020-09-15,198.54995727539062,199.5009581300524,196.79059988981783,198.20759638726756,21823900
2020-09-16,195.00271606445312,200.3283118138085,194.61280225553932,200.2997829508266,26328100
2020-09-17,192.96759033203125,194.3180098283197,190.16214066313728,190.24772725890895,34011300
2020-09-18,190.57106018066406,193.67131773464936,186.63391723323332,192.86297571699993,55225300
2020-09-21,192.61570739746094,192.7773903131104,186.75755314054098,187.52786151375366,39839700
2020-09-22,197.25662231445312,197.90331052920814,192.17828054373393,195.0122594122858,33517100
2020-09-23,190.76123046875,197.9032551453432,190.22867238865066,197.7130433929197,30803800
2020-09-24,193.23387145996094,195.49725820179677,189.43937271825766,190.05753199798957,31202500
2020-09-25,197.63697814941406,198.79718568670492,192.6156809581105,193.57620097997778,29437300
2020-09-28,199.17764282226562,202.15428046222738,197.8652568576087,200.54708652258188,32004900
2020-09-29,197.10443115234375,199.7767557329698,196.67648367162218,199.09203395936672,24221900
2020-09-30,200.02403259277344,201.59317836396667,196.41973084734164,197.55142430549373,33829100
2020-10-01,202.0496368408203,203.5046669074444,200.96549650664707,203.02916650629612,27158400
2020-10-02,196.0868377685547,200.65164405670666,195.4686786033721,197.8081467235527,33154800
2020-10-05,200.0715789794922,200.10010784631453,196.83816713211058,197.06641257781172,21331600
2020-10-06,195.8206024169922,199.8813658869558,194.78401489952358,198.5880185697547,28554300
2020-10-07,199.5485382080078,199.8148173226299,196.59092456741251,196.9142614192931,25681100
2020-10-08,200.26177978515625,200.84189093928686,198.112522883702,200.19520275398455,19925800
2020-10-09,205.23548889160156,205.28304183581028,200.87990330448932,200.87990330448932,26458000
2020-10-12,210.5515594482422,212.8910276692759,206.18646950494053,208.0694469196966,40461400
2020-10-13,211.94004821777344,214.17490600080814,209.62910862604807,211.80690868034506,28950800
2020-10-14,210.03805541992188,213.23341896450984,208.3928279568552,212.07319672735386,23421700
2020-10-15,208.8968505859375,209.56254827996327,205.4256887702465,206.46229072714527,22733100
2020-10-16,208.8968505859375,211.3979729585716,208.57351377899946,209.36283171619485,26057900
2020-10-19,203.72341918945312,211.40750840007541,203.24791872724472,209.6196220186127,27625800
2020-10-20,204.13235473632812,206.7190785651468,202.64879552797223,205.22601457098673,22753500
2020-10-21,204.2750244140625,206.29114195674626,202.67733513578315,202.67733513578315,22724900
2020-10-22,204.3605499267578,205.47321905932836,201.3268552222806,203.4475828248149,22351500
2020-10-23,205.63490295410156,205.68245589725836,202.71533798662145,204.49370487394282,18879600
2020-10-26,199.78623962402344,205.73949910463583,197.90326219909565,203.37151652042783,37111600
2020-10-27,202.80093383789062,204.15135332070517,200.02401306196077,201.22226892417387,36700300
2020-10-28,192.7488555908203,198.607024621871,192.19728783819525,197.49435530937347,51195600
2020-10-29,194.6888885498047,197.1995301279508,193.40503164153142,194.0707438227818,31432600
2020-10-30,192.5491485595703,194.27996260842124,189.8387902580295,193.52867830113843,36953700
2020-11-02,192.416015625,195.22146540382536,190.3142972315909,194.2799692800792,30842200
2020-11-03,196.31512451171875,197.92231848294975,193.16731360291638,193.89958841755603,27512000
2020-11-04,205.7870635986328,207.62250269793293,202.01158924216602,203.5331963345043,42311800
2020-11-05,212.34898376464844,213.1383162499668,210.3138424268703,211.16023264419107,36080100
2020-11-06,212.75794982910156,213.36658990281202,207.34675169147098,211.3694819519149,25231900
2020-11-09,207.68907165527344,216.94230571136617,207.20406645370713,213.44262960592522,44395000
2020-11-10,200.6707000732422,205.8917003784362,199.4439152641953,203.9896985273652,44045100
2020-11-11,205.93927001953125,207.35625222631552,201.80240985368587,201.98310236596342,29440800
2020-11-12,204.88363647460938,208.37380804064978,203.9516596545553,206.56691213283364,21593900
2020-11-13,205.90118408203125,206.76659831833058,203.66634084251578,205.75853976225488,18621100
2020-11-16,206.58595275878906,207.07097257842796,204.00874805535722,204.34158971413706,24953300
2020-11-17,203.95164489746094,207.01385422749843,203.59025993759715,205.511285682122,24154100
2020-11-18,201.26278686523438,205.16255971956343,201.1197545533918,203.71325001107002,28372800
2020-11-19,202.54052734375,203.1221573520619,200.16632985753603,201.5489032479821,24792700
2020-11-20,200.60488891601562,203.3700058661989,200.23302815996874,202.33070459277454,22843100
2020-11-23,200.33792114257812,202.4165237769286,198.4786172840736,201.13884979714734,25683500
2020-11-24,203.91351318359375,204.28537395912775,199.14605988233055,199.84210399056337,33979700
2020-11-25,203.9230499267578,205.27700496539273,202.57863910648877,205.10538362416776,21012900
2020-11-27,205.2198028564453,206.2114413491955,204.08514657585314,204.85748627754103,14512200
2020-11-30,204.11375427246094,204.77165061209422,201.03396893960857,204.14235782857054,33064800
2020-12-01,206.15423583984375,207.21261112545957,203.4272517872102,204.53328996973545,30904500
2020-12-02,205.35328674316406,205.44864163250293,202.90282321758022,204.88608561309852,23724500
2020-12-03,204.27584838867188,206.31631786058674,203.71327783050998,204.62863528432734,25120900
2020-12-04,204.3902587890625,205.36282333758197,203.26513224291,204.2567706784118,24666000
2020-12-07,204.323486328125,205.51534953178438,203.08396023560834,204.39976731905256,24620000
2020-12-08,205.9635009765625,206.8597844758541,202.9886149356049,204.01838653803915,23284100
2020-12-09,201.94932556152344,205.21979155573646,201.38676956150456,205.15305477478972,32440600
2020-12-10,200.72885131835938,203.16978500107612,200.57628932591146,201.92071460477283,26733300
2020-12-11,203.34144592285156,203.3986675929953,199.38446486114995,200.280748554904,30979400
2020-12-14,204.2377166748047,206.15424240250815,202.9791164445845,203.18888557447357,28798400
2020-12-15,204.1709747314453,205.40097137190162,202.36887783317297,205.16259868933062,27000600
2020-12-16,209.08148193359375,209.87288112098236,204.7335657876987,204.7621693505704,35023300
2020-12-17,209.21493530273438,210.61656784694551,207.78469920040575,209.64400322361016,32515800
2020-12-18,208.42352294921875,209.47236851032108,205.97305948244417,208.42352294921875,63354900
2020-12-21,212.2374725341797,213.5818977933264,207.1744396955976,207.4318862354392,37181900
2020-12-22,213.524658203125,215.13605942545968,211.53186661239238,212.332795115494,22612200
2020-12-23,210.7405242919922,213.16238433393622,210.53075516838518,212.73331641714506,18699600
2020-12-24,212.3900146484375,213.2100170826922,210.91210142344104,211.12187050307205,10550600
2020-12-28,214.49725341796875,215.51748080223268,212.64747931196476,214.01096389681823,17933500
2020-12-29,213.72491455078125,216.61398993703023,213.18143246826625,215.7844577615069,17403200
2020-12-30,211.3698272705078,215.13612745772272,211.16960235597048,214.75472241960352,20272300
2020-12-31,212.07540893554688,212.62843531139845,209.46283906668538,211.3888944378769,20942100
2021-01-04,207.56536865234375,212.6284013521997,204.81931110024084,212.1802596114298,37130100
2021-01-05,207.76559448242188,208.35676854372653,205.66791808676217,207.15536108460975,23823000
2021-01-06,202.37841796875,206.42122411190832,202.08283815493434,202.30213696048875,35930700
2021-01-07,208.13746643066406,209.138634517425,203.77049208114227,204.08513119067524,27694500
2021-01-08,209.4055938720703,210.32095121888779,206.93605679293017,208.50931041036256,22956200
2021-01-11,207.37466430664062,208.7286191374999,206.65000217948275,208.3090809689582,23031300
2021-01-12,204.9337158203125,207.00280310584745,203.39861001025608,206.43070295929502,23249300
2021-01-13,206.2781524658203,206.67861677106026,203.98023663300623,204.06606184414557,20087100
2021-01-14,203.11257934570312,207.34608009721836,202.84560313156365,205.86816670165965,29480800
2021-01-15,202.75978088378906,204.5332740745868,202.1686213365607,203.58932764260769,31746500
2021-01-19,206.3734893798828,206.88836785633777,202.74069284584706,203.80859756685624,30480900
2021-01-20,213.90609741210938,215.2886559996151,207.18398515320732,207.5749198269977,37777300
2021-01-21,214.50682067871094,215.77496515454496,212.07541629419055,214.24937409587324,30709400
2021-01-22,215.44119262695312,219.3695836914555,215.29817486027105,216.51864163299658,30172700
2021-01-25,218.8546905517578,219.09306319554696,213.7916579255343,218.46375592415686,33152100
2021-01-26,221.52452087402344,223.28847013700926,219.37916655887562,221.07637903093,49169600
2021-01-27,222.0679473876953,229.2572744153323,219.43631865864182,226.93075510239115,69870600
2021-01-28,227.81752014160156,231.3549769497505,224.15611943901934,224.65193866409186,49111200
2021-01-29,221.1716766357422,226.9498270998263,220.59004681234464,225.01424242751062,42503100
2021-02-01,228.5040283203125,231.22148249088136,221.61982466737663,224.12750973113813,33314200
2021-02-02,228.37051391601562,231.04029033688266,227.5886592390331,230.07727012950718,25916300
2021-02-03,231.69825744628906,233.6910496666939,228.132196723632,228.42779108401726,27158100
2021-02-04,230.75424194335938,231.92704579102912,229.19051802891084,231.3740195281117,25296100
2021-02-05,230.93540954589844,231.9651810913466,229.23819752167216,230.96401309862384,18054800
2021-02-08,231.19288635253906,232.34660192788067,229.61008833189024,231.84125303139,22211900
2021-02-09,232.43243408203125,233.37638057200232,230.1535918707079,230.62079300643464,23565000
2021-02-10,231.52659606933594,234.48240822021572,229.68635163313002,233.6051986080707,22186700
2021-02-11,233.11891174316406,233.74820445406567,230.88773278031027,233.39541760335146,15751100
2021-02-12,233.59567260742188,233.89125237223962,231.44077449132203,232.58496032734098,16561100
2021-02-16,232.36566162109375,234.68265139758873,231.62194010002432,233.6338058939717,26728500
2021-02-17,233.37869262695312,233.4838187487911,230.2631591892616,230.62632480699676,21653500
2021-02-18,232.98684692382812,233.12064247435825,230.18669197965465,231.0850397829088,16925600
2021-02-19,230.29183959960938,233.05377375121492,229.53683889334786,232.9486476243667,25262600
2021-02-22,224.1181182861328,227.38656556821104,222.10161844624733,226.89917052371112,36446900
2021-02-23,222.9330596923828,224.4239287388966,218.59423353637678,220.12333822043468,30228700
2021-02-24,224.1562957763672,224.77748623561877,218.8522322102071,219.8174704300372,26339700
2021-02-25,218.8426971435547,224.1945337785198,217.78188435010034,221.79576547197954,39542200
2021-02-26,222.0824737548828,224.93996757449008,219.36831252056643,221.27013424972316,37819200
2021-03-01,226.44039916992188,226.9469119322539,222.8183385683915,225.4464768789382,25324000
2021-03-02,223.5064239501953,226.78443662211785,223.1050373218698,226.50727933754183,22812500
2021-03-03,217.47605895996094,223.22929686707522,217.18935003891934,221.87222352894128,34029500
2021-03-04,216.68280029296875,222.18756397333465,214.32225342526553,216.69236649103152,44727800
2021-03-05,221.33706665039062,222.93306184160264,216.42483712747304,219.3492363750006,41872800
2021-03-08,217.31361389160156,223.02861668898058,217.06514058132345,221.11724315034732,35267400
2021-03-09,223.42044067382812,224.9495452618804,221.40394110736247,222.56032845718752,33080500
2021-03-10,222.12069702148438,226.49774377773664,221.75753141565502,226.49774377773664,29746800
2021-03-11,226.62200927734375,228.571603879023,223.92696557628574,224.54817072866422,29907600
2021-03-12,225.30316162109375,225.37006669631376,222.89482681776772,223.64026135026475,22653700
2021-03-15,224.40480041503906,224.7679660415921,221.53774020361377,224.54816217518373,26034900
2021-03-16,227.17630004882812,229.42215512507744,225.4847304458189,225.80966043568304,28092200
2021-03-17,226.53591918945312,227.97901512233224,222.89475599551164,225.68535879659703,29562100
2021-03-18,220.4960479736328,223.81228216044187,220.1233307246963,222.25450809258342,34833000
2021-03-19,220.14242553710938,222.1684765675346,219.18673888764525,220.78273384233583,46430700
2021-03-22,225.53248596191406,226.4021496850385,219.9417135194071,220.06595744383355,30127000
2021-03-23,227.05206298828125,230.36829722374003,226.56466798871335,226.9660546794086,31638400
2021-03-24,225.0260009765625,227.45343882328078,224.8922054193831,227.31009164866788,25620100
2021-03-25,222.04425048828125,226.44041526230157,221.30838220851965,224.8730896144775,34061900
2021-03-26,226.00079345703125,226.22061190405913,221.28926488550835,221.28926488550835,25479900
2021-03-29,224.81573486328125,226.3066037177728,221.60462710644518,226.10590310307379,25227500
2021-03-30,221.57595825195312,223.48733157452293,220.85919325598945,223.1815048432536,24792000
2021-03-31,225.32223510742188,228.50467325429472,222.09200971374034,222.58897083183447,43623500
2021-04-01,231.6106719970703,232.0789491359086,227.50121636956897,227.90260302398238,30338000
2021-04-05,238.0328369140625,238.88339729202897,231.94510416271618,232.00244301789755,36910600
2021-04-06,236.87648010253906,238.34823104299898,235.9399113222464,236.63755845370582,22931900
2021-04-07,238.8260955810547,239.8104516951834,236.23619284363235,236.82871391899718,22719800
2021-04-08,242.0276336669922,242.87819416547856,240.83302540604947,241.56890817792387,23625200
2021-04-09,244.51246643066406,244.646261995429,241.25357103856228,241.66450935083208,24326800
2021-04-12,244.56979370117188,246.25181167284637,243.3369496576039,243.42297254578972,27148700
2021-04-13,247.0354766845703,247.70446912444078,245.44903306408236,245.8600005621299,23837500
2021-04-14,244.26393127441406,247.36034648345415,243.8529930416568,246.07019292318083,23070900
2021-04-15,248.00067138671875,248.41160962288492,246.3091166131629,246.50023643300656,25627500
2021-04-16,249.18568420410156,249.43417202251703,246.18484381389177,247.97197287037383,24878600
2021-04-19,247.2743682861328,249.89296968561638,246.39515285160775,248.66012567205544,23209300
2021-04-20,246.8156280517578,248.66966236946797,245.45854026133196,246.39512361896334,19722900
2021-04-21,249.03285217285156,249.12842668538718,245.85042797866416,247.46554099520336,24030400
2021-04-22,245.7740020751953,250.17970449072956,244.31178776661582,248.6792691241893,25606200
2021-04-23,249.5775909423828,249.9216533410852,245.8695216560367,246.4525057441661,21462600
2021-04-26,249.9599151611328,250.81049056315388,248.64109164227432,250.0650558936896,19763300
2021-04-27,250.3612823486328,251.52722145867926,248.59325586365082,249.98855048214975,31014200
2021-04-28,243.2796173095703,245.171887578436,241.740961055206,244.73225067344254,46903100
2021-04-29,241.3204345703125,244.7513607810362,237.96597962533752,244.13972189863736,40589000
2021-04-30,241.00509643554688,241.86522332728813,238.53943726071017,238.67323283285344,30945100
2021-05-03,240.69923400878906,243.0788989553063,239.99202065638994,242.17098499525994,19626600
2021-05-04,236.80963134765625,240.07809311354603,234.86958826445405,239.84872302638533,32756100
2021-05-05,235.54806518554688,238.44379426593443,234.92687476098803,238.02328985064312,21901300
2021-05-06,238.6636505126953,238.78789445794553,233.84699565822487,235.52899910622892,26491100
2021-05-07,241.27267456054688,243.03113461686635,240.03983053154383,240.97639942940194,27032900
2021-05-10,236.2266082763672,240.57498525028228,236.16926941322524,239.75309418580025,29299900
2021-05-11,235.31871032714844,235.67232428967642,231.82090841094862,233.71316381907252,33641600
2021-05-12,228.40916442871094,233.55076451199793,227.5203826295477,231.4386900898379,36684400
2021-05-13,232.26051330566406,234.7166348681072,230.7218572958672,231.08502287042182,29624300
2021-05-14,237.1536865234375,238.13804281452326,234.61157057956143,234.6975788964235,23901100
2021-05-17,234.3152618408203,235.6627836091261,232.7288329763286,235.62456255687053,24970200
2021-05-18,232.30828857421875,235.49072653906205,232.13625741207127,235.3569310052227,20168000
2021-05-19,232.88304138183594,232.98841024168715,228.5533736882799,229.23346982489758,25739800
2021-05-20,236.1016082763672,237.50971302479425,233.5919317445322,233.68772695017472,21800700
2021-05-21,234.84671020507812,237.87365669047557,234.43482308155694,237.14566300838825,21863100
2021-05-24,240.22052001953125,240.58452421046962,237.08820432202634,237.35641332073013,21411500
2021-05-25,241.1209259033203,242.10755492818512,240.25882769668084,241.16882349619877,17704300
2021-05-26,240.900634765625,242.28957737809495,240.19178833380082,240.84314887956268,17771600
2021-05-27,238.81243896484375,240.89106621746035,238.7549676903661,240.5941215551288,24426200
2021-05-28,239.16683959960938,241.465792745696,239.0518970580082,240.43126602240122,18270200
2021-06-01,236.98284912109375,240.70905429967564,236.56138825332587,240.65158302753886,23213300
2021-06-02,236.8870849609375,238.77413648048068,235.48855390471664,237.6821383852985,19406700
2021-06-03,235.364013671875,235.96747662588672,232.76811590692853,234.8946406042707,25307700
2021-06-04,240.2301483154297,241.05393746055879,237.08825823082046,237.32773164956384,25281100
2021-06-07,243.12295532226562,243.39116434225733,239.2913811894754,239.45422133616353,23079200
2021-06-08,241.9351806640625,245.2303368109208,241.8776947734396,244.41612144782889,22455000
2021-06-09,242.91220092773438,244.7705165933857,242.54821134914607,243.1229386598986,17937600
2021-06-10,246.4084930419922,246.61923076287093,242.9888211464486,243.58271038731033,24563600
2021-06-11,247.0311279296875,247.60584054865595,245.8049963889951,247.12689387779233,18999700
2021-06-14,248.9469451904297,249.00441645938554,245.98702867626147,247.04071732809936,19150500
2021-06-15,247.48135375976562,249.0427248617362,246.82999318734542,248.8319871197661,18038900
2021-06-16,246.54258728027344,249.60782836349776,243.7072166230382,248.47752126216974,27220000
2021-06-17,249.9144287109375,250.72864409894245,245.23034431439226,245.28781559047806,27565500
2021-06-18,248.5063018798828,251.25545152765278,247.8549413204467,248.6978922715238,37202200
2021-06-21,251.5715789794922,252.42408900844677,247.05990870075678,248.8799005360509,26696100
2021-06-22,254.33026123046875,254.59847018705628,251.3511978455227,251.65773071950383,24694100
2021-06-23,254.1003875732422,255.5946990320162,253.29576057487068,254.7900720336447,19518700
2021-06-24,255.46055603027344,256.5717157205761,254.29192508293633,254.9528737714145,21446900
2021-06-25,253.8609161376953,255.9970290931493,253.61188371439926,255.0199882803985,25611100
2021-06-28,257.4051208496094,257.5775346492932,254.7134426795022,254.98165166765068,19590000
2021-06-29,259.972412109375,260.2118855968067,256.69643117156676,257.54894158586995,19937800
2021-06-30,259.4933166503906,259.93393943000825,258.2480669213287,259.2921672211762,21656500
2021-07-01,260.16387939453125,260.393764479173,258.24809240227785,258.2576514590782,16725300
2021-07-02,265.9591369628906,266.2944055502095,261.025991051914,261.33252400218214,26458000
2021-07-06,265.9686584472656,267.60664781291035,262.75012174305823,266.32307429273305,31565600
2021-07-07,268.14312744140625,268.871135874846,265.48018461117033,267.6354450424523,23260000
2021-07-08,265.7388000488281,266.9936380649696,263.2961543378193,265.24067677167557,24618600
2021-07-09,266.2369384765625,266.3422927365469,263.72726202590263,264.1104136034873,23916700
2021-07-12,265.64300537109375,267.9898266674368,264.9341443751542,267.40552572361065,18931700
2021-07-13,269.1488952636719,270.94015122587615,265.7100615012556,265.83456308659123,26120100
2021-07-14,270.6145324707031,271.71610427305967,268.73703995210985,270.4612659855572,23113700
2021-07-15,269.1968078613281,270.6145007583491,268.04732397373385,270.1259657212331,22604200
2021-07-16,268.9285888671875,272.1375378043733,267.69289811879054,270.19301525007796,26186800
2021-07-19,265.3460388183594,268.5645463527231,262.8938342495344,267.18517762868595,32935600
2021-07-20,267.5588684082031,269.1393871259739,264.62771610030967,266.3231773819045,26259700
2021-07-21,269.5512390136719,269.66618156241043,265.6143105564195,267.15650513964744,24364300
2021-07-22,274.0917053222656,274.3599143771926,271.48623340329215,271.88853236938525,23384100
2021-07-23,277.4730529785156,277.7795567148543,274.43651739318557,275.2698801509867,22768100
2021-07-26,276.8790588378906,277.49212460846854,274.57056160813,276.83117586382014,23176100
2021-07-27,274.4748229980469,277.3867983107101,271.03598869909524,277.2431201263009,33604100
2021-07-28,274.168212890625,277.93272642565694,271.8788339438363,276.82156672462025,33566900
2021-07-29,274.43646240234375,276.467191757566,274.0341343071643,274.187400760919,18168300
2021-07-30,272.9134826660156,274.58979654944085,271.9555890183441,273.1625443688404,20944800
2021-08-02,272.8272705078125,274.69514554535544,271.79272901793587,274.30240564943875,16267400
2021-08-03,275.0303649902344,275.13574847156286,272.041742078418,273.401963651149,17879000
2021-08-04,274.4460144042969,275.48052628962654,272.66431769348395,274.1682171665595,16191300
2021-08-05,277.329345703125,277.4347292005121,274.0533659477351,274.8005217895427,13900200
2021-08-06,277.2718505859375,277.31017451192804,275.5093300140489,276.3618692799431,16589300
2021-08-09,276.18939208984375,279.2738100175353,275.6912980438974,277.549613584763,16117600
2021-08-10,274.37896728515625,277.07064519895766,273.1911889125419,276.6395815082073,18616600
2021-08-11,274.8675231933594,276.5055127244419,273.8233936612764,275.11655559953596,13955900
2021-08-12,277.6070861816406,277.76035263480225,274.28319488720257,274.56099216059465,14561300
2021-08-13,280.5191650390625,280.5670480291717,277.11862499606184,277.29106807216334,18249000
2021-08-16,282.1954345703125,282.40617231232227,277.8082659137247,280.84480121005765,22507600
2021-08-17,280.7393493652344,281.07461785942274,278.82356280710985,280.0784298966578,20075300
2021-08-18,279.0215148925781,282.9467958439038,278.58001926830815,280.2787552513025,21813000
2021-08-19,284.8182067871094,285.49002748635985,277.0156499058455,277.06362454641453,29850500
2021-08-20,292.1026306152344,293.5230377753495,286.05635943722655,287.64951050790023,40817600
2021-08-23,292.3808898925781,293.1006853030909,289.6936654087505,291.03727765066435,22830200
2021-08-24,290.4327087402344,293.3406816671721,289.8376824227541,292.73604870310123,18175800
2021-08-25,289.8473205566406,292.32340469578435,288.3213572993628,292.0450755114326,20006100
2021-08-26,287.0448913574219,290.2503776581435,286.9105447389248,288.86836772999834,17666100
2021-08-27,287.6494140625,288.75309439464974,284.87578862252496,286.9488027198427,22605700
2021-08-30,291.3635559082031,291.968188686325,288.9354474406273,288.99302872534867,16348100
2021-08-31,289.7224426269531,292.23692312498054,289.35774161636004,292.16015783837884,26285300
2021-09-01,289.67449951171875,292.89919870843596,289.3481957201944,290.67262417838776,18983800
2021-09-02,289.02178955078125,291.1427780886664,288.0908531590959,290.02952050653766,16285600
2021-09-03,289.01226806640625,290.41346160185293,288.16770342962735,288.8682855530755,14747900
2021-09-07,288.09100341796875,288.9643589863869,286.190761650003,288.8875936708222,17180400
2021-09-08,288.11968994140625,288.50357495760755,285.4900468274503,287.70701428120356,15046800
2021-09-09,285.2789611816406,289.97204208683576,285.0390293387629,288.705194927188,19927000
2021-09-10,283.8009338378906,287.84140660459923,283.48423673576656,286.4018157451152,19633400
2021-09-13,285.02935791015625,286.5169525710251,282.23654837919304,285.5668027729655,23652900
2021-09-14,287.71661376953125,289.2521830846945,286.09467252451213,287.4958659786448,21853400
2021-09-15,292.5440368652344,293.02390044019006,289.66485541550026,291.0468648544565,28356300
2021-09-16,292.92791748046875,293.01428940804146,288.6475426567624,291.5267240633766,19550800
2021-09-17,287.79339599609375,292.2369376988319,287.4670922568032,291.92024060405146,41372500
2021-09-20,282.4477233886719,286.68973080217256,277.860228217035,284.3959685720782,38278700
2021-09-21,282.92755126953125,285.5572235689827,282.22696919676986,283.78172248901336,22364100
2021-09-22,286.55535888671875,288.12932568723215,282.6492911094491,284.7798868463927,26626300
2021-09-23,287.4958801269531,288.781911071233,285.5476350659735,286.81448200996863,18604600
2021-09-24,287.2944030761719,287.7262628330811,284.9718498809772,286.2195130742343,14999000
2021-09-27,282.322998046875,284.53035916304015,281.142522901756,284.21366203503686,23571700
2021-09-28,272.1019287109375,279.0695596937094,271.36294908401516,278.1290162051692,43186200
2021-09-29,272.5625305175781,275.22096437346653,271.6124099419833,273.61823631743374,26353700
2021-09-30,270.56634521484375,276.23830803362955,270.27840943903544,274.20369075422246,32343600
2021-10-01,277.4571533203125,278.301717984921,269.96168585473896,270.7582465838053,30086300
2021-10-04,271.7083435058594,276.1614916080159,268.96353787366274,275.82558124270304,31350700
2021-10-05,277.13079833984375,278.70473550593067,272.6104627485689,272.6104627485689,24993000
2021-10-06,281.3056640625,281.8047410195279,274.0117597743309,274.2708756099428,28002600
2021-10-07,282.9755554199219,284.69347521548,282.08301620161416,283.29225249177205,20430500
2021-10-08,282.9755554199219,284.69347521548,281.9294563433223,284.29037692639525,17685700
2021-10-11,282.3805236816406,285.9698937714107,280.96011698698385,281.1232834858587,19298600
2021-10-12,281.0849609375,283.5418606976777,280.57630659547624,283.4458821015579,17974100
2021-10-13,284.37677001953125,285.307706593833,281.67033223174053,283.0331577701654,23416300
2021-10-14,290.5574035644531,291.05645115386534,285.83553295482557,287.15996114857046,27262900
2021-10-15,291.9586486816406,292.1890031616516,288.4172524202229,290.1639632249141,25384800
2021-10-18,294.91455078125,295.7974833177158,290.49980023328027,291.3443647732367,22729300
2021-10-19,295.8167724609375,296.84365846900545,294.8474384623916,295.9319350570906,17682100
2021-10-20,295.0296936035156,297.2274767312903,293.7820308753333,296.7571905643281,16537100
2021-10-21,298.24493408203125,298.4944433215081,294.02210955476625,294.79951579299063,16918100
2021-10-22,296.7093200683594,298.5615868809637,295.40407560259746,297.89937264623074,17449300
2021-10-25,295.72076416015625,296.9396072317386,294.1180067552253,296.90120994069343,17554500
2021-10-26,297.6210632324219,299.81884727726106,296.1718947099922,298.4752347150335,28107300
2021-10-27,310.1550598144531,312.9670535510442,303.2738027325777,303.2738027325777,52588700
2021-10-28,311.28753662109375,311.7865842427679,308.417932252952,311.2683233315921,26297900
2021-10-29,318.26470947265625,318.6294104720148,310.8556147805,311.07636256657173,34766000
2021-11-01,316.1053466796875,318.1399636800593,313.2261650477916,318.0151944565091,27073200
2021-11-02,319.7138977050781,320.02101741036,316.7099471564869,317.00746021830776,26487100
2021-11-03,320.5489501953125,321.41269899381626,317.3338575616903,320.4529715980219,21500100
2021-11-04,322.8907165527344,322.9866951586953,316.23981212831796,319.4836957053107,23992200
2021-11-05,322.52593994140625,325.1460058993081,320.95200246852335,324.8772834386426,22570100
2021-11-08,323.41851806640625,324.0519416472353,320.97122498059144,323.71603120896236,20897000
2021-11-09,322.4203796386719,325.078813563159,321.0575540639552,323.5336374688277,21307400
2021-11-10,317.477783203125,321.1535552109362,316.63324777065986,321.0959739152807,25500900
2021-11-11,319.0421142578125,320.328145224204,317.1994543880921,317.90964316198944,16849800
2021-11-12,323.1593322753906,323.6488025020353,320.3473387102782,320.4721079279366,23831000
2021-11-15,322.5355224609375,324.2726263246895,320.5776708005054,323.94632259604236,16723000
2021-11-16,325.8370056152344,326.95029273164477,321.9980966435647,322.161233873272,20886800
2021-11-17,326.05810546875,329.00986527743964,324.98124921933237,325.88504557340764,19053400
2021-11-18,328.1252746582031,329.2598468353323,324.1351262978114,325.15429587394624,22463500
2021-11-19,329.8944396972656,331.8078109454933,329.0195159309197,329.442570826056,21963400
2021-11-22,326.74078369140625,336.2018030638584,326.4715696014347,331.3462958819071,31031100
2021-11-23,324.6736145019531,326.3754584116151,320.7123087229874,324.067875438659,30427600
2021-11-24,324.89483642578125,325.1352072589208,321.04890309554867,323.32761389896865,21661300
2021-11-26,316.98175048828125,324.9139862915625,315.4818391564863,321.4718896050423,24217200
2021-11-29,323.6640319824219,325.97158534962614,321.8468150001387,322.0391233399611,28563500
2021-11-30,317.856689453125,324.7697551795586,316.31831064916247,322.4045150069706,42885600
2021-12-01,317.3663024902344,326.21195801552415,316.70290620086416,322.22180934894953,33337600
2021-12-02,316.799072265625,320.64500484816296,315.17416340213174,317.577871266218,30766000
2021-12-03,310.56866455078125,319.8854381080619,305.7804681645628,319.20276398285586,41779300
2021-12-06,313.62615966796875,314.83763770524575,306.9342458292847,311.47244701692887,30032600
2021-12-07,322.0199279785156,322.8660084465521,317.38557246325246,318.86626463105284,31021900
2021-12-08,322.0679626464844,322.57754746432244,318.05856561396024,322.3948633464057,24761000
2021-12-09,320.2699279785156,323.529339427164,319.32766426714267,321.5294681047697,22214200
2021-12-10,329.34637451171875,329.78864844836016,321.894881726078,322.0775658320641,38095700
2021-12-13,326.327392578125,330.5483179150928,326.0197109116661,327.55808990182186,28899400
2021-12-14,315.6933288574219,321.75068944249216,311.6262451506804,320.3853706539691,44438700
2021-12-15,321.7602844238281,322.2794934666321,312.00123771055326,315.9529188096588,35381100
2021-12-16,312.3858642578125,323.78906948093504,310.5782712717892,322.7794945853097,35034800
2021-12-17,311.3282165527344,312.405102273891,305.03051397428044,308.5207023277349,47750300
2021-12-20,307.5880432128906,310.3667139438823,305.3381764176737,307.722635580741,28326500
2021-12-21,314.6838073730469,315.10686227817746,307.48227910762097,310.8378750297764,24740600
2021-12-22,320.3662414550781,320.76042377980565,313.2031792638376,315.6549498972737,24831500
2021-12-23,321.7987365722656,323.43326935301656,319.91423817274443,319.93345726891704,19617800
2021-12-27,329.2599182128906,329.2887615338592,322.5102876848739,322.5391310058425,19947000
2021-12-28,328.1061096191406,330.567504020854,327.21193737349995,329.9329216504245,15661500
2021-12-29,328.7791748046875,331.0386367329647,326.5965892757154,328.1541872836197,15042000
2021-12-30,326.2503967285156,329.913644365541,325.76965526074713,328.7406340105007,15994500
2021-12-31,323.3659973144531,326.288884758608,322.9140990920403,325.47164761227714,18000800
2022-01-03,321.8564758300781,324.9812959837682,317.0779035290574,322.4333715730328,28865100
2022-01-04,316.33758544921875,322.2891685868689,313.5588850186426,321.9333951684874,32674300
2022-01-05,304.19403076171875,313.5108044365724,303.8094433864934,313.308871857317,40054300
2022-01-06,301.790283203125,306.42463822029214,299.4923247910214,301.0883900628225,39646100
2022-01-07,301.9441223144531,304.30936222208857,298.1462528184306,302.0498713577004,32720000
2022-01-10,302.165283203125,302.597962334878,292.95428801782003,297.56939515988586,44289500
2022-01-11,302.8479309082031,304.41512357671206,297.95398587837894,301.3095522143525,29386800
2022-01-12,306.01116943359375,310.95320590504565,304.8670023701138,307.35726904389804,34372200
2022-01-13,293.0599670410156,308.52062802230614,292.2907924818622,308.1264165245482,45366000
2022-01-14,298.25201416015625,298.8481288770932,292.0504375760111,292.53117903704157,39846400
2022-01-18,290.9928894042969,297.86748852909545,290.1179361568295,292.358208481325,42333200
2022-01-19,291.646728515625,301.8192386810755,291.04101865902453,294.4927403274308,45933900
2022-01-20,289.98333740234375,299.64623177263644,289.54106334856164,297.1656180407453,35380700
2022-01-21,284.62786865234375,292.39663994676283,284.22403280045586,291.0313502433303,57984400
2022-01-24,284.9547424316406,285.6662305381032,265.4173987440913,280.9453743252705,85731500
2022-01-25,277.3782043457031,283.6278434641429,274.18610328061175,280.29149648415216,72848600
2022-01-26,285.2815856933594,296.6174774054617,281.7433356306015,296.12711173242496,90428900
2022-01-27,288.2911071777344,295.4637633356451,286.45467082104994,291.0024967310887,53481300
2022-01-28,296.38677978515625,296.5983072336974,283.1087009699881,288.666071926605,49743700
2022-01-31,299.0019836425781,300.3480539279597,294.56953190677376,297.05017439324195,46444500
2022-02-01,296.8675537109375,298.6655225486515,293.37736510025144,298.45399507702996,40950400
2022-02-02,301.3865051269531,302.98257070424955,296.9829251353378,297.70403751014493,36636000
2022-02-03,289.6468505859375,299.2424646971508,288.4065288854709,297.569463765176,43730000
2022-02-04,294.15606689453125,296.90589377456706,288.4160130786726,288.64675957430416,35096500
2022-02-07,289.3583984375,295.9830028319127,288.3488234105986,294.3773422215108,28533300
2022-02-08,292.82928466796875,293.7907677485287,288.3968617508122,289.6467780186861,32421200
2022-02-09,299.2231750488281,299.91544411863055,295.55033156667764,297.9347910965561,31284700
2022-02-10,290.7332458496094,297.21363213902004,289.1179613871902,292.3293112144285,45386200
2022-02-11,283.6759338378906,292.56965100167986,282.88751078774607,291.51201390296524,39175600
2022-02-14,283.63751220703125,285.3297318388345,280.128104788829,282.45487744042305,36359500
2022-02-15,288.8968200683594,289.2140965718555,285.57969173022536,288.4545460706531,27058300
2022-02-16,288.5596618652344,289.8796128761614,282.9522516965207,287.4709345634299,29982100
2022-02-17,280.1099548339844,285.9582018841707,279.4066103677046,285.5342722610437,32461600
2022-02-18,277.4122619628906,283.12563925409984,275.85144328731116,282.34522991631013,34264000
2022-02-22,277.2099914550781,280.8904592474188,274.1076123813628,274.58934807974833,41736100
2022-02-23,270.0320739746094,281.04457259903455,269.86830032930663,279.58007749575995,37811200
2022-02-24,283.82891845703125,284.37810398388814,261.60163542289047,262.55549170711595,56989700
2022-02-25,286.4495849609375,286.75790276376836,280.9963351099328,284.3588691791243,32546700
2022-02-28,287.87567138671875,288.21289230829404,282.297162904051,283.5593082767549,34627500
2022-03-01,284.1758117675781,289.0124260885947,281.4780750548052,285.5728272162815,31217800
2022-03-02,289.2243957519531,290.45763760043087,282.97147763773455,284.57081381078126,31873000
2022-03-03,285.1104431152344,292.0570630305392,283.3087270663971,291.8258393249391,27314500
2022-03-04,279.271728515625,284.8598787290603,276.68001821827283,283.53992798121607,32356500
2022-03-07,268.7217102050781,279.10792679805024,268.35558650691434,277.99029686784587,43157200
2022-03-08,265.77349853515625,273.5872347405663,260.13718693761393,267.6522494658014,48159500
2022-03-09,277.9613952636719,279.02121928908525,270.5233976527745,273.0862341495731,35204500
2022-03-10,275.1577453613281,276.1308607136372,270.33074508462164,272.6816172407287,30628000
2022-03-11,269.8394470214844,278.9346195571201,269.22281120078367,277.44122121794356,27209300
2022-03-14,266.34197998046875,274.9746736705197,265.74463254293596,270.0995117672135,30660700
2022-03-15,276.6607971191406,277.3063358721881,268.5483846755829,270.10920358547907,34245100
2022-03-16,283.6362609863281,283.8096787213844,272.8550174149433,278.54910553558244,37826300
2022-03-17,284.43597412109375,284.81171260660994,278.7996616158856,282.5764817272433,30816600
2022-03-18,289.4556579589844,290.0048436231841,282.0369470428673,284.5804958303675,43390600
2022-03-21,288.2320251464844,289.17623743354596,284.12762874703543,287.9718985278678,28351200
2022-03-22,292.95306396484375,293.85872928601555,287.85629285362114,288.8486670583763,27599700
2022-03-23,288.54998779296875,292.1533901687108,286.84465430957243,289.53274726035676,25715400
2022-03-24,292.9916076660156,293.0879606698215,287.4227451186162,288.2127985858923,24484500
2022-03-25,292.5869445800781,294.3404693263562,288.3573210468133,294.0803426717011,22566500
2022-03-28,299.3504638671875,299.44678744893827,293.2131286444829,293.2131286444829,29578200
2022-03-29,303.8885192871094,304.2835460913771,297.7608258637069,302.4433121800482,30393400
2022-03-30,302.39508056640625,304.40876140768165,300.1983672332794,302.298756961056,28163600
2022-03-31,297.0478210449219,303.6283461991608,296.64317958234875,302.43362184596117,33422100
2022-04-01,298.11724853515625,298.8013048013512,294.37897586444814,298.0690573372068,27110500
2022-04-04,303.46453857421875,303.59940925877385,298.3966704273003,298.76279420407815,24289600
2022-04-05,299.5239562988281,303.36819729800135,298.550840896908,301.8266373690895,23156700
2022-04-06,288.5596618652344,295.7856968034289,285.8715686354388,294.0418160572362,40110400
2022-04-07,290.361328125,292.55804141565983,285.52471299808303,285.82338673563873,31411200
2022-04-08,286.12200927734375,290.1204083993762,285.4572118764955,289.46525511827485,24361900
2022-04-11,274.83978271484375,281.921271966205,274.5892708132743,281.13124798929533,34569300
2022-04-12,271.756591796875,280.1195119089414,270.24393547120377,278.6743056009798,30966700
2022-04-13,277.11358642578125,278.0385105603026,271.02444128433206,272.4022274692682,21907200
2022-04-14,269.6081848144531,277.7784327469066,269.1168344018573,277.56646786602556,28221600
2022-04-18,270.27288818359375,272.14202437159116,268.1725283526451,268.72171390745734,20778000
2022-04-19,274.8783264160156,275.71657107306396,268.2400250211419,269.17459327763214,22297700
2022-04-20,275.8995666503906,279.11758595882566,274.94573968215394,278.82852699073885,22906700
2022-04-21,270.5523986816406,282.58614693419463,269.82979513911937,278.0385607971482,29454600
2022-04-22,264.0199890136719,272.8550320937384,263.393738668187,271.39053717811265,29405800
2022-04-25,270.46563720703125,270.8413756866367,260.87908697872507,263.3070532274066,35678900
2022-04-26,260.3492126464844,268.19185364215673,260.13724778699,267.36328244773966,46518400
2022-04-27,272.87432861328125,280.34123080111425,268.9626376903315,271.7952455176826,63477700
2022-04-28,279.0501708984375,280.35086291082894,271.1785981856094,274.77235637930573,33646600
2022-04-29,267.3825378417969,279.29105809866707,266.3998077256145,278.0674307607547,37073900
2022-05-02,274.07861328125,274.53144585501184,266.12997704590924,267.56553951466765,35151100
2022-05-03,271.4869079589844,273.7510711128351,269.9164452309345,273.58726807497914,25978600
2022-05-04,279.3873596191406,280.2544777268917,266.6213675689915,272.2672940906547,33599300
2022-05-05,267.21875,275.88999102064156,264.318692205309,275.10958168100854,43260400
2022-05-06,264.6944274902344,269.0493063035853,261.3607962940362,264.77149224146683,37780300
2022-05-09,254.9151611328125,262.4109648333538,253.701207586284,260.1949931476496,47726000
2022-05-10,259.6554870605469,263.7502396394238,255.3873167232384,261.76549132988686,39336400
2022-05-11,251.0323944091797,261.44751510704526,249.82805548109343,255.97500607449467,48975900
2022-05-12,246.0223846435547,250.38690814257984,240.88708121967693,248.27690379509,51033800
2022-05-13,251.58160400390625,253.43148171105642,246.0223855668309,247.94932803549173,34925100
2022-05-16,251.9476776123047,256.1098795725535,246.4366220731242,250.46392397407843,32550900
2022-05-17,257.0733947753906,258.5282163055622,252.87264501904795,256.3893090476885,28828800
2022-05-18,245.36892700195312,254.56254010236933,244.10384241044304,253.98310507106706,31356000
2022-05-19,244.461181640625,248.8358857066328,243.2443856117695,245.19511999738197,32692300
2022-05-20,243.9010009765625,249.6759878292524,237.9908293362282,248.42054052843162,39199300
2022-05-23,251.7136688232422,252.53453266305888,244.74120368329199,246.73058943517603,33175400
2022-05-24,250.718994140625,252.37035900338427,244.80882139282033,249.0483255820953,29043900
2022-05-25,253.51954650878906,255.508917485171,248.31435684807386,249.28973864171456,28547900
2022-05-26,256.78363037109375,257.9521373499767,252.46688284359203,253.27807996316005,25002100
2022-05-27,263.8720397949219,263.96861721941957,258.3867839504424,259.2752549960121,26910800
2022-05-31,262.5489807128906,265.3495488346776,259.70977573202504,263.1863562668899,37827700
2022-06-01,263.08013916015625,268.16944748829445,260.78173234380733,265.7648261496329,25292200
2022-06-02,265.1660461425781,265.23365327445924,252.63108267756797,255.38337667898296,44008200
2022-06-03,260.76239013671875,264.0748154478667,259.2076029156242,261.04245577782234,28059000
2022-06-06,259.5359802246094,264.77980709613064,258.0584370323219,262.732495427998,22400300
2022-06-07,263.1573486328125,263.76575382395623,256.82226032251066,257.49827263962237,22860700
2022-06-08,261.1390380859375,263.64023679590827,260.36644828068603,262.3944559964506,17372300
2022-06-09,255.7117156982422,263.36016296929256,255.55719774199142,258.5991944855066,26439700
2022-06-10,244.31629943847656,251.64605970485297,243.87206395245485,251.64605970485297,31422800
2022-06-13,233.9541473388672,240.48239119497188,233.24917940412797,236.70644141538565,46135800
2022-06-14,236.1077117919922,237.3148557778769,233.2298699199791,235.49930650770008,28651500
2022-06-15,243.12844848632812,246.54708847653447,237.97153296010552,239.79673406143797,33111700
2022-06-16,236.5712432861328,238.93724247462407,234.68810167633953,237.5466102902709,33169200
2022-06-17,239.15939331054688,241.91168786918539,235.66350856453076,236.3105360612127,43084800
2022-06-21,245.04055786132812,246.0159248197663,240.95557232727793,241.67985866138912,29928300
2022-06-22,244.4515380859375,248.35303646082863,241.7861542147066,243.25404571367093,25939900
2022-06-23,249.98501586914062,250.4775400388381,244.9343443692557,246.80783416507126,25861400
2022-06-24,258.5219421386719,258.7923411858124,252.74695527389528,252.83386609569553,33923200
2022-06-27,255.80836486816406,259.1014284270325,254.25354775871855,259.01451757812606,24615100
2022-06-28,247.68663024902344,257.7590321077553,247.53211228973697,254.92949381458487,27295500
2022-06-29,251.33702087402344,252.98838543989126,246.99128819672805,248.75854859461052,20069800
2022-06-30,248.02462768554688,250.63207057542505,244.22937393334024,248.23708621339836,31730900
2022-07-01,250.68035888671875,250.86384714723536,245.88076751202806,247.59975426359935,22837700
2022-07-05,253.83827209472656,253.96381979893323,246.0063204347822,247.37763439031926,22941000
2022-07-06,257.0830078125,258.8019795069243,253.40363564931488,254.70735692498906,23824400
2022-07-07,259.1979064941406,259.8352819464038,255.93378499828523,256.0303623949221,20859900
2022-07-08,258.48333740234375,258.9082544536916,254.26316663768768,255.71173945693104,19658800
2022-07-11,255.44134521484375,257.3920793720454,253.1912122224075,256.5422452532518,19455200
2022-07-12,244.97299194335938,256.8223224888686,243.39887133033,256.764381930095,35868500
2022-07-13,244.0555419921875,244.8570873615849,239.603594413408,241.61228376039588,29497400
2022-07-14,245.36892700195312,246.39258278636146,237.50800563214514,241.9792718550764,25102800
2022-07-15,247.91842651367188,251.44328137226535,246.0352846750309,246.952711238918,29774100
2022-07-18,245.5330810546875,251.89714046464383,244.6156545937457,250.84451446983314,20975000
2022-07-19,250.632080078125,250.81556833510322,244.98263991671732,248.74892353389214,25012600
2022-07-20,253.27813720703125,255.78900284248536,250.0333479953983,250.98939669680948,22788300
2022-07-21,255.75999450683594,255.80829794667736,248.21776161035194,250.88314483137592,22404700
2022-07-22,251.43360900878906,256.23321499283503,250.18785755232344,256.14630415666,21881300
2022-07-25,249.9560546875,252.53452726402583,248.0053205741304,252.05166965931448,21056000
2022-07-26,243.26365661621094,250.97007463688564,241.01355313399756,250.9507414709721,39348000
2022-07-27,259.5262451171875,260.7913294360416,249.97533889176114,252.20613823088766,45994000
2022-07-28,266.93328857421875,268.3142539608766,258.6860741639379,260.5016230921822,33459300
2022-07-29,271.1148986816406,272.33170936707273,267.1458230211277,268.17914544538223,32152800
2022-08-01,268.47845458984375,271.6363322420064,266.38283993190936,268.29496636983305,21539600
2022-08-02,265.3977966308594,268.3625486786498,263.0414497330181,266.5373332288023,22754200
2022-08-03,272.7855529785156,273.7802383800219,267.1264470117995,267.27132785781305,23518900
2022-08-04,273.9250793457031,274.0699307149256,270.5644096945988,272.13850053519735,18098700
2022-08-05,273.2104797363281,273.92509952465934,269.1254939956156,269.57938130013923,16774600
2022-08-08,270.7093200683594,276.11733164460054,269.74360476800535,274.31141927705306,18739200
2022-08-09,272.6213684082031,273.37462502798235,268.0921621074516,270.05259210657965,23405200
2022-08-10,279.2461853027344,279.8738942312327,277.10229657539446,278.2901367727336,24687800
2022-08-11,277.1795959472656,281.2259454287706,276.6871011826993,280.8783020655473,20065900
2022-08-12,281.90185546875,281.90185546875,277.1022509734553,278.5894602530445,22619700
2022-08-15,283.408447265625,284.09409682100915,280.1636287959346,281.02312948938925,18085700
2022-08-16,282.6745300292969,283.95894794046416,280.46306311134526,281.9792138029151,18102900
2022-08-17,281.9293212890625,283.8938831580585,280.1389500408416,280.4002359720042,18253400
2022-08-18,280.8164367675781,282.5003387388935,279.76154672598557,280.8357814390951,17186200
2022-08-19,276.92596435546875,279.9260419302894,276.35498651754625,279.5873182545467,20570000
2022-08-22,268.79669189453125,273.35485615007224,268.28377769621216,272.98710077508116,25061100
2022-08-23,267.5289611816406,269.87093596211275,266.52247730381634,267.5289611816406,17527400
2022-08-24,266.8998718261719,268.2934555497755,266.24176929336426,266.5321164638544,18137000
2022-08-25,269.8612976074219,270.0258011315452,265.67085828538086,268.39027578883355,16583400
2022-08-26,259.4480895996094,271.3032096749944,259.34164963640063,270.08381644498274,27549300
2022-08-29,256.68035888671875,258.78039270297364,255.34483826720634,257.28036854850586,20338500
2022-08-30,254.49322509765625,258.4416942626222,252.25768976691393,258.07396828165844,22767100
2022-08-31,253.0415496826172,258.49972965735697,252.9060483881915,256.835201986513,24791800
2022-09-01,252.0060272216797,252.4802522057439,247.17688880265302,250.5253477936383,23263400
2022-09-02,247.805908203125,256.20610147316614,246.26716536821394,253.26411708214042,22855400
2022-09-06,245.0865020751953,249.51885306650013,243.81873220604314,247.94142082307454,21328200
2022-09-07,249.77047729492188,250.48661397846638,245.0574662441124,246.48975437812405,24126700
2022-09-08,250.1865997314453,252.03503444444726,246.57684037919475,249.20917715444372,20319900
2022-09-09,255.93516540527344,256.68036347856776,251.89960123552532,252.10282364921977,22084700
2022-09-12,258.05462646484375,258.82885647053934,256.6126655341521,257.21267532990686,18747700
2022-09-13,243.86712646484375,252.0060195193781,243.4800115748494,250.49630836570796,33353300
2022-09-14,244.0896759033203,246.03487812902216,241.8057500396919,245.35744562009026,23913000
2022-09-15,237.4701690673828,243.29610345654862,236.15400813965698,241.71865662350373,31530900
2022-09-16,236.85079956054688,237.3927455707123,234.25718181157072,236.38626175161542,39791800
2022-09-19,236.63790893554688,237.2379185278828,233.08621305250247,234.6539876734692,26826900
2022-09-20,234.63462829589844,235.66045686379198,231.91521092748422,234.26688762643548,26660300
2022-09-21,231.24742126464844,239.67666009077757,231.19903006597912,236.39593765111695,28625600
2022-09-22,233.21200561523438,235.99917354124665,229.91193818738796,230.20225587391255,31061200
2022-09-23,230.2506561279297,233.35718839815166,227.61833404254136,231.8184307644762,34176000
2022-09-26,229.7958221435547,233.66688257896323,229.26354838030127,229.4087220067833,27694200
2022-09-27,228.7893829345703,234.00563696474197,226.94094779017033,232.24429714749994,27018700
2022-09-28,233.2991180419922,234.5184966384645,227.16347665591098,229.17642964868273,29029700
2022-09-29,229.8441925048828,232.21521385312766,226.853802133828,231.18938529349765,27484200
2022-09-30,225.39247131347656,232.78619560885667,225.22795302914213,230.60872427461211,35694800
2022-10-03,232.97979736328125,233.82174835391186,227.09578323083278,227.82160712397638,28880400
2022-10-04,240.8573760986328,242.28966427196394,237.08308345370094,237.18953820241006,34888400
2022-10-05,241.16705322265625,242.50257374872547,236.23146021082852,238.0605356080036,20347100
2022-10-06,238.83474731445312,242.27031644163847,238.14764234917035,239.93799895986987,20239900
2022-10-07,226.6892852783203,233.54106344265196,225.65376961113512,233.13458913635256,37769600
2022-10-10,221.86012268066406,226.99895238528188,219.42135078516142,225.53763257488384,29743600
2022-10-11,218.14393615722656,221.67627288848584,216.88583856563983,220.28268877269275,30474000
2022-10-12,218.47293090820312,220.51491548211942,216.7406381971181,218.1342072790965,21903900
2022-10-13,226.6892852783203,228.48932881951694,212.0663551272384,212.76314712814823,42551800
2022-10-14,221.19236755371094,229.5925754900993,220.97945807089755,227.9473631652827,30198600
2022-10-17,229.8732147216797,231.2571263231049,227.5602570081076,228.21834487388986,28142300
2022-10-18,230.81195068359375,236.06690750411659,227.7828415320167,235.39916206358598,26329600
2022-10-19,228.85707092285156,231.88618020226818,226.7376631373762,229.39901697875123,19985700
2022-10-20,228.53773498535156,233.5314067191375,227.29899677080496,228.16999426870214,21811000
2022-10-21,234.31529235839844,235.16693041205536,226.94092667336207,227.17319562442967,26299700
2022-10-24,239.2799072265625,239.85088505869388,233.52170816579923,235.90240190553322,24911200
2022-10-25,242.5800018310547,242.94774252500142,237.9056946583769,239.28959165367502,34775500
2022-10-26,223.86337280273438,230.61836733948223,222.64397963756883,223.71819921468528,82543200
2022-10-27,219.44073486328125,226.15702697219044,218.50200154160817,223.59244061528798,40424600
2022-10-28,228.2667236328125,228.97320270821285,218.76327910286216,218.94715681380413,40647700
2022-10-31,224.6472930908203,227.34735093033876,223.69887276321543,226.22473999169745,28357300
2022-11-01,220.81494140625,228.1409296481597,220.0020223387947,227.03767812320683,30592300
2022-11-02,213.00509643554688,223.8440621960301,212.94701812750728,222.06337802281334,38407000
2022-11-03,207.34365844726562,213.3050945982589,207.08235775345725,212.9954026993864,36633900
2022-11-04,214.2534942626953,214.447044310669,206.5500783111964,210.5372801806807,36789100
2022-11-07,220.52462768554688,221.04722910682952,214.1470592473895,214.8341789629505,33498000
2022-11-08,221.49234008789062,224.18272523318964,218.56001372616598,221.3278218327516,28192500
2022-11-09,217.27291870117188,221.26012061364744,217.098728086194,220.04072724111327,27852900
2022-11-10,235.14752197265625,235.48624560984527,227.42476185380536,227.84089369162848,46268000
2022-11-11,239.14443969726562,239.99607772936167,234.1314086905055,235.15725212322295,34620200
2022-11-14,233.76365661621094,236.0475827819004,231.49908988674315,234.1894756115481,31123300
2022-11-15,234.17010498046875,239.03796188941354,232.29263846364998,237.74116029609917,31390100
2022-11-16,234.59713745117188,236.60606394497793,233.32579470204732,235.6258570860806,24093300
2022-11-17,234.54861450195312,236.0722947974397,230.6181318208113,230.76369976880173,23123500
2022-11-18,234.1021728515625,236.5478177930803,231.9767921721455,236.3245938837583,27613500
2022-11-21,234.9076690673828,237.45035420758848,234.0730450796648,234.30595375905,26394700
2022-11-22,237.7997283935547,238.0714650543678,233.6072093349116,236.40221710449453,19665700
2022-11-23,240.2744903564453,240.9538320187203,237.06216314669393,237.87737314142396,19508500
2022-11-25,240.1871337890625,241.36142112614246,239.44955019697596,240.01243748252853,9200800
2022-11-28,234.62623596191406,239.37194317865058,233.69457155598104,238.81877021422886,24778200
2022-11-29,233.23841857910156,235.62582136830417,231.1809796211648,234.27683765009397,17956300
2022-11-30,247.61141967773438,247.7958155951577,232.78229762918565,233.47135371926146,47594200
2022-12-01,247.17471313476562,248.56251016658027,243.51595261951238,246.37890225412923,26041500
2022-12-02,247.49496459960938,248.50427013338341,242.3222385687394,242.44840731366295,21528500
2022-12-05,242.8171844482422,246.33037684588194,240.7403313992676,244.57377324279298,23435300
2022-12-06,237.8870849609375,244.42820886485632,236.58662873937655,243.41890331596056,22463700
2022-12-07,237.1591796875,238.8963690586571,235.06292774126453,237.60561262563206,20481500
2022-12-08,240.09982299804688,241.4002941181583,235.88788937538192,237.61536472861388,22611800
2022-12-09,238.17823791503906,240.98296029845363,236.95542284837845,237.47948221736485,20609700
2022-12-12,245.05899047851562,245.08810406106682,239.87656546489097,240.14830210772652,30665100
2022-12-13,249.33889770507812,256.13234388565945,245.6024963823434,253.96813536884156,42196900
2022-12-14,249.6300811767578,254.84162114511395,246.80594445741409,249.54274040610767,35410900
2022-12-15,241.6622772216797,246.6991345223688,240.04155689170804,246.23330237453274,35560400
2022-12-16,237.46975708007812,242.46778637167077,236.32456849542362,241.21585785298825,86102000
2022-12-19,233.3548583984375,237.9744109828848,231.66621136200337,237.63473277219197,29696400
2022-12-20,234.6650390625,235.74228609848038,231.38477037827317,232.33584867761797,25150800
2022-12-21,237.21743774414062,238.37232600874938,233.02491849714485,234.55829818550004,23690600
2022-12-22,231.16156005859375,234.84943370848737,226.9690262734001,234.14096367729437,28651700
2022-12-23,231.68563842773438,231.8215067666557,227.0369865095698,229.14295316711923,21207000
2022-12-27,229.96786499023438,231.87972122287346,228.87120393787913,231.65651213728756,16688600
2022-12-28,227.60958862304688,232.64644670853528,227.26021075559856,229.89995135219928,17457100
2022-12-29,233.89837646484375,234.78152813488126,228.6965364200889,228.6965364200889,19770700
2022-12-30,232.74351501464844,232.87938337029664,229.6767552059716,231.18102152042397,21938500
2023-01-03,232.5105438232422,238.4984794551215,230.39486293780934,235.90726682667218,25740000
2023-01-04,222.3397979736328,225.99854338319813,219.2924526600918,225.4259564644858,50623400
2023-01-05,215.75015258789062,220.83553784778456,215.21637883212745,220.4958596008794,39585600
2023-01-06,218.29283142089844,219.09834182718123,212.8774972822173,216.4197883428899,43613600
2023-01-09,220.418212890625,224.41665135349578,219.7291716302323,219.76798480761224,27369800
2023-01-10,222.09718322753906,224.48458614807703,220.62203068917864,221.0393352972296,27033900
2023-01-11,228.81295776367188,228.98763925739453,224.29046040694882,224.46514190067145,28669300
2023-01-12,231.47210693359375,232.82109060207105,226.6681731391479,228.31800704319014,27269500
2023-01-13,232.17086791992188,232.30673624907553,227.98804849183014,230.0066742453539,21333300
2023-01-17,233.2578582763672,233.80133166035085,230.0940435204723,230.9480815858975,29831300
2023-01-18,228.85179138183594,235.22793302598163,228.57035512507287,234.4418366169308,30028700
2023-01-19,225.08627319335938,228.57035182284125,223.87315781209423,226.88168988104673,28623000
2023-01-20,233.13168334960938,233.63634353931783,227.59016528126836,227.92984354153225,35389800
2023-01-23,235.42202758789062,237.93559913009912,232.57847740404011,233.98570310784828,31934000
2023-01-24,234.89796447753906,236.75160844059997,233.3451855854794,235.34439747923588,40234400
2023-01-25,233.51019287109375,236.12081997438574,224.08670450908426,227.56106931490226,66526600
2023-01-26,240.68211364746094,240.98296392015405,234.85915928502237,236.4604658112775,33454500
2023-01-27,240.8373565673828,242.45807682264515,239.5466001179385,241.642866899376,26498900
2023-01-30,235.54820251464844,238.35292478678218,235.05324194345323,237.2950768809861,25867400
2023-01-31,240.4977264404297,240.63359478813643,235.78113264355397,236.26637885801222,26541100
2023-02-01,245.29193115234375,247.65022035562143,238.22674832599188,240.68209268360533,31259900
2023-02-02,256.7922668457031,256.8796075980904,249.65914256333582,251.18282257259764,39940400
2023-02-03,250.72674560546875,256.40413270612515,249.5136299693063,251.88163406046186,29077300
2023-02-06,249.19332885742188,250.67818108032117,247.2620584126065,249.8435718125182,22518000
2023-02-07,259.66497802734375,260.83926569165476,252.40568326679633,252.84241675056464,50841400
2023-02-08,258.8594970703125,268.5935364835142,258.3548219727172,265.13858526081,54686000
2023-02-09,255.84117126464844,265.89548673151216,255.04536048337422,265.7207756113508,42375100
2023-02-10,255.33657836914062,256.29735645047873,252.96857433969222,253.81289806172634,25818500
2023-02-13,263.31396484375,266.4971782446964,259.26699912258107,259.74256046553177,44630900
2023-02-14,264.1389465332031,266.85631358119707,261.3342091005598,264.624192764422,37047900
2023-02-15,262.0276184082031,263.39944334315715,258.97262606555677,261.0546954493352,28922400
2023-02-16,255.0517578125,259.5174708073064,254.80852706316685,256.8711190669115,29603600
2023-02-17,251.07257080078125,253.04760380497552,249.068351286821,252.36657534668234,30000100
2023-02-21,245.8284912109375,248.5721416274502,244.77773242454728,247.58947974202172,28397400
2023-02-22,244.6998748779297,247.45324893497764,243.5615566726842,247.2100181685843,22491100
2023-02-23,247.87161254882812,249.88555556651798,243.69776430121092,248.6402152353794,29219100
2023-02-24,242.47193908691406,244.20374132379087,241.3822697726449,243.19190765277392,24990900
2023-02-27,243.38644409179688,245.97442307770388,242.63728915469153,245.62417017099744,21190000
2023-02-28,242.66650390625,244.68046206564443,241.99518451978517,242.32598969202303,22491000
2023-03-01,239.601806640625,244.13561758385552,239.13479280403806,243.97022241717565,27565300
2023-03-02,244.31069946289062,244.59284060582576,238.95962286785314,239.87417287939624,24808200
2023-03-03,248.37753295898438,248.69859936512998,244.58313878749726,245.36148024067188,30760100
2023-03-06,249.91477966308594,253.07678008876618,249.0488786018787,249.48669107630843,24109800
2023-03-07,247.26841735839844,250.71257368875254,246.5290010946981,249.36019623261095,21473200
2023-03-08,246.83055114746094,247.64780286814462,244.01880439640254,247.1613413897911,17340200
2023-03-09,245.4879608154297,252.53191447494493,244.76799238551584,248.8931916251687,26653400
2023-03-10,241.8589630126953,245.9452372856859,240.89577859254197,244.2815470078051,28333900
2023-03-13,247.04464721679688,250.92661597294014,239.0764041542882,240.7011840514009,33339700
2023-03-14,253.7285919189453,254.0010091653207,248.9320739144134,249.79797477159795,33620300
2023-03-15,258.25274658203125,259.26459506275955,252.19142412250247,252.9405940179142,46028000
2023-03-16,268.7213134765625,269.07155146435696,256.1511367025181,258.02887075000007,54768800
2023-03-17,271.8638916015625,275.6582857099673,268.83811504692954,270.72558821466924,69527400
2023-03-20,264.85882568359375,269.96667117719255,262.5432643092286,269.4802097016117,43466600
2023-03-21,266.3669128417969,267.5538803349331,262.2222505034053,267.4371343013886,34558700
2023-03-22,264.917236328125,273.43031336043435,264.81019934883693,265.9971667055635,34873300
2023-03-23,270.141845703125,273.44977847868375,267.7484630649204,270.41426299778846,36610900
2023-03-24,272.9730529785156,273.03142599171395,267.8262812456373,269.7332022897182,28172000
2023-03-27,268.8965759277344,273.8390137702269,268.05984635841014,272.9050156132335,26840200
2023-03-28,267.77764892578125,268.6630125541161,264.68373074732534,268.32248351379377,21878600
2023-03-29,272.9146728515625,273.527619165426,270.8715283691032,271.4066242065595,25087000
2023-03-30,276.35882568359375,276.757727762298,273.8584356014265,276.53397442659906,25053400
2023-03-31,280.49371337890625,281.43744995850153,275.33723290766795,276.0474774481902,32766000
2023-04-03,279.4527282714844,280.46454697415277,276.26154151333856,278.761931454292,24883300
2023-04-04,279.4040222167969,282.5854994542806,277.9349286652677,279.45268618193273,25824300
2023-04-05,276.6409606933594,279.3748723279069,275.25942646851195,278.11008412867955,22064800
2023-04-06,283.70440673828125,284.17139086476425,274.39352473015583,275.5415669627722,29770300
2023-04-10,281.55419921875,281.7585047337455,277.0008970457906,281.37905051464327,23103000
2023-04-11,275.1718444824219,278.2365761916983,274.0140932371224,278.0127931758795,27276600
2023-04-12,275.8139343261719,279.23864232032844,274.32536331001984,277.07875205265157,27403400
2023-04-13,281.9920959472656,282.05046897208393,275.50271392776443,275.9113251014926,24222700
2023-04-14,278.3922119140625,280.6688482565068,276.00853859815146,279.22891147364464,20987900
2023-04-17,280.9801940917969,283.7043967289592,278.4116924129814,282.07960200286976,23836200
2023-04-18,280.5617980957031,283.86002128619106,279.2386370800672,283.6751635426458,20161800
2023-04-19,280.6396789550781,281.22340905975057,276.8355460862607,278.2462667608946,17150300
2023-04-20,278.36297607421875,281.20392420443534,277.3608666050033,277.5262765736857,23244400
2023-04-21,278.0225524902344,278.5187231488767,275.3956478853203,277.2928600656761,21676400
2023-04-24,274.1405334472656,277.234451496004,271.173129844423,274.45187596772155,26611000
2023-04-25,267.9625244140625,273.9751827450711,267.9138604386518,271.9417767926592,45772200
2023-04-26,287.3723449707031,291.4586346304273,284.80384294642164,288.6663495624961,64599200
2023-04-27,296.5761413574219,296.936147852177,287.2555509397699,287.9560567732343,46462600
2023-04-28,298.94036865234375,300.56513364270495,295.0973104351293,295.7783684985938,36469600
2023-05-01,297.286376953125,300.2440714597597,296.887474923344,298.65820207273595,21294100
2023-05-02,297.1404724121094,300.8083821173536,295.681087639922,299.42684782678805,26404400
2023-05-03,296.1578369140625,300.2538355598004,295.856233076209,298.31772775720617,22360800
2023-05-04,297.1404724121094,299.42684782678805,295.1848873161754,297.94798558856564,22519900
2023-05-05,302.2385559082031,303.5228215296377,296.03130176252597,297.4420521379096,28197100
2023-05-08,300.2926940917969,301.80074263730194,297.80201345372643,301.73263089775384,21318600
2023-05-09,298.6874084472656,301.6451031506541,298.0160890953245,299.66033160181695,21340800
2023-05-10,303.8536376953125,304.52495706862396,299.33928955394174,300.2635487654328,30078000
2023-05-11,301.7132263183594,302.6958883395591,297.96749541594016,301.7035172755466,31680200
2023-05-12,300.60406494140625,302.2385686971637,298.29824184109515,302.14127044452766,19774700
2023-05-15,301.0808410644531,301.50892969880647,299.261479214083,300.7306029224894,16336500
2023-05-16,303.2991027832031,305.21576288918396,301.4408157004491,301.4408157004491,26730300
2023-05-17,306.1656188964844,306.58488314394145,302.98694721654437,304.4982921698866,24315000
2023-05-18,310.5729675292969,311.0800126585323,305.8927386445008,306.68252689685806,27276000
2023-05-19,310.3974609375,310.79723506942764,308.47661095325554,308.8373747474863,27546700
2023-05-22,313.16656494140625,314.5413890695808,310.0756729757329,310.65094892902596,24115700
2023-05-23,307.39434814453125,314.6682146022603,307.3845881201575,312.04532707650657,30797200
2023-05-24,306.01947021484375,308.60334694737196,304.81038789466385,306.87751903685313,23384900
2023-05-25,317.788330078125,318.7438600972789,312.0160206042334,315.175173290878,43301700
2023-05-26,324.58441162109375,325.0816668912498,315.7992015223041,315.935693050292,36630600
2023-05-30,322.9463195800781,327.3632951279749,322.2735326633113,326.866039835357,29503100
2023-05-31,320.19671630859375,327.5583326539221,319.16313582793106,323.99940574363865,45950600
2023-06-01,324.2821350097656,325.2084444667975,316.6182558412687,317.7980580790412,26773900
2023-06-02,327.0317077636719,329.0793183624926,324.25280979071226,325.91040640789083,25873800
2023-06-05,327.55828857421875,330.1129147289543,326.31022580563945,326.8562514071327,21307100
2023-06-06,325.3547668457031,327.00260418195796,323.88246117268216,326.96359383944235,20396200
2023-06-07,315.3116455078125,326.14443575419256,314.4535968237107,323.37529757305805,40717100
2023-06-08,317.144775390625,318.4903491637824,315.28242630303987,315.85770223750364,23277700
2023-06-09,318.6365966796875,321.75673881470783,316.3159729270914,316.8814888323344,22529000
2023-06-12,323.5703430175781,323.81410551348466,317.0472562466259,320.3819105271756,24260300
2023-06-13,325.9494934082031,328.5723804542734,322.1468041193806,326.12499527780267,22951300
2023-06-14,328.92340087890625,330.58099797009817,324.50642506625707,325.9982505458626,26003800
2023-06-15,339.41497802734375,341.1115558406534,328.78693687823426,329.05994974194124,38899100
2023-06-16,333.788818359375,342.70078870657477,333.4183243934552,342.55453717316414,46552000
2023-06-20,329.6156311035156,333.54508130008793,327.48026928452794,330.84420359010136,26375400
2023-06-21,325.2376708984375,329.30364243212927,323.78485594149885,327.9775589781728,25117800
2023-06-22,331.2342834472656,331.6340575859297,325.02321865294914,325.78375659192324,23556800
2023-06-23,326.6612548828125,329.5279043913859,325.13044892910204,326.01771828331994,23146900
2023-06-26,320.4014892578125,327.72409574191425,320.2942182667598,325.3937413274087,21520600
2023-06-27,326.2225036621094,327.7630696544983,321.08397083431,323.5800965917035,24354100
2023-06-28,327.47052001953125,329.54738110019997,325.481409860504,326.31020823977883,20259500
2023-06-29,326.6905212402344,327.7240719566855,324.3211566594738,326.35900777987905,16997000
2023-06-30,332.0435485839844,334.17891054970244,328.78688502474677,329.32315064368396,26832800
2023-07-03,329.55712890625,332.3945278816647,328.17257461621756,330.7272007694062,12508700
2023-07-05,329.7131652832031,333.12584042536054,326.3785108077479,326.7295145394102,18172400
2023-07-06,332.7552795410156,334.43236661409844,327.1292521462773,328.8843301211992,28161200
2023-07-07,328.8063659667969,333.26235165945616,328.5918537740865,330.8539769415479,21214800
2023-07-10,323.5508117675781,326.86600540201454,319.4166095021663,326.25171917261997,32791400
2023-07-11,324.17486572265625,324.55511973893175,318.84134117994995,322.800041689948,26698200
2023-07-12,328.786865234375,333.1258197926784,327.29503995487715,328.20182929500714,29995300
2023-07-13,334.11065673828125,335.16369770913235,330.56146024108614,331.0879956045949,20567200
2023-07-14,336.626220703125,342.66178201390807,335.71943143019837,338.91759393807007,28352700
2023-07-17,337.10406494140625,338.33260777182664,333.66213945063294,337.0552945851425,20363900
2023-07-18,350.5207214355469,357.62884439822335,333.63287773911316,337.20153461943244,64738600
2023-07-19,346.22076416015625,353.4166384044317,343.6466474604791,352.72436118966306,39732900
2023-07-20,338.215576171875,349.03863672095343,336.7530012262202,344.74842283159865,33778400
2023-07-21,335.19293212890625,341.56000752112044,331.35123269865875,340.43870595783125,69405400
2023-07-24,336.4995422363281,338.2644103795848,333.7694137248581,337.22109957992086,26678100
2023-07-25,342.22308349609375,343.11038262849917,336.4605340248674,338.4496147386664,41637700
2023-07-26,329.3426208496094,336.07048951280683,324.7988843745913,332.92106736693563,58383700
2023-07-27,322.468505859375,332.8137710712754,320.8401594248719,331.98500245672983,39635300
2023-07-28,329.9277038574219,331.5268003348271,324.8574610945914,325.34498615387326,28484900
2023-07-31,327.5387878417969,329.2743755389443,325.04263262807757,328.51383777853505,25446000
2023-08-01,327.94830322265625,330.0934250583603,325.37418677597503,326.827001708787,18311900
2023-08-02,319.3288879394531,325.3059494426346,318.2173166114524,325.3059494426346,27761300
2023-08-03,318.5098571777344,321.6495195711113,317.81757996467144,317.86632056535905,18253700
2023-08-04,319.6019287109375,326.7783131025437,319.07539331182784,323.5996401737791,23741500
2023-08-07,321.8737487792969,322.8487988022052,319.3483727907042,320.17717126140934,17741500
2023-08-08,317.9150695800781,320.5477167225477,314.9411787114309,318.802368731708,22327600
2023-08-09,314.1903381347656,318.94855662350545,313.039756644874,318.32454016439254,22373300
2023-08-10,314.87286376953125,320.0698965106326,313.1665264082013,317.88576445394,20113700
2023-08-11,313.000732421875,314.3657961322113,311.24562500330785,312.269445103178,24355500
2023-08-14,315.9552001953125,315.974690482468,312.09398089474894,313.37132372944086,18836100
2023-08-15,313.8295593261719,316.97898134379494,312.8935197157339,314.9411305404492,16966300
2023-08-16,313.0674743652344,316.9954936708588,312.48119971164607,313.45831419457073,20698900
2023-08-17,309.62799072265625,314.50378164094593,308.9733110073384,313.2042327148122,21257200
2023-08-18,309.2371826171875,311.0936940527994,304.4199858602723,307.29270464284144,24755000
2023-08-21,314.5135498046875,315.3831660095472,309.784320258957,310.65393646381676,24040000
2023-08-22,315.08026123046875,318.6174101401044,314.1031469540319,318.050696980202,16084600
2023-08-23,319.5163879394531,321.66605140677217,316.0573948399172,316.40917150691627,21166400
2023-08-24,312.6473083496094,325.35957674760573,312.6375276630827,325.23254709942444,23281400
2023-08-25,315.5884094238281,317.91391657239774,311.5040487015702,314.11295718549064,21684100
2023-08-28,316.2919921875,318.68590494671366,314.35729464100035,318.20712835870484,14808500
2023-08-29,320.89410400390625,321.4510662996378,314.5135489536253,314.5135489536253,19284600
2023-08-30,321.26544189453125,322.26208781651366,318.97899784822044,321.1481929412585,15222100
2023-08-31,320.259033203125,323.3369376753796,319.30145033255354,321.66608035944125,26411000
2023-09-01,321.138427734375,324.3922056211829,319.3014478601216,323.7277749745022,14942000
2023-09-05,325.91650390625,327.18677054781415,321.13842988312655,321.47064520868975,18553900
2023-09-06,325.26190185546875,326.8057297509956,322.6236805967268,325.75045913900095,17535800
2023-09-07,322.3597717285156,325.45720725929107,321.49990640162497,323.7081941893977,18381000
2023-09-08,326.6200256347656,328.4667861972207,321.92010767166425,322.5356945258159,19530100
2023-09-11,330.2060852050781,330.6751109123213,327.75351820340376,329.5220931094113,16583300
2023-09-12,324.17718505859375,329.08231769406166,323.8938433949532,328.134515675664,17565500
2023-09-13,328.3690490722656,329.1409777651763,323.59097536312447,323.7277558674077,16544400
2023-09-14,330.9486389160156,333.05917964974554,328.86738060055865,331.388322477558,20267000
2023-09-15,322.6627197265625,329.6783939916595,322.1057573596053,329.20939816193993,37679800
2023-09-18,321.52923583984375,322.83856545069517,318.8910152474716,320.29806225418173,16834200
2023-09-19,321.128662109375,321.85174708859677,317.0834237409372,318.7054373268487,16505900
2023-09-20,313.42901611328125,322.0471733986375,313.17498661327795,321.9690173569062,21436500
2023-09-21,312.2173767089844,317.9041899225686,307.79104947595397,311.95356654433346,35560400
2023-09-22,309.7550964355469,314.09348747067116,308.91476240736046,313.96645780671054,21447900
2023-09-25,310.2729187011719,310.39994834578414,307.7910397456029,309.34464808220946,17836000
2023-09-26,304.9965515136719,308.6509504072707,302.92504360895043,307.9181144910141,26297600
2023-09-27,305.63165283203125,307.10707545013054,302.60259191792346,305.15284644995364,19410100
2023-09-28,306.46221923828125,308.2601064170978,302.3681069221391,303.87284184688065,19683600
2023-09-29,308.52386474609375,312.1587314237549,307.77149741019485,310.4780935014134,24147300
2023-10-02,314.4354553222656,314.5234218740504,307.96696166824097,309.0417936543712,20570000
2023-10-03,306.2179260253906,314.03484198855955,304.0877937628594,313.48763043750324,21033500
2023-10-04,311.660400390625,312.71570064039577,306.8139213204077,306.84323355961436,20720100
2023-10-05,312.0512390136719,312.65707498694155,307.6933171593875,311.78742886180316,16965600
2023-10-06,319.77044677734375,321.65627028707706,309.0612521971817,309.30553078090355,25673600
2023-10-09,322.2718811035156,322.7408769349448,315.78382712320234,317.3179038998877,19891200
2023-10-10,320.8746337890625,323.5226056424412,320.17111018080624,323.38579530400693,20557100
2023-10-11,324.8123474121094,325.2031871666955,321.6074137138443,323.63001764409694,20063200
2023-10-12,323.5812072753906,325.99468102864705,321.1970457612764,323.00471335948436,19313100
2023-10-13,320.2297058105469,326.190079660526,318.8910340646987,324.7732817040409,21072400
2023-10-16,325.0273132324219,328.4472132631376,323.03399172229655,323.47367526332005,22158000
2023-10-17,324.46063232421875,325.828586634413,319.9170559493173,322.0471583622745,18338500
2023-10-18,322.5552062988281,327.909803713785,320.78663169696983,324.88074324116036,23153600
2023-10-19,323.7374572753906,329.17020939505096,323.33683690803986,324.54844887426214,25052100
2023-10-20,319.1939697265625,324.32382025517603,318.0018889823848,324.1283854502297,25027700
2023-10-23,321.7833557128906,325.11531975085603,316.9661883632888,318.0214589074995,24374700
2023-10-24,322.96563720703125,324.24565474799095,320.1026990318568,323.71800459686386,31153600
2023-10-25,332.87359619140625,338.2770379621599,329.89337919706037,337.1240202368528,55053800
2023-10-26,320.38604736328125,333.8115893601042,319.45777677753637,332.7465382675552,37828500
2023-10-27,322.2621154785156,329.0139799295623,320.8843805209721,322.8679216685348,29856500
2023-10-30,329.59051513671875,331.6815546418734,324.235916527097,325.7797742554051,22828100
2023-10-31,330.37213134765625,331.241777466002,327.0304168400943,331.0952162716641,20265300
2023-11-01,338.1499938964844,339.46910432501784,331.8769062105877,332.01371654234873,28158800
2023-11-02,340.3484802246094,340.8467882699962,336.87970636333785,339.29318001958046,24348100
2023-11-03,344.7259216308594,346.2795596471139,339.3811050850171,341.6284859220493,23637700
2023-11-06,348.37060546875,349.3575005821622,345.2633887474612,345.36110615399525,23828300
2023-11-07,352.279052734375,354.16487636600215,349.4454269438777,351.1749086935178,25833900
2023-11-08,354.8879699707031,355.54261993465985,352.2985928972702,353.4027369651116,26767800
2023-11-09,352.43536376953125,356.44153841470893,352.1128993476677,354.0085034994957,24847300
2023-11-10,361.2098693847656,361.6300213922687,352.80668013888885,353.2170514609085,28042100
2023-11-13,358.28826904296875,360.0373120121586,357.52612107178936,359.7930334339709,19986500
2023-11-14,361.7961120605469,363.43768679672274,358.94295491704753,362.51919694143055,27683900
2023-11-15,361.9429931640625,365.3306622150657,359.436476024947,363.5193258281366,26860100
2023-11-16,368.30718994140625,368.48342035388106,362.4423744800686,363.20606948048294,27182300
2023-11-17,362.1192321777344,366.5447423144695,359.3287982048387,365.8006186204478,40157000
2023-11-20,369.5506591796875,370.9507617987498,363.24526724468734,363.46066994605786,52465100
2023-11-21,365.2718811035156,368.35603199596056,363.362629185502,367.8175403676398,28423100
2023-11-22,369.9520263671875,371.85147806167527,367.1322205576516,370.0988850281661,23345300
2023-11-24,369.540771484375,370.06949251389324,367.2986596667437,369.44285575599235,10176600
2023-11-27,370.6961364746094,372.683733332582,368.336537498751,368.9044009726802,22179200
2023-11-28,374.7006530761719,374.994370396148,370.25554172918464,370.4415726583984,20453100
2023-11-29,370.93109130859375,376.26715471920994,369.5505602574937,375.73846358620636,28963400
2023-11-30,370.9898986816406,372.1452267516367,367.6218003340975,370.578664516551,30554400
2023-12-01,366.681884765625,370.2555853515813,363.5487602115402,368.884854564053,33040500
2023-12-04,361.4241027832031,361.79613477265366,355.3145134346435,361.3849305128498,32063300
2023-12-05,364.7333984375,365.2816906598943,357.9776315061035,358.7902991826528,23065000
2023-12-06,361.0912170410156,366.3587674073999,360.33732257448145,365.7321604216408,21182100
2023-12-07,363.19622802734375,363.68577677525514,358.66300184093467,360.53308164351836,23118900
2023-12-08,366.40771484375,366.6328881744278,360.53312909562084,361.4828549867559,20154400
2023-12-11,363.5389404296875,363.83268764840955,358.44765064841334,360.77790780370736,27708800
2023-12-12,366.5545959472656,366.5937682209635,362.7165198765075,363.09838231575895,24838300
2023-12-13,366.5447998046875,369.74646839477913,363.02004212186165,368.16030502773964,30955500
2023-12-14,358.28118896484375,365.9475401487158,356.5188251808004,365.50693426286074,43277500
2023-12-15,362.9809265136719,364.6160030546236,358.62392949147795,359.1820223907122,78502300
2023-12-18,364.8607177734375,365.2034079122954,360.97369907312446,361.72762335454945,21802900
2023-12-19,365.4580078125,365.4580078125,362.1094806161989,363.7249858043668,20603700
2023-12-20,362.87310791015625,368.17002893044344,362.7849927213884,367.1615597082987,26316700
2023-12-21,365.73211669921875,366.5839268091088,362.3052751851502,364.77259031859234,17708000
2023-12-22,366.7503967285156,367.3378613138971,364.91948884316713,365.86921479028837,17107500
2023-12-26,366.8287658691406,369.06110753950185,365.6930088958422,367.1616555179138,12673100
2023-12-27,366.2510681152344,367.2203652351963,365.01739550459973,365.87900622442777,14905400
2023-12-28,367.4357604980469,368.5910885400905,366.33917592392487,367.5238756999293,14327000
2023-12-29,368.17987060546875,369.2764551389083,365.67338313483896,368.140698335078,18730800
2024-01-02,363.1178894042969,368.04274869324354,359.1035836301592,366.045381402949,25258600
2024-01-03,362.85357666015625,365.45797986261033,360.8072662610182,361.2968150611858,23083500
2024-01-04,360.24920654296875,365.30135421024977,359.49531207816057,362.92215399405467,20901500
2024-01-05,360.0632019042969,364.283110867307,358.8393297020389,361.2577023688884,21004600
2024-01-08,366.85809326171875,367.35744261436474,361.2968258961624,361.58074269539895,23134000
2024-01-09,367.9351501464844,368.1309517677685,363.4312945412616,364.23416186369485,20830000
2024-01-10,374.76922607421875,376.13998679528584,368.45406366512276,368.50300659957884,25514200
2024-01-11,376.5903015136719,382.5138298348758,372.42913685903,377.93166039806545,27850800
2024-01-12,380.3500671386719,380.55566927985785,376.6099069263744,377.43234537080764,21661200
2024-01-16,382.1123962402344,385.79381264906647,379.5177936668549,385.43155133047776,27202300
2024-01-17,381.32916259765625,381.9557695556543,376.7665639671979,379.87031666196907,22234100
2024-01-18,385.6372375488281,385.75472450159225,381.96562087648465,383.5321832992898,23392100
2024-01-19,390.33685302734375,390.33685302734375,385.2749052923237,387.48767542805655,29331100
2024-01-22,388.2220153808594,392.2460923450514,385.36303712070327,391.6586277842315,27016900
2024-01-23,390.5620422363281,391.03201985975426,385.6959257751216,387.47789064929606,20525900
2024-01-24,394.14556884765625,397.15140596636934,392.07968703700567,393.14689994749176,24867000
2024-01-25,396.4072570800781,398.5025403738,394.1161721859946,395.8687653294727,21021200
2024-01-26,395.48687744140625,397.68007633393063,394.01823107466254,395.917682766026,17803300
2024-01-29,401.1558532714844,401.4104281984527,395.8785030835569,397.57235261817027,24510200
2024-01-30,400.0494689941406,404.41623575131524,397.9542157503529,403.64277019124665,33477600
2024-01-31,389.2696533203125,406.6388669659615,388.9073919493629,398.4535945955144,47871100
2024-02-01,395.34002685546875,399.4718199134869,393.40140285508346,393.4307745878308,30657700
2024-02-02,402.6244812011719,404.02458347610695,395.1245906528018,395.3693650314836,28256700
2024-02-05,397.1708984375,402.5657352720622,395.5455929874579,401.33206284957225,25352300
2024-02-06,397.0143127441406,399.44248577195293,394.48825385108364,397.39617518548,18382600
2024-02-07,405.39532470703125,405.64009909216526,398.8843320384044,398.92350430633786,22340500
2024-02-08,405.4540710449219,406.87377444064305,403.9071100669644,405.3953275824479,21225300
2024-02-09,411.759521484375,412.0238969836169,406.4136564644989,406.5703156804263,22032800
2024-02-12,406.580078125,411.94551383927785,406.0807287884979,411.769283442755,21202900
2024-02-13,397.82696533203125,401.4985815288795,394.9582163813525,396.4758057908408,27824900
2024-02-14,401.67205810546875,402.0153819358465,396.84600689910087,400.2791853329973,20401200
2024-02-15,398.7980651855469,401.3190066322356,396.57141418180584,400.34791702088137,21825500
2024-02-16,396.34576416015625,400.4950166150196,395.737605866878,400.17130014605374,22296500
2024-02-20,395.1000671386719,396.7675933071184,390.4113266074818,395.5414579178433,24307900
2024-02-21,394.50164794921875,394.60956341609165,389.6363517174895,392.53004284668083,18518900
2024-02-22,403.7908630371094,404.9483275530714,400.76967888893086,402.3587454167674,27009900
2024-02-23,402.5058288574219,407.92043082910567,401.1619895410124,407.7340858290021,16295900
2024-02-26,399.75933837890625,404.2911294979053,399.5827521513917,403.60448178020243,16193500
2024-02-27,399.7004699707031,400.52442923735737,396.13976854109416,400.20071277924296,14835800
2024-02-28,399.9358825683594,401.48570431449235,397.5817089338175,400.38709194736896,13183100
2024-02-29,405.74285888671875,406.2921650523384,398.1702468207432,400.8383181687279,31947300
2024-03-01,407.5673522949219,407.93028353505224,403.03556125394095,403.4180998812608,17823400
2024-03-04,406.9984436035156,409.38204334564557,404.4480762959748,405.54668869062186,17596000
2024-03-05,394.9626770019531,406.3412180011649,392.991071894389,406.0567462440755,26919200
2024-03-06,394.4133605957031,397.4247558475786,390.7840183450358,395.27656457076307,22344100
2024-03-07,401.32879638671875,401.9565620702222,394.56050584072034,398.3664344564578,18718500
2024-03-08,398.464599609375,402.58442674097887,396.6106684196689,400.1713705954934,18002200
2024-03-11,396.7969970703125,397.93485423983793,393.5992565104688,396.0515271512708,16120800
2024-03-12,407.3515930175781,407.6360648031442,399.02369122398767,399.8378319323999,22457000
2024-03-13,407.17498779296875,410.1961717884516,403.5946789555971,410.11771230614136,17115900
2024-03-14,417.1017761230469,419.6521433696343,410.009799228429,412.21684262615895,34157300
2024-03-15,408.46978759765625,414.5317928189051,404.9090862008724,411.28498921650765,45079900
2024-03-18,409.3526306152344,412.69753127897746,405.8802070917239,406.34123515822085,20106000
2024-03-19,413.36456298828125,413.6196087209555,407.6164248857175,409.8528945727863,19837900
2024-03-20,417.1116027832031,417.8276466076136,412.62884514501485,413.94325853489937,17860100
2024-03-21,421.17254638671875,422.5948752417206,419.004747660182,421.6237557740876,21296200
2024-03-22,420.55462646484375,421.6532390012991,417.9356179957843,421.4963200117596,17648500
2024-03-25,414.7868347167969,419.2499850699005,413.5606994442316,417.12140106535213,18060500
2024-03-26,413.5999450683594,417.8570831519167,413.30568457627095,417.48433323864253,16725600
2024-03-27,413.38409423828125,416.34645586465973,411.0103133950258,416.3366372044591,16705000
2024-03-28,412.6877136230469,413.81575210575176,411.11825446083225,412.9231220201488,21871200
2024-04-01,416.4642028808594,419.720825298805,414.15906261710444,415.856044584665,16316000
2024-04-02,413.39398193359375,414.31603809824145,409.86270618972446,412.0893571765106,17912000
2024-04-03,412.4228515625,415.17920112214335,411.0888008867087,411.71659648353796,16502300
2024-04-04,409.90191650390625,420.48592418548293,409.5978373618215,416.8761593197056,19370900
2024-04-05,417.39605712890625,418.36717662742586,410.33353586981326,411.9912731648726,16554800
2024-04-08,416.48382568359375,419.12247124179834,415.21844567326013,417.0527692258899,14272400
2024-04-09,418.1415710449219,419.5736887198931,413.5705349702072,418.2985199584035,12496900
2024-04-10,415.17919921875,415.9344877287147,411.68716854848634,414.12962029851764,16216600
2024-04-11,419.7599792480469,421.1724892503074,414.29631416534033,417.6902776086561,17966400
2024-04-12,413.8451232910156,417.06250067629605,411.7557842388935,415.95406972864896,19253800
2024-04-15,405.74285888671875,418.6712210349568,405.53684662340567,418.45542004596757,20273500
2024-04-16,406.6648864746094,410.4119627811132,405.8311384974836,406.6550977488978,16765600
2024-04-17,403.9772033691406,410.88280503231437,402.49602250375233,409.2839199801292,15855500
2024-04-18,396.5517272949219,404.02627254838046,396.2378594372626,402.79031869935466,21029900
2024-04-19,391.5000305175781,397.73862151107056,390.175798614413,396.3162928123119,30565800
2024-04-22,393.3049621582031,395.1588931129713,388.1944385754191,392.44175811164087,20286900
2024-04-23,399.788818359375,400.4067954016844,395.36491217740183,396.52237683143863,15734500
2024-04-24,401.2503356933594,404.595236495939,399.0138660286807,401.74078982977966,15065300
2024-04-25,391.4216003417969,392.2553782643455,380.62179192671005,386.5072408836068,40586500
2024-04-26,398.5625915527344,405.1150505614492,398.0132854043954,404.3009099992489,29694700
2024-04-29,394.5703430175781,398.56264677395114,391.56876617151903,397.5130677635141,19582100
2024-04-30,381.8969421386719,394.4820099813431,381.7400231834723,393.8247883748175,28781400
2024-05-01,387.39990234375,394.05045900742965,382.85829240714,385.11436938308555,23562500
2024-05-02,390.2445373535156,392.2946320183516,387.1154376190438,390.067981051651,17709400
2024-05-03,398.8961181640625,399.37675358596374,394.18774100881984,394.5997356096934,17446700
2024-05-06,405.6447448730469,406.027283466649,398.6116206105037,400.95600534299797,16996600
2024-05-07,401.52496337890625,406.75322090554647,401.27973632622934,406.74340224425765,20018200
2024-05-08,402.7020568847656,404.3597941214035,398.9451617518151,400.3773092630151,11792300
2024-05-09,404.44805908203125,404.84041635842834,401.2895336143813,402.73146980472023,14689700
2024-05-10,406.8218994140625,407.4496950958414,403.9380266126503,405.05627644521434,13402300
2024-05-13,405.8212890625,410.36289822900073,402.9766616384639,410.02939307645266,15440200
2024-05-14,408.60711669921875,409.51935413927424,403.69275704643184,404.15378509704203,15109300
2024-05-15,415.7511901855469,416.46855556809163,410.0418362179186,410.66092785109674,22239500
2024-05-16,413.6974182128906,418.05070261448816,413.06852016596474,414.49338464088675,17530100
2024-05-17,412.930908203125,415.5939858480529,410.7886784280323,415.2205635959117,15352200
2024-05-20,417.9720458984375,419.37726753163014,412.7147152549324,412.9309055053418,16272100
2024-05-21,421.6079406738281,425.4698558470045,417.4905197677202,419.4362019217813,21453300
2024-05-22,423.0622863769531,424.91956115828395,419.7310254046841,422.6397422694005,18073700
2024-05-23,419.60333251953125,426.08901063588814,418.0507151165833,425.4699189536125,17211700
2024-05-24,422.7086181640625,423.5930220442471,417.05822172145747,419.790064367194,11855300
2024-05-28,422.86578369140625,423.35712243524114,419.2102222377172,422.1877338257991,15718000
2024-05-29,421.7357177734375,423.4750461602697,418.3159892619867,418.3159892619867,15517100
2024-05-30,407.4869079589844,416.9500674611062,407.0643338259667,416.9500674611062,28394500
2024-05-31,407.9389343261719,409.5308671519035,397.50290358954135,409.5308671519035,47995300
2024-06-03,406.3567810058594,409.21637607324783,401.83648858598,408.3319723384426,17484700
2024-06-04,408.8626708984375,409.2262568074665,402.58334672161834,405.28571008638386,14348900
2024-06-05,416.66510009765625,416.7338647316788,409.0886349128657,410.57248754759564,16988000
2024-06-06,417.16619873046875,417.942522272772,413.294447378338,416.66505364933033,14861300
2024-06-07,416.50787353515625,418.89577271534046,415.67259164399417,418.8171717087438,13621700
2024-06-10,420.458251953125,420.6646058483147,416.54721437209554,417.34318081391007,13982900
2024-06-11,425.1849060058594,425.3224952545953,417.88361916349896,418.1096457911631,14551100
2024-06-12,433.4197692871094,435.7192312163597,425.74505981738713,427.7792095971262,22366200
2024-06-13,433.9307861328125,435.7094602799643,431.75907690999895,433.21345063686954,15960600
2024-06-14,434.9035949707031,435.4637283515464,429.15492551069684,430.68790003484014,13582000
2024-06-17,440.60308837890625,443.1285766509554,433.08561180023855,434.9232138540311,20790000
2024-06-18,438.6082763671875,442.34246889984814,437.18341197055486,441.9198947788086,17112500
2024-06-20,437.9793701171875,438.79497924029823,433.6260860366594,438.5689526211533,19877400
2024-06-21,441.9886779785156,442.774807970896,438.77533339876635,439.63025801243765,34187100
2024-06-24,439.915283203125,444.9072720890794,438.67709986214254,442.0083612472025,15913700
2024-06-25,443.138427734375,443.60028735592437,439.01117026568124,440.4851865060809,16413400
2024-06-26,444.3274841308594,445.7425422004591,440.4262530619795,441.222219477512,16507000
2024-06-27,445.0055236816406,448.2680202655606,443.94421515967235,444.3471165440364,14806300
2024-06-28,439.2077331542969,447.4916975183524,438.6770788922511,445.22171482768863,28362300
2024-07-01,448.81829833984375,449.447196335744,437.94005138791704,440.88808384173325,17662800
2024-07-02,451.3241271972656,451.6287548273333,445.26099374388446,445.349461110364,13979800
2024-07-03,452.7882995605469,453.03396893483153,449.94837718806366,450.25300481306164,9932800
2024-07-05,459.4607238769531,460.2370475569388,451.01952711906966,451.6484251718753,16000300
2024-07-08,458.1635437011719,459.598274429734,456.4143789671548,458.46817132419625,12962300
2024-07-09,451.5796203613281,459.23465638604694,450.06628863582495,458.91038601076474,17207200
2024-07-10,458.1733703613281,458.37972423311413,450.91136946375343,453.2305038870679,18196100
2024-07-11,446.823486328125,456.72886266734906,443.7280281074878,454.9600551032178,23111200
2024-07-12,445.6933898925781,448.4547114032981,442.8436310012122,446.45987718044813,16324300
2024-07-15,446.0962829589844,449.3391368001631,443.61011000854984,445.44771219074863,14429400
2024-07-16,441.7331848144531,446.43038212668165,438.92274152217504,446.3517811207802,17175700
2024-07-17,435.8371276855469,437.14410559537976,431.5723108003405,434.92324477920374,21778000
2024-07-18,432.7416687011719,436.94752703468305,426.8750830594602,436.6428994208888,20794800
2024-07-19,429.53814697265625,433.49836608097274,424.51667935003445,425.5976305961669,20940400
2024-07-22,435.26715087890625,436.89839903999433,431.3069619660928,434.1370778123692,15808800
2024-07-23,437.14410400390625,440.62279084734524,435.4244183311835,436.21054835742433,13107100
2024-07-24,421.4703369140625,433.8324355773718,420.183031900693,432.82027904039575,26805800
2024-07-25,411.1522216796875,422.35473813773996,410.2776543804513,421.37206072933304,29943800
2024-07-26,417.90325927734375,421.490056226304,410.0418390958428,410.95575198353527,23583800
2024-07-29,419.3379821777344,424.66407745687695,417.34314804369717,424.10394408211863,15125800
2024-07-30,415.5939636230469,421.6177512482942,410.13024936818454,420.3108034246303,32687600
2024-07-31,411.1031188964844,414.47369536650564,405.0694649339739,413.21586942488864,42891400
2024-08-01,409.88458251953125,420.05530026736574,405.9342299111822,413.5008583778063,30296400
2024-08-02,401.4139099121094,407.81114983489476,397.3358044115477,405.3446197900361,29437900
2024-08-05,388.304931640625,394.0929153702235,378.9007026206835,382.42854054105044,40709200
2024-08-06,392.687744140625,398.6427974223072,391.59698650264767,393.07100276300895,24946500
2024-08-07,391.5282287597656,402.9764167958112,390.58486666117705,401.5613886423986,20650900
2024-08-08,395.71441650390625,398.82948747665125,393.01205329948556,395.4687471216862,20203000
2024-08-09,398.9866943359375,400.9815283942931,395.2918474526737,397.03117577316215,19276700
2024-08-12,399.7629699707031,401.6792027969371,397.2374819862831,400.0086393079673,16762900
2024-08-13,406.83837890625,407.76209828599673,402.4752877901098,402.4949305468702,19414300
2024-08-14,409.6389465332031,410.48406481515934,405.3053649551057,407.61463319199424,18267000
2024-08-15,414.482421875,414.56116454959863,411.16483466760724,413.27153919674845,20752100
2024-08-16,411.9622497558594,414.787612725286,410.8104315549657,414.05913029915934,22775600
2024-08-19,414.97467041015625,415.19125033166955,409.9835081573214,412.4446299731582,15234000
2024-08-20,418.1937561035156,419.2372692231651,415.08292494421295,415.1419894571752,16387600
2024-08-21,417.5440368652344,419.7688702359865,415.1616580728871,417.48494231064296,16067300
2024-08-22,409.0876770019531,420.1529016775488,408.1622927487291,417.76066831830366,19361900
2024-08-23,410.3083801269531,412.73996960606866,405.6814592418378,410.4954277824997,18493800
2024-08-26,407.0596618652344,410.7907306533513,404.94310328054127,409.89487877847426,13152800
2024-08-27,407.4042053222656,407.9161077791715,403.8700384507919,406.4394348780717,13492900
2024-08-28,404.21466064453125,408.54622911327857,400.975815861933,408.42810007077503,14882700
2024-08-29,406.6954345703125,415.48655408743093,404.2146347079457,408.4871383812944,17045200
2024-08-30,410.6529541015625,410.9974871196902,405.72085639315753,409.1368946584357,24308300
2024-09-03,403.0726623535156,413.3503087826454,400.7001374742272,411.41094371784055,20313600
2024-09-04,402.5410461425781,404.8446523736478,398.0814949690352,399.59755429893164,15135800
2024-09-05,402.03900146484375,406.67574622741506,399.8141378862011,401.28095677141835,14195500
2024-09-06,395.4530334472656,404.26383081056673,394.5670056307313,402.6985610672717,19609500
2024-09-09,399.4105224609375,402.2949499033103,395.89603343829765,400.9068736495872,15295100
2024-09-10,407.7586669921875,409.85551750473985,401.3597503882825,401.8519747424291,19594300
2024-09-11,416.4612121582031,417.39642045511704,403.2105102076021,409.03846009013733,19266900
2024-09-12,420.359619140625,420.7238603737511,413.22236565404535,416.7270008247058,17395700
2024-09-13,423.893798828125,425.1145057080557,418.8435717530032,419.2078129966604,15874600
2024-09-16,424.632080078125,426.7880250402565,421.5606050753592,423.9035976857479,13834700
2024-09-17,428.38287353515625,434.9786922694464,425.54765628869114,433.3838900790578,18874200
2024-09-18,424.1103515625,429.2491750935579,423.71657808226,428.2351941115192,18898000
2024-09-19,431.86785888671875,434.63415769077886,430.10568707203834,434.368367322618,21706600
2024-09-20,428.5009460449219,432.409208323067,427.4672869965637,430.4206328981448,55167100
2024-09-23,426.76837158203125,429.67247726227924,423.6968964015023,427.52638627626743,15128900
2024-09-24,422.4958801269531,426.61086866115505,419.4736152765213,426.26630559260894,17015800
2024-09-25,425.39007568359375,426.38437839634133,421.9051492250097,423.1455340479856,13396400
2024-09-26,424.6025085449219,428.53044870901516,422.4564178816269,428.3237229222171,14492000
2024-09-27,421.3637390136719,425.1341945131492,420.82230422369577,424.8093096047705,14896100
2024-09-30,423.6082458496094,423.7264049247719,418.7549211722127,421.5507517579481,16807300
2024-10-01,414.1477355957031,421.81659955830685,412.2969671899716,421.78706729834266,19092900
2024-10-02,410.64312744140625,416.24464344442003,410.22964573183543,416.0083553062398,16582300
2024-10-03,410.0622863769531,413.0254566537122,407.84727671300476,411.1353318978847,13686400
2024-10-04,409.5897521972656,413.22237055628017,408.51670664481577,411.73584330216534,19169700
2024-10-07,403.171142578125,410.6233966552464,402.6395318501973,409.5306729821077,20919800
2024-10-08,408.2607421875,409.19598053892946,401.82246884384335,404.5099947662806,19229300
2024-10-09,410.9679260253906,413.84252930935924,407.8570646785986,409.3928021729279,14974300
2024-10-10,409.37310791015625,410.8596349305785,406.72493873590105,408.77260867644156,13848400
2024-10-11,409.8456726074219,410.6430736171545,406.8234080163179,409.6684790592566,14144900
2024-10-14,412.621826171875,417.4456186019399,411.02699410502277,411.27310627026066,16653100
2024-10-15,412.2279968261719,415.90985501650863,408.80213492837686,415.61450241094855,18900200
2024-10-16,409.6487121582031,409.88497018856907,404.09643814371225,408.71350409268166,15508900
2024-10-17,410.23944091796875,415.9295528895068,409.12700914123224,415.79171565844746,14820000
2024-10-18,411.6570739746094,413.12389293089865,409.78662744422246,410.6529471112624,17145300
2024-10-21,412.2674560546875,412.4446496235521,407.3156799270225,409.6488187127166,14206100
2024-10-22,420.8616943359375,423.88392916296095,411.53896348036403,411.9819473916582,25482200
2024-10-23,417.99688720703125,424.3760949935698,415.95907136722593,424.1595150969288,19654400
2024-10-24,418.1249084472656,419.35546932603506,415.83112614516494,418.7155536346828,13581600
2024-10-25,421.49169921875,425.7937351729216,419.9362835126177,420.1233311665373,16899100
2024-10-28,419.9559326171875,425.2227387354677,419.6704341057476,424.9470943239702,14882400
2024-10-29,425.2326354980469,426.4336641349943,419.1782518516455,421.34405104712135,17644100
2024-10-30,425.8035888671875,431.68074872313076,425.3802831426112,430.6372355196224,29749100
2024-10-31,400.03076171875,409.6882017012257,399.9815212546983,408.9006246633273,53971000
2024-11-01,403.9882507324219,409.0384779018434,401.162887472927,402.6494147801429,24230400
2024-11-04,402.10791015625,404.0374512515174,399.26286901744754,403.42706781751014,19672300
2024-11-05,405.0612487792969,408.4477546696806,401.73380740675793,402.019305938334,17626000
2024-11-06,413.6456604003906,413.91148078515863,404.13588205792996,406.0063586804049,26681800
2024-11-07,418.8139953613281,420.2119257079772,413.35031719618456,414.7285393416903,19901800
2024-11-08,415.9689636230469,419.8673720771894,415.2207729945687,418.7057298172818,16891400
2024-11-11,411.5093994140625,418.2036383732599,409.530647967578,415.9492425000552,24503300
2024-11-12,416.4513244628906,417.8394007087299,410.71200186963034,411.7456609678349,19401200
2024-11-13,418.5876159667969,422.6533640239858,411.7062988498683,415.0829808583345,21502200
2024-11-14,420.2513122558594,421.51140536702854,413.4684464166278,418.39068982634956,30246900
2024-11-15,408.5461730957031,416.22486023548765,407.207337406915,413.29122260558944,28247600
2024-11-18,409.29443359375,411.8933627455597,405.6913474607701,408.41825976061074,24727000
2024-11-19,411.2928466796875,411.4405079817959,405.1498661250552,406.68560375296545,18133500
2024-11-20,409.0285949707031,410.8006207181085,404.19494808048387,410.38713903081657,19191700
2024-11-21,407.26287841796875,414.0790385036892,404.71793020151534,413.80284233986384,20780200
2024-11-22,411.3367919921875,411.73135363774225,405.4774597411712,405.7832472742104,24814600
2024-11-25,413.1025390625,415.36141754143,409.2160446876401,412.69810354496985,27691100
2024-11-26,422.17755126953125,423.21330950979313,413.161695275106,413.891635863064,23458900
2024-11-27,417.2455139160156,421.4279524571333,416.2886859362159,419.33671813500956,18332400
2024-11-29,417.7090759277344,419.10980447039015,412.1259395107062,414.384847961252,16271900
2024-12-02,425.1269836425781,427.11953971126485,415.58829615007085,415.84477479075025,20207200
2024-12-03,425.3439636230469,426.5967051479557,421.93093157664276,424.00241788094525,18302000
2024-12-04,431.4794921875,433.698935348809,426.754535872994,427.1490975254907,26009400
2024-12-05,436.6088562011719,438.6211597736825,430.2464705000807,431.97270407918,21697800
2024-12-06,437.5459899902344,440.04162946603964,435.7704172944161,436.29321828806303,18821000
2024-12-09,439.9626770019531,442.2413029263077,434.51765390142566,436.5891402244184,19144400
2024-12-10,437.3092041015625,443.51378920495125,435.6027181772746,438.3548361326827,18469500
2024-12-11,442.89239501953125,444.23394093068583,438.01948123467236,438.01948123467236,19200200
2024-12-12,443.45458984375,449.96496224230685,443.0106891858234,443.0106891858234,20834800
2024-12-13,441.1957092285156,445.2992167545738,439.5286583553318,442.34983294961415,20177800
2024-12-16,445.4570007324219,446.0389843929351,439.2326985780913,441.1956629672055,23598800
2024-12-17,448.2880859375,449.1068307764244,443.4645114369834,444.8849575716068,22733500
2024-12-18,431.44989013671875,446.50262602359174,431.08488976149135,445.19070178831043,24444500
2024-12-19,431.09478759765625,437.1612597390131,430.39443838506674,435.6224481744677,22963700
2024-12-20,430.670654296875,437.71367214918683,422.80889160222836,427.2280306144627,64263700
2024-12-23,429.3389587402344,431.70635881030796,426.9518110200716,430.80871372187636,19152500
2024-12-24,433.3634948730469,433.629847299066,428.29331629516184,428.7470606574343,7164500
2024-12-26,432.16009521484375,434.9516783695283,430.7002140852734,433.1169230295789,8194200
2024-12-27,424.68304443359375,429.30935275325726,420.5598195240772,428.69777768381334,18117700
2024-12-30,419.0604553222656,421.7435167493127,416.17025429217676,420.27376177490316,13158700
2024-12-31,415.7757263183594,420.93470998738326,414.9471377359365,420.31326102478425,13246500
2025-01-02,412.89532470703125,420.2836247921959,409.21600045312425,419.7509500092328,16896500
2025-01-03,417.6005859375,418.27134378737713,413.8423310893823,415.3613950253171,16662900
2025-01-06,422.0395202636719,428.4216545919118,419.7017112464551,422.1874771439142,20573600
2025-01-07,416.63385009765625,424.80139942668757,415.0851648128758,423.1738138555601,18139100
2025-01-08,418.79412841796875,421.171402275518,415.81515330470927,417.70906128958796,15054600
2025-01-10,413.26031494140625,418.94206877538755,409.3836648034606,418.86316848876044,20201100
2025-01-13,411.52423095703125,412.8164377086338,406.690782868284,409.6007014640922,17604800
2025-01-14,410.0248718261719,414.03957499111027,405.14208486737954,412.1357932076061,16935900
2025-01-15,420.5203857421875,422.3353935398116,412.5895665870108,413.43790279096226,19637800
2025-01-16,418.8138427734375,423.6571645662551,418.6264508238549,422.8779150872359,15300000
2025-01-17,423.2033996582031,428.579395977241,422.35509365285844,428.1946780656617,26197500
2025-01-21,422.6806335449219,425.0480336398343,419.82002384260585,424.3575582513444,26085700
2025-01-22,440.1402893066406,441.1957350447454,430.0788007344463,431.61761238386987,27803800
2025-01-23,440.6433410644531,440.6828062638951,435.50410512705025,435.9973147591307,18389300
2025-01-24,438.02935791015625,440.58418031954517,435.40547892407693,439.1144251755467,15549500
2025-01-27,428.6583251953125,429.28964793288844,417.74853125025015,418.2516146753107,35647800
2025-01-28,441.1266784667969,442.29064589853647,425.52151949148305,428.69779052094407,23491700
2025-01-29,436.3227844238281,440.81100977301065,434.41900262341227,440.6235877197962,23581400
2025-01-30,409.3541259765625,417.1172408671569,407.54899194570174,413.0827896381068,54586300
2025-01-31,409.4231262207031,414.97667080056476,409.2751693701902,413.2899024984714,34161900
2025-02-03,405.33941650390625,409.7684293585694,403.11009933813943,406.0101743775102,25679100
2025-02-04,406.7696838378906,408.29865167160733,404.1753965052981,407.0853452090854,20532100
2025-02-05,407.67718505859375,408.20982973334895,404.82641922275565,406.74994863541014,16316700
2025-02-06,410.1728515625,412.5205341470821,408.3775613386283,408.3775613386283,16309800
2025-02-07,404.1852722167969,412.96439718513943,402.5576865372201,410.82388435232116,22886800
2025-02-10,406.6217041015625,409.8176925215145,405.33937124502273,408.0914590052598,20817900
2025-02-11,405.8523254394531,406.88805357704496,403.741373863551,404.07678288840276,18140600
2025-02-12,403.48492431640625,405.17169274595005,398.8783333348811,401.67976029438313,19121700
2025-02-13,404.9645690917969,405.4183135199023,400.84131373042015,401.472636502677,23891700
2025-02-14,402.8831787109375,403.3566707547541,400.3678218416371,402.25188608897315,22758500
2025-02-18,404.0767517089844,405.0237056562673,400.9793811541372,402.4590098668831,21423100
2025-02-19,409.1370849609375,409.8473079963777,402.11378500109834,402.34067225656025,24114200
2025-02-20,411.3017272949219,414.4448231183109,407.75338500421714,410.4714772753562,23508700
2025-02-21,403.47357177734375,413.1993956224997,403.15730762956775,412.4976421272199,27524800
2025-02-24,399.3124084472656,404.62009578289485,394.6867174896375,403.7700887978409,26443700
2025-02-25,393.2831726074219,397.2565479767241,392.0971142682963,396.4460551720573,29387400
2025-02-26,395.0919494628906,398.9170410828285,389.6755229646048,393.3919053914201,19619000
2025-02-27,387.97552490234375,401.03224256641477,387.6197164134029,396.61410618114576,21127400
2025-02-28,392.38372802734375,393.01631660620876,382.0846478468725,388.10398215130573,32845700
2025-03-03,383.9823913574219,394.1925506012372,381.6794393165997,394.1925506012372,23007700
2025-03-04,384.1009826660156,388.0249203607145,376.5792952112664,378.9514422192701,29342900
2025-03-05,396.36700439453125,397.00948665687173,384.29868393839774,384.82253320835395,23433100
2025-03-06,392.2849426269531,397.4838909032578,388.12376908504734,389.70521049036057,23304600
2025-03-07,388.7464599609375,390.2191619837315,381.0666253730808,387.76795648683793,22034100
2025-03-10,375.74908447265625,381.9166733696952,372.8431942815155,381.36317334885786,32840100
2025-03-11,376.0356750488281,381.5212666884101,372.5367409966354,374.6024872406928,30380200
2025-03-12,378.8229675292969,380.75035405096787,374.55311473502826,378.5067033632867,24253600
2025-03-13,374.3751525878906,380.8491715851453,373.07049136146827,378.71423026442886,20473000
2025-03-14,384.0515441894531,385.7021804869834,375.10656321193693,375.3734195488383,19952800
2025-03-17,384.18994140625,388.1533930243756,381.09625384575537,382.2131473268013,22474300
2025-03-18,379.0700378417969,382.87537263830677,376.67813379609476,382.57886557924786,19486900
2025-03-19,383.3201904296875,385.1585946525035,379.5445060727477,381.0567525075918,19185500
2025-03-20,382.3515319824219,387.24410971121733,378.8328407062668,381.2642891356356,18470500
2025-03-21,386.72027587890625,387.19468720298374,378.35841433019584,378.7735544022507,39675900
2025-03-24,388.51910400390625,390.81219242783766,385.2870564688155,390.81219242783766,21004500
2025-03-25,390.5750427246094,391.76110127123206,388.08429262956173,389.3494398440526,15775000
2025-03-26,385.4452209472656,390.72325787798576,384.0614710304359,390.4168571879551,16108400
2025-03-27,386.0481262207031,387.6888690270636,382.9050306805178,385.60336562359333,13766800
2025-03-28,374.40478515625,384.6149434292676,372.55648752516225,383.5771084434194,21632000
2025-03-31,371.034423828125,372.694923815259,362.9789628551185,368.2174858935481,35184700
2025-04-01,377.7554931640625,378.4078388750376,368.89946352111616,370.30297052308924,19689500
2025-04-02,377.7060852050781,380.61194495123306,372.2501138660857,373.584455994143,16092600
2025-04-03,368.7808532714844,373.1001742376296,365.06450042697054,370.4413834397649,30198000
2025-04-04,355.6648254394531,370.24368334469244,355.3090169453245,359.9050576420754,49209900
2025-04-07,353.707763671875,366.6953157485582,340.7894367933375,346.8087713756296,50425000
2025-04-08,350.4460754394531,369.3145725706382,346.18608632628985,363.98712785508354,35868900
2025-04-09,385.95916748046875,388.66739600040677,349.00301621371585,349.43791334353114,50199700
2025-04-10,376.9252014160156,379.4456016968333,363.53240398806116,377.62695483918543,38024400
2025-04-11,383.9429016113281,385.5243129890287,374.493826861171,376.2235219485835,23839200
2025-04-14,383.3102722167969,390.0709046779098,379.75203666792555,388.6575040815548,19251200
2025-04-15,381.2544250488281,387.3429548173336,379.702634359307,384.0021677861047,17199900
2025-04-16,367.29827880859375,377.18225107217836,363.7301792999147,376.2531854298118,21967800
2025-04-17,363.5126647949219,369.9767899290697,362.6330071079686,369.41339637295704,21120200
2025-04-21,354.9531555175781,360.25097956592975,351.54320368031085,358.6102367890087,20807300
2025-04-22,362.5638732910156,363.50283254625396,355.68460696363,359.1637844616611,19485000
2025-04-23,370.04595947265625,375.9763413470789,368.6918302740048,371.69656553615397,20545500
2025-04-24,382.8061828613281,383.9428636514652,370.8367085183124,371.3408006891215,22232300
2025-04-25,387.30340576171875,387.60980644654984,380.1375268589871,382.5096738423667,18973200
2025-04-28,386.6214294433594,388.1830836548117,382.15388522315925,387.4121350910717,16579400
2025-04-29,389.468017578125,390.5157161336794,385.8504804253008,386.75978890275064,14974000
2025-04-30,390.673828125,392.05757796403765,379.979364791359,385.77135703314644,36461100
2025-05-01,420.4640808105469,431.91959850384194,419.96988230696996,426.1078192756201,58938100
2025-05-02,430.2294616699219,434.3411969693003,425.00083289098967,426.7305277081965,30757400
2025-05-05,431.109130859375,434.40047958291734,427.09621130668063,427.84740267568,20136100
2025-05-06,428.2823486328125,432.65107712392626,426.1671945058241,427.18524232094876,15104200
2025-05-07,428.3218688964844,433.0365119798482,426.10783898687293,428.8061738000786,23295300
2025-05-08,433.0859375,438.52212113478646,430.6050513161737,432.8487017029497,23491300
2025-05-09,433.6394958496094,435.626153625383,430.82255791751214,434.89474938101273,15324200
2025-05-12,444.0472717285156,444.15598092637396,434.6772567640601,440.7657862582039,22821900
2025-05-13,443.9287109375,445.4409573721911,440.19254074927665,442.5844751269483,23618800
2025-05-14,447.6845703125,448.6334230518337,442.940276452347,442.940276452347,19902800
2025-05-15,448.69464111328125,451.72468655623493,446.02105738415105,446.3577257423833,21992300
2025-05-16,449.8234558105469,449.9125712368337,444.33770477780746,447.6251846388841,23849800
2025-05-19,454.37841796875,455.0913715701619,446.3874026485213,446.46663650360125,21336500
2025-05-20,453.6852722167969,453.8535912700005,449.87295142774695,451.13050930908776,15441800
2025-05-21,448.14007568359375,453.29906971148773,447.3875051898017,450.12049890400635,19216900
2025-05-22,450.40765380859375,455.74490907390424,449.4570590917957,450.4967994491365,18025600
2025-05-23,445.77349853515625,449.2491512931012,444.51594054738166,445.5754743252827,16883500
2025-05-27,456.18060302734375,456.4380677238799,451.65532857824905,452.0118204825961,20974300
2025-05-28,452.8832092285156,457.9927052337918,452.45742544945836,456.70544210957024,17086300
2025-05-29,454.1902770996094,457.2005290082406,450.8532686393741,457.0321797296883,13974800
2025-05-30,455.85382080078125,457.16090743162863,451.081023612945,455.22010105843367,34770500
2025-06-02,457.4480895996094,457.5867035205711,452.41782757710985,452.6653804963421,16626500
2025-06-03,458.43829345703125,459.5968543955761,456.3489311405408,456.9529759669727,15743800
2025-06-04,459.3294677734375,461.1316602074749,458.48778183720145,459.4582001214203,14162700
2025-06-05,463.1021423339844,465.0528603462912,459.48787612751937,460.408765640122,20131700
2025-06-06,465.7757568359375,468.7067748339504,464.19141216551986,465.4885869985769,15285600
2025-06-09,468.12255859375,468.7958952647425,464.0329796350046,465.10242514198006,16469900
2025-06-10,466.3104553222656,468.1720277278758,462.38919566775553,466.5778015728124,15375900
2025-06-11,467.99383544921875,470.81594475736864,465.0628173622344,465.4192790589967,16399200
2025-06-12,474.18267822265625,475.717524509297,468.8850395137374,470.3703570834046,18950600
2025-06-13,470.3109130859375,474.48960742449077,468.13246560456287,471.74673205457395,16814500
2025-06-16,474.45001220703125,475.98482813726486,470.3505215770748,470.5584575569121,15626100
2025-06-17,473.36077880859375,474.0539088222925,469.4395189734987,470.7466055851971,15414100
2025-06-18,475.5392150878906,476.29178558337986,469.81579317674493,473.3211507460615,17526500
2025-06-20,472.72705078125,478.72773115460745,472.2022397987241,477.50979012623617,37576200
2025-06-23,481.2428894042969,482.975759890835,467.88494315239075,473.52913174865415,24864000
2025-06-24,485.3125915527344,487.0355802812341,482.03499358247046,484.16397269221426,22305600
2025-06-25,487.45147705078125,489.71907018583636,484.59969288856837,487.2237477118272,17495100
2025-06-26,492.58074951171875,493.16497070218156,487.9861533971619,488.1545026576009,21578900
2025-06-27,491.0855712890625,494.4126679494895,488.2040517426954,492.6797975508017,34539200
2025-06-30,492.54119873046875,495.85841392483957,490.4815414994746,492.17482524139086,28369000
2025-07-01,487.2336120605469,493.1748817381986,486.1741086010328,491.61036068604886,19945400
2025-07-02,486.2830505371094,488.66946431331223,483.9164603345879,485.1938116448169,16319600
2025-07-03,493.9571838378906,495.2345653483035,488.6100468852986,488.9764203666982,13984800
2025-07-07,492.84814453125,493.86806132382594,490.38252718836065,492.51147619590915,13981600
2025-07-08,491.7589111328125,493.3234624825612,489.27347018920887,492.37283752871576,11846600
2025-07-09,498.58148193359375,501.8194631786975,494.8483646402868,495.40288075164045,18659500
2025-07-10,496.57135009765625,499.502368126141,492.8778497571002,498.12595942487985,16492100
2025-07-11,498.3933410644531,500.08659454551145,492.9273533491097,493.59080845907414,16459500
2025-07-14,498.09625244140625,499.0369655948213,496.1257409313552,496.6109349689791,12058800
2025-07-15,500.86883544921875,503.3245408608939,497.8684955298327,498.09622485625505,14927200
2025-07-16,500.6708068847656,501.7600457375481,496.9773367906475,500.2351113436526,15154400
2025-07-17,506.6913146972656,508.34495123446135,500.67081092720053,500.7302212088446,17503100
2025-07-18,505.0574035644531,509.60250130270686,502.463054063605,509.4440336050126,21209700
2025-07-21,505.0673828125,507.0775415956098,500.6015183265846,501.7501675374202,14066800
2025-07-22,500.32421875,506.19619667447284,500.32421875,505.968437121084,13868600
2025-07-23,500.9183654785156,501.82937349813983,495.7989881406536,501.78975657062705,16396600
2025-07-24,505.87933349609375,508.6420022469781,502.334358860161,503.7899711970312,16107000
2025-07-25,508.68170166015625,513.216827976129,505.364456023215,507.4537883180946,19125700
2025-07-28,507.48345947265625,509.9589885432546,505.12675096242896,509.0480107678364,14308000
2025-07-29,507.5527648925781,512.5533213636355,506.55264151082275,510.48381297361453,16469200
2025-07-30,508.2162170410156,510.89971236727115,504.4534248625209,510.12731827097724,26380400
2025-07-31,528.2779541015625,550.0131135040644,526.6936395202101,549.7952354974353,51617300
2025-08-01,518.9797973632812,530.5553736121248,515.7616096000787,529.7632164041114,28977600
2025-08-04,530.3970336914062,532.9814718412621,522.960533815094,523.0991779644736,25349000
2025-08-05,522.5841674804688,532.0406760929504,522.0791498987046,531.9218555369729,19171600
2025-08-06,519.8016967773438,526.4955370830186,518.9006307843745,525.70337986457,21355700
2025-08-07,515.7418823242188,522.9209170643583,512.4840471895837,521.6435053063135,16079100
2025-08-08,516.9300537109375,519.524403327164,514.3257923084495,517.4845698020915,15531000
2025-08-11,516.6627807617188,522.4258201385037,514.6327984158801,517.1875615378566,20194400
2025-08-12,524.0596313476562,525.7825900386109,517.5836685759962,518.6233787752558,18667000
2025-08-13,515.4844360351562,527.4857972911225,514.2862580919234,526.901545781552,19619200
2025-08-14,517.3657836914062,520.8018496782777,515.0487221853349,517.445017549053,20269100
2025-08-15,515.0783081054688,520.9502551513766,513.9990113965767,517.6528943134479,25213300
2025-08-18,512.038330078125,517.702371148606,508.9885222471167,516.4844303731614,23760600
2025-08-19,504.7801818847656,510.11740696385556,503.5721224631474,509.9589996924715,21481000
2025-08-20,500.7698669433594,505.9981835608303,499.50239716393804,504.87923949406314,27723000
2025-08-21,500.1251525878906,503.4875031078027,498.61756740599895,499.5796529563519,18443300
2025-08-22,503.09075927734375,506.5621975190336,498.3100856343386,500.13506667774504,24324200
2025-08-25,500.14495849609375,504.0428801746979,500.0060864475961,502.4956130920682,21638600
2025-08-26,497.94305419921875,500.85906441774694,494.44186237473224,500.2440985723917,30835700
2025-08-27,502.604736328125,503.1502662118434,495.8205578102606,497.9034268047853,17277900
2025-08-28,505.4810791015625,506.91922816363694,501.3748491905692,502.95187030654046,18015600
2025-08-29,502.5551452636719,505.44140176386463,500.3730863144936,504.5090702372647,20961600
2025-09-02,500.9979553222656,501.87077891116434,492.75577163159113,496.3859077753076,18128000
2025-09-03,501.22607421875,503.64616490840893,498.220801883355,499.6788070917271,16345100
2025-09-04,503.82470703125,504.00323087503085,499.0440334241921,500.1846427841772,15509500
2025-09-05,490.9605712890625,507.7920894589463,488.3520284612672,504.9157608525771,31994800
2025-09-08,494.1344299316406,497.1099483047291,490.990285532587,494.0451377441344,16771000
2025-09-09,494.3426818847656,498.15134157087306,493.6384843818268,497.33802599365555,14410500
2025-09-10,496.2867431640625,499.1234199731124,492.6665349159027,498.8754600894228,21611800
2025-09-11,496.9214782714844,499.06385505423435,493.8170160390995,498.1513494682616,18881600
2025-09-12,505.7389221191406,508.3672905695674,499.73830564164535,502.51544395369297,23624900
2025-09-15,511.1543884277344,511.2634762434591,502.86262476523797,504.63802593930427,17143800
2025-09-16,504.885986328125,513.0091239663263,504.4495745277025,512.6620043570016,19711900
2025-09-17,505.8579406738281,507.1175961354426,501.80132099339164,506.4530503919847,15816600
2025-09-18,504.30078125,508.883074673213,503.5172196080818,507.31595138937655,18913700
2025-09-19,513.7034301757812,515.0622454615835,506.1456179521661,506.39357782967863,52474100
2025-09-22,510.2518615722656,513.5149918534414,508.3574141571104,511.38257317258103,20009300
2025-09-23,505.07440185546875,510.3906769190661,503.1700568391782,509.6070850287104,19799600
2025-09-24,505.9869079589844,508.29788064425674,502.7832857896144,506.215041937542,13533700
2025-09-25,502.8923645019531,505.84805701475193,500.9186136455738,504.15198973027213,15786500
2025-09-26,507.2861633300781,509.745935901324,502.4856643393456,505.8975942449135,16213100
2025-09-29,510.4005126953125,512.6321512651683,504.7272205888506,507.3258348805616,17617800
2025-09-30,513.7232666015625,513.9315141469417,505.5009089039439,509.05168089535164,19728200
2025-10-01,515.4688720703125,516.2623314762835,507.51430077675985,510.5989067561486,22632300
2025-10-02,511.53125,517.3434144406598,506.51254498360566,513.4157691025699,21222900
2025-10-03,513.1281127929688,516.2425031799986,510.7973143114264,512.8801529316524,15112300
2025-10-06,524.256591796875,526.6965386672223,513.9712214168786,514.377848960065,21388600
2025-10-07,519.7039794921875,525.4764919541412,517.1847292577561,523.9788048028778,14615200
2025-10-08,520.56689453125,522.6497936321297,518.8213080060119,519.0097599169904,13363400
2025-10-09,518.136962890625,520.0512058016051,513.1777655449532,518.07745494396,18343600
2025-10-10,506.790283203125,519.3073226434543,505.47115003636685,515.3994727403434,24133800
2025-10-13,509.8550720214844,512.1957986627914,507.50441729945595,512.1957986627914,14284200
2025-10-14,509.3790283203125,511.07509568876407,501.87079590760095,506.0662879637401,14684300
2025-10-15,509.2401428222656,512.9694689959882,505.83814063109804,510.75768630195654,14694700
2025-10-16,507.4349670410156,512.6321960787722,503.9833851231019,508.3970827878481,15559600
2025-10-17,509.3889465332031,511.2734052578957,503.1700935064365,504.8859867353243,19867800
2025-10-20,512.5726928710938,514.4671401409408,509.2401268135401,510.41049011219013,14665600
2025-10-21,513.4356079101562,514.4572316509175,508.8533142722573,513.2769402267872,15586200
2025-10-22,516.2921142578125,520.943843958813,513.4852520447155,516.8971823641815,18962700
2025-10-23,516.3118896484375,519.6742395740552,514.3777908083965,518.1964086283891,14023500
2025-10-24,519.3370361328125,521.0628270774097,516.4607380708425,518.5237205252405,15532400
2025-10-27,527.1824951171875,530.2175212473691,524.6929685473742,527.440383046071,18734700
2025-10-28,537.6464233398438,549.2013167264516,536.3570441492753,545.511702993095,29986700
2025-10-29,537.130615234375,541.8121286840217,532.3499420595073,540.4929653309738,36023000
2025-10-30,521.469482421875,530.6042843733296,517.8591725476514,526.150935240438,41023100
2025-10-31,513.5844116210938,525.0004940086545,510.89650476941233,524.5640822050067,34006400
2025-11-03,512.810791015625,520.6760707602963,510.3907002836433,515.5680732671589,22374700
2025-11-04,510.1327819824219,511.34279700787874,503.6957236126803,507.5837474278435,20958700
2025-11-05,503.02130126953125,510.6287232020861,502.4460174356622,509.11117977922714,23024300
2025-11-06,493.0434265136719,501.5732523540539,491.7639450704796,501.5335702984596,27406500
2025-11-07,492.76568603515625,495.30479262227396,489.2248119110569,492.89463000746537,24019800
2025-11-10,501.87078857421875,502.7138582055711,494.729532044403,495.9594336108676,26101500
2025-11-11,504.5289001464844,505.4414057875519,498.2505695472254,500.68055811559174,17980000
2025-11-12,506.9688415527344,507.494515261433,495.0469117437556,505.203338237195,26574900
2025-11-13,499.1828918457031,509.3095642884979,497.1992129195551,506.1455939798088,25273100
2025-11-14,506.0166320800781,507.42505738590404,493.38060745410195,494.16416907736203,28505700
2025-11-17,503.34857177734375,507.9407930820625,500.78963942134817,504.3007594029326,19092800
2025-11-18,489.76043701171875,498.87544447228873,482.8076324047851,491.3275301094218,33815100
2025-11-19,483.14483642578125,491.14898819063853,478.88983663624714,486.1005289347495,23245300
2025-11-20,475.41387939453125,490.45844852333465,472.50235794747454,489.60385435710714,26802500
2025-11-21,469.1436462402344,475.9007957312625,465.3179114267742,475.4834301610789,31769200
2025-11-24,471.0118103027344,473.89352206444323,465.0694984877541,472.0055061050608,34421000
2025-11-25,473.9829406738281,476.12932719889915,461.9592459889855,471.08136597664605,28019800
2025-11-26,482.4393310546875,485.23161394332453,478.1664510662567,483.244222260298,25709100
2025-11-28,488.9082946777344,489.5243812398697,483.5820692635899,484.5260924315005,14386700
2025-12-01,483.6715087890625,486.77183499200703,481.59468809959253,485.3608038657598,23964000
2025-12-02,486.91094970703125,490.38888506208144,483.2541563831954,483.6516286444489,19562700
2025-12-03,474.71832275390625,481.18726202656165,472.20427350128017,473.31720798581483,34615100
2025-12-04,477.8087158203125,478.28570075231454,473.48613274494215,476.7355376297969,22318200
2025-12-05,480.11407470703125,480.35255199911325,475.86105782216015,479.4780948278929,22608700
2025-12-08,487.92449951171875,489.19642891935564,481.3263751862239,481.8331697469475,21965900
2025-12-09,488.918212890625,489.0175885389743,485.4204144751398,486.01663804004494,14696100
2025-12-10,475.5430603027344,481.19719183884354,472.084987996716,480.97857754952304,35756200
2025-12-11,480.422119140625,482.96597801292137,472.86007818396723,473.6252433732215,24669200
2025-12-12,475.51324462890625,479.40854546431024,473.3370484252935,476.79512068758515,21248100
2025-12-15,471.8266296386719,477.6894285774835,469.5411111878212,477.0733420562278,23727700
2025-12-16,473.38677978515625,474.87732355778707,467.911505956298,468.9350114671635,20705600
2025-12-17,473.1184387207031,476.9739832708393,472.0055042784347,473.903466892556,24527200
2025-12-18,480.9289245605469,486.51349034093164,474.87732052138307,475.1754171439269,28573500
2025-12-19,482.8566589355469,484.77448448182145,479.4482594182398,484.2875529363844,70836100
2025-12-22,481.8630065917969,485.64898536737695,479.6470539215635,483.0554234208069,16963000
2025-12-23,483.7807922363281,484.75459468390824,481.6840783901604,481.922585996358,14683600
2025-12-24,484.9433898925781,486.0762176057581,481.77349801821515,482.6181454723109,5855900
2025-12-26,484.6353454589844,485.04276435526947,482.8963778974979,483.6416497095635,8842200
2025-12-29,484.02923583984375,485.27135560420123,481.1276307272214,481.80333660098637,10893400
2025-12-30,484.4068603515625,486.5929730105466,482.43933166580535,482.8666136001516,13944500
2025-12-31,480.5711669921875,485.06269150087525,480.25317705215497,484.7645645601486,15601600
2026-01-02,469.95849609375,481.6046121327098,467.1960229709088,481.3363251826272,25571600
2026-01-05,469.86907958984375,473.0687813775576,466.5401924921144,471.071443053882,25250300
2026-01-06,475.493408203125,475.7219388392127,466.7886229022075,470.8130789419108,23037700
2026-01-07,480.422119140625,486.6128550141313,474.936929133209,476.73551614076564,25564200
2026-01-08,475.09588623046875,479.61722033317443,472.8600706717694,478.20615894860083,18162600
2026-01-09,476.2585144042969,476.7951186190047,469.2231615927928,471.0714211959582,18491000
2026-01-12,474.1717529296875,477.95773148860775,472.68120923483104,473.6649886945649,23519900
2026-01-13,467.70281982421875,472.7805908527595,463.01257439213845,471.68751939768345,28545800
2026-01-14,456.4839782714844,465.2483824443871,454.2879190598576,463.51933114332076,28184300
2026-01-15,453.7811279296875,461.32327541703046,453.02590941718984,461.1940901109254,23225800
2026-01-16,456.9609069824219,460.26993076816973,453.60224086509476,454.94370584966504,34246700
2026-01-20,451.6546325683594,453.92025792216236,446.4476759522066,448.3754483517362,26130000
2026-01-21,441.31024169921875,449.836168925793,435.9144806057656,449.74673993987386,37980500
2026-01-22,448.2959289550781,449.9851935867555,441.89652570286836,444.79810039972057,25349400
2026-01-23,463.0125732421875,468.1301005814363,447.6897705604439,449.02131930234236,38000200
2026-01-26,467.3152770996094,471.2602507862521,459.0874767807031,462.3766075757791,29291200
2026-01-27,477.55029296875,479.8258647405344,470.1770874429818,470.7136916421546,29213900
2026-01-28,478.5937194824219,480.69040309270366,474.9865988275796,480.16374552458444,36875400
2026-01-29,430.7671203613281,439.71038237575016,418.365786117595,437.21619626544543,128855300
2026-01-30,427.577392578125,436.8286984461687,423.7616041817895,436.4014165119217,58566800
2026-02-02,420.70098876953125,428.02452201181774,419.58805431821895,427.5276741085398,42219900
2026-02-03,408.6176452636719,419.3893041977899,405.9843574339844,419.34957819955315,61424100
2026-02-04,411.578857421875,417.15347618992746,406.66005118226167,408.40896545860215,45012400
2026-02-05,391.188232421875,405.72597626088844,389.84673704915224,404.87141244319446,66289200
2026-02-06,398.61114501953125,399.25704122003975,390.4429643868461,396.6535630940219,53515300
2026-02-09,410.99261474609375,412.2744908996196,398.3428555009064,402.2977759502542,45480500
2026-02-10,410.6646728515625,421.0090502850332,410.0982892644293,416.97464756162884,44857900
2026-02-11,401.8207702636719,413.8345489802859,398.4819668946231,413.5563153661985,42491000
2026-02-12,399.30670166015625,403.6392309547976,395.5008602319473,402.4467839094351,40802400
2026-02-13,398.7900085449219,402.98340606348665,395.54060384789733,401.90028127287496,34091600
2026-02-17,394.35809326171875,397.99502346077054,392.0427954340728,396.70323107498865,32078800
2026-02-18,397.08087158203125,400.02220283554806,393.82155037537984,395.62013745533494,23223400
2026-02-19,396.8517761230469,402.7976819572589,395.0690225854118,399.07278661262325,28234000
2026-02-20,395.6267395019531,398.5050592846536,393.56508699389525,394.51123443489973,34015200
2026-02-23,382.918212890625,393.7642431363039,381.55374731391754,393.4057107487328,43238300
2026-02-24,387.4299621582031,387.7884945775691,380.16937672197673,382.58959213032324,33884700
2026-02-25,398.9831237792969,399.84960746436826,388.5852587696308,388.95376053046306,43625500
2026-02-26,400.0986022949219,405.8453028142193,397.1306190557743,403.0765245044552,34405900
2026-02-27,391.15484619140625,395.2183958601928,388.30640407164015,389.30236795593413,51367200
2026-03-02,396.9413757324219,399.57073485574693,389.0533591512552,391.2743390590049,35474900
2026-03-03,402.2996826171875,405.05852201627056,391.0851500003899,391.5532542396072,38199200
2026-03-04,403.5645751953125,409.3710312257941,398.69429724653685,399.6504140582061,35808000
2026-03-05,409.0224304199219,409.9486695143622,402.7677785996419,402.78771732924594,39001300
2026-03-06,407.30938720703125,411.38287590243635,406.8612216895844,407.54843921074234,31123900
2026-03-09,407.757568359375,408.55432729115563,401.8714182880504,403.2857003455267,30131900
2026-03-10,404.122314453125,408.5443965203919,401.30371964643086,408.37506928692744,31706400
2026-03-11,403.245849609375,407.35918518479474,399.96912002302975,403.9330670994013,25512100
2026-03-12,400.238037109375,404.4808530373378,400.08864860368743,402.99687655683135,27263900
2026-03-13,393.9534912109375,403.16615688192843,392.65875035547907,399.3815063856616,26848000
2026-03-16,398.33575439453125,399.01300251860397,393.1965772756644,396.4633374914087,27733700
2026-03-17,397.79791259765625,402.7677623283013,396.1446090107731,398.6544268926901,26228300
2026-03-18,390.2087097167969,396.39363710184665,389.42188971563326,395.5271533612366,25908500
2026-03-19,387.4498596191406,390.90585551603124,385.4977789148814,388.52551763585893,25138800
2026-03-20,380.3287353515625,385.43803509853177,378.58579850034175,385.22889118681917,50853200
2026-03-23,381.4541931152344,385.64719283721575,380.1395134056624,382.3505545919761,29680100
2026-03-24,371.2355651855469,380.9263046350485,370.34917314154325,380.8167328036651,42733600
2026-03-25,369.5424499511719,375.5381416220395,368.13813722010167,375.39872248264555,31181200
2026-03-26,364.492919921875,373.2076042912997,363.71606927386256,369.3233510512375,36836600
2026-03-27,355.33001708984375,360.9871149414508,355.07108715320055,360.43931657918756,37883400
2026-03-30,357.51116943359375,363.8853318939423,354.8419936524484,360.4393055378546,44797000
2026-03-31,368.67596435546875,371.3949263066763,361.6046146993887,363.07862179545566,45244400
2026-04-01,367.8791809082031,372.48052926345224,366.7139201659809,371.98254731341393,29417200
2026-04-02,371.9526672363281,372.1319638369453,362.680245817395,365.7278929006101,24099100
2026-04-06,371.375,372.22157533941066,368.0086373714944,371.98252335059567,16146600
2026-04-07,370.78741455078125,370.9467724245638,365.080530373921,368.8452727581139,21443300
2026-04-08,372.81915283203125,383.4461010048471,369.9109552686541,383.426192668859,33064800
2026-04-09,371.56427001953125,371.99252721403565,365.5685477188417,370.9965632857518,30435300
2026-04-10,369.3731384277344,374.12390583360843,368.5365323725683,371.47463812837884,28111100
2026-04-13,382.8186340332031,382.98796126737693,369.5225100750242,372.10205289266787,35745800
2026-04-14,391.5233459472656,393.09698589720546,384.95994763093,386.3543213772784,37504500
2026-04-15,409.5602722167969,412.69755239260473,395.1287651714373,396.3936283702306,45063400
2026-04-16,418.56378173828125,419.12151906860663,410.4765600541581,418.16537187855886,41642400
2026-04-17,421.0835876464844,429.83808848207923,418.99205736838906,423.10539315661504,48568200
2026-04-20,416.38262939453125,421.6213787702164,414.6197538627068,419.4501847919345,27582200
2026-04-21,422.44805908203125,425.4558591722327,415.51615872358184,418.54386715015573,32048500
2026-04-22,431.1726989746094,431.9495495900464,421.9600330275293,424.4698510786937,29378200
2026-04-23,414.07196044921875,421.9500379562064,409.7494810939023,418.19526527607866,38308000
2026-04-24,422.90618896484375,423.23487407473965,414.12178001797366,415.28707116170386,27457400
2026-04-27,423.1053771972656,425.38611256831246,415.3866572294081,420.6752229306716,30867300
2026-04-28,427.5174865722656,428.1847957314844,420.197146128082,422.8563830057505,30438100
2026-04-29,422.7467956542969,425.0972860808559,418.59364353468584,422.866306449911,38288300
2026-04-30,406.1341552734375,412.74737011555624,396.4035989759817,409.15192465494977,70909400
2026-05-01,412.76727294921875,415.4264794885345,408.7834174283456,411.1338775963461,31372400
2026-05-04,411.9505615234375,419.0816663151199,409.14193618030583,409.87897009526375,28066500
2026-05-05,409.7196350097656,415.09783400354706,407.1500311208482,413.6437352165572,25700900
2026-05-06,412.2891845703125,416.73120520087787,403.4748984673602,406.3532485673598,30285900
2026-05-07,419.07171630859375,426.25263786097554,417.06984955189336,418.41437649189606,34942400
2026-05-08,413.44451904296875,416.9403619714099,412.32904436576047,415.70537649227293,33383800
2026-05-11,410.99444580078125,411.02432350049145,403.86334099070683,406.22377045102496,35657900
2026-05-12,406.1241760253906,413.8229876767416,404.9987623844293,412.8071154720842,38594200
2026-05-13,403.57452392578125,404.6700902960666,399.41140211310335,401.57265715241186,29667100
2026-05-14,407.7774963378906,410.1777730080913,399.2620170659624,402.847493220503,27077500
2026-05-15,420.2170715332031,426.4418454559798,411.2434277199191,412.5979239362014,50771200
2026-05-18,421.83056640625,423.40417602339767,413.9325494355234,414.93848271907115,32564100
2026-05-19,415.7352600097656,430.9535870211983,414.808990493047,428.16486989475214,33018700
2026-05-20,419.36053466796875,420.3963455784958,409.63991780241736,412.49835957243755,27864000
2026-05-21,418.3025207519531,425.5388979071037,414.92886694253497,423.9518891931334,31393500
2026-05-22,417.7835388183594,423.60257118762803,415.54772693408205,418.7517174636334,22390300
2026-05-26,415.248291015625,418.9812539216563,412.24393696715845,415.6475333356961,30398000
2026-05-27,411.8946228027344,415.15846763645,408.8104019854481,410.23773822181624,28901500
2026-05-28,426.18768310546875,428.68298564682067,411.89461329838434,412.2040283766931,47250500
2026-05-29,449.3940124511719,449.48383969057267,431.54760317786213,431.7372486144539,79654400
2026-06-01,459.6546936035156,465.4438139523178,457.40892124774234,463.96658383705716,53628900
2026-06-02,440.48077392578125,452.64787129328397,439.6024225764256,446.0403151791343,37036800
2026-06-03,426.53704833984375,439.56254639446627,423.45285793258154,437.62618910935214,39037000
2026-06-04,427.2456970214844,435.33048350032107,425.60879436274143,434.9911260035114,26899500
2026-06-05,415.8870849609375,428.66302140752947,413.6213308264138,427.5351398188391,34782200
2026-06-08,410.9663391113281,416.37616844333525,407.79232157753756,413.3618539280056,32086700
2026-06-09,402.6520080566406,411.20591258759293,397.7312786929967,408.26144336727174,35317300
2026-06-10,396.61334228515625,404.2789346443135,396.41373636313654,397.80110870103243,32576000
2026-06-11,389.6065673828125,396.1043451719433,383.278483574852,394.46741202742857,47224100
2026-06-12,390.00579833984375,391.003919361718,381.55171206615995,390.6945042817559,34865800
2026-06-15,399.0088806152344,400.99513175706005,392.11186050588947,396.05442037645633,32266400
2026-06-16,393.0899963378906,396.094350419825,389.9559121071713,395.0463355104342,31506800
2026-06-17,378.1980285644531,389.6364865987809,376.6110198431126,389.51671695343225,41987800
2026-06-18,378.6871032714844,380.6534028700893,372.5786075934489,377.11008548581106,59714200
2026-06-22,366.6497802734375,380.9129385065033,366.3802985575179,375.0339909424311,45171100
2026-06-23,373.23736572265625,376.51120135394876,369.9735210485466,371.6802994138851,40647600
2026-06-24,364.7733154296875,378.16811350773463,364.09460041679364,370.87185096853153,44509900
2026-06-25,352.1670227050781,363.5456265920902,348.54386902384044,362.0883479855026,66179000
2026-06-26,372.2691955566406,375.90234020580533,354.762144454129,356.4789138154501,186201600
2026-06-29,367.8774719238281,379.7850483907747,359.2237492715265,376.790685328561,51229900
2026-06-30,372.319091796875,373.44697342275583,366.7595808670141,370.3328407149792,44945700
2026-07-01,383.5579528808594,388.09939143880604,374.18561213385976,380.1144231011508,48065800
2026-07-02,389.7562561035156,391.4630649298244,382.97903650468743,383.7575696594082,42128900
2026-07-06,386.0133056640625,388.418780928489,380.5036887115837,386.31276024010407,34224500
2026-07-07,388.109375,394.8267404517197,387.4905448392632,391.75251064257776,29297500
2026-07-08,382.6197204589844,384.58602015004215,380.6134873969759,383.3084264217563,25908300
2026-07-09,383.6377868652344,383.92725049460796,372.64849496928053,373.74643420118315,31083200
2026-07-10,384.37640380859375,391.1736053926777,380.783162110783,387.07131223677504,24644600
2026-07-13,390.2553405761719,392.91034623109437,383.4281962321871,387.02143811329415,28914900
2026-07-14,384.20672607421875,387.46061042423804,377.93852713765,382.1007052927433,27863900
2026-07-15,394.8866271972656,398.2103568181361,385.6739591427675,387.07132248997675,36253700
2026-07-16,400.3463439941406,405.2271399033625,391.31333055964967,397.56157784187184,37047400
2026-07-17,393.08001708984375,397.64143734197864,388.6583483977542,394.1180409920291,33049800
2026-07-20,401.53411865234375,402.4224305318551,388.91785418191677,390.67455694621333,27915800
2026-07-21,397.00262451171875,400.7156358198418,395.57531880381754,398.0606303262699,24126600
2026-07-22,389.6065673828125,400.246541441447,386.2329133568751,398.8291961465565,28142500
2026-07-23,380.8630065917969,391.04385321150613,376.68090752842744,389.23725659651495,30351800
2026-07-24,380.9828186035156,388.29903252889795,379.9347732203772,386.32274187573427,27659400
2026-07-27,388.368896484375,393.45931979821836,387.2609663085435,389.3470355932277,27856200
2026-07-28,392.61090087890625,399.56780545733704,390.5647345556998,392.4212554523594,32367500
2026-07-29,389.8061828613281,400.4960502148319,388.00954678983055,392.6607942930367,47209000
2026-07-30,450.2524108886719,457.8281459885008,431.6274684759506,437.07720086969465,110160700
2026-07-31,463.8468017578125,465.962813447145,448.4857046349594,449.1544591210436,60846000
2026-08-03,486.73370361328125,490.7261876465455,474.10747895013026,475.2353605631651,66762100
2026-08-04,491.884033203125,498.50158065157444,478.2696778930625,479.99640781848416,50455500
2026-08-05,486.5440673828125,497.3038108374591,484.7674131728324,495.42733843271316,33388900
2026-08-06,498.9207458496094,500.61756372489685,487.60205742358346,487.6319998350186,36441500
2026-08-07,499.0505065917969,504.23075699317457,497.79289485093346,498.2719734340298,28846200
2026-08-10,505.109130859375,512.7647021753171,501.32624359045303,502.4940586092805,31206100
2026-08-11,502.86334228515625,504.38047525067043,498.61133704649393,503.3823542433026,23049800
2026-08-12,491.5047302246094,500.557695253814,490.59643643442394,499.0505227551261,29001500
2026-08-13,495.9463806152344,500.3979918654044,492.0836571155829,492.34314786956145,23039000
2026-08-14,494.4691467285156,499.07050046550256,492.991947114923,495.42733437790497,16217600
2026-08-17,479.44744873046875,491.73431632358415,477.51109147171053,489.21906226283284,29635800
2026-08-18,480.72503662109375,483.36006030134655,476.2534434403709,480.6352093836093,24087600
2026-08-19,483.3999938964844,488.3806080919379,478.4592826108848,479.16797047398614,19961900
2026-08-20,481.1499938964844,484.1600036621094,479.5,483.29998779296875,20020800
2026-08-21,483.239990234375,486.3599853515625,478.5299987792969,479.8800048828125,22510800
2026-08-24,487.30999755859375,490.6099853515625,481.8599853515625,483.2099914550781,17230800
2026-08-25,491.7099914550781,492.44000244140625,484.29998779296875,485.44000244140625,19519000
2026-08-26,496.3699951171875,497.3999938964844,487.30999755859375,487.8500061035156,20758900
2026-08-27,505.05999755859375,506.4800109863281,490.0799865722656,494.8800048828125,28688800
2026-08-28,513.530029296875,517.780029296875,504.8699951171875,505.3299865722656,29207300
2026-08-31,507.2900085449219,512.1900024414062,506.3900146484375,510.3800048828125,27208900
2026-09-01,501.0199890136719,505.9700012207031,496.7799987792969,497.5199890136719,21046900
2026-09-02,496.82000732421875,500.2699890136719,493.80999755859375,499.8500061035156,15336100
2026-09-03,510.1199951171875,515.6500244140625,500.79998779296875,501.6600036621094,24125900
2026-09-04,499.70001220703125,511.0,499.3599853515625,510.0,18101800
2026-09-08,493.95001220703125,495.19000244140625,490.1499938964844,493.010009765625,18863500
