,Date,Close,High,Low,Open,Volume
0,2007-10-05,30.896240234375,33.62960604727621,25.53700130653391,27.579347988281896,855215656
1,2007-10-08,29.31456184387207,31.940433775310073,29.1302893255024,31.940433775310073,126671715
2,2007-10-09,31.31084442138672,31.58725116900844,27.74825699210877,29.329921759876378,116725709
3,2007-10-10,31.602617263793945,32.247569316618566,31.326210431319556,32.1247202155724,67931378
4,2007-10-11,35.134483337402344,36.854353617199706,31.326201824292376,36.854353617199706,106320954
5,2007-10-12,34.90414810180664,36.20940632940032,34.0902820400693,34.397401623032515,99410791
6,2007-10-15,35.36482238769531,35.84086017213798,35.05770284892276,35.62587482876705,41814972
7,2007-10-16,38.97347640991211,39.58771964423249,35.165195016807544,35.41088897807548,138614496
8,2007-10-17,42.01397705078125,42.9967573869974,32.58540047308787,35.01164684805493,204876259
9,2007-10-18,40.539798736572266,45.89903784654958,38.80457369248591,42.68963610655662,146617799
10,2007-10-19,40.40158462524414,42.0446749285371,38.38994922315784,39.61842733170208,110266491
11,2007-10-22,39.8641242980957,41.1079566807392,38.543507870317065,39.58771756479438,72253405
12,2007-10-23,42.70499038696289,43.088889879559666,40.84691434344885,40.84691434344885,74594921
13,2007-10-24,42.04468536376953,44.07167557906907,41.56864747921385,43.610992008450964,63055170
14,2007-10-25,41.95254898071289,42.93533342448828,37.053989407657326,40.61657780937261,34522489
15,2007-10-26,43.21174240112305,43.90276157602293,41.537938733468245,42.68963735830138,62370025
16,2007-10-29,44.08702087402344,45.1465849550928,43.70312144835705,43.91810679296037,43657697
17,2007-10-30,45.0698127746582,46.28293266780199,43.36529653396666,44.68591328336408,79921711
18,2007-10-31,46.00653076171875,47.02002802590462,45.146597475963944,45.30015728881848,44655368
19,2007-11-01,44.97766876220703,47.496050775802026,44.609127796084344,47.14286412117695,50632492
20,2007-11-02,45.791526794433594,46.067937677981,42.9967385003224,43.349929259171894,32001693
21,2007-11-05,46.72825622558594,47.7571076619388,45.4844194148635,45.76083037207467,38833135
22,2007-11-06,47.342491149902344,50.336906816404685,46.69753925015596,47.54211802788739,81880281
23,2007-11-07,46.65146255493164,48.89343318301811,45.60725711398143,48.21777279914431,33593141
24,2007-11-08,45.85296630859375,47.09680316618649,44.8394733125488,45.45371250180661,27990521
25,2007-11-12,46.958595275878906,47.787819805112,43.25780185091003,44.4709258537555,35153735
26,2007-11-13,48.0795783996582,49.047004189621056,46.2368610223668,47.75710452486248,43830531
27,2007-11-14,47.44998550415039,49.599822468888014,47.204287351692095,48.92415775659733,36738579
28,2007-11-15,48.248504638671875,49.09308357628662,47.342500112090974,48.34063885654476,29242252
29,2007-11-16,47.91066360473633,49.00093637077168,47.35784590029854,48.03351059497508,18895294
30,2007-11-19,49.64588928222656,51.44253956828878,48.63239638525592,49.00093736343811,40716718
31,2007-11-20,48.878089904785156,50.828299954560364,48.279205093281334,49.44626192700598,26342171
32,2007-11-21,45.0698127746582,49.46162128883253,43.97953572003725,49.16986017479464,26814499
33,2007-11-22,43.518856048583984,46.40578353687611,41.630071396767015,44.59377461724457,34096185
34,2007-11-23,46.4057731628418,46.68217989987701,43.795253056958856,46.375060377487856,27664090
35,2007-11-26,46.77431869506836,48.12564389349702,46.40577773126537,48.12564389349702,20159123
36,2007-11-27,45.622615814208984,47.572825611622775,45.14658222143697,47.572825611622775,20573198
37,2007-11-28,44.94696044921875,46.83574923027845,44.63984086408072,46.62076385445144,16435311
38,2007-11-29,43.733829498291016,46.313632526210604,43.1656575767339,46.067938586627754,25530967
39,2007-11-30,45.42299270629883,45.69939946573559,43.91810775774273,44.5323468523024,18437721
40,2007-12-03,46.06794357299805,46.6361155560538,45.6226185730306,45.97580521150028,16851227
41,2007-12-04,45.469058990478516,46.75896273216917,45.1312266614095,46.375063304948775,14008727
42,2007-12-05,47.281070709228516,47.449988982471595,45.45371165459242,45.54584586503335,27725290
43,2007-12-06,46.4057731628418,49.03164341303903,45.80688842795289,48.30991170230949,24104710
44,2007-12-07,46.20615005493164,47.357848461151725,45.37692970179868,46.697542208034044,11742386
45,2007-12-10,46.25222396850586,46.820391882270265,45.65333909679474,46.65147777259589,8330010
46,2007-12-11,46.03721237182617,46.92785784994451,45.806872808576244,46.66680551181318,11685950
47,2007-12-12,46.00653076171875,46.42114308954131,45.146597475963944,45.45371710167302,16342131
48,2007-12-13,45.23871994018555,46.68218347210167,45.069805856175876,46.06794438032041,14620172
49,2007-12-14,44.79340744018555,45.49978509232279,44.563067716449254,45.08517275648215,10991851
50,2007-12-17,42.09075164794922,45.3001531065355,41.46115397402656,45.05445492930612,19355678
51,2007-12-18,41.90646743774414,43.30385955204663,40.60120951087314,41.614702234919456,21607783
52,2007-12-19,41.13867950439453,43.62634904230106,40.785492805348014,43.257803864249695,19526912
53,2007-12-20,40.724063873291016,42.01396772487502,40.53979129941105,41.67613536702438,17105204
54,2007-12-24,41.9678955078125,42.62820166529412,41.00046565424558,41.33829797092171,16711519
55,2007-12-26,43.24243927001953,43.76454412053359,42.198233734566486,42.198233734566486,20930094
56,2007-12-27,43.54956817626953,44.747333729956246,43.18102300640778,44.133094557237314,44565277
57,2007-12-28,43.88739776611328,44.071670339336904,42.996747689795086,43.45742704006627,18354518
58,2007-12-31,44.20985794067383,44.47091032468695,43.67239886529511,44.22521641360074,11982308
59,2008-01-01,45.023738861083984,45.43835112046589,44.0256002422937,44.4402125016756,16687746
60,2008-01-02,44.778038024902344,45.36156429514377,44.11773187264033,45.02373198113815,13437280
61,2008-01-03,46.62076187133789,46.80503444769748,43.964178406012515,44.501637657142105,31815218
62,2008-01-04,46.37507629394531,47.910674432925966,46.067956666149186,47.296435177333706,28011310
63,2008-01-07,45.99116897583008,47.0507290130649,45.4997768214023,46.08330318234586,15858063
64,2008-01-08,44.42485046386719,46.68217978078371,43.8873913010573,46.03722795229683,13282666
65,2008-01-09,43.71847152709961,44.6705428437045,43.6109788652035,44.470915994797416,13113527
66,2008-01-10,42.67428970336914,45.14660563656342,42.38252433997605,43.91812691167004,18023003
67,2008-01-11,43.31922149658203,43.73383370438136,41.61470556797928,43.25779592299127,11629440
68,2008-01-14,43.97953796386719,44.44021737692394,42.70499242085878,43.3960115404439,10264240
69,2008-01-15,42.64356231689453,44.87017924420134,42.29037563740241,44.685910830953866,11558334
70,2008-01-16,41.76825714111328,42.68961557074485,40.708697446381684,42.33642900583431,14834065
71,2008-01-17,42.889259338378906,43.84133083237323,41.03118345247894,41.92182936663786,16169395
72,2008-01-18,40.89298629760742,42.58214409322866,40.53979542606205,42.53607282088715,13254156
73,2008-01-21,33.93673324584961,40.53980641929706,29.56027568763649,40.53980641929706,33202389
74,2008-01-22,30.52769660949707,32.24756725170865,24.2470989439773,30.58912011469288,58755707
75,2008-01-23,33.93673324584961,35.2419918964148,31.019096262233294,31.019096262233294,28425991
76,2008-01-24,34.01350402832031,36.424393721234814,32.401126128454564,35.764087414405026,29911930
77,2008-01-25,35.76408767700195,35.93300179199767,34.32062388029307,35.62588218976822,12550722
78,2008-01-28,36.14799499511719,36.42440186376862,32.4011333716023,35.27270310640672,13601109
79,2008-01-29,35.54910659790039,36.76223083997255,35.0116472288567,36.24012578667085,7679877
80,2008-01-30,33.58352279663086,35.77942614706812,33.138197904366066,35.625866413952586,9016102
81,2008-01-31,31.387619018554688,34.028847400535376,31.019076056200646,33.93671113925004,41538563
82,2008-02-01,32.4779052734375,32.70824496806364,31.63332639314166,31.925089589777162,9089201
83,2008-02-04,34.151710510253906,34.550966442768,33.092148211388704,33.092148211388704,12009385
84,2008-02-05,35.21126174926758,35.67194104605649,33.47603723114441,34.213123272891615,14593303
85,2008-02-06,34.90414810180664,35.318760371922174,32.95393999966298,34.2438418315509,12429218
86,2008-02-07,33.26104736328125,35.610512559483105,33.046064150744485,34.428101766350096,11300078
87,2008-02-08,32.401123046875,33.752448325126515,31.802238217652647,33.476041544553034,13514197
88,2008-02-11,30.113080978393555,32.86180283947933,29.790605008249575,32.86180283947933,15133331
89,2008-02-12,29.57561492919922,31.21870511032972,29.32991890920016,31.019078265648414,10237627
90,2008-02-13,29.14566421508789,30.48163353147548,28.546781274445962,30.097733943526997,10395753
91,2008-02-14,31.69474220275879,32.017218113527285,29.79059952309242,29.79059952309242,12514003
92,2008-02-15,32.60075759887695,32.86181012851338,30.72732694366912,31.571905961825564,12080990
93,2008-02-18,32.416481018066406,33.33784191714475,32.140074206294585,33.33784191714475,6977153
94,2008-02-19,32.063289642333984,33.076784609429694,31.81759357716111,33.00000471923741,7226542
95,2008-02-20,31.264774322509766,31.771522788636368,30.91158770173258,31.756166395822667,5604999
96,2008-02-21,31.479764938354492,32.01722419750186,31.09586546753495,31.771528119619767,3874365
97,2008-02-22,31.08051109313965,31.280137997831286,30.113083114095105,30.435559107109952,2691220
98,2008-02-25,31.341550827026367,31.72545019206932,30.589108488099644,31.449043482353336,6270186
99,2008-02-26,31.464406967163086,31.909729914453504,31.31084718652585,31.63332314242161,7139423
100,2008-02-27,33.30712890625,34.95021753491144,31.925090690828622,31.925090690828622,43223132
101,2008-02-28,34.24384689331055,34.50489941053199,33.16892819405,33.62960763659023,35763847
102,2008-02-29,33.752464294433594,34.70453624737462,33.19965047173377,34.02887328857238,16477462
103,2008-03-03,32.33968734741211,33.41460759153577,31.9711443943685,32.27826386903605,10049153
104,2008-03-04,31.51047706604004,32.67753192647026,30.711967380431584,32.55468492338835,11485198
105,2008-03-05,32.09400177001953,32.247561547238995,30.742674480815563,31.664033144132357,8581053
106,2008-03-07,30.45092010498047,31.63333156378143,29.17637233671127,31.63333156378143,14251925
107,2008-03-10,30.342870712280273,30.558943587706136,28.598851390139508,30.497208779490748,11713659
108,2008-03-11,32.84315872192383,33.151834954873856,29.38598533155245,30.09593899266177,19665129
109,2008-03-12,32.00973129272461,33.954391856325984,31.701055079243265,33.73831892555795,12262350
110,2008-03-13,27.611095428466797,31.484984738324226,26.85483906189931,31.17630849945221,47000084
111,2008-03-14,29.509445190429688,29.63291480528063,27.811726472837314,28.382776058202904,35798540
112,2008-03-17,28.35191535949707,28.953833515375234,27.749997203618907,28.953833515375234,19211273
113,2008-03-18,28.598854064941406,29.154471577533876,27.842595790203326,28.305610035139683,12632937
114,2008-03-19,28.768632888793945,32.04059970468941,28.583426311537075,29.941600900271848,16449023
115,2008-03-24,29.04644203186035,29.84900111338178,28.41365530527747,29.84900111338178,11636914
116,2008-03-25,30.142244338989258,30.327448839068037,29.262516160244232,29.80269961549419,13232423
117,2008-03-26,29.957029342651367,30.682419187853906,29.632918941745032,29.941595115304537,11448313
118,2008-03-27,30.497211456298828,30.79045548441262,29.509448158122407,29.509448158122407,17425122
119,2008-03-28,30.558940887451172,30.790450061154235,29.756384264878765,30.636109914237583,11599511
120,2008-03-31,30.342870712280273,30.697849522870772,29.941591318864234,30.558943587706136,9914705
121,2008-04-01,30.404611587524414,30.836759517952263,30.01876634250549,30.55894968553198,6034588
122,2008-04-02,30.89849281311035,31.793654993369145,30.55894817691834,30.55894817691834,6087024
123,2008-04-03,30.65155601501465,31.114570355140206,30.404614614945427,30.97566647177147,3883474
124,2008-04-04,30.497211456298828,30.85219029804661,29.910727586759634,30.85219029804661,5906537
125,2008-04-07,30.373743057250977,30.682419231247028,30.018764201148947,30.543515371617662,4088729
126,2008-04-08,29.6020565032959,30.389181268852205,29.385983571838853,30.327444351283432,5753811
127,2008-04-09,29.679229736328125,29.94160329956452,29.339685015263555,29.69466396789376,3776374
128,2008-04-10,30.265705108642578,30.481778008555665,29.524883139413646,29.632918542698064,7075297
129,2008-04-11,30.404611587524414,30.713287783539553,30.095935391509276,30.55894968553198,4012660
130,2008-04-15,30.867626190185547,31.021964279269586,29.694656294477966,30.219405378694848,6362785
131,2008-04-16,30.45092010498047,31.392383101807205,30.327448346920093,31.176310141882585,4725794
132,2008-04-17,31.62387466430664,32.349262249369765,30.574374659519098,30.913919209697614,14831167
133,2008-04-21,32.1331901550293,32.68880757146741,31.793647690176563,32.10232380004842,7639361
134,2008-04-22,32.6579475402832,33.02836064227343,31.793655884557694,32.10233207398663,8814769
135,2008-04-23,32.68881607055664,33.07466130821619,32.2566702417157,32.71968452690716,5265604
136,2008-04-24,31.531269073486328,33.09008369444697,31.2534614391282,33.02834889718334,8801780
137,2008-04-25,31.793649673461914,32.241229642027335,31.361501836677657,32.10232580258896,4095990
138,2008-04-28,31.917129516601562,32.53448197270526,31.793659862718684,31.82452622951708,4708244
139,2008-04-29,32.36470413208008,32.67338030770916,31.947992550987387,32.10233063880193,6497143
140,2008-04-30,32.58077621459961,32.997489878526245,32.41100599696099,32.68881371068259,6331377
141,2008-05-02,32.87401580810547,33.80004418654856,32.81227890820077,33.074654452763895,5658418
142,2008-05-05,32.71967315673828,33.491363363893086,32.503598224060006,33.30615687683847,7642293
143,2008-05-06,32.441864013671875,33.09008463675852,32.2566596166069,32.457298236763215,5061166
144,2008-05-07,31.97885513305664,32.62707586260413,31.484974566426974,32.41100298386964,4303106
145,2008-05-08,31.593019485473633,31.917129947977514,31.407815002146183,31.731923371305392,3642073
146,2008-05-09,31.40781593322754,32.225807135531895,30.92936734042822,31.176308752196714,8621761
147,2008-05-12,31.40781593322754,31.639323114258364,30.71329229679033,31.40781593322754,4890395
148,2008-05-13,31.50040626525879,31.731913366433886,31.238032806600092,31.54670894150022,5056766
149,2008-05-14,31.546709060668945,31.71648135417414,30.867621979992194,30.867621979992194,2982486
150,2008-05-15,31.5621395111084,31.91711618778941,30.867618288028694,30.867618288028694,2646760
151,2008-05-16,31.809085845947266,31.90168911511756,31.42324063552459,31.793653712205753,4422288
152,2008-05-20,31.747344970703125,31.870816670475435,31.423234637148592,31.48497153370667,3464912
153,2008-05-21,31.947996139526367,32.41101045497779,31.021967508623522,31.021967508623522,3419088
154,2008-05-22,31.51584815979004,31.67018626479699,31.17630558478147,31.17630558478147,3558000
155,2008-05-23,30.9910945892334,31.762785003904572,30.867624960223704,31.330639209026405,4417028
156,2008-05-26,30.759593963623047,30.944800539611688,29.324248233072773,29.324248233072773,2605807
157,2008-05-27,29.83356475830078,31.14543871789318,29.694660875365805,30.805894032190235,3316550
158,2008-05-28,30.929353713989258,31.114558121212205,29.416839541610855,29.9415885020916,4505700
159,2008-05-29,31.438676834106445,31.793655705962315,30.528082499075076,31.25347237749607,11026212
160,2008-05-30,30.435476303100586,31.639314575581214,30.312006677210142,31.515842856346595,4023430
161,2008-06-02,29.1390323638916,30.867619419830636,28.70688455323492,30.250265105557684,4431595
162,2008-06-03,28.058664321899414,29.015558951879672,27.796288806146272,28.706882859625964,6240766
163,2008-06-04,27.19437599182129,28.22843984057545,27.024603690281317,27.9351979161032,5762089
164,2008-06-05,27.1480655670166,27.348706263712604,26.23747160101582,27.163499788815297,9721099
165,2008-06-06,26.854841232299805,27.981510851246597,26.46899590252588,27.009179364209373,6317089
166,2008-06-09,26.48442268371582,27.132643492714724,25.311452792517198,26.54615750044326,6500809
167,2008-06-10,26.29920768737793,26.515282616491927,25.697289754394884,26.237472890492626,6717902
168,2008-06-11,26.42269515991211,26.85484108962504,26.237488565266638,26.54616482744584,2586175
169,2008-06-12,26.60788917541504,26.76222724568216,25.31144980384003,26.083140155175634,3244212
170,2008-06-13,26.43812370300293,26.823968947704664,26.16031387081102,26.56159334396971,4248430
171,2008-06-16,27.364154815673828,27.780866462402585,26.577030025171123,26.66963331111461,4354615
172,2008-06-17,28.182144165039062,28.39821708948556,26.88570452501558,27.749998316146062,4736084
173,2008-06-18,28.15127182006836,28.76862623706836,28.08953700637162,28.08953700637162,5055019
174,2008-06-19,27.549358367919922,28.089541742192203,27.101778276477518,27.595661056007135,4221271
175,2008-06-20,26.91656494140625,27.88889602656559,26.56158822206898,27.780858541544323,3837789
176,2008-06-23,25.975099563598633,26.793092494238277,25.712726131514966,26.70048924447895,4516050
177,2008-06-24,25.17255210876465,26.360956377478793,24.910176487876207,25.975109014206854,5238203
178,2008-06-25,24.47802734375,24.987342194487063,23.922409810817754,24.694100247294685,3933879
179,2008-06-26,25.867069244384766,26.978304272229128,24.616930361395905,24.616930361395905,18253250
180,2008-06-27,24.72496223449707,25.558389433120688,24.58605839917444,25.00277199848625,6821283
181,2008-06-30,24.231088638305664,24.94104433626152,23.53656716943799,24.709537179972294,4596315
182,2008-07-01,22.517934799194336,24.23108813911005,21.65364101485137,24.23108813911005,6202295
183,2008-07-02,23.50569725036621,23.752638620396045,21.807978209759654,22.53336809172021,5245963
184,2008-07-03,22.888338088989258,23.5056902844389,22.224685316218395,23.30505165825527,4726793
185,2008-07-04,23.197017669677734,23.644597659912783,22.37902672522554,22.533364797261353,4862814
186,2008-07-07,23.706336975097656,24.663234040901507,23.505698280660305,23.505698280660305,5528014
187,2008-07-08,24.40085792541504,25.00277603795544,21.916012246102213,21.916012246102213,8354280
188,2008-07-09,26.098575592041016,26.206610990235223,24.72496502824255,24.72496502824255,6860769
189,2008-07-10,27.240665435791016,27.56477568010895,25.373175069333634,26.09856456407648,7216175
190,2008-07-11,25.944238662719727,27.842596261773604,25.743597897175864,27.5030537324093,6040791
191,2008-07-14,25.959667205810547,26.885697676626023,25.311448597586853,25.311448597586853,5942149
192,2008-07-15,24.879301071166992,25.58925658795521,24.694096649403097,25.311448908637374,3693378
193,2008-07-16,24.20021629333496,25.311451302385695,23.78350264160489,24.87930342404633,6973872
194,2008-07-17,25.434921264648438,25.62012779971879,24.694099311055435,24.694099311055435,5038238
195,2008-07-18,26.854841232299805,27.070914198304223,25.1416875494346,25.897943977122516,5983177
196,2008-07-21,28.36734390258789,28.53711619287369,26.870263833718575,27.31784380385823,8754188
197,2008-07-22,29.524887084960938,29.787260608008925,28.12040990782273,28.36735129501371,12631056
198,2008-07-23,31.608442306518555,32.2257945481295,30.281134568386236,30.83675200450487,12798869
199,2008-07-24,30.497211456298828,32.19493034462662,28.598853900324524,28.598853900324524,10764301
200,2008-07-25,30.558940887451172,31.54670610499232,29.40140548565497,30.173095753519103,10710381
201,2008-07-28,30.312007904052734,31.160867373102608,29.97246327909508,30.5589471658282,5533881
202,2008-07-29,29.09273338317871,30.0959308694941,28.86122627095208,29.632916645040844,5145929
203,2008-07-30,30.312007904052734,30.5589471658282,29.3551109379679,29.3551109379679,7354746
204,2008-07-31,29.247072219848633,30.836755687887358,28.861227022753436,30.836755687887358,6006517
205,2008-08-01,30.095932006835938,30.219403727362675,27.780860797081836,28.784058321308613,4699412
206,2008-08-04,30.28114128112793,30.836758840416202,29.494016579914913,29.494016579914913,4301346
207,2008-08-05,31.639312744140625,31.870819849292563,30.095929949783677,30.40460608998626,9161115
208,2008-08-06,30.836761474609375,32.76598782211744,30.62068854235738,32.76598782211744,8616591
209,2008-08-07,30.759593963623047,31.45411548356344,29.802696809922864,29.802696809922864,4809365
210,2008-08-08,30.23483657836914,30.991092720475933,30.12679908949213,30.404606784684308,4883824
211,2008-08-11,30.512653350830078,30.960233478833,30.28114617151704,30.62069087184738,2714705
212,2008-08-12,29.98789405822754,30.867621880518712,29.756386956923972,30.713281719638985,5801276
213,2008-08-13,30.111366271972656,30.404608206913323,29.401410681407107,29.632917802677774,2754609
214,2008-08-14,29.385974884033203,30.25026635433824,29.324237984716618,29.941590231131034,2566362
215,2008-08-18,29.04644203186035,29.941602313034824,28.76863424621166,29.324249817509042,2963058
216,2008-08-19,28.506250381469727,29.1699032855269,27.91976442376545,29.000133072868678,2941144
217,2008-08-20,28.83036231994629,29.061869451508713,28.62972154991895,28.706890593773092,3319410
218,2008-08-21,28.52168846130371,29.000136990731896,28.182143803427074,28.706892925590957,4138486
219,2008-08-22,28.228437423706055,29.509444595335424,27.503049787733133,29.509444595335424,4139879
220,2008-08-25,28.537109375,28.92295444558268,28.33646868229092,28.92295444558268,2034227
221,2008-08-26,28.58342170715332,28.676024980864682,28.058672613914734,28.24387706799311,1489491
222,2008-08-27,28.012367248535156,28.93839571030384,27.858029171573705,28.737757047591614,4297168
223,2008-08-28,27.595659255981445,28.398216103686742,27.240680377179128,28.08953990995138,7382078
224,2008-08-29,28.737760543823242,28.84579804817774,27.966070065132257,28.089539704385057,2219080
225,2008-09-01,28.72220802307129,28.846613030399457,28.14683011847192,28.675554563421027,3417069
226,2008-09-02,30.230621337890625,30.3550263103534,28.675546526891896,28.92435858101979,5030404
227,2008-09-04,29.593059539794922,30.137335324415606,29.344247330699023,29.888523115319707,2813325
228,2008-09-05,28.939916610717773,29.26648237758072,28.61335084385483,29.235380072468878,3330688
229,2008-09-08,30.463884353637695,31.692391451324912,30.168418832465242,30.479433394370993,8377948
230,2008-09-09,30.572742462158203,30.821554568334133,29.872959599964958,30.463888615783144,3737279
231,2008-09-10,30.308380126953125,30.821553362130658,30.012914576005706,30.41723396906818,3847698
232,2008-09-11,29.499744415283203,30.16842501677426,29.26648344603708,30.16842501677426,2567354
233,2008-09-12,29.795209884643555,30.60384880923818,29.313136760719953,29.701905068851396,6093354
234,2008-09-15,27.913572311401367,29.157630962489584,27.073833143757454,28.70666012331074,6770268
235,2008-09-16,28.457841873168945,28.70665397191057,26.43624699834769,26.825015243505625,4654621
236,2008-09-17,27.72695541381836,28.86215770581339,27.36928740691951,28.86215770581339,4674190
237,2008-09-18,27.664752960205078,28.209028478420546,25.67426048012669,27.369289529300058,6603710
238,2008-09-19,29.344234466552734,29.499741765414758,27.99132012277206,28.31788587222285,9821730
239,2008-09-22,28.7066593170166,31.412488494496422,28.473398326489246,30.16842776914741,4162514
240,2008-09-23,28.36453628540039,29.00211661160767,27.835811908497764,28.364536285400387,6569683
241,2008-09-24,29.017681121826172,29.328695852505426,28.084636929788406,28.457854184762784,5730103
242,2008-09-25,28.115732192993164,29.219834631753145,27.44704942426662,29.095427505169944,10926783
243,2008-09-26,27.664752960205078,28.271233082150125,27.182682045719186,28.271233082150125,4967945
244,2008-09-29,26.638416290283203,28.457850995319642,26.12524077665493,28.457850995319642,7859964
245,2008-09-30,26.685062408447266,27.680308817711477,25.19219173994945,25.19219173994945,6616439
246,2008-10-01,27.57145881652832,27.83582002748562,26.482905333586885,27.02718312965924,3743739
247,2008-10-03,27.960214614868164,28.30232934182634,27.213778456664055,27.71140256213346,4681406
248,2008-10-06,27.384841918945312,27.991319959120876,26.825015224474512,27.649205169146242,5560277
249,2008-10-07,28.286785125732422,28.893265312038412,27.36929243378635,27.36929243378635,9928258
250,2008-10-08,28.06907081604004,28.302331739766625,26.15632997596053,27.338187853884907,9985473
251,2008-10-10,27.898012161254883,28.53559243620296,25.829766164367374,27.960216761115174,9025179
252,2008-10-13,28.457841873168945,28.675551668616848,27.851363832563113,28.037973433920012,6805621
253,2008-10-14,27.77360725402832,29.51528965230786,27.555897481544,28.613346153154975,5099383
254,2008-10-15,27.540355682373047,28.131282709640978,27.244892168739078,27.618109349603206,5495022
255,2008-10-16,26.482891082763672,27.15157354661146,25.96971798354279,27.15157354661146,6651066
256,2008-10-17,24.492408752441406,27.213786799645018,24.13474065785858,27.027179284787128,5586092
257,2008-10-20,24.772321701049805,25.752019088152714,23.994785096620365,24.585714181508553,7922965
258,2008-10-21,24.974483489990234,26.2807446162227,24.259149363252444,25.02113484445446,8047276
259,2008-10-22,23.60601806640625,24.912279210394452,23.372757072508247,24.725671680797934,5408099
260,2008-10-23,22.45526123046875,23.232797772182767,22.11314430843344,23.015087962343415,6641370
261,2008-10-24,19.54726791381836,22.082035443114776,19.282904724489523,21.77102091882308,9905588
262,2008-10-27,18.038854598999023,19.282913245936452,16.172766628592882,19.18960842557551,12878172
263,2008-10-29,20.418115615844727,21.708825465955737,18.660881719015563,20.526969469076537,13094201
264,2008-10-31,21.724376678466797,22.393059389589357,20.651376641087477,21.491115709071167,8097887
265,2008-11-03,22.39305305480957,22.983979833096488,21.615514600912714,22.952877535627778,4951148
266,2008-11-04,23.37274932861328,23.559358905585174,21.97318382893143,22.082037657829662,4515828
267,2008-11-05,22.5174617767334,24.507956416204745,22.08204008566029,24.507956416204745,6145587
268,2008-11-06,21.771026611328125,23.24834809719351,21.32005585502957,22.082041216941303,4896229
269,2008-11-07,23.466054916381836,24.165837690058222,21.460009277814187,21.615516560853383,8250147
270,2008-11-10,23.994773864746094,24.539049233073204,23.466049643068743,24.196932443586775,3775177
271,2008-11-11,23.714872360229492,24.71011877516772,23.17059674636607,24.10364065584622,8900004
272,2008-11-12,22.719629287719727,24.228051480343485,22.439716891391203,24.228051480343485,5705390
273,2008-11-14,22.64187240600586,23.637121028127048,22.361960049286274,22.51746738284231,4038880
274,2008-11-17,23.57491111755371,24.352449720071334,21.46001143389664,24.352449720071334,5361538
275,2008-11-18,22.299753189086914,23.512709310607256,21.864331474518565,23.512709310607256,6392448
276,2008-11-19,21.755477905273438,23.092841151958517,21.475563490365687,22.393058278493363,5606729
277,2008-11-20,21.52220916748047,21.92652632752098,20.604714711013933,21.77101907852015,5080395
278,2008-11-21,22.89067840576172,23.6060123695921,20.83798131115325,21.38225683223249,8350092
279,2008-11-24,23.466054916381836,23.839271973835405,22.299750293587863,23.574908748987767,5420119
280,2008-11-25,22.89067840576172,23.994780598934415,22.704070921198987,23.714868317489003,5453771
281,2008-11-26,23.403854370117188,23.761520307152196,22.470810594336093,23.139491123298132,5246053
282,2008-11-27,23.403854370117188,23.403854370117188,23.403854370117188,23.403854370117188,0
283,2008-11-28,23.0306396484375,23.481612581740247,22.113146845778967,22.704075950808758,8464961
284,2008-12-01,22.844024658203125,24.38354626256496,22.750719871138262,23.48160490907689,5733003
285,2008-12-02,22.64187240600586,22.89068456153616,21.926538249807454,22.672974716398347,5879324
286,2008-12-03,23.326101303100586,23.621564750949606,22.15979655432597,22.85957940359074,6430656
287,2008-12-04,24.44575309753418,24.570160205475432,20.682475520660766,20.682475520660766,4648185
288,2008-12-05,24.150287628173828,25.316592303523816,23.34164887625013,23.34164887625013,5338962
289,2008-12-08,24.212491989135742,25.005579651361334,23.170594331014318,24.80342100239528,11709287
290,2008-12-10,23.823720932006836,25.347693578241298,23.481606173286668,25.347693578241298,11172070
291,2008-12-11,23.559354782104492,24.24358626257294,23.186135693483454,24.24358626257294,9867592
292,2008-12-12,22.828475952148438,23.092839192259852,22.330851774010238,22.983983244166296,9847702
293,2008-12-15,23.201696395874023,23.714871799475524,23.015088883912245,23.606015835595617,5741641
294,2008-12-16,24.088088989257812,24.383552465794438,22.082042939229122,23.326103567915066,9183505
295,2008-12-17,24.056987762451172,24.725670512210648,23.419407320756058,24.725670512210648,8720755
296,2008-12-18,24.772321701049805,25.036684990237024,23.512711980033504,23.512711980033504,12640018
297,2008-12-19,25.969722747802734,26.280737315709263,24.74121562641245,25.503200895942943,10050607
298,2008-12-22,25.985280990600586,26.20299082571754,25.083337231968766,25.083337231968766,6524631
299,2008-12-23,25.456554412841797,26.234091045424396,25.269946886543835,25.814222529351653,5151765
300,2008-12-24,25.02112579345703,25.798662147953316,20.993485789804392,20.993485789804392,13318746
301,2008-12-26,25.067779541015625,26.389591470735855,24.414650205969515,26.389591470735855,5480531
302,2008-12-29,25.59650993347168,25.798668592458995,24.570161267314287,25.34769781603915,3418418
303,2008-12-30,25.54985237121582,25.969722883768906,24.601257512293973,25.53430122089857,4868199
304,2008-12-31,25.86087417602539,26.249642496712358,25.28549832693055,26.249642496712358,4396180
305,2009-01-02,26.234088897705078,26.669510641826307,25.736466759113156,26.669510641826307,3976548
306,2009-01-05,25.64315414428711,26.669502524734217,25.31658846288999,26.669502524734217,4505326
307,2009-01-06,25.456554412841797,26.6228614709188,25.036685896769054,26.6228614709188,3969700
308,2009-01-07,24.11918830871582,26.342944096862393,22.595217521507216,26.342944096862393,12109220
309,2009-01-09,23.994773864746094,26.125224007307306,22.79736721074564,26.125224007307306,5272587
310,2009-01-12,23.357196807861328,24.57015476856948,22.42415319617921,24.57015476856948,6595708
311,2009-01-13,23.01508903503418,23.621567143997364,22.67297209705343,23.3261036662156,4104761
312,2009-01-14,23.061737060546875,23.4505052934636,22.42415673672292,23.4505052934636,2777281
313,2009-01-15,22.719629287719727,23.061746313635474,22.23755817284321,22.859587595087486,3693599
314,2009-01-16,23.43495750427246,23.777074442000142,22.54856707158284,23.5127111620103,2131503
315,2009-01-19,24.336896896362305,24.539055527054312,23.34164856593296,24.072533663116527,2587926
316,2009-01-20,27.058286666870117,27.68031609995654,23.32611006835156,24.368008103249203,19101726
317,2009-01-21,25.254390716552734,27.64920475666176,24.91227382247925,27.64920475666176,11311625
318,2009-01-22,26.45180320739746,26.809469217644953,24.943381284103687,26.063034887909698,10535551
319,2009-01-23,26.82501220703125,27.151577917838644,25.627605303804962,26.887214697374922,7005930
320,2009-01-27,27.695858001708984,28.069075114991517,25.8142191736228,26.747263011430544,8487928
321,2009-01-28,28.31788444519043,28.45784058527285,27.369289548094407,28.271233101563833,6636133
322,2009-01-29,28.13127899169922,28.89326651721006,27.073830100806976,28.89326651721006,13844487
323,2009-01-30,27.44703483581543,27.664744555116638,26.74725223928884,27.649195518110965,4578388
324,2009-02-02,26.00082015991211,27.680299912613677,25.62760314015697,27.36928537795068,6678800
325,2009-02-03,26.420696258544922,27.05827661238304,23.823723496727393,23.823723496727393,6591337
326,2009-02-04,26.82741355895996,28.031910240831273,25.685487664864485,27.374911664957658,7225484
327,2009-02-05,26.670982360839844,27.374908413514063,26.405053892264412,26.59276835498715,3622655
328,2009-02-06,27.030776977539062,27.359274213130647,26.74920519057162,26.88999002320964,2228530
329,2009-02-09,27.046415328979492,28.094484094956346,26.342489115867295,28.094484094956346,3190528
330,2009-02-10,26.999483108520508,27.578267632635455,26.498912594599965,27.437480716932868,3258153
331,2009-02-11,27.062053680419922,27.21848169958378,26.12348556543677,26.905625661256064,1899711
332,2009-02-12,28.376047134399414,28.688903156380288,26.749196244436995,27.046409040980688,8517373
333,2009-02-13,29.345905303955078,29.6431181374934,28.782763969956125,28.93919200041745,9331167
334,2009-02-16,27.984983444213867,29.846478893894332,27.5782722208902,29.846478893894332,3238379
335,2009-02-17,26.74919319152832,27.95368958736075,26.608408422042952,27.95368958736075,2684742
336,2009-02-18,27.484405517578125,27.812904726424147,25.982696364060903,26.749193103574665,4576718
337,2009-02-19,27.57826805114746,28.157050462354867,27.171554767626326,27.531338371304148,5072418
338,2009-02-20,26.999483108520508,27.437480716932868,26.670983841365825,27.218481912726688,3336292
339,2009-02-24,28.720195770263672,29.001767523482787,25.654205672588297,27.093344531198518,9913081
340,2009-02-25,28.641983032226562,30.01855115907401,28.344770158578203,29.033053161156307,7821109
341,2009-02-26,29.064334869384766,29.220762895387445,28.016266246490467,28.767119922626964,9451371
342,2009-02-27,30.315759658813477,31.442042316309397,28.5011940980438,28.6263356725696,35406885
343,2009-03-02,28.90790367126465,29.580543260589828,28.5011904239489,28.782759991180217,9682882
344,2009-03-03,27.875476837158203,29.252042389638053,27.68776238832434,29.064330062494733,6218930
345,2009-03-04,28.641983032226562,28.92355479807072,28.00062759644353,28.407340954868715,6597422
346,2009-03-05,28.688899993896484,29.0486856525284,28.250902460081626,29.0486856525284,6109769
347,2009-03-06,28.9548397064209,29.064340193357303,28.157056203331994,28.250913460464446,3962742
348,2009-03-09,28.454261779785156,29.09561706360714,28.18833542813557,29.09561706360714,2964226
349,2009-03-12,29.28333282470703,29.549261309807665,28.50119271757674,29.392833288381606,6091612
350,2009-03-13,29.69004249572754,29.87775482560661,28.970473260298007,29.72132682319543,6329765
351,2009-03-16,30.002910614013672,30.221909481470455,29.017412527921,29.87776688854449,8232474
352,2009-03-17,30.12804412841797,30.597328199119016,29.7526172961953,30.206258140201477,4981205
353,2009-03-18,29.909042358398438,30.76939640283137,26.905623754610858,26.905623754610858,4007849
354,2009-03-19,30.096757888793945,30.268827006456995,28.782760876776603,28.782760876776603,3286397
355,2009-03-20,30.22190284729004,30.4565448941343,29.736975526140373,30.018547255368066,3154546
356,2009-03-23,30.72247314453125,30.972756295097888,29.971617327758498,30.018547009757953,7034396
357,2009-03-24,30.785043716430664,31.33254181741746,30.347043962626667,31.129184106893522,7551877
358,2009-03-25,30.36269187927246,30.972760861685657,29.92469417951203,30.519119932285655,5666796
359,2009-03-26,30.112398147583008,31.269967113458044,29.502329335807932,31.269967113458044,9588411
360,2009-03-27,29.58054542541504,30.50347032076184,29.31461906394403,30.50347032076184,6291705
361,2009-03-30,29.58054542541504,30.253187185657552,27.374909915050104,30.253187185657552,4842258
362,2009-03-31,29.909042358398438,30.597325169606652,28.172691044386575,30.597325169606652,7683950
363,2009-04-01,28.767118453979492,31.254325637795414,28.62633366210274,31.254325637795414,7321541
364,2009-04-02,29.28333282470703,29.721330436023667,28.98612000833569,29.377190061900833,9185217
365,2009-04-06,28.939191818237305,29.8308324349301,28.73583622859415,29.408475906667,6958026
366,2009-04-08,30.472187042236328,30.878900333364996,28.000622963341115,28.62633506609572,16888845
367,2009-04-09,30.0185489654541,31.56718613851024,29.799548011904054,31.12918635310123,7959989
368,2009-04-13,29.611827850341797,30.50346617167433,29.173828180104465,30.19061017365789,6786405
369,2009-04-15,30.378324508666992,30.581680057948535,29.408470069730747,29.408470069730747,9517190
370,2009-04-16,29.596195220947266,30.910190458662147,29.330266678759997,30.7850488633336,16019178
371,2009-04-17,30.503461837768555,31.786172096065787,29.439752444319794,30.284463094610306,24728264
372,2009-04-20,31.880037307739258,32.505749371913005,29.8934006553113,31.56718127565238,20235831
373,2009-04-21,31.285621643066406,31.98954793908317,31.00404985164484,31.723619378578043,8757532
374,2009-04-22,30.2375545501709,32.036477413538385,29.79955466694475,32.036477413538385,10270548
375,2009-04-23,31.301240921020508,31.551526076046052,29.736961354223272,30.487816819299915,7645123
376,2009-04-24,31.301240921020508,31.786168011065637,30.691172314307575,31.72359725273174,4953362
377,2009-04-27,30.26883316040039,31.285617577541803,30.04983432110318,31.285617577541803,6298942
378,2009-04-28,28.782758712768555,30.941466411860162,28.6263307108789,30.612967183553767,8020828
379,2009-04-29,28.970474243164062,29.564899823817075,28.53247454853864,29.377187487569586,10317407
380,2009-04-30,28.970474243164062,28.970474243164066,28.970474243164066,28.970474243164066,0
381,2009-05-04,29.424114227294922,30.002898688518602,29.26768622390372,29.67439945705896,6346688
382,2009-05-05,30.0185489654541,30.34704615239701,29.2520498714111,29.72133399183363,10754066
383,2009-05-06,30.143686294555664,30.847612375840725,29.799543806139987,30.331400764907993,8162872
384,2009-05-07,30.378324508666992,30.628609730491554,29.87775406501786,30.347038060304975,6552316
385,2009-05-08,30.456546783447266,31.59847275527441,29.909048640181002,30.347046306117576,16052278
386,2009-05-11,30.456546783447266,31.269973444976436,30.25319117891052,30.378332762980655,8177989
387,2009-05-12,31.661033630371094,31.801818398775858,30.081110487474366,30.75375000412514,9045014
388,2009-05-13,31.035324096679688,32.052106124011644,30.73810919133787,31.911321344565337,8210662
389,2009-05-14,31.08225440979004,31.754896160625236,30.268827867004944,31.254325654035824,7465672
390,2009-05-15,31.58281898498535,31.880031739215216,31.06660534919522,31.129176120345132,5990389
391,2009-05-18,36.61981201171875,37.542739171744074,33.81975256082673,35.6656026374951,170650
392,2009-05-19,36.93266677856445,38.76287568261187,33.475608815772105,35.66560136066047,19037417
393,2009-05-20,37.16730499267578,40.67129439942719,35.03988558075066,38.48130208105298,10704619
394,2009-05-21,36.74494552612305,38.7941505251535,36.46337174565584,37.51144014133695,11495294
395,2009-05-22,37.136016845703125,38.41872727578214,36.4477319583297,37.198585498767336,8524108
396,2009-05-25,36.47901916503906,37.54272872305789,36.0410216109585,37.527087620311875,5914983
397,2009-05-26,33.71023941040039,36.8075126790702,32.9750270288189,36.76058513202898,11328948
398,2009-05-27,34.32032012939453,35.66560170129851,33.71025119611572,34.414177377981524,9833643
399,2009-05-28,35.039886474609375,35.634312127512544,33.522533766637906,35.039886474609375,18047010
400,2009-05-29,35.96281051635742,36.29130764761601,35.211954777946026,35.665595593118546,12795881
401,2009-06-01,37.57402038574219,37.79301707148013,35.75945277650123,36.88573538855049,13519274
402,2009-06-02,37.245506286621094,38.70028979608413,36.35387025615052,37.85557706435593,10664555
403,2009-06-03,39.29472732543945,39.57629690822015,36.9170206111262,37.85558871598289,19445390
404,2009-06-04,39.26343536376953,39.701432902565934,38.07458429512487,39.576291354821386,11373782
405,2009-06-05,39.12265396118164,40.202004618695156,38.43436906157043,39.70143416837619,13240784
406,2009-06-08,37.83993911743164,39.810929997838024,37.120367852539026,39.10700407720994,8283946
407,2009-06-09,37.87123489379883,38.309232503655416,36.40080979994282,37.76173443048927,6301719
408,2009-06-10,38.26231002807617,39.32601986283358,37.73045298900636,39.32601986283358,5514227
409,2009-06-11,38.35615539550781,39.26343695771414,37.91815783893039,39.09136785300266,8425194
410,2009-06-12,37.933799743652344,38.85672667158484,36.94830415967537,38.48129776179302,8819990
411,2009-06-15,38.15281295776367,38.70031115254743,37.07345767640837,38.70031115254743,6088490
412,2009-06-16,38.43436813354492,38.71593767899405,36.99522971489485,38.41872703122369,5235173
413,2009-06-17,37.245506286621094,39.357288115941586,36.63543975226651,39.357288115941586,8548532
414,2009-06-18,34.242095947265625,37.38629905084228,33.694597968293735,37.229871056850314,15756310
415,2009-06-19,33.80409622192383,35.33708961501577,32.59959989757279,35.33708961501577,11260656
416,2009-06-22,33.272247314453125,34.226458667866495,32.849892930335976,33.788461057295194,11032509
417,2009-06-23,33.58510971069336,34.07003494004418,32.302398926865216,32.53704098817346,9061729
418,2009-06-24,33.647674560546875,34.664456646652866,33.24096130176634,34.664456646652866,12156270
419,2009-06-25,33.49123764038086,34.554946998893584,33.021951603754474,34.10130630545992,22858397
420,2009-06-26,34.68010330200195,34.8834588906577,33.178391680289515,34.38288835008689,16833106
421,2009-06-29,34.86781311035156,35.68123752710479,34.57060030188998,35.68123752710479,16727201
422,2009-06-30,34.2264518737793,35.49351901799453,33.72588357844701,35.039878271018566,10678356
423,2009-07-01,33.47560501098633,34.5080303748566,32.84989292642141,34.27338834314476,9694486
424,2009-07-02,34.44546127319336,34.680103316366065,33.3973926316789,34.680103316366065,11593296
425,2009-07-03,35.33709716796875,35.58738241996901,33.55381819521439,34.24210104694703,14320723
426,2009-07-06,32.42753601074219,36.76059299025571,32.06775241534177,35.91587998941856,16536927
427,2009-07-07,32.70909881591797,34.07002314919778,32.22417375438849,34.07002314919778,6256398
428,2009-07-08,31.880037307739258,32.505749371913005,30.87889842939941,32.505749371913005,9995092
429,2009-07-09,32.19289016723633,32.599603393206074,31.348179388185653,32.06774861541051,5766023
430,2009-07-10,32.11468505859375,33.287895388129996,31.629757698047204,32.380613581965086,4813799
431,2009-07-13,32.255470275878906,32.94375325344837,31.05097347386397,32.38061398560409,6649724
432,2009-07-14,33.788448333740234,34.07001781712239,32.42752421344974,32.77166657908574,6681312
433,2009-07-15,34.74266052246094,34.946016031708226,33.851020258274914,34.25773339845959,5318107
434,2009-07-16,34.68010330200195,35.790740608540005,33.78846268963861,35.790740608540005,6733724
435,2009-07-17,34.94602966308594,35.290172174794776,34.445461244416904,35.290172174794776,4714999
436,2009-07-20,35.02424621582031,35.66560160411081,34.66446257252351,35.055532672494415,3204852
437,2009-07-21,34.476741790771484,35.258881848129626,33.94488697610608,35.258881848129626,3387311
438,2009-07-22,34.05439758300781,35.25889235733458,33.663327437767045,34.570609326049095,4155805
439,2009-07-23,35.54045486450195,35.88459735122376,34.13260270886127,35.16502592564515,7225701
440,2009-07-24,35.36838912963867,36.43210108591757,35.0868173816423,36.43210108591757,3938895
441,2009-07-27,35.868953704833984,36.260023766617095,35.19631404724338,36.260023766617095,5271010
442,2009-07-28,36.38515090942383,36.604151754531756,35.69687041964762,36.51029667427411,5714377
443,2009-07-29,36.729305267333984,36.9170197325141,35.290168813819136,36.88573328108717,8829709
444,2009-07-30,37.245506286621094,37.74607663714965,36.82315416413724,36.94829569092432,17110331
445,2009-07-31,36.729305267333984,37.93380182190979,36.54159080215388,37.511445336099904,5752956
446,2009-08-03,36.69801712036133,37.30808804316443,36.541589113835535,37.10473248335715,3665243
447,2009-08-04,36.26001739501953,37.49580027045552,36.13487584591511,37.49580027045552,3621563
448,2009-08-05,35.931522369384766,36.447733941309394,35.35273789761056,36.447733941309394,4774621
449,2009-08-06,35.21194839477539,36.228728177322694,34.94601997114479,35.79073066725031,7103528
450,2009-08-07,35.29016876220703,35.82202358385187,34.77395504456206,35.03988351622984,3574790
451,2009-08-10,34.61753463745117,35.91588658631067,34.33596499991502,35.634316948774526,2330557
452,2009-08-11,34.83652114868164,35.227591106172035,34.17952277142165,35.227591106172035,2647345
453,2009-08-12,34.38288497924805,34.83652791540575,32.84989129678974,32.84989129678974,3169220
454,2009-08-13,34.961666107177734,35.32144965459529,34.60188255976018,35.32144965459529,3372052
455,2009-08-14,35.00859832763672,35.66559685681398,34.72702874181264,34.72702874181264,5692114
456,2009-08-17,33.303531646728516,34.85216853326219,33.131460410071284,34.41417095058078,7525848
457,2009-08-18,34.02309799194336,34.10131199080585,32.84988800900607,33.381742776932875,3831268
458,2009-08-19,33.194026947021484,34.39852332796065,33.08452862619364,34.33595255581754,2016070
459,2009-08-20,33.522525787353516,33.77281099488725,33.319170249683204,33.60073978210215,1291386
460,2009-08-21,33.91617202758789,34.042138634552444,33.081650464241456,33.69573313495316,2476248
461,2009-08-24,34.21533966064453,34.43578069157585,33.916172435921105,34.294067990079256,3720905
462,2009-08-25,34.62473678588867,34.92390409170157,34.246841129301686,34.60899068860522,5644025
463,2009-08-26,34.46726989746094,35.08135042487731,34.168102680067584,34.64047264510211,4450635
464,2009-08-27,34.02638626098633,34.78217722069608,33.821691363318386,34.46726396487665,7528977
465,2009-08-28,33.884681701660156,34.43577999658077,33.506784019486254,34.26257724819149,4498782
466,2009-08-31,33.884681701660156,34.073628407104536,33.44380178433813,33.66424067517786,5347897
467,2009-09-01,33.55402755737305,34.16811035843056,33.286352465086246,33.97916147569855,4467549
468,2009-09-02,33.979164123535156,34.073638572263114,33.223372804997936,33.38082950766346,3513954
469,2009-09-03,33.49103927612305,34.32556086629647,33.2233642320484,34.32556086629647,5440841
470,2009-09-04,33.74297332763672,33.82170166557261,32.98718213770932,33.569770557049196,3523284
471,2009-09-07,33.69572830200195,34.3727909756215,33.56976171310469,34.29406265842656,4931172
472,2009-09-08,34.02638626098633,34.42002783076061,33.86892963307662,33.90041967727324,4162308
473,2009-09-09,33.20762634277344,34.01065594467391,33.06591573905999,34.01065594467391,8053306
474,2009-09-10,33.82169723510742,34.215338873221874,33.42805559699296,33.632750530198024,7355612
475,2009-09-11,34.073631286621094,34.262580143675855,33.585515185598574,34.073631286621094,4466196
476,2009-09-14,34.010643005371094,34.136607463939335,33.69572972330811,33.85318636433961,2292939
477,2009-09-15,33.79020309448242,34.24682691228348,33.63274645829983,34.19959077568563,6351632
478,2009-09-16,33.947669982910156,34.2783294458817,33.60126442443655,34.04214442027959,7262510
479,2009-09-17,34.02638626098633,34.21533293309267,33.7114730051669,34.152350709057224,4533815
480,2009-09-18,33.963409423828125,34.08937389187802,33.72722444450266,33.72722444450266,3807983
481,2009-09-22,34.010643005371094,34.26257405814995,33.91616859362372,34.010643005371094,3732519
482,2009-09-23,34.67197036743164,35.20732265283735,34.105125891737345,34.199600326960216,10885467
483,2009-09-24,35.081356048583984,35.69543881008328,34.60898600782632,34.9553915586391,10152395
484,2009-09-25,35.049861907958984,35.49073970701336,34.79793082179534,34.955387483692284,5754133
485,2009-09-29,34.939632415771484,35.67967939085554,34.79792188359257,35.58520499085556,3351144
486,2009-09-30,34.62473678588867,35.39627419634611,34.514518376190864,35.01837853975912,5591598
487,2009-10-01,34.545989990234375,34.95537762280702,34.43577163938462,34.67195656560245,4613924
488,2009-10-05,34.29407501220703,34.498769992036664,34.05788997554111,34.29407501220703,3847231
489,2009-10-06,34.48301315307617,34.6089776124649,33.774458263819184,34.53024929143635,2883224
490,2009-10-07,34.26259231567383,34.76645255408141,34.089389491116044,34.64048802839039,3492297
491,2009-10-08,33.979164123535156,34.451534231531724,33.88469181045041,34.325569723656585,6173266
492,2009-10-09,33.963409423828125,34.262576637178526,33.71147835208579,34.16810221831984,4193022
493,2009-10-12,34.105125427246094,34.24683601032893,33.900430464443886,34.010650993309916,1800379
494,2009-10-13,34.105125427246094,34.105125427246094,34.105125427246094,34.105125427246094,0
495,2009-10-14,35.002620697021484,35.27029785408911,34.120865172747486,34.42003237817205,6809859
496,2009-10-15,35.41200637817383,35.90012238829239,35.00261868789237,35.00261868789237,7572106
497,2009-10-16,35.270301818847656,35.74267181808351,35.128591246205445,35.585215151671555,3312168
498,2009-10-20,35.22306442260742,35.80565278626156,34.98687943137511,35.112843905775286,3209019
499,2009-10-21,35.081356048583984,35.49074384436921,34.86091712335899,35.20732267417177,1976113
500,2009-10-22,34.357059478759766,35.08135855107428,31.806260222452725,34.797937360659304,2682882
501,2009-10-23,34.73494338989258,34.79792561810445,34.32555570305193,34.640468979753614,1979627
502,2009-10-26,34.62473678588867,34.95539628626849,34.23109503201823,34.483026181623956,1820035
503,2009-10-27,34.357059478759766,34.71920901491703,34.18385669099814,34.2940750936515,4096925
504,2009-10-28,33.884681701660156,34.32555948333962,33.44380178433813,34.32555948333962,1873167
505,2009-10-29,33.317840576171875,34.30981894912342,33.065911594764735,33.41231501202101,4457277
506,2009-10-30,32.8612060546875,33.97914855864334,32.467564478339824,33.97914855864334,2912146
507,2009-11-03,32.24712371826172,33.27059175632166,32.02668487565415,32.59352913924654,3200653
508,2009-11-04,32.892704010009766,33.034414575246544,31.58581246569977,32.640772929787374,2690289
509,2009-11-05,33.55402755737305,33.695740287243574,32.262883977514456,32.82972849006744,2975233
510,2009-11-06,33.601253509521484,34.12086167844417,33.443796876934414,33.979149000602,2665782
511,2009-11-09,33.80596160888672,33.9319261098677,33.08165825349524,33.90043391680091,1222652
512,2009-11-10,33.128883361816406,34.010640924779956,32.90844450498608,34.010640924779956,2700520
513,2009-11-11,34.1838493347168,34.309813806539964,33.06590663862638,33.33358167516128,3211200
514,2009-11-12,33.49103927612305,34.6719663770315,33.239108189737806,34.6719663770315,7034805
515,2009-11-13,32.9871826171875,33.77446600798979,32.782487654193176,33.5382809907491,5050823
516,2009-11-16,33.05016326904297,33.648499898611966,32.7824860748091,33.380822704378105,6037955
517,2009-11-17,33.0344123840332,33.191869031772576,32.67226294848963,33.191869031772576,4578478
518,2009-11-18,32.892704010009766,33.3178357057201,32.76673740207727,33.06590676114032,3519599
519,2009-11-19,32.93994903564453,33.22337237818734,32.78249233500181,33.002931288772984,3934390
520,2009-11-20,33.63275146484375,33.75871593828387,32.97143264017655,33.09739711361667,4677765
521,2009-11-23,33.443809509277344,33.75872289340007,33.191878374850546,33.695740643704134,2821321
522,2009-11-24,32.70375442504883,33.53827597590225,32.60928000515037,33.53827597590225,5439086
523,2009-11-25,32.971439361572266,33.01867551483099,32.68801603509077,32.751000420293146,1865683
524,2009-11-26,32.46757507324219,32.97143730964572,32.31011839132145,32.719506191443955,5780245
525,2009-11-27,32.168392181396484,32.59352587036363,31.61729406232747,32.40457708956892,7226035
526,2009-11-30,31.428361892700195,32.672271441711985,29.932523350329934,32.43608640870615,34539390
527,2009-12-01,32.27862548828125,32.56204663647429,31.491342148141978,32.121168820253395,9492411
528,2009-12-02,32.45183563232422,32.65653064218062,32.05819384680426,32.31012501666571,4964876
529,2009-12-03,32.46757507324219,32.68801400080263,32.38884673228182,32.499067263883504,3578736
530,2009-12-04,32.672264099121094,32.87695689413404,32.19989413926735,32.27862246590964,3567645
531,2009-12-07,32.593544006347656,32.813982949505444,32.56205181347808,32.735254602974585,4545289
532,2009-12-08,32.971439361572266,33.14464214959268,32.49906928641283,32.68801603509077,4206166
533,2009-12-09,32.751007080078125,33.19188505228713,32.68802268206812,32.93995386717763,3096689
534,2009-12-10,33.223365783691406,33.44380469370773,32.75099577552382,32.75099577552382,3347394
535,2009-12-11,33.11314010620117,33.61700222406843,32.98717564455557,33.38081725675111,2530102
536,2009-12-14,33.05016326904297,33.302094369090824,32.924196651197654,33.065909363228975,1458861
537,2009-12-15,33.05016326904297,33.22336603380354,32.81397826318113,33.113145510144236,2359025
538,2009-12-16,32.924198150634766,33.1288931130896,32.60928479514383,32.90845419137452,3602393
539,2009-12-17,32.955692291259766,33.34933400892513,32.861217851891475,33.34933400892513,1264927
540,2009-12-18,32.924198150634766,33.144639207992725,32.62503089004695,32.924198150634766,1671508
541,2009-12-21,32.924198150634766,33.034418679313745,32.688013134016565,32.7667414728893,1309866
542,2009-12-22,33.53827667236328,33.82169780230167,32.76673734020608,32.95568618392674,3246132
543,2009-12-23,34.49876403808594,34.782185178913736,33.63275238643771,33.695734624883585,9531688
544,2009-12-24,34.26259231567383,35.034129840729214,34.026407228270536,34.483031303454865,3529789
545,2009-12-29,34.545989990234375,35.06559810929883,34.38853337275582,34.56173607911064,3582130
546,2009-12-30,34.2783203125,34.797926376119584,34.18384590030306,34.483013092558046,1887030
547,2009-12-31,34.68771743774414,35.553729256272774,34.40429624230109,34.54600684002261,8785123
548,2010-01-04,35.396263122558594,35.63244810098995,34.6719642305498,34.703454279621795,4353415
549,2010-01-05,35.50647735595703,36.02608336238391,35.349020731507416,35.58520566818184,4374738
550,2010-01-06,35.75841522216797,36.02609025354861,35.58521247501429,35.774161314753314,5549959
551,2010-01-07,36.073333740234375,36.29377481002615,35.49074528110138,35.868640901876866,4535147
552,2010-01-08,36.167808532714844,36.466973659791805,35.91587528375523,36.24653687214864,3809958
553,2010-01-11,36.34175491333008,36.7687475790541,36.24686956092953,36.689675022066716,3041300
554,2010-01-12,35.81989288330078,36.53154621383142,35.67756264619093,36.12037044995435,2569224
555,2010-01-13,36.35757827758789,36.53153621701802,35.36126260049684,35.81988308123046,3322262
556,2010-01-14,37.11668395996094,37.48041702357343,36.3892135427733,36.53154592373424,6747297
557,2010-01-15,37.52785873413086,38.41347431134611,37.116682984326935,37.43297334262612,11273753
558,2010-01-18,37.19575119018555,37.95484710264761,37.0376060296742,37.559484201369244,4085821
559,2010-01-19,36.768760681152344,37.60692922589755,36.57898561876645,37.164123606972,4992784
560,2010-01-20,36.97433853149414,37.3064458732214,36.658048276493595,36.76875072373601,3697700
561,2010-01-21,35.94639587402344,37.148301439447195,35.756623004467535,36.84782397560095,3555527
562,2010-01-22,36.15198516845703,36.357577278448346,34.7128661382862,34.791938706756284,4943166
563,2010-01-25,36.46828079223633,37.00597605269733,35.44033939630697,36.15199047195621,2912852
564,2010-01-27,35.83570098876953,37.132489967600776,35.48778079116697,36.46827946126167,8252922
565,2010-01-28,36.02547073364258,37.306448945876134,34.254246446745285,36.658051295744635,11600411
566,2010-01-29,35.645931243896484,35.96222159964597,35.12405301490232,35.70918888605013,3996285
567,2010-02-01,35.725006103515625,35.94640893761638,35.424530675451635,35.50360326941487,2078776
568,2010-02-02,35.962215423583984,36.531538395155195,35.582667490863464,35.86732790415863,3466800
569,2010-02-03,35.725006103515625,36.13618402112069,35.58267586337809,36.05711142715746,2006355
570,2010-02-04,35.42451858520508,36.136171687989766,35.32963107583765,35.58266371915723,2254939
571,2010-02-05,33.96958923339844,35.10823528171936,33.843073959132155,34.98172000745308,4391981
572,2010-02-08,34.3175048828125,34.45983508364399,33.77981182134864,34.3175048828125,1831316
573,2010-02-09,34.19099044799805,34.47565085650963,34.01703035613836,34.19099044799805,1113258
574,2010-02-10,33.93796157836914,34.36495223889918,33.858888995495306,34.31750954716731,1023345
575,2010-02-11,33.85887145996094,34.23841923219104,33.827241585200106,34.00120160642473,640478
576,2010-02-15,33.178863525390625,34.317509577782026,33.14723363422044,33.93796160864526,1575236
577,2010-02-16,33.76399612426758,34.00121383535197,33.14722835946357,33.21048813173734,1192982
578,2010-02-17,33.87470245361328,34.08029030206536,33.748185039581934,34.00121772266364,989784
579,2010-02-18,34.206809997558594,34.617987892651136,33.59004422741041,33.92214953286906,1713670
580,2010-02-19,33.89051818847656,34.20680853347464,33.68493032222028,34.20680853347464,1267093
581,2010-02-22,33.843074798583984,34.27006761354084,33.76400221396095,33.96959007598839,835164
582,2010-02-23,33.716548919677734,33.90632393316759,33.54258884814213,33.843066310331174,801182
583,2010-02-24,33.60586166381836,33.811449554103724,33.41608657664616,33.59004671572377,906081
584,2010-02-25,33.669105529785156,33.84306559765748,33.24211283091496,33.84306559765748,1650113
585,2010-02-26,34.01704406738281,34.444034852257296,33.52679348180244,33.84308390540504,1548385
586,2010-03-02,34.01704406738281,34.63380996441154,33.84308390540504,34.03285901755929,780476
587,2010-03-03,34.380760192871094,34.475647702019785,33.70073483145602,33.70073483145602,1578097
588,2010-03-04,34.412391662597656,34.633794430821865,34.254246521725975,34.475649289950184,1157814
589,2010-03-05,34.23843765258789,34.681243267590624,34.159365068124465,34.47565540597817,766252
590,2010-03-08,34.80775833129883,35.01334617898154,34.31750791184659,34.475653070058215,1998979
591,2010-03-09,34.412391662597656,34.918454826398595,34.317504149078495,34.79193957169355,1368556
592,2010-03-10,34.50728988647461,34.697062827433825,34.20681230957171,34.444030094506786,1572349
593,2010-03-11,33.77981185913086,34.85519798326138,33.55840694094446,34.47565006562595,4256779
594,2010-03-12,33.621673583984375,33.96959385300278,33.38445580373947,33.542600990569404,7813231
595,2010-03-15,33.09979248046875,33.6849304794387,32.95746225355155,33.6849304794387,2420100
596,2010-03-16,33.19468307495117,33.28957061664118,32.751875262058284,32.91002044988116,1690093
597,2010-03-17,33.63748550415039,33.795632821727786,33.24212257265986,33.24212257265986,2067076
598,2010-03-18,33.55839920043945,33.811431802159404,32.30905327661129,33.38443915269571,2257266
599,2010-03-19,34.22261428833008,34.55471949037864,33.40025875420798,33.526776145216324,3363560
600,2010-03-22,34.01704406738281,34.50729465296319,33.73238139915144,33.84308390540504,2178427
601,2010-03-23,34.14354705810547,34.444022423104826,33.7798140602085,34.08028942520786,1381649
602,2010-03-25,33.669105529785156,34.301686034789554,33.52677534515528,34.301686034789554,3128139
603,2010-03-26,33.76399612426758,34.00121383535197,33.47933358397786,33.70073635199381,2059990
604,2010-03-29,33.76399612426758,34.04865651957655,33.55840615433932,33.98539889228353,1977720
605,2010-03-30,33.7481689453125,34.001201507724716,33.684911340954436,33.763983882647004,1369034
606,2010-03-31,33.89051818847656,34.03285055971064,33.305380192237635,33.84307549471932,1719363
607,2010-04-01,33.73237228393555,34.03284982114786,33.68492959120788,34.001219929342,928358
608,2010-04-05,34.01704406738281,34.23844693490829,33.76401129950439,34.15937432900764,1444077
609,2010-04-06,33.90632629394531,34.159358947889366,33.811438780593704,34.159358947889366,2818200
610,2010-04-07,34.96590042114258,35.10823062204692,33.87469935423489,33.87469935423489,3932498
611,2010-04-08,35.155677795410156,35.7091858712409,34.20680680827174,35.4245254330918,4525961
612,2010-04-09,34.68123245239258,35.250555311984506,34.57053215565389,35.17148275217953,2218499
613,2010-04-12,34.30168151855469,34.95007687981114,34.19098123174229,34.50727144260103,854787
614,2010-04-13,34.08030319213867,34.53892389713495,33.96960068111325,34.0012305828296,1196945
615,2010-04-15,34.04866409301758,34.44402703276543,33.93796375687692,34.31751175003861,1834504
616,2010-04-16,34.12773513793945,34.222622668185004,33.87470458392615,33.93796222242948,3410045
617,2010-04-19,34.01704406738281,34.127744428654694,33.68493869360374,33.969599216853396,1997149
618,2010-04-20,34.14354705810547,34.428209623616134,33.70073933786032,34.00121684784061,2663183
619,2010-04-21,34.80775833129883,35.17149133719317,34.127732864000244,34.159362753634966,4408329
620,2010-04-22,34.364959716796875,35.3138309177595,34.0328565124452,34.69706506613011,3257926
621,2010-04-23,34.68123245239258,34.79193489411173,34.2858696533677,34.47564465489182,1225052
622,2010-04-26,34.918453216552734,35.21893068634062,34.69705045853586,34.791937967680425,1204934
623,2010-04-27,35.804073333740234,36.262693881025626,34.82357460247165,34.87101729374974,11718037
624,2010-04-28,36.34175491333008,38.11298104783959,34.190983079257606,35.58265922424337,8993805
625,2010-04-29,34.93427276611328,36.025473902734035,34.66542729055854,36.025473902734035,5294606
626,2010-04-30,34.80775833129883,35.26637886111634,34.72868575219301,35.26637886111634,1318467
627,2010-05-03,34.58635330200195,34.77612619259417,34.50728072800999,34.77612619259417,1557313
628,2010-05-04,34.001216888427734,34.77612771855559,33.89051442198907,34.6021676191438,1045708
629,2010-05-05,33.92215347290039,34.0644837217767,33.59004812886797,33.84308087408227,1404451
630,2010-05-06,33.76399612426758,34.00121383535197,33.33700338632338,33.68492355390612,1322298
631,2010-05-07,33.52678298950195,33.76400073296595,33.22630546512939,33.36863782719262,5243780
632,2010-05-10,34.19099044799805,34.364948394876876,33.59003759839014,33.62166534101318,1121466
633,2010-05-11,33.76399612426758,34.44401937138386,33.669108610837675,34.44401937138386,838559
634,2010-05-12,33.79562759399414,34.04865811502268,33.5584077268134,34.03284531619404,1266616
635,2010-05-13,34.27005386352539,34.349126416422514,33.684916114094584,34.00120632568307,1612426
636,2010-05-14,33.60586166381836,34.285885127052794,33.36864387734383,33.92215204578441,1711958
637,2010-05-17,32.78349685668945,33.49515002169868,32.59372182136132,33.21048961368733,1851642
638,2010-05-18,32.89420700073242,33.19468242269545,32.609544381255866,33.19468242269545,1361316
639,2010-05-19,32.4830207824707,32.8941985865497,32.29324575136324,32.8941985865497,2450689
640,2010-05-20,32.92582702636719,33.08397217398213,32.024400971950485,32.34069126718038,2116627
641,2010-05-21,32.68861389160156,32.957461538262294,31.73974287277237,31.992775573456385,1432024
642,2010-05-24,32.498836517333984,32.9100121864455,32.29324653779738,32.76768198213914,3809046
643,2010-05-25,31.91370964050293,32.34070254596899,31.644861937804805,32.261629944585025,2621138
644,2010-05-26,32.64116668701172,32.89419935272172,32.38813402130172,32.54627916924786,1674436
645,2010-05-27,32.05603790283203,33.052353905372655,31.692304817051756,33.052353905372655,4522469
646,2010-05-28,32.593719482421875,32.862567072347304,32.056026447551716,32.056026447551716,1223573
647,2010-05-31,32.67280197143555,32.78350445854351,32.309068905191694,32.656989168975564,3962642
648,2010-06-01,32.91000747680664,33.21048493120746,32.5304596046452,33.21048493120746,2173677
649,2010-06-02,33.02072525024414,33.09979784968933,32.577919551343705,33.02072525024414,1067731
650,2010-06-03,33.400264739990234,33.51096720883935,33.02071678890626,33.178861947273006,855327
651,2010-06-04,33.44770431518555,33.57421956399334,33.14722684555091,33.52677688193558,730766
652,2010-06-07,33.03652572631836,33.194670855927704,32.261615020228696,33.020710784361306,1110289
653,2010-06-08,32.593719482421875,33.21048723048836,32.46720423126914,33.036527151417836,1369731
654,2010-06-09,32.40394973754883,32.84675530436145,32.309062217523014,32.59372263261957,2036943
655,2010-06-10,32.24580383300781,32.79931185109159,32.10347362878244,32.51464929765999,2079894
656,2010-06-11,32.07183837890625,32.57790362596317,32.00858075926926,32.41975850438044,1791437
657,2010-06-14,32.593719482421875,32.68860699327678,32.16672890104588,32.56209174212404,1700881
658,2010-06-15,32.67280197143555,32.736061761200865,32.41977139229965,32.60954432665157,1047592
659,2010-06-16,32.46721267700195,32.95746315646443,32.38814008821708,32.67280054985013,1289944
660,2010-06-17,32.53046417236328,32.68860932005131,32.34069128212615,32.46720654228424,662067
661,2010-06-18,32.53046417236328,32.86256941150432,32.22998882075219,32.451391598519265,1111519
662,2010-06-21,32.70443344116211,32.81513593360082,32.53047330089333,32.64117579333204,1131800
663,2010-06-22,32.45139694213867,32.81513212870422,32.29325176840962,32.736059541839694,1139377
664,2010-06-23,32.356502532958984,32.53046261608966,32.22998727885345,32.26161716487021,1355354
665,2010-06-24,32.08766555786133,32.51465626199485,31.94533532315015,32.2932534363351,2329371
666,2010-06-25,32.05603790283203,32.32488558883064,31.913707658178076,31.97696530635967,1672844
667,2010-06-28,32.656986236572266,32.815131406822374,32.0718482486544,32.0718482486544,2401306
668,2010-06-29,32.435577392578125,33.13141777421868,32.29324718541743,32.81512747164785,1542276
669,2010-06-30,32.92582702636719,33.05234443144765,32.13510128829244,32.26161869337291,2708253
670,2010-07-01,32.656986236572266,32.91001679298752,32.4197684811971,32.79931646080114,1450319
671,2010-07-02,32.751861572265625,32.9732664586588,32.60953139171322,32.76767651343378,1534161
672,2010-07-05,32.293251037597656,32.86257407913445,31.629042609955693,32.57791363085663,1409644
673,2010-07-06,32.277427673339844,32.40394506345177,32.19835510888761,32.29324261522641,765539
674,2010-07-07,32.4830207824707,33.147229101385264,32.435575952203436,32.57790829802444,4099698
675,2010-07-08,32.261634826660156,32.894215733458836,32.214189971661106,32.894215733458836,2147848
676,2010-07-09,32.24580383300781,32.48302155504371,32.15091631519728,32.419763924830306,2076435
677,2010-07-12,31.92951011657715,32.41976045193047,31.850437551035668,32.309058002180144,4188571
678,2010-07-13,31.94533348083496,32.08766370733783,31.708115721669785,31.8820736957393,3777184
679,2010-07-14,31.850435256958008,32.261612997154124,31.771362697111854,32.229983115223476,2928502
680,2010-07-15,31.866247177124023,32.15090750759329,31.802987419259512,32.10346483417516,3552196
681,2010-07-16,31.739749908447266,32.087670217133095,31.62904955203386,32.087670217133095,1309829
682,2010-07-19,31.644847869873047,32.0718405855166,31.34437254718863,31.34437254718863,3056097
683,2010-07-20,31.581588745117188,31.834621374030636,31.5341460656249,31.787178694538348,2241425
684,2010-07-21,31.5974063873291,31.73973658295187,31.502518875253685,31.73973658295187,1373142
685,2010-07-22,32.08766555786133,32.48302851260421,31.629044959355845,31.850447785015596,5819774
686,2010-07-23,31.94533348083496,32.38813910661748,31.818816055624822,32.38813910661748,1826820
687,2010-07-26,31.94533348083496,32.08766370733783,31.629043135281396,31.94533348083496,1879489
688,2010-07-27,31.992761611938477,32.19834938497463,31.67647141035657,31.67647141035657,2785906
689,2010-07-28,32.02440643310547,32.45139711749248,31.86626125852186,32.10347902039727,3199899
690,2010-07-29,31.739749908447266,32.245815421993626,31.54997694960359,31.692307204981752,2312762
691,2010-07-30,31.75556182861328,32.00859456124845,31.676489233726134,31.78719172456071,1285466
692,2010-08-02,31.802997589111328,32.071845211065884,31.723925011475398,31.94532994484077,778568
693,2010-08-03,31.5974063873291,31.88206677857464,31.534148760939065,31.88206677857464,1708893
694,2010-08-04,31.676475524902344,31.787177967827542,31.202040160903753,31.787177967827542,1886451
695,2010-08-05,31.249488830566406,31.8820694371783,31.15460131057844,31.486706558045864,1508701
696,2010-08-06,31.486703872680664,32.02439905842779,31.31274379170252,31.39181636078525,3922176
697,2010-08-09,32.30906295776367,32.388135535433356,31.818812547215455,31.86625738080583,3155186
698,2010-08-10,32.10346984863281,32.56209029490398,31.96113751618607,32.56209029490398,2033594
699,2010-08-11,31.676475524902344,32.13509594777155,31.629032846494678,31.945323089160407,1383082
700,2010-08-12,31.549964904785156,31.692295105825966,31.470890187561594,31.502520074451017,746648
701,2010-08-13,32.2299919128418,32.32487943955413,31.518338679970867,31.739741478978946,2838836
702,2010-08-16,33.30537033081055,34.00121059975909,32.38812945989554,32.38812945989554,10437835
703,2010-08-17,33.21049118041992,33.93795932352222,33.08397376923899,33.66911170162106,4272775
704,2010-08-18,32.87839126586914,33.6058595271344,32.46721336645997,33.41608445202823,2042150
705,2010-08-19,33.00489807128906,33.526778321231845,32.62535016359115,33.526778321231845,2150678
706,2010-08-20,32.64116668701172,33.242117391214734,32.577909056829434,33.05234450066787,1350531
707,2010-08-23,33.00489807128906,33.178858154603326,32.35650256710723,32.799310246905414,1558660
708,2010-08-24,32.593719482421875,33.1946722878491,32.43557434599062,33.1946722878491,1419761
709,2010-08-25,32.593719482421875,32.89419695762584,32.37231672041425,32.41976154833204,1708531
710,2010-08-26,33.35282516479492,33.59004292449525,32.57791424543675,32.86257469908467,6819779
711,2010-08-27,33.00489807128906,33.68492346152104,32.799310246905414,33.49514843518171,3318728
712,2010-08-30,34.396575927734375,34.633793633581355,33.210487398499495,33.33700265029227,12599675
713,2010-08-31,34.412391662597656,35.02915728300108,34.001213867335125,34.44401940378354,7251681
714,2010-09-01,34.22261428833008,34.697049678404994,33.93795391227737,34.41238930235228,4105554
715,2010-09-02,34.03284454345703,34.507279977084465,33.85888445546414,34.507279977084465,2077611
716,2010-09-03,34.159358978271484,34.50727914587659,34.09610135097439,34.28587423286566,2025354
717,2010-09-06,34.1751708984375,34.41238858855448,33.84306570327762,33.84306570327762,1657041
718,2010-09-07,34.06343460083008,34.63807577865811,33.91977484762751,34.63807577865811,2364772
719,2010-09-08,33.999576568603516,34.19112429606691,33.76014299178284,34.06342508941893,2119627
720,2010-09-09,33.361087799072266,34.159199740196755,33.24935126130796,34.12727439654489,4325702
721,2010-09-13,33.69630432128906,33.99958869208664,33.47283333624185,33.77611554202149,2223035
722,2010-09-14,33.53668212890625,33.951700912800874,33.37705968625585,33.552644806174875,2096762
723,2010-09-15,34.111324310302734,34.254984070587895,33.53668093912638,33.53668093912638,3700295
724,2010-09-16,33.72822570800781,34.44652661010317,33.61648914611924,34.12728176472746,1645185
725,2010-09-17,33.60053253173828,33.983625957604055,33.5207213111405,33.91977741412941,3999245
726,2010-09-20,33.72822570800781,33.919773481240306,33.64841449666388,33.7761115688071,1658444
727,2010-09-21,33.72822570800781,34.15920711527209,33.61648914611924,34.01554520283889,4168036
728,2010-09-22,33.79207992553711,34.095364311649334,33.616494798055825,33.7601567346429,2530696
729,2010-09-23,33.53668212890625,33.919777723281555,33.42494771806173,33.71226724882528,1296047
730,2010-09-24,33.69630432128906,33.77611554202149,33.34513624907713,33.53668187982421,2212027
731,2010-09-27,33.79207992553711,34.19113821436803,33.616494798055825,34.19113821436803,1731020
732,2010-09-28,34.127296447753906,34.20710769343606,33.71227753720301,33.83997682930561,3076594
733,2010-09-29,34.68597412109375,35.26061550567269,34.19114614480769,34.19114614480769,11684464
734,2010-09-30,33.999576568603516,35.05308473961789,33.887840033413674,34.73383997052366,5236368
735,2010-10-01,34.63807678222656,34.877510432840545,34.127284128242955,34.127284128242955,3875195
736,2010-10-04,35.02117919921875,35.27657559190993,34.43057734145243,34.87751940489821,4550532
737,2010-10-05,35.7235107421875,35.94698389568253,34.98924923219398,35.021172421966156,10282420
738,2010-10-06,35.67561340332031,36.282177629144975,35.42021714217726,35.9150469922012,5975746
739,2010-10-07,34.87751388549805,35.88313445161982,34.60615485526555,35.67562613321946,5825104
740,2010-10-08,34.957332611083984,35.340426139187244,34.68597352262582,34.957332611083984,2872678
741,2010-10-11,35.08503341674805,35.67563753482068,34.95733628230902,35.62775165066073,2923343
742,2010-10-12,34.94135665893555,35.16482761836973,34.54230060101106,35.116941757425856,1328063
743,2010-10-13,35.069061279296875,35.436192042931914,34.89347615385568,35.053098601526216,2785869
744,2010-10-14,34.143245697021484,35.3723392629755,33.839963515752416,35.24464002111323,6206210
745,2010-10-15,34.079402923583984,34.62211883950748,33.74419533389008,34.15921415136739,3825540
746,2010-10-18,34.079402923583984,34.701930067290874,33.77611852599258,34.60615616094717,2661071
747,2010-10-19,33.63246536254883,34.31884335546783,33.45688019389427,34.22306943029093,2506333
748,2010-10-20,33.28129196166992,33.919781809182574,33.12166949979176,33.77611986147767,1611212
749,2010-10-21,33.71227264404297,34.15921685400255,33.584575535493535,33.935743666513616,5077785
750,2010-10-22,34.127296447753906,34.7338632139494,33.74420290148331,34.143259129894055,7613777
751,2010-10-25,33.121673583984375,34.44653931493341,32.993974299724485,34.19114507645056,4373958
752,2010-10-26,32.626834869384766,33.32917317036452,32.499135618740695,33.201476084738346,3559839
753,2010-10-27,32.515098571777344,32.96204270529966,32.43528735132885,32.83434345357132,4326267
754,2010-10-28,31.90853500366211,32.786458451742476,31.669101336003823,32.786458451742476,12789477
755,2010-10-29,32.05219650268555,32.56298922062299,31.924499405710232,31.956422597445016,2557085
756,2010-11-01,32.132015228271484,32.46722289233248,32.02027861857829,32.179901109557946,3644082
757,2010-11-02,31.956422805786133,32.06815939013157,31.30197030823021,31.924499613843224,8722079
758,2010-11-03,32.06816864013672,32.11605452437273,31.62122433885279,31.92450882240996,5792586
759,2010-11-04,32.40336608886719,33.31321275706883,31.92449873770273,32.17989292630934,7578044
760,2010-11-08,31.397750854492188,31.73295851340439,30.743298218524266,31.04658051372348,23828591
761,2010-11-09,33.137630462646484,33.52072610835573,31.413708717027806,31.509482628455117,37552410
762,2010-11-10,32.56298828125,33.60053420055224,32.451251700856396,33.20147807774369,23142609
763,2010-11-11,32.32354736328125,33.105696755688776,32.179885459252944,32.56298098330504,9305659
764,2010-11-12,31.780839920043945,32.54702905612938,31.60525477437739,32.19585876479628,8655373
765,2010-11-15,32.30760192871094,32.818392624982565,31.924508365252546,31.924508365252546,6781511
766,2010-11-16,31.97238540649414,32.48317812651922,31.892574179303853,32.48317812651922,5839719
767,2010-11-18,32.371437072753906,32.642796073740186,31.748910019628816,32.27566318034594,11698558
768,2010-11-19,32.53106689453125,32.962048425755725,32.020274129007305,32.084124848461514,13151040
769,2010-11-22,32.38739776611328,32.53105751342095,31.509474441989312,32.24373801880562,16159489
770,2010-11-23,31.429672241210938,32.05219943469358,30.966765351039832,31.63718058403239,29650997
771,2010-11-24,30.99868392944336,31.36581466028114,30.647513709932415,30.807136143343243,29495589
772,2010-11-25,30.823104858398438,31.046575875951373,29.78555883795716,30.32827478487664,297127250
773,2010-11-26,30.791189193725586,30.88696096393967,29.83345417143463,30.56771595650935,108003635
774,2010-11-29,29.96114158630371,30.64751726354924,29.68978255203377,30.567706037589616,47311917
775,2010-11-30,30.312307357788086,30.360193220265536,29.306684760601872,29.721703507138194,56380039
776,2010-12-01,30.918874740600586,31.04657182969734,30.136725198592597,30.20057374314097,49377032
777,2010-12-02,31.605257034301758,31.63718239580331,30.823107327697823,31.09446640540579,69791050
778,2010-12-03,31.860641479492188,32.03622657184731,31.046566716767607,31.605245178340883,70133580
779,2010-12-06,31.828723907470703,32.02026954334699,31.541402206129302,31.924497807917838,35990183
780,2010-12-07,31.589290618896484,31.7648735793076,31.31793159186802,31.589290618896484,22324627
781,2010-12-08,31.238121032714844,31.525440578608368,31.062535903549662,31.349857614461243,8690959
782,2010-12-09,30.519817352294922,31.36581540340881,30.3282695616566,31.222155642939,19659317
783,2010-12-10,30.67943572998047,30.791172287237472,30.200568481766307,30.45596478048404,12656908
784,2010-12-13,31.254087448120117,31.365821878209424,30.631560247564988,30.67944612260065,10228525
785,2010-12-14,30.982728958129883,31.44563369713655,30.886955041262006,31.28601122402954,12502825
786,2010-12-15,30.855030059814453,31.062538396835993,30.727330789708848,30.966764485511348,7532899
787,2010-12-16,30.67943572998047,30.88694400486624,30.44000210587339,30.870983495273165,10117565
788,2010-12-20,30.59963607788086,30.998692268762685,30.48789947842659,30.567710716602956,12117884
789,2010-12-21,31.0146484375,31.31793064588873,30.615592330404848,30.647515519961694,13693395
790,2010-12-22,31.27004623413086,31.381780650306066,31.014649880702034,31.094461105834913,11598882
791,2010-12-23,31.046573638916016,31.317932675332322,30.998687768968704,31.142347543828716,4611659
792,2010-12-24,31.206188201904297,31.285999408315682,30.80713216984737,30.80713216984737,4676656
793,2010-12-27,30.870988845825195,31.222156923036064,30.759252269202037,31.126383023790208,5508784
794,2010-12-28,30.695402145385742,30.95079847522818,30.615590927623597,30.807136551242042,6071879
795,2010-12-29,30.551746368408203,30.807140566519845,30.48789565386217,30.663480788827517,10314957
796,2010-12-30,30.839065551757812,31.14234778212025,30.21653841258899,30.55174599983931,31947999
797,2010-12-31,31.381772994995117,31.44562152652252,30.886943086877114,30.9348311092858,12208677
798,2011-01-03,31.381772994995117,31.525432732186147,31.238113257804088,31.429661017403802,5686478
799,2011-01-04,31.41370964050293,31.573332109234826,31.20619913214049,31.42967232037978,9878712
800,2011-01-05,31.31792449951172,31.557358116778172,31.190227436309947,31.413698379421803,6557909
801,2011-01-06,31.605257034301758,31.844692915526583,31.22216352137518,31.34986280236298,16916733
802,2011-01-07,31.238121032714844,31.892573515047932,31.01465003424009,31.60525180413635,15775814
803,2011-01-10,30.695402145385742,31.477551646451207,30.631553604179594,31.22215531660877,11747099
804,2011-01-11,30.66348648071289,31.286013742947862,30.39212955359433,30.902920209650844,8402847
805,2011-01-12,31.046573638916016,31.110424352203204,30.487895052779685,30.87099067243049,5356220
806,2011-01-13,30.886947631835938,31.11042077259178,30.791175902960955,31.030609555184075,5840003
807,2011-01-14,31.158313751220703,31.65314384513365,30.72733221280852,30.80714344843905,13619178
808,2011-01-17,31.206188201904297,31.285999408315682,30.53577536705918,30.80713216984737,10222664
809,2011-01-18,31.49351692199707,31.573328146345606,31.030612253779168,31.030612253779168,8525103
810,2011-01-19,31.254087448120117,31.605255583424345,31.094464977976838,31.238124768102125,8181638
811,2011-01-20,31.57332420349121,31.605247390233266,30.966757675179124,30.966757675179124,8113388
812,2011-01-21,31.557373046875,31.605258926976553,31.25409075452189,31.365825196431697,7263505
813,2011-01-24,31.461593627929688,31.68506463774605,31.254085297032677,31.333896526611245,10580288
814,2011-01-25,31.41370964050293,31.74891725784357,31.301973046383285,31.605255303970228,5774233
815,2011-01-27,31.541397094726562,31.764868049543573,29.737664616182133,31.38177467485475,21308494
816,2011-01-28,30.823104858398438,31.541405949473166,30.392125502764543,31.445632037659554,12161301
817,2011-01-31,30.823104858398438,31.413708843733843,30.392125502764543,30.599633840845502,10372393
818,2011-02-01,30.535783767700195,31.158310915967746,30.48789573166846,30.966763101877056,5685819
819,2011-02-02,30.503854751586914,30.80713695000514,30.120761334373473,30.663477189177335,9759510
820,2011-02-03,31.49351692199707,31.589290824218917,30.34423442537095,30.48789419619471,8272335
821,2011-02-04,31.062543869018555,31.988355621562928,31.01465798742945,31.429676899603233,13585721
822,2011-02-07,31.22215461730957,31.445625589034815,30.807135861238237,31.0784948615589,10075695
823,2011-02-08,30.551746368408203,31.605252848164024,30.471935140243787,31.605252848164024,6969251
824,2011-02-09,30.615591049194336,31.03060981620905,30.248458147019914,30.966759109731516,15914271
825,2011-02-10,30.45598030090332,31.04658224232866,30.344243686705152,30.535791549610963,15041071
826,2011-02-11,30.9373722076416,31.290390619729802,30.728768341183212,30.969463603417463,16032113
827,2011-02-14,31.627357482910156,31.852005909754453,30.825040118162576,30.985503591112092,9448315
828,2011-02-15,31.69154167175293,31.852005140828766,31.386661515793858,31.611309937215008,6653191
829,2011-02-16,31.643402099609375,31.707587049110916,31.515032200606292,31.595263931589468,3070813
830,2011-02-17,31.643402099609375,31.75572739355582,31.53107680566293,31.643402099609375,2410838
831,2011-02-18,31.48292350769043,31.771756729853408,31.194090285527448,31.64338689254185,7982842
832,2011-02-21,31.755727767944336,31.771772373190135,31.145965299428326,31.145965299428326,9078739
833,2011-02-22,31.595266342163086,31.739683033666132,31.38666251983632,31.611310948443855,6311548
834,2011-02-23,31.964319229125977,32.17292297161746,31.61129885040151,31.61129885040151,28541975
835,2011-02-24,31.531078338623047,32.092702659235,31.09782827610539,31.93223701304223,14267832
836,2011-02-25,31.835968017578125,32.044569705835045,30.953418730232436,31.6273641528956,31955636
837,2011-02-28,31.755727767944336,33.50477908871324,31.354569108298943,32.188977814506345,128195783
838,2011-03-01,31.93224334716797,32.12480041965511,31.450852842375635,31.932243347167965,22095525
839,2011-03-03,31.8680477142334,32.38153161803069,31.627352542408065,31.627352542408065,12055696
840,2011-03-04,31.771772384643555,32.07665470722397,31.659449265757363,31.86805089827816,5797710
841,2011-03-07,31.466886520385742,31.739675230042312,30.84107956011878,31.739675230042312,6845096
842,2011-03-08,31.434797286987305,31.739677398570596,30.71271178124673,31.4508418904195,8299919
843,2011-03-09,31.466886520385742,31.61130317638202,31.32246986438946,31.450839741625128,4984092
844,2011-03-10,31.579208374023438,31.739671791395875,31.22618798523432,31.450836334270853,4963678
845,2011-03-11,31.466886520385742,31.64339673390325,31.290376306868232,31.290376306868232,6148250
846,2011-03-14,31.707584381103516,31.80386288546705,31.338519320205567,31.338519320205567,4743614
847,2011-03-15,31.370607376098633,31.53107080754019,31.145959007365363,31.402700932956773,7316083
848,2011-03-16,31.643402099609375,31.771771998612458,31.45084507467976,31.46689185616139,3548194
849,2011-03-17,31.56317710876465,31.627362071972527,31.386666827623888,31.386666827623888,4312518
850,2011-03-18,31.434797286987305,31.771768781859755,31.322472004413306,31.61130533613963,7614611
851,2011-03-21,31.25828742980957,31.48293582118042,31.2101470896713,31.386657317328684,3473055
852,2011-03-22,31.24224853515625,31.418758807363975,31.065738262948525,31.418758807363975,3536038
853,2011-03-23,31.274349212646484,31.563182686334795,31.16202387486445,31.242255637158518,5655111
854,2011-03-24,31.434797286987305,31.51502900984737,31.178055338550145,31.4508418904195,7807585
855,2011-03-25,31.498991012573242,31.57922275780361,31.306433953450213,31.515037796904394,8602591
856,2011-03-28,31.80385971069336,31.900138205446034,31.41874790810724,31.466886067271282,11509824
857,2011-03-29,32.02851104736328,32.20502127468774,31.69153737273018,31.803862656416147,8985339
858,2011-03-30,32.41362762451172,32.525950740652625,32.04456036067027,32.09270070452349,4832583
859,2011-03-31,32.70246124267578,33.00734138381049,32.18897729603048,32.41362788295341,15647437
860,2011-04-01,33.64919662475586,33.857800438919845,32.52595234924621,32.52595234924621,22114974
861,2011-04-04,33.986175537109375,34.41942783730815,33.44060009804731,33.44060009804731,10060811
862,2011-04-05,33.76152038574219,34.09849408833796,33.42454668314642,33.857798897401686,7752278
863,2011-04-06,33.71337890625,34.307094561133404,33.585009012644086,33.69733430186794,5371783
864,2011-04-07,33.6812858581543,34.24290792369546,33.50477563084211,33.71337724175891,5888794
865,2011-04-08,33.665245056152344,33.84175531480784,33.24803958380984,33.71338322831967,3282029
866,2011-04-11,33.456634521484375,33.68128289263639,33.24803075250961,33.392447407077,2761151
867,2011-04-13,33.77756881713867,33.954076891307786,33.071527814761886,33.08757459689319,5725109
868,2011-04-15,33.71337890625,33.92198270389075,33.585009012644086,33.71337890625,2726721
869,2011-04-18,33.44059371948242,34.06640078540358,33.328268425619015,33.697335693723794,3846832
870,2011-04-19,33.19989013671875,33.61709546737529,33.055473492836526,33.61709546737529,2130742
871,2011-04-20,33.456634521484375,33.617097954653616,33.087567319340366,33.617097954653616,3816903
872,2011-04-21,33.56896209716797,33.697334166683795,33.31222013456121,33.45663898481963,3804886
873,2011-04-25,33.55291748046875,33.82570624141201,33.376409410190796,33.376409410190796,1583736
874,2011-04-26,33.47269058227539,33.74547938261597,33.08757864611983,33.69734120675603,4390914
875,2011-04-27,33.48872756958008,33.69733134894069,33.29617274604495,33.536867907782394,2846797
876,2011-04-28,33.39244842529297,33.53686726068864,33.26407854541311,33.424541983475265,5158203
877,2011-04-29,33.55291748046875,33.85779980496711,33.26408411417298,33.392454015543315,3615042
878,2011-05-02,34.14663314819336,34.275005225902,33.37640938764165,33.37640938764165,5731198
879,2011-05-03,33.37641906738281,34.17873662415397,33.24804695244403,34.01827311279974,3804669
880,2011-05-04,33.47269058227539,33.56896911042062,32.91106837392448,33.26408891831519,4044546
881,2011-05-05,32.6864128112793,33.472683296544304,32.34943912433005,33.37640696578012,5204752
882,2011-05-06,33.08757019042969,33.26408041751699,32.702458352691345,32.7666432962436,2973311
883,2011-05-09,32.95920944213867,33.31222781777218,32.89502448078943,33.10362614928081,3424009
884,2011-05-10,32.84687423706055,33.280126404457434,32.73455113262692,32.9110591790833,1276536
885,2011-05-11,33.42455291748047,33.53687823143826,32.78269895526542,32.78269895526542,5173641
886,2011-05-12,32.54199981689453,33.424548909102135,32.47781486365536,33.424548909102135,2199955
887,2011-05-13,32.52595138549805,32.95920360664162,32.429672872307805,32.50990460389551,3389298
888,2011-05-16,32.67036819458008,32.798740271476426,32.50990473077841,32.606183244344415,2643860
889,2011-05-17,32.57408905029297,32.8950159502397,32.525948709446055,32.670365379137124,2042475
890,2011-05-18,32.52595138549805,33.02338855662678,32.445719653910345,32.6703680670709,3314783
891,2011-05-19,31.723648071289062,32.718522852648185,31.563184537290883,32.54201252996499,2532955
892,2011-05-20,32.41362762451172,32.606182470649685,31.563169980687913,31.65944849196938,1959647
893,2011-05-23,31.964319229125977,32.188967571757765,31.77176226319912,32.188967571757765,1694918
894,2011-05-24,31.707584381103516,32.54199518368776,31.579214492902008,32.076651618426276,9876185
895,2011-05-25,31.145967483520508,31.916193469906304,30.953412619242936,31.771774601166662,5753045
896,2011-05-26,30.664569854736328,31.418748881160894,30.488059638293908,31.290376825373382,4935316
897,2011-05-27,31.33852767944336,31.434806209488226,30.712720498789796,30.712720498789796,4500032
898,2011-05-30,31.771772384643555,31.852004116601556,31.178058874009356,31.45084545681155,8167114
899,2011-05-31,32.42967987060547,32.542005189637955,31.771779094326902,31.8359662345886,7467651
900,2011-06-01,32.30130386352539,32.49386089521849,32.04456188007628,32.26921029943485,1794961
901,2011-06-02,31.851999282836914,32.4778084382784,31.771767563054638,32.09269661860843,4461069
902,2011-06-03,32.41362762451172,32.70246098193115,31.85200333810734,31.85200333810734,5649415
903,2011-06-06,32.57408905029297,32.65432077527965,31.996420195103877,32.34943847919039,4910297
904,2011-06-07,32.55804443359375,32.63827616391208,32.36548741025976,32.461765921926755,6516069
905,2011-06-08,32.52595138549805,32.574091730305675,32.20502445914725,32.26920940913241,14162904
906,2011-06-09,32.57408905029297,32.686412159419426,32.381532039754994,32.4136256003196,6989160
907,2011-06-10,32.477821350097656,32.67037624827205,32.253172880681426,32.57409988739764,7661567
908,2011-06-13,32.91106033325195,33.05547917839875,32.26920653766556,32.41362538281235,2849421
909,2011-06-14,33.28013229370117,33.376410811985096,32.782695096255175,32.782695096255175,4458752
910,2011-06-15,32.67036819458008,33.32826883145193,32.525951512443584,33.29617744454661,2533103
911,2011-06-16,32.734554290771484,32.895017749521834,32.36548702979071,32.606182217916235,2472762
912,2011-06-17,32.95920944213867,33.055487972375225,32.590142105636104,32.606188890079764,2524363
913,2011-06-20,32.718505859375,33.28012793667447,31.787816539709546,32.75059724365149,6194464
914,2011-06-21,32.52595138549805,32.87897187505392,32.221071240749794,32.6703680670709,5126564
915,2011-06-22,32.83082962036133,32.862923181699415,32.42967098575964,32.525949493349025,2408781
916,2011-06-23,32.814788818359375,32.99129689689616,32.67036995202908,32.75060168824585,3746535
917,2011-06-24,33.26408386230469,33.42454732601513,32.67036817600604,32.734555302630234,5675164
918,2011-06-27,34.7724494934082,35.093376488490215,32.81479395283773,32.81479395283773,29869389
919,2011-06-28,35.01313781738281,35.26987762154882,34.69221088575025,35.109414155732544,13872282
920,2011-06-29,35.33406066894531,35.462430556205284,34.94894665431582,35.07731871800058,13356359
921,2011-06-30,35.141510009765625,35.783363914862704,34.67616636385529,35.3019734860399,30432762
922,2011-07-01,35.3821907043457,35.54265411477041,35.10940203605398,35.30195899913335,23953730
923,2011-07-04,35.446380615234375,35.75126070260749,35.2056854657675,35.41428923449355,5307022
924,2011-07-05,35.17360305786133,35.41429826872988,34.66011907077169,35.30197296642116,10665833
925,2011-07-06,34.997100830078125,35.20570252345017,34.83663731935327,35.06128579908293,3270036
926,2011-07-07,35.285926818847656,35.39825212317809,34.804536388446124,35.14151012501223,5856910
927,2011-07-08,35.045223236083984,35.54266033068017,34.93290013499754,35.06127001521767,12625687
928,2011-07-11,34.66010665893555,34.91684856054071,34.11452930186545,34.83661685231562,2848918
929,2011-07-12,34.724308013916016,34.981050036953405,34.19477718332164,34.56384452157082,2954427
930,2011-07-13,35.36616516113281,35.71918574658315,34.72431113407808,34.75640470600106,3819442
931,2011-07-14,35.01313781738281,35.39824970005687,34.756395836791754,35.141507719465814,10479376
932,2011-07-15,35.3821907043457,36.00799756971721,34.77243061530152,34.77243061530152,8242815
933,2011-07-18,35.0933723449707,35.59080738747465,34.99709382252873,35.4463906920243,2085379
934,2011-07-19,35.25383377075195,35.41429724000312,34.85267509762404,34.88476648561921,2972184
935,2011-07-20,35.02918243408203,35.446387880623455,34.93290609570136,35.18964589994988,4177419
936,2011-07-21,34.66010665893555,35.14149690828608,34.387317980400496,34.9810334918359,3008285
937,2011-07-22,35.15755081176758,35.35010564468466,34.45151207155529,34.66011368465501,3369044
938,2011-07-25,34.820579528808594,35.14150644883725,34.4354676600592,35.109412886264394,7429567
939,2011-07-26,34.98105239868164,35.25384122465583,34.41943013755582,34.660125392324034,5770592
940,2011-07-27,34.3873291015625,35.02918297494434,34.17872746328343,34.86871950659888,7214188
941,2011-07-28,33.87384033203125,34.33918606542909,33.26408010929754,34.05035055748304,13905358
942,2011-07-29,33.729427337646484,34.54779143460031,32.84687829074873,33.37640902474239,9768024
943,2011-08-01,34.48360061645508,34.884759205869244,33.7294215977866,33.7294215977866,4672455
944,2011-08-02,34.644065856933594,34.756391138390775,34.2589540263193,34.467555633111495,3239197
945,2011-08-03,33.585018157958984,34.547799151446625,33.0875808760386,34.19477858326429,12800281
946,2011-08-04,33.536865234375,34.30708881996619,33.312214693521746,33.8898834709274,6939466
947,2011-08-05,32.83082962036133,33.280128596970144,32.14083763941638,32.25316292767481,12075758
948,2011-08-08,32.87896728515625,33.328264048755614,31.57921297959599,31.62735114125853,13716718
949,2011-08-09,32.70246124267578,33.28013013854549,31.771771861434303,31.771771861434303,7228990
950,2011-08-10,33.231990814208984,33.50477957731596,32.750600415614365,32.91106388181257,5126905
951,2011-08-11,33.05548095703125,33.45663960085809,32.83083037534828,32.846877156386334,6299073
952,2011-08-12,33.248046875,33.568973896960934,33.05549196767884,33.296187234149535,6421148
953,2011-08-16,33.248046875,33.66525243883435,33.08758336401954,33.39246359959729,4242848
954,2011-08-17,33.10361862182617,33.60105576791464,32.95920194752304,32.95920194752304,7430913
955,2011-08-18,32.94315719604492,33.328269076718,32.622230266079846,33.215945957085246,5110388
956,2011-08-19,32.42967987060547,32.91107036401532,31.94828937719561,32.092708266358954,5245806
957,2011-08-22,33.11966323852539,33.24803312364584,32.01246590598104,32.41362451751339,3059716
958,2011-08-23,32.477821350097656,33.504787336304425,32.41363638403953,33.16781354396729,2837432
959,2011-08-24,32.7505989074707,32.97524949094323,32.188976801639306,32.862924199206965,6888368
960,2011-08-25,31.996421813964844,32.89501761456518,31.771771231496054,32.7505987611424,13758009
961,2011-08-26,31.274349212646484,32.09271362333116,31.001560350276307,31.996435073293107,9286925
962,2011-08-29,32.07665252685547,32.140837472773974,31.129916412964185,31.194103535307566,6345123
963,2011-08-30,32.15688705444336,32.44572042444843,31.852004726029588,32.41362903690624,3821904
964,2011-09-02,31.884096145629883,33.69733450647916,31.56316923324151,33.1196656288951,8166250
965,2011-09-05,31.178056716918945,31.932233639290533,31.033640044671184,31.819910528175548,7422597
966,2011-09-06,30.99925422668457,31.503175301435665,30.641632249817636,31.503175301435665,14848826
967,2011-09-07,31.47065544128418,31.779509504113204,31.080523877458397,31.113035759774426,11526455
968,2011-09-08,31.275598526000977,31.79577333863874,30.99925407209157,31.73075176265825,7049237
969,2011-09-09,31.243070602416992,31.519414914513103,31.031750037726603,31.243070602416992,6782680
970,2011-09-12,30.674137115478516,31.113036513409586,30.397792723478457,30.901713682823253,5271294
971,2011-09-13,30.755413055419922,30.999245551924595,30.64162367513377,30.83669055425481,4033213
972,2011-09-14,30.869190216064453,30.999233280805118,30.414035079887334,30.90169987985342,4248247
973,2011-09-15,31.2105655670166,31.34061088552852,30.5278359128036,30.950479339579203,8283475
974,2011-09-16,32.397220611572266,32.59228750056025,31.129290242737053,31.34061307327294,6853575
975,2011-09-19,31.84453010559082,32.59228348144446,31.714484794037567,31.99082915189427,3721222
976,2011-09-20,32.120872497558594,32.47849435099854,31.779506583782847,31.779506583782847,4399666
977,2011-09-21,32.26716995239258,32.41347119735652,31.909550321396196,31.958315933188835,2182138
978,2011-09-22,31.29183578491211,32.00707935835848,31.113027096343224,31.990823421726937,3792171
979,2011-09-23,31.22683334350586,31.600711295548244,30.787936014752695,31.048022340772025,3612112
980,2011-09-26,30.96674156188965,31.356875419551585,30.739164948116073,31.226830065399664,1880644
981,2011-09-27,31.421894073486328,31.633214722748903,31.064272138802693,31.3568725048512,1273121
982,2011-09-28,31.649471282958984,31.730748796535412,31.178062145174444,31.470660312132114,4398260
983,2011-09-29,31.681991577148438,32.16965678800934,31.259347953443466,31.470668662898827,9460952
984,2011-09-30,32.0070915222168,32.218412164358305,31.53568020471206,31.53568020471206,6946805
985,2011-10-03,31.649471282958984,31.909559767362285,31.27559560242489,31.844538197459876,7517061
986,2011-10-04,31.16180992126465,31.877051685156395,31.08053239798618,31.470664068764048,2740436
987,2011-10-05,31.178050994873047,31.551926541696893,31.048005696783065,31.226816603661245,3503641
988,2011-10-07,31.6169490814209,32.137125880533624,31.373116620235482,31.503161922410136,4435678
989,2011-10-10,31.877038955688477,31.990828324756357,31.40562994988004,31.40562994988004,8326437
990,2011-10-11,32.088375091552734,32.20216230312081,31.698241209622296,32.02335130803502,5044978
991,2011-10-12,32.21840286254883,32.44597938179587,31.893292919397943,32.41346971035653,4905765
992,2011-10-13,32.299686431884766,32.47849737525483,31.95832048632251,32.21840893078867,3531871
993,2011-10-14,32.153385162353516,32.527260759797855,32.0395957867175,32.104617342169576,5039179
994,2011-10-17,31.8120174407959,32.250916773659206,31.63320651982222,32.12087146531787,1605713
995,2011-10-18,31.909561157226562,32.08837213584179,31.535683255614043,31.535683255614043,2025955
996,2011-10-19,32.4947509765625,32.673561907056815,32.00708600510154,32.185894730802694,5145909
997,2011-10-20,32.18589782714844,32.478498161049636,32.08836658730809,32.21840971029081,2881549
998,2011-10-21,32.18589782714844,32.54351972254099,31.9420653179608,32.10462032408589,2127672
999,2011-10-24,32.75483322143555,32.91738818124828,32.54351045080335,32.59227826162282,3334756
1000,2011-10-25,33.7789421081543,34.055286532374566,32.706078502961105,32.771100071955985,7605862
1001,2011-10-28,34.13655471801758,35.111884600841734,33.56761228637016,34.29910969848827,8504582
1002,2011-10-31,34.087791442871094,34.33162394606547,33.61638237765396,34.13655926638596,4561310
1003,2011-11-01,33.697662353515625,34.185327395719085,33.48634171714485,33.8927292523144,2155435
1004,2011-11-02,33.51884460449219,33.79518895432372,33.29126807187429,33.48633493114279,2429706
1005,2011-11-03,33.84395980834961,33.99025887306263,33.50259385415698,33.64889512366337,2676760
1006,2011-11-04,33.76268005371094,34.136557866149,33.616380998753975,34.136557866149,2070811
1007,2011-11-08,33.76268005371094,33.81144787522541,33.616380998753975,33.76268005371094,923114
1008,2011-11-09,33.6651496887207,34.022771593300746,33.61638406754771,33.811450961826544,3342820
1009,2011-11-11,34.28286361694336,34.38039707422848,33.48634442456988,33.64889945178053,7747315
1010,2011-11-14,34.2503547668457,34.78678772708701,33.990266259285725,34.39665386335011,8136060
1011,2011-11-15,33.68141555786133,34.34789173749004,33.567628339989255,33.827714669293464,2602442
1012,2011-11-16,33.87647247314453,34.25034811434778,33.38880744298719,33.38880744298719,5559879
1013,2011-11-17,33.53510284423828,34.25034436930352,33.4213134677263,33.64889222075027,4564324
1014,2011-11-18,32.81987762451172,33.64890893796239,31.974590362798438,33.48635386492478,6971425
1015,2011-11-21,32.20216369628906,32.836130179456454,31.99084300509597,32.34846280594536,5725408
1016,2011-11-22,31.828277587890625,32.34845227564808,31.56818914161523,32.34845227564808,5742603
1017,2011-11-23,30.901702880859375,31.763245434009907,30.60910485438114,31.649456087716924,4916261
1018,2011-11-24,30.98299217224121,31.373123757938163,30.771671539720113,31.17805906748641,10127464
1019,2011-11-25,31.340621948242188,31.60071047227969,30.820444900167182,31.096789370355904,7728058
1020,2011-11-28,31.56818389892578,31.779504486233197,31.275585823455053,31.568183898925778,5436096
1021,2011-11-29,30.95047950744629,31.79576416078887,30.885455745441046,31.66572104636485,5379923
1022,2011-11-30,32.21840286254883,32.47849125802812,30.982984637616877,31.031752451965254,13613461
1023,2011-12-01,32.511016845703125,33.16123700623368,32.34845960077664,32.511016845703125,4222484
1024,2011-12-02,33.61638259887695,33.811449484633485,32.47849757648166,32.52726319552412,5707744
1025,2011-12-05,33.37255096435547,33.63263941721556,33.11246251149539,33.22625189861961,2957969
1026,2011-12-07,33.53510284423828,33.99025594069983,33.11245942335645,33.177480979309074,5975381
1027,2011-12-08,32.31595230102539,33.61639271807839,32.185906936443686,33.470093612118724,5809203
1028,2011-12-09,32.03960037231445,32.1046219370726,31.568191271826027,31.71449034373023,4296964
1029,2011-12-12,31.4056396484375,32.31594826771911,31.113041473036926,32.18590291936818,8160604
1030,2011-12-13,32.21840286254883,32.47849125802812,31.080518061520724,31.340606457000018,3981949
1031,2011-12-14,31.32435417175293,32.348449730185294,31.210564796463483,32.16964100443497,5776327
1032,2011-12-15,32.299686431884766,32.624796436269136,30.85294735333297,30.869203294510854,12973287
1033,2011-12-16,31.89328384399414,32.93363492508095,31.405619068035417,32.26715929031224,12589918
1034,2011-12-19,32.23466873168945,32.46224532104947,31.291848283207106,31.40563768028391,4820722
1035,2011-12-20,31.714500427246094,32.33221100083115,31.45441188072576,32.33221100083115,6670657
1036,2011-12-21,31.828277587890625,32.13713165324557,31.535677259033303,32.023342269002164,10259801
1037,2011-12-22,32.72233200073242,32.836121391564035,31.698234097628333,31.779511603995637,3456402
1038,2011-12-23,32.91740036010742,33.14497694708603,32.364711528424806,32.67356783017458,3249611
1039,2011-12-26,32.787349700927734,32.868627197716606,32.57602909119395,32.70607220413886,1273482
1040,2011-12-27,32.16964340209961,32.77109558901833,31.58444495161095,32.75484185258827,4187065
1041,2011-12-28,32.57603073120117,32.819863233843286,31.99083228390143,32.25092072767835,3375709
1042,2011-12-29,32.511016845703125,32.67357188583576,32.250928340532134,32.511016845703125,2924882
1043,2011-12-30,32.54352569580078,32.77110230518819,32.299693141858455,32.51101601148474,2087779
1044,2012-01-02,32.511016845703125,32.59229436576944,32.0396054654834,32.39722743569274,1861469
1045,2012-01-03,32.80361557006836,32.94991466761072,32.51101737498364,32.62480458205264,3372939
1046,2012-01-04,32.99867248535156,33.25875871100412,32.299684690728995,32.77109373071576,3739279
1047,2012-01-05,32.93365478515625,33.242511093347765,32.72233413672443,32.98242261503609,5389056
1048,2012-01-06,32.42973327636719,32.93365204294498,32.13713293583225,32.90114236385894,7340405
1049,2012-01-09,32.966163635253906,33.09620676003476,32.21841015578048,32.21841015578048,2368495
1050,2012-01-10,33.35629653930664,33.58387311910921,32.852375552376564,32.852375552376564,3215986
1051,2012-01-11,32.57603073120117,33.38880574000822,32.47849728918566,33.38880574000822,4377469
1052,2012-01-12,32.6898193359375,32.96616373290716,32.3321996393341,32.96616373290716,4082544
1053,2012-01-13,33.14496994018555,33.22624743298096,32.67356092293073,32.706070597173046,5766505
1054,2012-01-16,32.55977249145508,33.144970897441766,32.429729381143886,32.771093096909055,4899595
1055,2012-01-17,32.6735725402832,32.91740510536609,32.543527182695996,32.6735725402832,10428799
1056,2012-01-18,32.21840286254883,32.917390563198985,31.95831446706954,32.78734526306288,6295415
1057,2012-01-19,32.4947509765625,32.90113845277996,32.218406610817354,32.36470566129701,8276461
1058,2012-01-20,32.982418060302734,33.226250561648875,32.478497116562046,32.51100899865885,6881600
1059,2012-01-23,32.83612060546875,33.56761814526245,32.72233121736125,33.16123062315484,18551268
1060,2012-01-24,32.6898193359375,32.998675616595385,32.5272643270832,32.77109684036464,10219894
1061,2012-01-25,32.787349700927734,32.99867251545473,32.364706276666965,32.868627197716606,13171474
1062,2012-01-27,33.53510284423828,34.12030125739827,32.884882875125676,32.99867225163766,9816649
1063,2012-01-30,33.0799560546875,33.648898636133666,32.917401031417164,33.161233566322665,4243234
1064,2012-01-31,33.84395980834961,34.071536376213565,33.03118477684019,33.16123010475773,10322025
1065,2012-02-01,33.47007751464844,33.94148649814669,33.37254408931947,33.94148649814669,10757718
1066,2012-02-02,34.169071197509766,34.477925280967355,33.37255207550015,33.55136303059459,11556658
1067,2012-02-03,34.7705192565918,35.2094185927943,34.25034242885498,34.31536398112382,11926606
1068,2012-02-06,35.437007904052734,35.59956294572648,34.57546486030555,35.01436435474222,9084488
1069,2012-02-07,35.03062057495117,35.84339578970234,34.738022379558295,35.599563225276995,6079363
1070,2012-02-08,35.01435089111328,36.005936704999876,34.51043001473226,35.30695117649243,11508450
1071,2012-02-09,35.37198257446289,35.92466921654057,35.07938220762627,35.77837013551907,11499785
1072,2012-02-10,34.900577545166016,35.51828582863028,34.46167804574032,34.91683128568306,8590813
1073,2012-02-13,35.91596603393555,36.19438520183154,34.83504756392622,34.83504756392622,15608851
1074,2012-02-14,35.83409118652344,36.112510454506925,35.62118390254616,35.86684717852654,5735198
1075,2012-02-15,36.25990676879883,37.04603055857599,35.801336224106144,35.866845984584025,15930040
1076,2012-02-16,36.25990676879883,36.76761129986058,35.78495822864979,36.128887247843075,3862429
1077,2012-02-17,36.58745574951172,37.177048003585185,36.35817048996854,36.6857214954152,8544515
1078,2012-02-21,36.21077346801758,36.68572198802325,36.1125077207946,36.53832447786252,6934289
1079,2012-02-22,36.01424026489258,36.91500549922977,35.93235251631647,36.14526199542276,5872252
1080,2012-02-23,36.898624420166016,37.37357509927489,35.899595748143746,35.899595748143746,18016976
1081,2012-02-24,37.439090728759766,37.73389021693526,36.94776639340862,37.02965415285842,10958004
1082,2012-02-27,36.538326263427734,37.668376858346925,36.39092874606394,37.668376858346925,11266052
1083,2012-02-28,36.62021255493164,37.14429284252061,36.276283547276314,36.685722313211826,9416477
1084,2012-02-29,37.013275146484375,37.30807018391866,36.68572411762514,36.76761187483995,7991077
1085,2012-03-01,36.84949493408203,37.209801908430386,36.52194394698254,36.636587681006276,2777389
1086,2012-03-02,36.76761245727539,37.01327573281137,36.45643941919934,36.800368449219235,3172662
1087,2012-03-05,36.128883361816406,36.80036333252217,35.75219839222669,36.652963610616844,3649302
1088,2012-03-06,36.37454605102539,36.62020928867532,35.89959756917164,36.128882813375455,4557989
1089,2012-03-07,35.572044372558594,36.128880565652636,34.9824521946102,36.03061483243671,15488701
1090,2012-03-09,36.079750061035156,36.276281546383096,35.735823293697294,35.735823293697294,3852720
1091,2012-03-12,36.30904769897461,36.636598785352994,35.98149661259623,36.358179473392184,5124092
1092,2012-03-13,36.472808837890625,36.73484782642741,36.03061415737738,36.472808837890625,9731037
1093,2012-03-14,36.88225173950195,37.14429075791661,36.538322751148534,36.76760800293503,4398722
1094,2012-03-15,36.14525604248047,37.11153087226847,35.948724589726616,36.78397993191003,4513645
1095,2012-03-16,35.31000518798828,36.685718868069344,35.12985170362531,36.194392395087014,3682825
1096,2012-03-19,35.326393127441406,35.522922439158464,34.52389121854945,35.44103467060605,3294232
1097,2012-03-20,35.19535827636719,35.637552950644356,34.88418531585776,35.32637999013493,3413743
1098,2012-03-21,35.62117004394531,35.83407724508995,34.949690239905436,35.17897543067968,3430274
1099,2012-03-22,34.80230712890625,35.604806738251895,34.49113186165079,35.37552145291709,3948023
1100,2012-03-23,35.27724838256836,35.441023869761715,34.62214643379493,34.91694142220409,3647743
1101,2012-03-26,34.70403289794922,35.21173733380039,34.474747668601076,35.04796185264499,4778733
1102,2012-03-27,34.638511657714844,35.097081964270956,34.32733656968063,35.04795022476365,5834802
1103,2012-03-28,34.785919189453125,35.015204409249954,34.474746232489785,34.802297181155836,4875221
1104,2012-03-29,34.654911041259766,34.88419857214776,34.39287195684133,34.785932804816895,12199593
1105,2012-03-30,35.424644470214844,35.81770740094985,34.654898822430425,34.654898822430425,8544753
1106,2012-04-02,35.572044372558594,35.817707594924826,35.260869180483645,35.4082688909811,8676278
1107,2012-04-03,36.06337356567383,36.19439307238194,35.539291096146776,35.75219834988428,3566758
1108,2012-04-04,36.30904769897461,36.45644524357529,35.784965072230015,36.047006385602316,3850338
1109,2012-04-09,35.9323616027832,36.309046674296695,35.555678752617624,36.06338336644578,4475284
1110,2012-04-10,36.16163635253906,36.45643356868184,35.73582185368937,35.93235110977063,4598397
1111,2012-04-11,36.58745574951172,36.6857214954152,35.71944647361705,35.71944647361705,4023851
1112,2012-04-12,36.60383224487305,37.27531000145909,36.39092498859172,36.571076257131,5102969
1113,2012-04-13,36.68572235107422,37.11153911235612,36.21077382636833,36.68572235107422,6602489
1114,2012-04-16,36.63658905029297,36.93138406116151,36.44005756214902,36.66934281741871,4350870
1115,2012-04-17,37.20980453491211,37.308068060900126,36.358171019801325,36.407302782795334,9477019
1116,2012-04-18,37.291690826416016,37.7502613342186,37.078781345306176,37.24255684399958,4441325
1117,2012-04-19,37.55372619628906,37.668369922767766,37.111533725615075,37.17704347445413,2496045
1118,2012-04-20,37.291690826416016,37.78301732249622,37.111537333583804,37.40633456404035,2778756
1119,2012-04-23,36.27628707885742,37.504603496243426,36.09613356003794,37.16067445510581,3854809
1120,2012-04-24,36.03062057495117,36.52194709799065,35.78495731343144,36.39092758038578,3169871
1121,2012-04-25,35.522926330566406,36.17802855074978,35.27726299799764,35.96512121772943,3380361
1122,2012-04-26,35.40827178955078,36.292659018196964,35.12985255953841,35.81771052701173,4377198
1123,2012-04-27,35.457401275634766,36.03061547132004,35.29362579115326,35.441023282917186,1965594
1124,2012-04-30,36.440059661865234,36.70210092070714,35.40827484302539,35.40827484302539,3199398
1125,2012-05-02,35.899600982666016,36.63659076569209,35.735825475326884,36.292661756010425,3811572
1126,2012-05-03,35.588436126708984,35.86685545897007,35.42466057157849,35.70307990383958,1452253
1127,2012-05-04,34.96607208251953,35.572042216160845,34.753162636567204,35.408266744511515,5666533
1128,2012-05-07,34.654911041259766,35.04797411058323,33.80327957420404,34.8514425759215,4565509
1129,2012-05-08,34.638511657714844,35.097081964270956,34.409224283090396,34.654887423319686,2959419
1130,2012-05-09,34.147193908691406,34.80229577964207,33.98341844095374,34.409232879994114,2412310
1131,2012-05-10,33.57398223876953,34.507501140665035,33.41020675899694,34.11444043348024,3946438
1132,2012-05-11,33.197303771972656,33.73776429335538,32.820620983626625,33.57398878166623,3389145
1133,2012-05-14,33.16454315185547,33.34469440042281,32.82061420408195,33.082655412925924,2233766
1134,2012-05-15,33.70500946044922,33.85240698176394,32.787866119211046,33.11541715384271,3494080
1135,2012-05-16,34.245460510253906,34.491123734084205,33.082656361201565,33.508470838763024,4435353
1136,2012-05-17,34.310970306396484,34.98245018659016,34.016173123670306,34.39285804248481,4208594
1137,2012-05-18,34.425621032714844,34.76955006075353,33.59036545643448,34.01618224251345,4935351
1138,2012-05-21,34.0489387512207,34.68766282936286,33.819653469496295,34.360111792228665,1491370
1139,2012-05-22,33.96704864501953,34.24546567453808,33.770517147779096,34.1799559159071,2362045
1140,2012-05-23,33.93429946899414,34.376494315903535,33.49210684343267,34.032565237346,3087547
1141,2012-05-24,34.50750732421875,34.65490483815747,33.55761025986029,34.19633430115977,2135683
1142,2012-05-25,34.09806823730469,34.392865483813964,33.983426714785104,34.22908997620242,1446600
1143,2012-05-28,34.85143280029297,35.16260801311582,33.90153583234707,33.90153583234707,890739
1144,2012-05-29,35.16261291503906,35.457407954092,34.65490615190244,35.27725444296072,5201353
1145,2012-05-30,34.75316619873047,35.26087065715197,34.54025895230237,35.12985115494194,4048557
1146,2012-05-31,34.7695426940918,35.0479619009788,34.40923574651417,34.441991731329274,8033660
1147,2012-06-01,33.95066833496094,34.687658067336706,33.73776107859131,34.55663855900883,3787828
1148,2012-06-04,34.08168411254883,34.212705827881784,33.442960192010325,33.73775738549916,3267896
1149,2012-06-05,34.70403289794922,35.11347160083773,34.22908444686797,34.36010394325344,12393979
1150,2012-06-06,35.91596603393555,36.390916640504805,34.720406075822495,34.720406075822495,9494285
1151,2012-06-07,35.39189147949219,36.27627865025794,35.2117380025304,35.91597169633437,4231838
1152,2012-06-08,35.04796600341797,35.539292505072574,34.63852725203913,35.3100072485699,3997879
1153,2012-06-11,35.129852294921875,35.53929102929871,35.04796454804651,35.375515535547976,2205393
1154,2012-06-12,35.2608757019043,35.4246512137717,34.736793175389565,35.015212434103184,3376544
1155,2012-06-13,35.24449157714844,35.457398803591914,34.93331640125056,35.21173559399697,2496726
1156,2012-06-14,34.62214660644531,35.40827028170192,34.39286136750068,35.064341312611354,6671985
1157,2012-06-15,34.736793518066406,34.96608101402072,34.540264234695286,34.78592750491986,10286920
1158,2012-06-18,35.0643424987793,35.21173999870511,34.622147777654554,34.8841890116045,3027005
1159,2012-06-19,35.62117004394531,35.99785269869251,34.91693426064622,35.064333945965934,9746993
1160,2012-06-20,35.50654220581055,35.99786878619282,35.37552267291437,35.490166430209335,8882639
1161,2012-06-21,35.948726654052734,35.99785840938906,35.015205531885705,35.21173699592522,4083003
1162,2012-06-22,36.046993255615234,36.2599004956713,35.62117655415594,35.70306429592322,7332263
1163,2012-06-25,35.326393127441406,36.17802458757776,35.12986159437646,35.91598328394046,5097127
1164,2012-06-26,35.98148727416992,36.03061903583612,35.14623177641282,35.14623177641282,1992235
1165,2012-06-27,35.96510314941406,36.48918332946205,35.735817931808874,36.03061289425168,5727518
1166,2012-06-28,35.9323616027832,36.292668676170386,35.604810525648645,36.03062737019315,3083553
1167,2012-06-29,37.193424224853516,37.537353208444465,36.12888350790606,36.14526150166703,7486892
1168,2012-07-02,36.88225173950195,37.32444647043454,36.78398599692278,37.20980273386761,2634447
1169,2012-07-03,36.571067810058594,37.177037893890095,36.390916583130085,37.11152815488457,4091332
1170,2012-07-04,37.013275146484375,37.14429466948904,36.456438841693185,36.62021435612281,3061761
1171,2012-07-05,37.439090728759766,37.60286624765936,36.84950063779934,37.01327615669893,2830305
1172,2012-07-06,37.013275146484375,37.50460168977324,36.70210211333762,37.340826175343615,3797719
1173,2012-07-09,36.94777297973633,37.01328275470444,36.71848765667391,36.96415097881536,2397364
1174,2012-07-10,37.06240463256836,37.2589361263343,36.603834108911094,36.65296587167886,3199920
1175,2012-07-11,37.226173400878906,37.50459259644302,36.91500044317886,36.91500044317886,2903254
1176,2012-07-12,36.8331184387207,37.20980342201594,36.718476921380976,37.20980342201594,2728401
1177,2012-07-13,36.70210266113281,37.01327569892397,36.60383690673886,36.88225617396378,1672753
1178,2012-07-16,36.898624420166016,37.07877789624036,36.3909221985208,36.60382943847865,3148848
1179,2012-07-17,36.76761245727539,37.029653728783295,36.65296870681956,36.9477659702713,2407572
1180,2012-07-18,36.423683166503906,36.86587794784211,36.27628564650704,36.71848042784524,2516255
1181,2012-07-19,36.68572235107422,36.94776360581289,36.52194684453098,36.6693443561504,2171498
1182,2012-07-20,36.440059661865234,36.84949843463462,36.292662147937754,36.45643765704551,1581366
1183,2012-07-23,35.80132293701172,36.35815902643409,35.71943521146882,36.243515322135345,2728477
1184,2012-07-24,36.341793060302734,36.8003658078643,35.67031304443051,35.75220079706499,8366909
1185,2012-07-25,36.27628707885742,36.489194369331926,35.55567522492717,36.24353108585472,6131518
1186,2012-07-26,36.60383224487305,36.84949548889643,36.09612776295526,36.341791006978646,10181302
1187,2012-07-27,37.45546340942383,37.66837065261274,36.71847372267379,37.11153444467104,4785341
1188,2012-07-30,38.70016098022461,38.81480472567585,37.34082513680424,37.488224872769415,10354713
1189,2012-07-31,38.96220016479492,39.535414386140644,38.70015671227729,38.716536927075325,13034800
1190,2012-08-01,38.97858428955078,39.14235981645902,38.52001370274683,38.81480876264255,5116745
1191,2012-08-02,38.683780670166016,39.060463410167955,38.61826869682024,38.683780670166016,5172210
1192,2012-08-03,38.74929428100586,38.99495755555802,38.225216182784095,38.43812346552359,3992386
1193,2012-08-06,39.45351791381836,39.66642511754515,38.84754783960091,38.962191547051816,3989076
1194,2012-08-07,38.831172943115234,39.58454280755123,38.58550972610888,39.38801134540731,5499481
1195,2012-08-08,38.96220016479492,39.07683945490843,38.7492884712823,38.896688190991874,5783459
1196,2012-08-09,38.99494552612305,39.38800842122978,38.76566253955566,39.011325738323904,4304923
1197,2012-08-10,39.15874099731445,39.813847638069966,38.71655056778125,38.962213892053526,4906011
1198,2012-08-13,39.273380279541016,39.38802403963094,38.68379014578657,38.978585212663795,2775124
1199,2012-08-14,39.322513580322266,39.60093288203266,38.86394296481467,38.86394296481467,3520379
1200,2012-08-16,39.33888626098633,40.1250078001654,38.89669150685594,39.306130271292425,3368688
1201,2012-08-17,38.53638458251953,39.633681361938166,38.07781405397449,39.42077409254528,4100386
1202,2012-08-21,39.15874099731445,39.38802854371369,38.17608770022535,38.339863249740205,2904667
1203,2012-08-22,38.96220016479492,39.17510741561299,38.716536927075325,38.83117621718883,1988035
1204,2012-08-23,38.47087478637695,39.0604647966387,38.25796308679302,39.0604647966387,4652302
1205,2012-08-24,38.35622787475586,38.76566658206615,38.06143289403131,38.323471889632174,5080546
1206,2012-08-27,38.74929428100586,38.880318248256515,38.24159195734282,38.257967731901545,1296282
1207,2012-08-28,39.797454833984375,40.288781327176906,38.716538326038695,38.81480184759931,4356311
1208,2012-08-29,38.99494552612305,40.25601750167215,38.749282327354805,39.96122255168902,6345767
1209,2012-08-30,39.87934875488281,40.2887875625778,38.7165443181072,38.96220760272419,9698034
1210,2012-08-31,39.125972747802734,39.86296240617031,38.91306107011895,39.86296240617031,6414695
1211,2012-09-03,39.813838958740234,39.961234255554075,39.32250797460865,39.33888819160695,3891463
1212,2012-09-04,40.59994888305664,40.84561208326191,39.63367185183835,39.63367185183835,8607402
1213,2012-09-05,40.61982727050781,41.19916450656938,40.470853042317316,40.71914042920084,5181748
1214,2012-09-06,40.090152740478516,40.60327828906133,39.494260226801565,40.60327828906133,2059057
1215,2012-09-07,40.354976654052734,40.66947574415043,40.22255763880372,40.55360742200128,1292419
1216,2012-09-10,40.37153625488281,40.719136769215766,40.057037130371626,40.172905465199456,2343064
1217,2012-09-11,40.04048156738281,40.354976163507544,39.79219423300276,40.139794705074834,1345773
1218,2012-09-12,40.189456939697266,40.35498185261912,39.77564465739263,40.222562820311765,2846913
1219,2012-09-13,40.106693267822266,40.58671729680899,39.89151178557495,39.95772354479743,2572173
1220,2012-09-14,39.72598648071289,40.66947934437777,39.361830788929026,40.38808610571976,13519349
1221,2012-09-17,38.93145751953125,40.09013155647181,38.716276096415,39.9908139449302,12665195
1222,2012-09-18,38.948020935058594,39.659777177984616,38.73283944163688,38.96457612079918,8408810
1223,2012-09-20,38.65007781982422,39.130101884127015,38.40179043969881,38.40179043969881,6301939
1224,2012-09-21,39.80874252319336,40.05702984258771,38.815593245615965,38.815593245615965,8707245
1225,2012-09-24,39.09699630737305,40.22256487470054,38.89836550369152,39.792201875182954,7593484
1226,2012-09-25,38.86524963378906,39.47769258352523,38.269361866026664,39.32871839650978,11733607
1227,2012-09-26,38.73283767700195,39.047336800086654,38.50110100839738,38.73283767700195,9302273
1228,2012-09-27,38.65007781982422,39.17975846212193,38.418341135646834,38.76594616191291,12478679
1229,2012-09-28,39.891517639160156,39.957729408098395,38.89836804599357,38.89836804599357,8847242
1230,2012-10-01,39.74253845214844,40.05703758019128,39.32872617322395,39.74253845214843,5138030
1231,2012-10-03,38.948020935058594,40.057038773648344,38.832152595477446,39.72598894064548,12133968
1232,2012-10-04,39.06388854980469,39.39493837666489,38.56731380951439,39.16320170180249,7257841
1233,2012-10-05,39.13009262084961,39.42803650843761,39.06388087243016,39.31216819377845,11584935
1234,2012-10-08,39.29561996459961,39.54390730150929,38.74938423127826,39.06388332075721,6807880
1235,2012-10-09,39.79219436645508,39.89150750448017,39.01422648475849,39.42803871011306,5205666
1236,2012-10-10,39.54390335083008,39.941160356107126,39.06387941803535,39.65976717102572,7436554
1237,2012-10-11,39.44458770751953,39.92461166435674,39.26251213225015,39.725980906694794,5476615
1238,2012-10-12,39.709434509277344,39.858404226023445,38.07073619401808,39.39493540145173,2847441
1239,2012-10-15,39.34527587890625,40.04048130870915,39.21285686612235,39.59356321168229,7208908
1240,2012-10-16,39.26251220703125,39.626667848413426,39.14664389066195,39.42803709037316,4006297
1241,2012-10-17,39.643218994140625,39.725981436758246,39.22940678105252,39.52735067644598,2639928
1242,2012-10-18,39.92461013793945,40.02392326789852,39.52734863780387,39.72597938787166,2525746
1243,2012-10-19,39.52735137939453,39.891507031418136,39.39493236688139,39.72598214323922,3153069
1244,2012-10-22,39.26251220703125,39.46114296507151,39.04733075671673,39.21285564005864,4657141
1245,2012-10-23,38.881813049316406,39.279070148563996,38.83215198302864,39.11354523467317,3935245
1246,2012-10-25,38.63351821899414,39.063881115954146,38.434887462647296,38.99766936712193,12050023
1247,2012-10-29,38.0541877746582,38.25281407552581,37.789345223250436,37.789345223250436,2123473
1248,2012-10-30,37.474849700927734,38.18660819032922,37.34243066549625,38.1038457319157,2570824
1249,2012-10-31,37.739688873291016,37.90521378510237,37.425191989864494,37.62382053699294,1852024
1250,2012-11-01,38.716285705566406,38.865255424628316,38.17004993188827,38.17004993188827,4524439
1251,2012-11-02,39.06388854980469,39.16320170180249,38.76594460366064,38.93146951709074,4726469
1252,2012-11-05,38.74938201904297,39.0638810905669,38.66661957813139,39.03077521617231,3632141
1253,2012-11-06,39.61012268066406,39.69288514325995,38.56731654998605,38.964578166506705,4718509
1254,2012-11-07,39.72598648071289,39.92461726624504,39.39493666820946,39.56046157446117,4694784
1255,2012-11-08,39.34527587890625,39.49424558448189,39.130094421863674,39.37838175463971,3005197
1256,2012-11-09,39.5770149230957,40.02393309797616,39.196308511216344,39.29562615571797,5518512
1257,2012-11-12,39.72598648071289,39.97427384009047,39.6101181483066,39.6101181483066,5986709
1258,2012-11-15,39.69287872314453,39.825297743849674,39.279066477097054,39.42804068173424,11277862
1259,2012-11-16,39.428043365478516,39.70943660997441,39.163200815890974,39.659775544948246,7952790
1260,2012-11-19,39.74253845214844,39.85840678827741,39.29562478303047,39.428043814256185,4682624
1261,2012-11-20,40.42119598388672,40.53706432775592,39.75909629337804,39.7756469895804,5826060
1262,2012-11-21,39.759098052978516,40.53706612178657,39.51081065804942,40.42119777278945,8050611
1263,2012-11-22,39.428043365478516,39.94116878944414,39.29562433576002,39.80874975972564,3266009
1264,2012-11-23,39.643218994140625,40.05703120722873,39.345275098747166,39.560456551523004,2809752
1265,2012-11-26,39.8584098815918,39.92462164741848,39.41149168763899,39.72599084008936,2935121
1266,2012-11-27,39.24596405029297,40.04048722468699,39.146650898569035,39.891513006950454,7105541
1267,2012-11-29,39.03078079223633,39.411487176788604,38.69973098129515,39.229411576831126,15583782
1268,2012-11-30,39.03078079223633,39.34527990869063,38.83215000764153,39.13009842960894,9986088
1269,2012-12-03,39.37837600708008,39.42803256835756,38.914902794758774,39.113533530018,5791740
1270,2012-12-04,39.87495422363281,40.057029794912076,39.29561714573553,39.37837958543514,8486828
1271,2012-12-05,39.775638580322266,40.13979423114341,39.394932236797864,39.97426934351107,7991825
1272,2012-12-06,39.74253845214844,39.92461854896556,39.27906959778313,39.89151266862149,3888336
1273,2012-12-07,39.29561996459961,39.87495708405554,39.09698919704185,39.825296024553566,3172271
1274,2012-12-10,39.24596405029297,39.44459484389147,39.06388844208221,39.328726506779795,2674532
1275,2012-12-11,38.898353576660156,39.46113993283751,38.83214183235123,39.394928188528596,5034484
1276,2012-12-12,38.81559753417969,39.179753207555294,38.66662333002368,39.04733418727786,6283865
1277,2012-12-13,39.14664840698242,39.31217330942082,38.93146693184257,39.03078007724547,7727857
1278,2012-12-14,38.48455047607422,39.13009941980547,38.31902556641498,39.13009941980547,6097530
1279,2012-12-17,38.517662048339844,38.79905533437615,38.21971806495189,38.501106860837,3910978
1280,2012-12-18,38.76594924926758,39.03078734643296,38.43489938273525,38.732843364584106,4553554
1281,2012-12-19,38.467994689941406,38.96456935319762,38.153495607152486,38.91490829475204,6136261
1282,2012-12-20,38.335575103759766,38.69973079204435,38.23626195702325,38.69973079204435,2121800
1283,2012-12-21,37.9714241027832,38.31902460831626,37.9052123445148,38.269368034690174,3053451
1284,2012-12-24,37.872108459472656,38.38523838769472,37.690032849873305,38.004527492831336,2156093
1285,2012-12-26,38.170047760009766,38.46799616148106,37.93831560238225,38.00452286592577,2963625
1286,2012-12-27,37.5576057434082,38.401783124031084,37.4417396684678,38.18660166694534,7464142
1287,2012-12-28,37.574161529541016,38.20315525568326,37.176902215920904,37.87210545348731,6441596
1288,2012-12-31,37.98797607421875,38.07073852976105,37.54105791626019,37.57416379650723,1528669
1289,2013-01-01,37.690032958984375,38.269370160487604,37.64037413752461,38.120395941183645,6397127
1290,2013-01-02,37.441741943359375,38.00452390453491,37.375530187856256,37.77279174057448,10823940
1291,2013-01-03,37.78934860229492,37.98797941107426,37.458298751046364,37.67348025632773,7768126
1292,2013-01-04,38.0541877746582,38.120395044897215,37.59071667730755,37.90521355885693,7374977
1293,2013-01-07,37.872108459472656,38.12039583082669,37.590717452316625,38.070739254586016,5751436
1294,2013-01-08,38.550758361816406,38.6500715015712,37.739684589935266,37.756235283177695,7147399
1295,2013-01-09,38.252811431884766,38.7162847422802,38.10384171652932,38.65007298646649,8208348
1296,2013-01-10,37.70658493041992,38.63352717828405,37.57416589219672,38.30247733765061,5482985
1297,2013-01-11,37.45829391479492,37.80589890781711,37.35898076830309,37.77279302893637,7053838
1298,2013-01-14,37.09413528442383,37.83899500431097,36.994819906747246,37.44173798375442,10369465
1299,2013-01-15,36.763084411621094,37.44173685265523,36.69687491019516,37.243106103302615,7333310
1300,2013-01-16,37.09413528442383,37.21000135415077,36.54790182974007,36.746532585093235,12729863
1301,2013-01-17,37.292762756347656,37.42518400458768,36.82929400019463,37.11068718826421,8720890
1302,2013-01-18,38.0541877746582,38.21971268548159,37.077589004739984,37.309323430877676,11437257
1303,2013-01-21,37.70658493041992,38.10384653524038,37.4748504909916,37.8555591547653,5767870
1304,2013-01-22,37.574161529541016,38.15349868338392,37.34242711701888,37.77279230888865,5102821
1305,2013-01-23,37.12724304199219,37.93831684564318,36.92861450962725,37.73968606820311,4125262
1306,2013-01-24,36.729984283447266,37.25966486785371,36.64722183245095,37.14379653842881,7597320
1307,2013-01-25,36.74653625488281,36.961717723776,36.51480184721128,36.51480184721128,5876853
1308,2013-01-28,37.04448318481445,37.16035152060945,36.332726965146016,36.779645123126386,4530765
1309,2013-01-29,37.11069869995117,37.54106171627349,36.812752482794735,36.96172446883519,8933771
1310,2013-01-30,36.91205978393555,37.34242495084047,36.6968783230206,37.077584675431666,6691139
1311,2013-01-31,36.48170471191406,37.06104199245941,36.28307613420105,36.8127545865114,10621030
1312,2013-02-01,36.5644645690918,36.81275195730686,36.38238670205232,36.465149164790674,6533829
1313,2013-02-04,36.812744140625,36.97826903095476,36.58100974317833,36.59756268122631,4150438
1314,2013-02-05,36.2830696105957,36.729985513902356,36.150648337520394,36.66377599990233,2184943
1315,2013-02-06,36.20030212402344,36.6306650277294,36.08443380682572,36.43203651334394,2852740
1316,2013-02-07,36.945167541503906,37.19345489139083,36.249962063790484,36.249962063790484,5059086
1317,2013-02-08,36.829307556152344,37.342435311168074,36.61412603553719,37.077594962281665,5162866
1318,2013-02-11,37.259666442871094,37.32587595745188,36.53135729233198,36.912063684977916,3760946
1319,2013-02-12,37.35898971557617,38.18661443505431,36.878965582218264,36.97828099757079,9796530
1320,2013-02-13,36.38238525390625,38.070740324596436,36.1837566982856,38.070740324596436,7821046
1321,2013-02-14,34.99197769165039,36.547911538318445,34.3795345708513,36.4154924962905,14843823
1322,2013-02-15,35.51639938354492,35.71810246967966,34.79363417119673,35.16342012270949,8479053
1323,2013-02-18,36.390445709228516,36.777040659465484,35.38193476447031,35.38193476447031,8321446
1324,2013-02-19,36.44086837768555,36.52491095187928,36.03746447751577,36.3904437450896,8484570
1325,2013-02-20,36.3568229675293,36.86107837335797,36.10469526461496,36.47448347414288,7964693
1326,2013-02-21,35.91980743408203,36.625763712867084,35.751720000313234,36.23916877066104,6464828
1327,2013-02-22,36.659385681152344,36.81066188037502,35.97023601824784,36.17193913707879,14054231
1328,2013-02-25,37.66788864135742,37.735122239955444,36.72661142158342,36.81065398978109,15983553
1329,2013-02-26,37.29810333251953,37.617464660568515,37.0459756083018,37.617464660568515,17614848
1330,2013-02-27,36.60895919799805,37.60066355097212,36.5081099171813,37.48300301695114,9561570
1331,2013-02-28,35.06256103515625,36.97873310172733,34.30617804460457,36.84426592643822,11505348
1332,2013-03-01,36.289588928222656,36.64256816397183,35.062566087742255,35.53320582867466,9664596
1333,2013-03-04,36.457672119140625,36.81065133608452,35.73490471686497,36.3063959632505,5835406
1334,2013-03-05,36.50809097290039,36.64255813074758,35.802132694702905,36.49128200821952,4342564
1335,2013-03-06,36.18874740600586,36.6425783032331,36.08789812200084,36.50811107135896,2348098
1336,2013-03-07,36.37363052368164,36.575333590095944,36.020651297356835,36.020651297356835,3784471
1337,2013-03-08,36.97874069213867,37.02916532327241,36.32320908839676,36.60895246448905,5865486
1338,2013-03-11,37.11320114135742,37.23086163232578,36.64256373708452,36.96192499568401,3872022
1339,2013-03-12,36.72660827636719,37.18043901768939,36.340013407685596,37.18043901768939,5729772
1340,2013-03-13,36.9115104675293,37.06278665457062,36.57534014974819,36.6761917010427,4784709
1341,2013-03-14,36.86106872558594,36.97872920140384,36.558516473196974,36.84426204029763,4923712
1342,2013-03-15,36.64256286621094,36.99554205092658,36.45766879042654,36.77703004143585,4917271
1343,2013-03-18,36.55852127075195,36.64256382742219,36.47447871408172,36.60894589283399,3593844
1344,2013-03-19,36.00384521484375,36.777034996256006,35.31469343961882,36.62575883379711,5195989
1345,2013-03-20,35.07938003540039,35.93661479250476,34.89448590664441,35.81895427062346,5025753
1346,2013-03-21,34.15491485595703,35.398744678413586,33.9027870968185,34.961725053080976,4921271
1347,2013-03-22,34.44065856933594,34.69278631389005,33.902785135700114,34.171721852518026,8653798
1348,2013-03-25,34.92810821533203,35.14661803493449,34.625555806682286,34.760023037237474,4166875
1349,2013-03-26,35.29788589477539,35.398735147436675,34.7936305122672,34.7936305122672,3767435
1350,2013-03-28,35.56682586669922,35.76852896333412,34.99533679930142,35.28108247290072,4534130
1351,2013-04-01,35.46597671508789,35.78533805264517,35.21384898336359,35.38193413784646,1691135
1352,2013-04-02,35.80215072631836,36.188745709686025,35.33151087721745,35.61725658130732,4652635
1353,2013-04-03,35.7012939453125,35.83576115121545,35.48278188596931,35.58363343029688,2361750
1354,2013-04-04,35.12979507446289,35.78532650953409,34.894474110252645,35.55000782512393,3713922
1355,2013-04-05,35.18022918701172,35.29788970087089,34.87767683680341,34.87767683680341,8205260
1356,2013-04-08,35.01213455200195,35.634050334183485,34.7936248338301,35.29788013404213,3096875
1357,2013-04-09,34.72639846801758,35.70129368295221,34.55831332197375,35.146611333127154,2293912
1358,2013-04-10,35.16341781616211,35.230651413863264,34.591928816001484,34.81043857848037,1905585
1359,2013-04-11,34.81044387817383,35.23065677753176,34.67597666229965,35.23065677753176,3329986
1360,2013-04-12,35.46597671508789,35.5836349553454,34.6423576342812,34.6423576342812,1819318
1361,2013-04-15,34.97852325439453,35.29788682894211,34.84405606075382,35.29788682894211,2619515
1362,2013-04-16,35.93661880493164,36.27278915664023,34.96172569689719,34.97853239064174,2546545
1363,2013-04-17,35.93661880493164,36.35683174456737,35.718108988241504,35.93661880493164,3775629
1364,2013-04-18,35.97023010253906,36.27278245122629,35.381932095802256,35.684484444489485,5080676
1365,2013-04-22,36.777034759521484,37.18044089654915,35.71809934932509,35.71809934932509,5577118
1366,2013-04-23,36.87788391113281,36.978735438873805,36.541713671863064,36.64256519960406,2951714
1367,2013-04-25,36.928321838378906,37.75193871448764,36.30640579816154,36.67619408366393,7103973
1368,2013-04-26,37.07958984375,37.21405703797154,36.81065317550639,37.062780874522176,3417359
1369,2013-04-29,37.13002014160156,37.449381486496435,36.82746776850133,36.82746776850133,5263605
1370,2013-04-30,37.71831130981445,38.03767259640556,36.81065207641851,37.04597079918036,5652599
1371,2013-05-02,38.625972747802734,38.82767582442543,37.398952157783015,37.415761127468336,7787838
1372,2013-05-03,37.65108871459961,38.726835669737504,37.53342817894355,38.28981147438675,3489204
1373,2013-05-06,37.684696197509766,37.970439550784064,37.24767440331323,37.49980209844964,1570856
1374,2013-05-07,37.88640213012695,38.239381407207155,37.113209970761005,37.617465429503916,4295563
1375,2013-05-08,38.5755500793457,38.71001728406209,37.86959155508294,37.86959155508294,4623152
1376,2013-05-09,38.155338287353516,38.72682962296378,37.92001953258499,38.65959373891497,3439496
1377,2013-05-10,37.768741607666016,38.50831350001733,37.651081095818824,37.93682675041877,3388720
1378,2013-05-13,37.71831130981445,37.98724797002818,37.44937464960073,37.51661052450449,3486486
1379,2013-05-14,38.441078186035156,38.71001256266645,37.75192871636653,37.75192871636653,5187764
1380,2013-05-15,38.2393798828125,38.861295835723354,37.987252163491995,38.52512554329602,7598979
1381,2013-05-16,38.28980255126953,38.743633334694444,38.05448381459759,38.071292784317144,7843384
1382,2013-05-17,39.012569427490234,39.298315085746644,38.23937958477417,38.32342215722598,4225774
1383,2013-05-20,38.42426300048828,39.02937212530563,38.323413759485575,38.99575419177127,6051683
1384,2013-05-21,37.88640213012695,38.62597634698973,37.60065873805312,38.35704192616748,3901355
1385,2013-05-22,37.86958312988281,38.020861551283296,37.61745546728227,37.98724361768315,4300192
1386,2013-05-23,36.844276428222656,37.93682994820962,36.642573327997034,37.70150890467944,5416658
1387,2013-05-24,36.64256286621094,37.24766971432344,36.34001058205479,37.24766971432344,4295474
1388,2013-05-27,37.70150375366211,37.886397856974064,36.64256832165814,36.70980191928052,1976291
1389,2013-05-28,37.81916427612305,38.22256814183676,37.61746120336592,37.76873964783403,3947350
1390,2013-05-29,38.155338287353516,38.30661674666256,37.7183164400401,37.97044416582082,4123634
1391,2013-05-30,38.4578857421875,38.65958880901104,37.701502661299926,38.05448188834089,4814631
1392,2013-05-31,38.08810043334961,38.65958942539408,37.869588394173434,38.64278273605788,8210037
1393,2013-06-03,37.449378967285156,38.12171955543601,37.197251246728584,38.10491286457281,2337051
1394,2013-06-04,38.05448532104492,38.272997376448046,37.38214474405195,37.38214474405195,6339450
1395,2013-06-05,37.80235290527344,37.953629060330826,37.63426778192069,37.83597084186414,2941759
1396,2013-06-06,37.66788864135742,37.85278274735241,37.55022813396046,37.55022813396046,3741327
1397,2013-06-07,37.19725036621094,37.88639990871245,37.13001676494752,37.331719848538434,3373193
1398,2013-06-10,36.97874069213867,37.48299612267871,36.91150709069347,37.31491097916536,4178032
1399,2013-06-11,36.25597381591797,37.60065490204854,36.0710797106149,36.76022922321693,4988953
1400,2013-06-12,36.30640411376953,36.77704165548242,36.03746739859034,36.30640411376953,1985386
1401,2013-06-13,35.55001449584961,36.44086478249315,35.41554502252572,36.05426989126305,3320850
1402,2013-06-14,36.676185607910156,36.81065280076279,35.63405688400057,35.71809944948358,5440747
1403,2013-06-17,36.37363052368164,36.79384334554439,35.97022667065349,36.6593761544685,1761508
1404,2013-06-18,36.44086837768555,36.87789021945311,36.08789138991245,36.30640117089587,2599492
1405,2013-06-19,36.13831329345703,36.37363202746881,35.91980352897478,36.2895894596217,3158484
1406,2013-06-20,35.5836296081543,36.071078306745804,35.482778074659485,36.03746036898071,3936637
1407,2013-06-21,36.03746795654297,36.18874414873562,35.297893688200375,35.51640349027854,8100913
1408,2013-06-24,35.600433349609375,36.47447680515601,35.314687759965246,35.83575204001035,7726193
1409,2013-06-25,34.65917205810547,35.97023783720293,34.30619272220226,35.70130109176233,5865050
1410,2013-06-26,35.634056091308594,35.76852328116995,34.440651232037375,34.558309453215955,9917951
1411,2013-06-27,35.81895065307617,36.30639938323938,35.5836319128805,35.80214396290554,10124040
1412,2013-06-28,37.41575622558594,37.68469286591562,35.97022377863912,35.97022377863912,13955319
1413,2013-07-01,37.95362854003906,38.0880980047581,37.14682087092627,37.14682087092627,4880398
1414,2013-07-02,37.43256759643555,37.92001400594205,37.1804399074011,37.68469528546999,4836103
1415,2013-07-03,36.40725326538086,37.230870048950095,36.23916811445649,37.230870048950095,3203552
1416,2013-07-04,36.18874740600586,36.810663482976345,35.718109814645224,36.47449312348985,5239017
1417,2013-07-05,36.171939849853516,36.60895948293036,35.90300311271316,36.306407078523144,2878063
1418,2013-07-08,35.39873504638672,36.13831142912789,35.230649919363806,36.13831142912789,5074736
1419,2013-07-09,36.928321838378906,36.978746477401494,35.58363820009798,35.734914396966765,5626482
1420,2013-07-10,36.3568229675293,37.34852708949946,36.255973710204,37.13001504576004,6811029
1421,2013-07-11,37.09639358520508,37.44937049024384,36.69298749978901,36.96192413013299,5779104
1422,2013-07-12,37.07958984375,37.23086600719936,36.323206746702645,37.21405703797154,3580274
1423,2013-07-15,36.995540618896484,37.29809289134138,36.65937041404654,36.96192268649144,2918182
1424,2013-07-16,37.045982360839844,37.2813011570422,36.40725958831901,36.40725958831901,2477162
1425,2013-07-17,37.28129577636719,37.71831763755557,36.91150980136227,37.01236135083664,9890923
1426,2013-07-18,37.31490707397461,37.55022579430589,37.06277938509101,37.16363091660454,5820812
1427,2013-07-19,37.43256759643555,37.583843753896126,37.1804399074011,37.583843753896126,4552788
1428,2013-07-22,37.36532974243164,37.58384176256416,37.0795864112126,37.21405359298623,2515956
1429,2013-07-23,37.02916717529297,37.73512572527793,36.70980584260483,37.73512572527793,5415186
1430,2013-07-24,36.97874069213867,37.19725046678575,36.55852783335531,36.67618834573492,2594203
1431,2013-07-25,37.02916717529297,37.56704057335778,35.734910593587465,37.18044563586173,4206471
1432,2013-07-26,36.42406463623047,37.2308725019036,36.323213083071096,37.146829920904274,5399927
1433,2013-07-29,36.34001159667969,36.86107362507459,36.08788392624334,36.709797478772835,2056881
1434,2013-07-30,35.48278045654297,36.3736330691143,35.18022811554931,36.340017408893125,1322467
1435,2013-07-31,33.98682403564453,35.297889533187224,33.02873779820182,34.99533490461552,6050144
1436,2013-08-01,34.575111389160156,34.94489950576293,33.28085526085042,33.88596205174588,4448345
1437,2013-08-02,30.70915985107422,33.734692077650855,29.0955422076066,33.280861331744205,31014744
1438,2013-08-05,31.364688873291016,31.868944204125906,29.482134726253996,30.910858163619526,15799229
1439,2013-08-06,31.44873809814453,32.10426971129637,31.078952144987426,31.263843981665627,14382559
1440,2013-08-07,31.364688873291016,31.919371105089525,31.11256120787357,31.60000757172059,5717703
1441,2013-08-08,32.2723503112793,32.60852055577802,31.431924700032468,31.53277622934216,6778874
1442,2013-08-12,31.969804763793945,32.74299694560778,31.801719605999672,32.44044229369757,9452703
1443,2013-08-13,32.322776794433594,32.44043501059398,31.600009410304008,31.919372962254478,2256717
1444,2013-08-14,32.64213943481445,32.99511865769182,32.12107508483363,32.272351243266655,9066232
1445,2013-08-16,32.9447021484375,33.29768148270881,32.10427624769684,32.642149736091326,16654810
1446,2013-08-19,32.44043731689453,32.843843457553504,31.852139354867454,32.64214038722402,5042098
1447,2013-08-20,32.42363357543945,32.60852541361763,31.8857601921919,32.440440266327855,5439143
1448,2013-08-21,32.81022644042969,33.23043928224715,32.49086513660853,32.59171667460483,17512680
1449,2013-08-22,32.978309631347656,33.19681938427985,32.28916015546857,32.60852144044655,11299648
1450,2013-08-23,32.87745666503906,33.011926128500775,32.47405283425462,32.87745666503906,19297499
1451,2013-08-26,32.92788314819336,33.09596826552338,32.67575547219832,32.84384058952835,24410353
1452,2013-08-27,32.1715087890625,34.70959520061237,31.86895412846264,32.94469871328219,13466053
1453,2013-08-28,31.549591064453125,32.54129301418007,30.9781019984919,31.936186005597268,11398478
1454,2013-08-29,32.709381103515625,33.11278505217806,31.51597595054678,31.51597595054678,15533827
1455,2013-08-30,32.82704162597656,33.06236040599265,31.532784916186543,32.574913873144816,8242572
1456,2013-09-02,33.28086471557617,33.448949856364926,32.67576003257714,32.8438451733659,15403306
1457,2013-09-03,32.15469741821289,33.617039135857674,31.650441967963072,33.44895170597364,4877060
1458,2013-09-04,32.390010833740234,32.57490492431713,31.650436751233038,31.801712905413996,4850453
1459,2013-09-05,32.726810455322266,34.172641091242085,32.31857407714885,33.186072920120345,9746210
1460,2013-09-06,33.6623420715332,34.15562491776012,32.35258891804671,32.64175591778194,7041237
1461,2013-09-10,34.78499221801758,35.227244434799026,33.76440361293551,33.76440361293551,8723482
1462,2013-09-11,33.67935562133789,35.00611922711357,33.356170413413636,34.665923785698986,5150080
1463,2013-09-12,33.67935562133789,34.240679483930755,33.424209040276956,33.84945334204519,5409563
1464,2013-09-13,33.93450927734375,34.087596786069724,33.49225467994779,33.50926260872976,6331674
1465,2013-09-16,34.88705062866211,35.36332564085197,33.74739726037166,33.93450521847846,14084730
1466,2013-09-17,34.54684829711914,34.887043677861705,33.52626215489146,34.71694598749042,5923058
1467,2013-09-18,34.1556282043457,34.529844086235364,33.645335078367715,34.1896486689167,4635243
1468,2013-09-19,34.1556282043457,35.431361019290684,33.76440209017055,34.97209628307136,10203659
1469,2013-09-20,34.56386947631836,34.88705472897916,34.189655823221024,34.27470469534746,15290056
1470,2013-09-23,33.764400482177734,34.325724278279786,33.62832324456993,34.05356749596646,3730187
1471,2013-09-24,33.73038864135742,33.96852500530404,33.35617270722835,33.52627043963282,8304198
1472,2013-09-25,34.18964385986328,34.30871085491837,33.40719404866877,33.679348498564686,5150528
1473,2013-09-26,33.781410217285156,34.104597689275934,33.526263670196236,34.019548840246294,6791644
1474,2013-09-27,33.6623420715332,34.15562491776012,33.526262533441134,33.78140907187895,4575709
1475,2013-09-30,33.356170654296875,33.66234793803987,32.91391611584455,33.40720135513638,5763141
1476,2013-10-01,33.67935562133789,33.747396555299204,33.30514202004064,33.424209040276956,4024187
1477,2013-10-03,33.985530853271484,34.104600173424956,33.543276344684394,34.019551318200435,11166670
1478,2013-10-04,33.322139739990234,33.849440630485915,33.23709091157517,33.849440630485915,16408671
1479,2013-10-07,33.356170654296875,33.40720135513638,32.84587748848989,33.18607293236121,3643908
1480,2013-10-08,33.4242057800293,33.611313715976124,33.237100151180236,33.543275095749394,7001377
1481,2013-10-09,33.69636535644531,33.81543468201853,33.169061968632136,33.169061968632136,5815351
1482,2013-10-10,33.764400482177734,33.866459563932445,33.42420508106051,33.69636186337383,4045318
1483,2013-10-11,33.6623420715332,33.985527225468246,33.56028299473855,33.866457918024885,2594571
1484,2013-10-14,33.866458892822266,33.98552820369286,33.44121464985253,33.679350964496045,3588795
1485,2013-10-15,33.6623420715332,34.070576071614184,33.42420345664649,33.90047837932231,6566169
1486,2013-10-17,33.20307540893555,33.95150474918172,33.01596749709964,33.594299155149066,7117518
1487,2013-10-18,33.84945297241211,34.01955299835992,33.015974611467485,33.50925753471243,15690831
1488,2013-10-21,33.84945297241211,34.00254276505534,33.696365486866846,33.84945297241211,2023039
1489,2013-10-22,34.68292236328125,35.244243730132546,33.78140336224777,33.78140336224777,9232804
1490,2013-10-23,34.22367858886719,35.14220606990051,34.12161946717491,35.00612877904321,3579487
1491,2013-10-24,33.67935562133789,34.546854458364685,33.40720111388462,34.35974881126506,7207079
1492,2013-10-25,34.08758544921875,34.27469336747694,33.441212850426574,33.88346730073752,5281406
1493,2013-10-28,33.59430694580078,34.325728533124796,33.44121945774162,34.12161034431391,5287076
1494,2013-10-29,34.1556282043457,34.34273614529053,33.339157818522224,33.54327599175255,7086272
1495,2013-10-30,34.07057571411133,34.2746938655588,34.01954732979824,34.24067340461836,3289474
1496,2013-10-31,34.46181106567383,34.87004750581995,33.62833256338916,34.342744026546505,8249061
1497,2013-11-01,33.30514144897461,34.66592319130033,33.203082356880586,34.46180500711229,9616570
1498,2013-11-05,32.36960983276367,33.35617585084821,32.165491611802146,33.254116740367444,17767298
1499,2013-11-06,32.74382019042969,32.91391792169792,32.420634962439664,32.420634962439664,9564186
1500,2013-11-07,32.33557891845703,32.74381292145512,32.165481224949694,32.624745920258555,9949028
1501,2013-11-08,32.67577362060547,32.81185315681776,31.859305631722027,32.0634214753941,6427427
1502,2013-11-11,32.641761779785156,32.79484926892069,32.046419749848496,32.62475154608165,7123880
1503,2013-11-12,32.43764114379883,32.72680817366174,32.25053320136388,32.64175931865475,5714533
1504,2013-11-13,32.65877151489258,32.74382038102174,32.16548855276307,32.2675476535377,4914428
1505,2013-11-14,32.65877151489258,32.89691018573275,32.573722648763415,32.6927919841835,2329910
1506,2013-11-18,32.7778434753418,32.89691282029761,32.556717328536244,32.76083323933406,4220710
1507,2013-11-19,32.33557891845703,32.77783338299563,32.09744260896629,32.52268684273463,6280476
1508,2013-11-20,31.893320083618164,32.47165400797286,31.825281476957997,32.18248704579551,5017948
1509,2013-11-21,31.774261474609375,32.046418280089405,31.53612513497607,31.978377348395963,4281191
1510,2013-11-22,31.944358825683594,32.046417914963016,31.706222488763533,31.706222488763533,7516975
1511,2013-11-25,32.02939987182617,32.1824873148658,31.876312428786537,31.876312428786537,8325845
1512,2013-11-26,32.06342315673828,32.19950270008632,31.757248221626156,31.8933254578765,7679212
1513,2013-11-27,31.349018096923828,32.216516930215334,31.2469590035193,31.893329416584667,4670852
1514,2013-11-28,32.21651840209961,32.31857519306885,31.178921801428285,31.38303769046485,21937834
1515,2013-11-29,32.352596282958984,32.52269401397279,31.77426445893168,32.09744968643828,19972565
1516,2013-12-02,31.842300415039062,32.21651631467307,31.332007264864284,31.332007264864284,12138526
1517,2013-12-03,31.893320083618164,31.978368918717702,31.70621449207703,31.80827124851863,10819239
1518,2013-12-04,32.52268600463867,32.62474507953258,31.740236173248803,31.842295248142708,21813713
1519,2013-12-05,32.76081848144531,32.87988777276354,32.36959476499509,32.828857087728316,14177075
1520,2013-12-06,33.6623420715332,33.985527225468246,32.64175591778194,32.64175591778194,25973812
1521,2013-12-09,34.46181106567383,34.64891904955774,33.50926321716348,33.84945871255301,30640399
1522,2013-12-10,33.47522735595703,34.52983375700994,32.99895252992466,34.46179284822164,28724268
1523,2013-12-11,33.33916091918945,33.50925864366852,33.04999617183388,33.1690631947104,7491141
1524,2013-12-12,33.322139739990234,33.407188568405296,33.13503185605767,33.23709091157517,9916532
1525,2013-12-13,33.169063568115234,33.39019199668622,33.015976075780294,33.06700677795732,12252500
1526,2013-12-16,33.67935562133789,33.815435182162524,32.930926111645405,32.998964738508725,21800566
1527,2013-12-17,33.57728958129883,33.76439517683554,33.28812261294642,33.475230515580485,18137305
1528,2013-12-18,34.019554138183594,34.59788594023044,32.2335257233215,32.31857458559598,156704650
1529,2013-12-19,33.764400482177734,34.35974474123059,32.74381427882606,33.169058530222586,508752991
1530,2013-12-20,33.8154296875,34.104596688554906,33.42420360918468,33.61131153297917,55032517
1531,2013-12-23,33.91748809814453,33.985526712615034,33.52626202751839,33.679349486851414,27772323
1532,2013-12-24,33.526268005371094,33.91749414575425,33.49224984561907,33.849453212054236,16656973
1533,2013-12-26,33.67935562133789,33.883473809025844,33.11803406584303,33.37318064690396,58569185
1534,2013-12-27,33.951515197753906,34.05357429990011,33.407203831471094,33.67935836106341,17259233
1535,2013-12-30,33.67935562133789,34.08759199671379,33.54327836761126,33.815435182162524,10546799
1536,2013-12-31,33.985530853271484,34.019551318200435,33.628325199908915,33.713374055133436,12881038
1537,2014-01-01,33.84945297241211,33.98553253175076,33.730385953476,33.96852229844619,3186233
1538,2014-01-02,34.665924072265625,34.83602179437903,34.01955365107387,34.053571811237745,29730385
1539,2014-01-03,34.2576904296875,34.955091560506965,34.070582471599636,34.66592450645317,10720086
1540,2014-01-06,33.985530853271484,34.35974673909852,33.713374055133436,34.35974673909852,6603244
1541,2014-01-07,33.611328125,34.01956463556505,33.526279236482075,33.98554415731837,12753362
1542,2014-01-08,33.59430694580078,33.84945352826539,33.509258084979244,33.526268318563154,10653844
1543,2014-01-09,33.628326416015625,33.84945252475686,33.50925709155623,33.594305949856384,12969982
1544,2014-01-10,33.15205001831055,33.8494487325631,32.84587277847262,33.8494487325631,21668655
1545,2014-01-13,33.33916091918945,33.47524048303153,32.930926841859325,32.930926841859325,11775173
1546,2014-01-14,33.15205001831055,33.50925333747495,33.04999093836457,33.30513748468068,6262293
1547,2014-01-15,33.169063568115234,33.849454473691054,33.0329863098393,33.18607380217425,8229009
1548,2014-01-16,33.4242057800293,33.56028532758052,33.220089919349114,33.305138771406966,15169976
1549,2014-01-17,33.08401870727539,33.42421420121863,32.89691303128529,33.33916532773282,11229974
1550,2014-01-20,33.509254455566406,33.64533400240079,32.998961345907425,32.998961345907425,13050752
1551,2014-01-21,33.288124084472656,33.59429898806502,33.237095702906416,33.3901831547026,11629511
1552,2014-01-22,33.3731803894043,33.64533720185566,33.28813152970687,33.30514176306595,12315468
1553,2014-01-23,33.356170654296875,33.49225021610421,33.203083165974384,33.339160420683704,5617086
1554,2014-01-24,33.3731803894043,33.57729857551732,33.254111062988706,33.271121296347786,11973294
1555,2014-01-27,32.84587478637695,33.645334936545034,32.607738456677254,33.13504181271804,12637443
1556,2014-01-28,32.86288070678711,32.99895793244771,32.7608216339929,32.84587047680515,7516995
1557,2014-01-29,32.55671310424805,32.98195741377359,32.45465400854231,32.896908551868485,5177129
1558,2014-01-30,32.52268600463867,32.76082230799275,32.318567854850855,32.5567064653025,28308126
1559,2014-01-31,32.48867416381836,32.65877189807241,32.38661736894447,32.65877189807241,15088682
1560,2014-02-03,32.3866081237793,32.87989095088262,32.30155928093053,32.36959789379004,4482727
1561,2014-02-04,32.43764114379883,32.72680817366174,32.25053320136388,32.335582056370875,8237100
1562,2014-02-05,32.91392135620117,32.947941828844044,32.2165224309077,32.2165224309077,8121381
1563,2014-02-06,32.726810455322266,32.82886724276761,32.40362293808531,32.65876952089469,8396200
1564,2014-02-07,33.169063568115234,33.28813289943023,32.5907317597954,32.72681132516941,6497909
1565,2014-02-10,32.99897384643555,33.33916938174627,32.896917031521234,33.11804320663375,3792896
1566,2014-02-11,32.52268600463867,33.13503814690455,32.48866554397485,33.03297907201064,5013980
1567,2014-02-12,32.55671310424805,32.77783922236212,32.43764377474169,32.62475173235253,5538187
1568,2014-02-13,32.318572998046875,32.62475027145382,32.28455483906695,32.505680947279245,6549052
1569,2014-02-14,32.40362548828125,32.43764595817248,32.30156869280394,32.38661756043383,14754417
1570,2014-02-17,32.50567626953125,32.60773534598003,32.352588808406885,32.352588808406885,4752663
1571,2014-02-18,32.5737190246582,32.6927883468308,32.48867016799145,32.539700866250236,4866082
1572,2014-02-19,32.28456115722656,32.607746419822575,32.16549180974985,32.50568730871373,2804777
1573,2014-02-20,32.352596282958984,32.53970424849379,32.06342921739627,32.18249855194518,5141168
1574,2014-02-21,32.420631408691406,32.55671096304868,32.35259278506171,32.40362117600951,4456386
1575,2014-02-24,32.33557891845703,32.40361753444044,31.99538353144236,32.40361753444044,5118446
1576,2014-02-25,32.420631408691406,32.52269049768489,32.28455416143201,32.35259278506171,4052135
1577,2014-02-26,32.3866081237793,32.72680349517435,32.267538820952026,32.488664889519804,21051173
1578,2014-02-28,32.14847183227539,32.45464907282907,31.723227587421125,32.3355797614308,27401493
1579,2014-03-03,32.21651840209961,32.420634291136174,31.927351342091868,32.01240020596496,15373777
1580,2014-03-04,33.154422760009766,33.30959115819125,32.37857843064409,32.482024808917835,9410466
1581,2014-03-05,33.223388671875,33.32683505774349,32.895810398673476,33.171666648169975,5385763
1582,2014-03-06,33.654422760009766,33.895796169023626,33.15443448309696,33.2233979801782,7952223
1583,2014-03-07,34.13715744018555,34.292328176519476,33.5337229629793,33.5337229629793,13092149
1584,2014-03-10,34.10268783569336,34.24061482515198,33.68890452885847,34.050963460802116,11546535
1585,2014-03-11,34.08544158935547,34.171646530272504,33.84406822247951,33.93027316339654,7773473
1586,2014-03-12,33.96475601196289,34.050960958654734,33.7233826289175,33.91303397933132,15253272
1587,2014-03-13,34.068199157714844,34.481984733032114,33.826825797752186,33.98199421926685,12326297
1588,2014-03-14,33.913028717041016,34.481982679997806,33.79234087501605,33.895787262686234,11859122
1589,2014-03-18,34.981971740722656,35.15438161186401,33.964751630221855,33.964751630221855,15512927
1590,2014-03-19,35.275062561035156,35.671606616501734,34.947484315881546,34.947484315881546,12921191
1591,2014-03-20,34.2406120300293,35.24059080658079,34.13716562715034,35.06818091460214,6054665
1592,2014-03-21,34.77507019042969,35.464709501082595,34.32680417081371,34.413009084645324,21508819
1593,2014-03-24,35.58539962768555,35.930219305413694,34.82679680437524,34.82679680437524,9956813
1594,2014-03-25,36.4129638671875,36.533651682975524,35.37850489228891,35.37850489228891,14139614
1595,2014-03-26,35.86126708984375,36.723316554651646,35.723337772399184,36.550906661690064,6805235
1596,2014-03-27,36.37849044799805,36.68882726602461,35.861260858981495,35.861260858981495,20892387
1597,2014-03-28,37.050880432128906,37.32673662096327,36.13710695276872,36.32675822874596,6967406
1598,2014-03-31,36.20608139038086,37.34398697922118,36.05091063945745,36.964684336788245,6602071
1599,2014-04-01,37.24053955078125,37.74052768295599,36.24056094797335,36.37849024066673,13292951
1600,2014-04-02,37.37846374511719,37.619839404893625,36.98192202712717,37.29225882047081,8823613
1601,2014-04-03,37.481910705566406,37.79224984219687,36.86123477076376,37.27502028627104,6355761
1602,2014-04-04,36.75779342651367,37.49915729462516,36.67158848871875,37.49915729462516,7240495
1603,2014-04-07,36.861236572265625,37.32674413073271,36.48193394399922,36.79227309579675,6247841
1604,2014-04-09,36.809513092041016,37.03364496630486,36.39572757269499,36.91295947187752,6654828
1605,2014-04-10,37.171573638916016,37.30950058411672,36.61986118119666,36.861234504527026,9464658
1606,2014-04-11,37.11985778808594,37.22330418992438,36.94744789784147,36.96468935455768,6290384
1607,2014-04-15,37.188812255859375,37.3094977390926,36.82675112924355,36.981919515376596,9004170
1608,2014-04-16,37.13709259033203,37.30950244968296,36.44745315292831,37.1543340439588,10220793
1609,2014-04-17,36.96467971801758,37.06812609288798,36.60261857520029,37.050884640666546,10918544
1610,2014-04-21,36.53366470336914,37.30950921104973,36.46470121482263,36.82676245276533,4950498
1611,2014-04-22,36.53366470336914,36.72331605071616,35.98195211807943,36.619869648666985,8749084
1612,2014-04-23,36.4129638671875,36.87847134127506,36.27503693925088,36.516410232368955,11101407
1613,2014-04-24,36.4129638671875,36.4129638671875,36.4129638671875,36.4129638671875,0
1614,2014-04-25,36.37849044799805,36.654344358040134,36.068151291513054,36.34400754001357,5635586
1615,2014-04-28,36.58538055419922,36.72330984644841,36.137114446691584,36.29228519277922,4189566
1616,2014-04-29,36.4129638671875,37.033639719818254,36.257795488644305,36.82674932791331,8984063
1617,2014-04-30,36.481929779052734,37.206052045452736,36.171593001143094,36.464690665747405,9560866
1618,2014-05-02,36.0509033203125,36.706062084370274,35.89573493935024,36.41296443486311,2642603
1619,2014-05-05,36.24055862426758,36.41296847523575,35.84401690242409,35.96470239502685,1955739
1620,2014-05-06,35.344032287597656,36.25780365245303,35.17162241962808,36.17159871846824,4306301
1621,2014-05-07,35.344032287597656,35.74057404854429,35.17162241962808,35.41299576709379,6851875
1622,2014-05-08,35.70608901977539,36.10263309563857,35.3440301893007,35.65436699783854,6511390
1623,2014-05-09,36.84400177001953,36.98192873910327,35.706093752014716,35.792298692306716,19808139
1624,2014-05-12,38.447410583496094,38.964640196451185,36.706070418855575,36.706070418855575,8560913
1625,2014-05-13,38.91291427612305,39.75771975325107,38.654299495527745,38.75774353699922,14210275
1626,2014-05-14,38.61981964111328,39.309459110528984,38.447409773759354,38.94739792139404,8786547
1627,2014-05-15,39.46462631225586,39.86116803611942,37.32674227859305,38.46464776847139,17562208
1628,2014-05-16,41.20596694946289,43.32660734640687,40.36115674305353,40.36115674305353,35379329
1629,2014-05-19,42.154212951660156,43.17143282335574,41.48181274129651,41.48181274129651,25035487
1630,2014-05-20,43.067989349365234,43.999004418798556,42.395593734255876,42.74041343746576,22538200
1631,2014-05-21,42.9128303527832,43.395577081356784,42.41283983006077,42.75765959003009,10213784
1632,2014-05-22,43.24040985107422,43.77488332884019,42.46456532776162,42.79214599726068,17055437
1633,2014-05-23,45.11967468261719,45.51621646066447,41.395618567726224,43.44729795580855,22941667
1634,2014-05-26,44.188655853271484,46.481705829632844,42.41283072895876,45.41276386772201,23747350
1635,2014-05-27,43.75762939453125,44.30934186310393,42.75765317600885,43.30936564458153,11091241
1636,2014-05-28,43.050750732421875,43.79211216750625,42.86110176423166,43.79211216750625,13246147
1637,2014-05-29,43.11971664428711,43.792112268720054,42.89558009255952,43.39557053991346,14803509
1638,2014-05-30,42.06801223754883,43.61970086850556,41.43009486499444,43.274881172737395,69911271
1639,2014-06-02,43.171443939208984,43.567985716459724,42.13698468885896,42.171467599254065,13367356
1640,2014-06-03,43.18868637084961,43.63695488655797,42.602495556809124,43.102481426703875,18372713
1641,2014-06-04,42.84385681152344,43.41280837759035,42.68869075364144,43.18867650937205,23251745
1642,2014-06-05,43.75762939453125,44.30934186310393,43.274882738373876,43.3438485507892,19424103
1643,2014-06-06,44.171417236328125,44.27486596038716,43.464538668050544,44.10245142028876,14951210
1644,2014-06-09,47.361000061035156,49.17130363804312,44.18866136080943,44.430032364927015,41900147
1645,2014-06-10,46.878257751464844,48.61959567445046,46.37826722704619,48.067887798161735,22963428
1646,2014-06-11,46.11964797973633,47.292038796619885,45.36104738418937,46.87825325220017,14529763
1647,2014-06-12,47.050655364990234,47.42995793873499,45.58517176222978,46.067918366579406,15766959
1648,2014-06-13,45.998966217041016,47.75754314207811,44.82657536446025,47.343762261976394,10439654
1649,2014-06-16,45.44725036621094,45.86103121595981,44.705888918108776,45.86103121595981,11540459
1650,2014-06-17,46.03343963623047,46.481708055617226,45.18863417128022,45.18863417128022,16756330
1651,2014-06-18,46.1886100769043,47.067898441847866,45.343799940455376,46.20584919115162,13262126
1652,2014-06-19,45.2403450012207,46.55065767581408,45.067935192620766,46.205838058614205,4904553
1653,2014-06-20,45.61965560913086,45.98171440065921,45.05070407519366,45.481728673163694,9100975
1654,2014-06-23,45.309326171875,46.033443872203414,45.08518960309843,45.51621427087342,9955400
1655,2014-06-24,45.654144287109375,46.05068603201683,45.48173442611337,45.84379326343826,10866416
1656,2014-06-25,45.654144287109375,45.94723730926914,45.309324565117365,45.516212656779125,14393130
1657,2014-06-26,45.70586395263672,46.033439865483544,45.37828336287333,45.87827380474028,19577916
1658,2014-06-27,47.08514404296875,47.37824173485548,45.343801683475085,45.86103125377518,21315448
1659,2014-06-30,47.99892044067383,48.34374019078929,47.34376385083788,47.51617372589561,33365772
1660,2014-07-01,48.2747688293457,48.843725093268986,47.74030014877633,48.274768829345696,17681327
1661,2014-07-02,48.72303771972656,49.22302817550122,48.48166204930086,48.48166204930086,15633096
1662,2014-07-03,48.447181701660156,48.964411299679654,47.98167880497616,48.87820636667641,10773481
1663,2014-07-04,49.7230110168457,50.44713330842674,48.11960037779108,48.41269805258774,11771805
1664,2014-07-07,50.36091995239258,50.67125668912976,49.671280681014125,50.17127102352976,13259170
1665,2014-07-08,47.49892044067383,50.48161442468361,46.89548599855424,50.343687487582386,14948074
1666,2014-07-09,46.964454650878906,48.06787956837161,46.136888301217645,47.58512824389572,8629784
1667,2014-07-10,47.429962158203125,48.1885626962632,44.82657060260528,47.2403085160007,17933570
1668,2014-07-11,45.757591247558594,47.8782317375044,45.06795175964665,47.343763005139486,11319671
1669,2014-07-14,46.1886100769043,47.136864252670165,45.430004865525,45.757585451556174,7915363
1670,2014-07-15,46.60240173339844,46.86101654271048,45.89551844846191,46.36102604060701,9737615
1671,2014-07-16,46.981689453125,47.309270010822296,45.96447423143677,46.671352685100054,6411041
1672,2014-07-17,47.826499938964844,48.06787558118088,46.792040918466654,46.912728739574675,8924449
1673,2014-07-18,47.2747917175293,47.636855212955155,46.86101087879247,47.53340649558353,5148178
1674,2014-07-21,47.205833435058594,47.5851313909222,47.03342357260537,47.27479457388978,4656631
1675,2014-07-22,46.80927276611328,47.51615579322149,46.429974925667636,47.240297291088254,6944595
1676,2014-07-23,46.998939514160156,47.654096040060274,46.61963689066533,47.05066153624656,7269605
1677,2014-07-24,46.42998504638672,47.06789774086834,46.20584850301054,46.964453703091976,5942240
1678,2014-07-25,46.48170471191406,46.75755858329554,45.5506897113982,46.378256002458855,8230977
1679,2014-07-28,45.93000030517578,46.75756674061354,45.58518056733362,46.55067396252485,5386124
1680,2014-07-30,46.447227478027344,46.87825212774363,45.86103208364648,45.86103208364648,8577572
1681,2014-07-31,45.89551544189453,46.42998881894357,45.654144441832194,46.27481807275457,19081582
1682,2014-08-01,44.75761032104492,45.861030582039774,44.56795667522944,45.861030582039774,10682255
1683,2014-08-04,45.67138671875,46.447231149567926,44.25762482054278,45.17139621478936,23311942
1684,2014-08-05,45.67138671875,46.22309924938173,45.17139621478936,45.86103570884975,16126934
1685,2014-08-06,46.223087310791016,46.51618495544827,45.29207236350703,45.46448219249178,9867110
1686,2014-08-07,46.378257751464844,47.016175114622236,46.154125887900456,46.46446267413702,11406313
1687,2014-08-08,45.48173522949219,46.257579617678545,44.98174475300533,46.11964798491191,5755079
1688,2014-08-11,45.49897766113281,46.136895139961375,44.82657727159945,46.136895139961375,7165189
1689,2014-08-12,45.60242462158203,45.826561216984,45.20588281550687,45.550702590688324,4457748
1690,2014-08-13,45.61965560913086,46.29205117581439,45.119665204719134,45.51620689946833,7838517
1691,2014-08-14,45.93000030517578,46.205854224682696,45.70586841096178,46.03344435576162,4598772
1692,2014-08-18,46.48170471191406,46.65411455075654,45.63689463081944,45.723099550240676,5649943
1693,2014-08-19,47.08514404296875,47.55065159162218,45.99896288072189,46.58515358757865,7522151
1694,2014-08-20,47.2747917175293,47.44720156956545,46.998937825038084,47.13686477128369,11632976
1695,2014-08-21,47.050655364990234,47.27478721591155,46.757557709054915,47.13686028279967,5097954
1696,2014-08-22,46.257572174072266,47.20582627371032,46.17136725592336,47.06789466313915,3969492
1697,2014-08-25,45.67138671875,46.378265329395035,45.516215961819555,46.27482127605283,7109144
1698,2014-08-26,45.171390533447266,45.861029940769626,44.964502452783805,45.49897112269201,7855848
1699,2014-08-27,44.654151916503906,45.58516679822935,44.08520045630085,45.067937347696464,14179712
1700,2014-08-28,44.55072784423828,44.93003054650726,43.94729321510234,44.67141570544901,24486863
1701,2014-09-01,45.654144287109375,45.792071240522816,43.861079861984194,44.13693376881108,7250215
1702,2014-09-02,45.68861770629883,45.94723247055807,45.25759309920009,45.447246732473324,8985537
1703,2014-09-03,45.77482223510742,46.03343699714852,45.30931940496645,45.91275384972902,8220774
1704,2014-09-04,46.718597412109375,46.84048334230765,45.4648737460438,46.00466913944011,8542895
1705,2014-09-05,46.82307815551758,47.18874543799139,46.31810455254982,46.89273131576454,5566453
1706,2014-09-08,46.352935791015625,47.258403347577676,45.88278872092287,47.014621985743034,6820385
1707,2014-09-09,46.68377685546875,47.01461755992328,46.49223302533589,46.52705960568088,6490318
1708,2014-09-10,47.415122985839844,47.57183553469646,46.5793038311519,46.5793038311519,5594235
1709,2014-09-11,48.007144927978516,48.129035586776936,47.11909318614337,47.554413593617205,6309287
1710,2014-09-12,47.066864013671875,48.02456907964613,46.89273581985837,47.81561430236401,7528757
1711,2014-09-15,47.624061584472656,47.815605396107806,46.61411919317471,46.68377234713816,3929071
1712,2014-09-16,47.3454704284668,47.98974573374792,46.84049674292838,47.449945462391355,6434969
1713,2014-09-17,47.415122985839844,47.57183553469646,46.596719485600296,47.5370089493295,5122756
1714,2014-09-18,47.554420471191406,48.02456752396408,47.06686248901321,47.29322818893208,16935401
1715,2014-09-19,47.658897399902344,48.45988993163586,47.275814425901935,47.275814425901935,17128011
1716,2014-09-22,47.71112823486328,47.85043455029316,47.17133279492377,47.641479800677274,7010679
1717,2014-09-23,47.53700256347656,48.19869342597167,47.275810293606135,47.8852589233038,10349414
1718,2014-09-24,47.31064987182617,47.85045021197384,47.13652164407476,47.39771398570188,6457902
1719,2014-09-25,47.36286926269531,47.72854123509502,47.10167702106496,47.36286926269531,16106351
1720,2014-09-26,47.71112823486328,47.85043455029316,47.032031203022825,47.380287544539655,5236288
1721,2014-09-29,48.59919357299805,48.79073270623393,47.537008704196886,47.711136906603976,8073293
1722,2014-09-30,47.1016731262207,48.42504987516816,46.70117933354345,48.39022330112486,12952693
1723,2014-10-01,47.3454704284668,48.05939418185433,46.91014991456467,47.36288135961093,7924373
1724,2014-10-07,47.79819107055664,47.972319236762466,46.99720339542137,47.345459727833024,8847590
1725,2014-10-08,48.02457046508789,48.33800027828829,47.64148748294087,47.71113592835779,4593053
1726,2014-10-09,48.07680130004883,48.37282014164737,47.815609038084645,48.11162787968319,9248781
1727,2014-10-10,47.380287170410156,48.007146690778995,47.25839650713596,47.8852560275048,11619666
1728,2014-10-13,46.96238327026367,47.48476784065854,46.857908245596484,46.96238327026367,10406480
1729,2014-10-14,47.380287170410156,47.58924191837607,46.78824950509489,47.06685741022574,14165351
1730,2014-10-15,47.380287170410156,47.380287170410156,47.380287170410156,47.380287170410156,0
1731,2014-10-16,46.64894485473633,47.41511063918464,46.14397130723241,47.36286841297289,11263977
1732,2014-10-17,46.70117950439453,47.188737372199576,46.49222478289857,46.99719829955312,5532569
1733,2014-10-20,47.0494384765625,47.53699637211378,46.49222742870594,46.49222742870594,7878465
1734,2014-10-21,48.738487243652344,49.051917012176006,47.066858662506775,47.275808692503205,6706899
1735,2014-10-22,48.686248779296875,49.27828172519959,48.39022994458105,49.10415355460545,11612786
1736,2014-10-27,49.46983337402344,50.63649324629738,48.808147165780355,49.06933946299707,11023074
1737,2014-10-28,49.62654495239258,49.76584655023217,48.68625090079935,49.36534796159078,7011349
1738,2014-10-29,49.64396286010742,50.148936537239074,48.75590619241345,49.93998174933874,13392055
1739,2014-10-30,50.30563735961914,50.566829602729996,49.31310589109216,49.45240747604554,15543181
1740,2014-10-31,50.775787353515625,50.967326453745926,50.09668559173735,50.3056403433252,12145111
1741,2014-11-03,50.444950103759766,52.238474348698645,50.340475072815444,51.01957694454276,13632949
1742,2014-11-05,49.609130859375,50.81061721599641,49.469829257158,50.392707685816106,5298871
1743,2014-11-07,50.46234893798828,50.67130365375855,49.487228505569746,49.487228505569746,4488647
1744,2014-11-10,51.57676696777344,52.029502979127486,49.71359959412027,50.49717624703064,10354057
1745,2014-11-11,51.420074462890625,52.55190784602825,51.15888214370502,51.890221582130735,8362310
1746,2014-11-12,49.78323745727539,51.402627918388525,49.46980780730627,51.176262322495674,6309241
1747,2014-11-13,50.37529754638672,50.61907417320483,49.800675476029795,50.13151619603924,10971261
1748,2014-11-14,50.183746337890625,50.81061055093239,49.80066816292633,50.09668225748444,6123081
1749,2014-11-17,51.106632232666016,51.211107245596004,50.04444755807614,50.288228886284685,4923950
1750,2014-11-18,51.66383361816406,52.168807153536235,50.84543507422282,51.17627573228694,6475424
1751,2014-11-19,51.07181167602539,52.238471501113004,50.584253685646395,51.80315102335864,5431984
1752,2014-11-20,50.89768600463867,51.193704888872105,50.235999790400825,50.91509693519899,3590544
1753,2014-11-21,51.036964416503906,51.19368161441646,50.65388160657242,50.65388160657242,5424821
1754,2014-11-24,49.609130859375,50.671315613779406,49.17381040024105,50.42753426725268,6633290
1755,2014-11-25,48.442474365234375,49.104160563228604,47.31064109482622,49.104160563228604,55543705
1756,2014-11-26,48.45988845825195,48.93003079199539,48.07680549589887,48.233518032636866,5741991
1757,2014-11-27,49.017093658447266,49.55689386753931,48.52953568382138,48.52953568382138,4482174
1758,2014-11-28,49.69619369506836,50.00962347301662,48.56436052992859,49.06933413917185,4619433
1759,2014-12-01,48.1812629699707,49.765831754436846,47.98972392032856,49.43498642484289,2477146
1760,2014-12-02,48.07680130004883,48.47729515702142,47.972321561145726,48.05938564846712,2350906
1761,2014-12-03,47.78078079223633,48.425055960653246,47.67630578050553,48.0593839725377,8617759
1762,2014-12-04,47.53700256347656,47.95491208468093,47.25839936502645,47.745957324078745,4516507
1763,2014-12-05,47.624061584472656,48.12903514188597,47.36286934240274,47.46734907334792,5700055
1764,2014-12-08,47.31064987182617,48.16388007722029,47.17134823433114,47.62407973707262,3081176
1765,2014-12-09,46.99720764160156,47.65889378826103,46.87531696953894,47.15392489475767,4817465
1766,2014-12-10,47.79819107055664,47.98973488750034,46.77083772405956,46.87531273437153,3714413
1767,2014-12-11,47.3454704284668,48.05939418185433,46.927560845708804,48.02457231956606,3222482
1768,2014-12-12,46.94497299194336,47.48476849942835,46.50965251057498,47.39770440315467,4812683
1769,2014-12-15,46.82307815551758,47.084270421150045,46.30069362425263,46.57929681818229,2791969
1770,2014-12-16,46.33552932739258,46.962388998921455,46.02209949162813,46.50965753876505,4811157
1771,2014-12-17,45.62158966064453,46.788249336003105,45.13403173283869,46.17880074536358,6760384
1772,2014-12-18,45.830543518066406,46.43999209687363,45.11661992944661,45.98726075631407,5750448
1773,2014-12-19,47.29323196411133,47.415122650268145,45.44747018802328,46.19622523575954,4845177
1774,2014-12-22,47.658897399902344,47.79819901130351,46.92755803563422,47.32805666326577,3767407
1775,2014-12-23,48.42506408691406,48.66884072970396,47.519596513693806,47.641487196853596,6644017
1776,2014-12-24,47.46735763549805,48.39023611257461,46.70119169781399,48.39023611257461,8715919
1777,2014-12-26,47.74595642089844,48.668834812277275,47.537001664248926,48.23351437072791,2310253
1778,2014-12-29,47.71112823486328,48.49470500327614,47.606653221819805,48.059384576380104,1421574
1779,2014-12-30,47.9375,48.23351411989088,47.79819368060539,48.05938594417668,2146065
1780,2014-12-31,48.059391021728516,48.808146035229996,47.86785189761811,48.16387077231293,3960548
1781,2015-01-01,47.74595642089844,48.1290393541677,47.676307984367995,48.059386194108164,778837
1782,2015-01-02,48.32058334350586,48.52953812127749,47.763376900820944,47.763376900820944,3612848
1783,2015-01-05,48.37282943725586,48.79073430258819,47.415124292682265,48.23352309194847,7291352
1784,2015-01-06,47.29323196411133,48.163872974474614,46.71860984197752,48.07680887343829,8288963
1785,2015-01-07,47.972320556640625,48.233512813135626,46.49223110316892,47.014615616158935,3256180
1786,2015-01-08,48.1812629699707,48.37280674314058,47.44992389433462,48.05937233677673,2436600
1787,2015-01-09,48.216094970703125,48.58176218794366,47.69371053262907,48.163857471601375,2079643
1788,2015-01-12,47.53700256347656,48.47729662442178,47.18874620364932,47.92008550399236,3660975
1789,2015-01-13,47.31064987182617,47.98975184946888,47.10169505381838,47.55443128009035,2850708
1790,2015-01-14,47.380287170410156,47.67630600306779,46.94496674695155,47.29322308571844,3939014
1791,2015-01-15,49.78323745727539,50.04442961950419,47.53698297269678,47.53698297269678,6425406
1792,2015-01-16,51.315582275390625,51.872793366101185,49.03450512959516,49.73101781210113,8222495
1793,2015-01-19,51.48971176147461,51.85538376324978,50.288230187573774,51.245935150486886,5082702
1794,2015-01-20,51.333003997802734,52.2384715368573,51.124049223631765,51.8902151544155,6145107
1795,2015-01-21,51.15886306762695,51.559356863003046,50.86284427155651,51.2981646412106,2865190
1796,2015-01-22,51.66383361816406,52.72601819033659,51.07180072943058,51.22851323371511,7016755
1797,2015-01-23,52.081748962402344,52.23846620792597,51.2633456024449,51.82055670221565,4549463
1798,2015-01-27,52.221046447753906,52.586718417361915,51.26334156908746,51.62901353869547,6048058
1799,2015-01-28,52.04694366455078,52.83052076550878,51.89023107847775,52.395200153865446,5448999
1800,2015-01-29,51.820552825927734,52.22104665021707,51.402643351477934,52.18622479695347,6923717
1801,2015-01-30,51.54195785522461,52.412598795843465,50.84544510272952,51.716086043348376,3094145
1802,2015-02-02,51.48971176147461,51.78573060380811,50.84544129251994,51.28076173020772,2427202
1803,2015-02-03,51.26335144042969,52.029517380308285,51.01957480394435,51.85538918702038,1320013
1804,2015-02-04,50.93251419067383,51.97728342185504,50.81062350233004,51.367834703666,1740828
1805,2015-02-05,50.027042388916016,51.158875627898674,49.69619693734006,50.93250992480804,2453418
1806,2015-02-06,49.95738983154297,50.49719006313271,49.313114573725294,49.59172251621567,2422833
1807,2015-02-09,49.26087951660156,49.95739232225912,48.75590584308794,49.80067977510403,2511094
1808,2015-02-10,50.532020568847656,50.91510360311119,48.755911754375134,48.82556493279772,3982617
1809,2015-02-11,50.75837326049805,51.83796408324441,50.49718101818289,50.845437341269765,5670681
1810,2015-02-12,52.32554244995117,52.934991198629255,50.86286356371174,51.820568740205864,7776840
1811,2015-02-13,52.76084518432617,53.17874992259513,52.01209506184018,52.8479092619066,8270115
1812,2015-02-16,53.1961784362793,53.77080054256118,52.93498614037575,52.93498614037575,3789682
1813,2015-02-18,53.89267349243164,53.97973756241847,52.67377651261604,52.969795295276874,4034642
1814,2015-02-19,53.73597717285156,53.99716948437946,52.63897040914036,53.91010538053683,2708022
1815,2015-02-20,53.37029266357422,53.910088044401896,53.03944728595183,53.59665831606556,4586215
1816,2015-02-23,54.293190002441406,54.85040122836931,53.109119099550924,53.28324731243276,5857600
1817,2015-02-24,54.589195251464844,54.92003593904979,54.17128575569249,54.29317641892017,3786009
1818,2015-02-25,53.82303237915039,54.93745461352173,53.14393531555808,54.88521710455758,3842514
1819,2015-02-26,53.1961784362793,54.484724261952366,52.517076577518196,53.666325513611625,7368101
1820,2015-02-27,54.71107864379883,54.850380216034,52.96979718203853,53.26581125171517,4870174
1821,2015-03-02,54.571781158447266,55.372773594291225,54.1190497947091,54.937453158570285,3288237
1822,2015-03-03,54.171287536621094,54.467306378897646,53.683729591210394,54.39765321946938,3773373
1823,2015-03-04,53.78820037841797,54.79814749308846,53.318058121587754,54.38023801642973,4927543
1824,2015-03-05,54.032005310058594,54.380261784980746,52.795696713497236,53.63151130860426,2511965
1825,2015-03-09,52.559288024902344,53.99351874117053,52.36688850201701,53.626213149097154,2904210
1826,2015-03-10,51.947105407714844,52.59425867092751,51.317440849739114,52.5592765158239,4007085
1827,2015-03-11,51.73722457885742,52.47183096197671,51.579807230821004,52.26194274613828,3350372
1828,2015-03-12,52.349388122558594,53.31137128863536,51.78968787700617,51.78968787700617,4034334
1829,2015-03-13,51.282474517822266,52.611763609502816,51.07259101170063,52.55929273297241,3743353
1830,2015-03-16,51.33493423461914,51.66725284610837,50.915157863166726,50.915157863166726,1546607
1831,2015-03-17,51.649776458740234,52.122023803092034,51.09007607819849,51.457376932343855,4288235
1832,2015-03-18,51.29995346069336,51.859653722821974,51.03759440762962,51.597294669758234,3493449
1833,2015-03-19,51.1075553894043,52.20946723847131,50.72276589663232,51.29995488042028,2641643
1834,2015-03-20,51.84217071533203,52.41936454404317,50.5828460580281,51.072586851435226,3763675
1835,2015-03-23,52.19198226928711,53.13647693779537,51.96460532898128,52.29692875724957,4249360
1836,2015-03-24,51.75470733642578,52.76916613890908,51.59729475111725,52.12201285807211,5170910
1837,2015-03-25,51.24748229980469,51.96459514280686,51.14253583241399,51.68474738569134,6008163
1838,2015-03-26,50.757755279541016,52.296932592144266,50.39045440631545,51.38742001959629,11848617
1839,2015-03-27,50.63530349731445,51.05507506930114,50.093092026299935,50.75773390708404,3479176
1840,2015-03-30,50.72276306152344,50.932646502347794,50.23302238058732,50.74025176671556,4359504
1841,2015-03-31,50.81022262573242,51.22999430611572,50.54786354625647,50.8976756522244,4797950
1842,2015-04-01,51.22998809814453,51.369911974649874,50.75774086338796,50.75774086338796,2808077
1843,2015-04-06,51.75470733642578,52.279425443380646,51.02010103776301,51.21250052375772,5315447
1844,2015-04-07,51.75470733642578,51.8421603542516,51.072576644162396,51.492348282948356,2457023
1845,2015-04-08,51.527320861816406,52.401850877528915,51.4223791577825,51.614773863387654,4009038
1846,2015-04-09,52.8216438293457,53.03153204818751,51.56231926092533,51.61479012947816,2422269
1847,2015-04-10,53.41631317138672,53.538748341822135,52.576765172819144,52.9965415444178,2200148
1848,2015-04-13,53.99351119995117,54.46575372509665,52.73418672875961,53.45129961441988,2208671
1849,2015-04-15,53.0140380859375,54.57070388736636,52.82164332154986,54.203398321766635,2330815
1850,2015-04-16,52.716697692871094,53.25890932381612,51.59730175943424,52.87411504419106,2492100
1851,2015-04-17,52.506805419921875,53.03152351023274,52.15698861508491,52.716688860342444,3666806
1852,2015-04-20,52.40186309814453,53.38133979094327,51.99958014602635,52.54178698436433,2278982
1853,2015-04-21,52.069541931152344,53.171453850490046,51.80718285409675,52.471829645008484,2312891
1854,2015-04-22,51.439884185791016,52.31441447905439,51.28246683515141,52.12201971238865,4849646
1855,2015-04-23,51.29995346069336,52.10451932557021,51.03759440762962,51.77220070513406,3515131
1856,2015-04-24,51.02009201049805,51.754698179182924,50.39043229141332,51.07256760761264,2613457
1857,2015-04-27,50.70527648925781,51.684753239354464,50.547863887288436,51.10755946490895,2052351
1858,2015-04-28,50.53036117553711,51.24747871297784,50.19804258030024,50.47789031782913,3429520
1859,2015-04-29,50.040626525878906,50.65279761872912,49.84823179454926,50.495380297001496,2061972
1860,2015-04-30,49.743282318115234,50.65279454988647,49.11362255861248,49.708300166003,4099911
1861,2015-05-04,50.42542266845703,50.5828352515964,49.32351086333241,50.02313974092779,3652050
1862,2015-05-05,50.075599670410156,51.299941635824574,49.515899537294956,50.040617522472566,7999174
1863,2015-05-06,49.18358612060547,49.935685846019084,48.99119138527577,49.935685846019084,6031578
1864,2015-05-07,49.078651428222656,49.34101051103903,48.29157417977353,48.97370494831787,5448071
1865,2015-05-08,48.973697662353516,49.74328608863973,48.86875594269162,49.32350972073276,2987105
1866,2015-05-11,50.023136138916016,50.145566557665305,48.903735708923755,49.236054301375276,3927933
1867,2015-05-12,48.72883605957031,50.040631385939626,48.48396570079601,49.988160521810876,4551824
1868,2015-05-13,49.271034240722656,49.49841110842194,48.2915624669584,48.79878705726769,4097879
1869,2015-05-14,48.76380920410156,49.25354508650137,48.36152158266641,49.25354508650137,3467677
1870,2015-05-15,48.99119186401367,49.56838082027273,48.728832816202306,49.04366272464999,6305129
1871,2015-05-18,48.99119186401367,49.30602177246136,48.53643333436277,48.79879238217414,14967798
1872,2015-05-19,48.53643798828125,50.33797408503017,48.30906107396864,48.97370310989405,6595326
1873,2015-05-20,49.25354766845703,49.463435841810856,48.64137659720891,48.65886530139279,5168468
1874,2015-05-21,48.79879379272461,49.306023197673525,48.5189460314886,49.148605866584575,2628801
1875,2015-05-22,49.3060302734375,49.65584239749798,48.064199130875046,48.728841217663835,5380668
1876,2015-05-25,50.05812072753906,50.16306720175814,49.34100783787768,49.58587345512857,5557091
1877,2015-05-26,50.040626525878906,50.23302125720855,49.515908446293004,50.16306169337487,2220470
1878,2015-05-27,50.09309768676758,50.23302155990772,49.60336175846223,50.04062682741873,1137269
1879,2015-05-28,50.09309768676758,50.46040319146883,49.16609668950573,50.46040319146883,3848527
1880,2015-05-29,50.26801300048828,50.53037209032844,49.4109714091582,49.848241303522336,3473570
1881,2015-06-01,50.05812072753906,51.38740952190304,49.7607842454937,51.299956499035545,15815832
1882,2015-06-02,49.848228454589844,49.98815231751157,49.445940824824596,49.848228454589844,4635659
1883,2015-06-03,50.09309768676758,50.28549716388623,49.23605625376098,49.72579692669598,6029264
1884,2015-06-04,50.49538040161133,50.775232891414674,49.813249743514284,50.02313792470939,8566490
1885,2015-06-05,50.68777084350586,51.177506682585374,50.023129008710185,50.37294100014252,8696044
1886,2015-06-08,51.12505340576172,51.3174481693289,50.35546486223215,50.88018302973947,4215142
1887,2015-06-09,51.54481506347656,51.82466754513877,50.827702271936786,51.07257260031254,2699663
1888,2015-06-10,51.4748649597168,51.842165775140145,51.14254155937729,51.61478885394329,2875048
1889,2015-06-11,51.072574615478516,51.54481709727577,50.6702869537554,51.28245805421965,2113307
1890,2015-06-12,50.86268997192383,51.05508471903625,49.760782863326284,50.89767212902518,2614529
1891,2015-06-15,49.39348220825195,50.72277109695891,49.20108744214079,50.72277109695891,3574132
1892,2015-06-16,50.40792465209961,50.60032411801431,49.14860037791284,49.25354683512887,2705206
1893,2015-06-17,49.603370666503906,50.495389669516896,49.13112335829623,50.268012741751875,3030212
1894,2015-06-18,49.65583038330078,49.918189412868536,49.27103619100886,49.42845350660129,4549773
1895,2015-06-19,48.973697662353516,49.813250398167455,48.51894388431238,49.655833074044914,9119658
1896,2015-06-22,49.428462982177734,49.74329292908694,49.11363303526852,49.271045636407955,1849073
1897,2015-06-23,48.76380920410156,49.603357108876835,48.6763561985077,49.323504644198934,4200054
1898,2015-06-24,48.92123031616211,49.166100672466634,48.641382547211265,48.641382547211265,3101425
1899,2015-06-25,49.428462982177734,49.63835119499399,48.57142142344067,49.043668716119655,11124905
1900,2015-06-26,48.658870697021484,49.41096571902644,48.58891112789892,49.14860665939936,4184617
1901,2015-06-29,48.79879379272461,49.04366414227855,48.169133957628645,48.20411611394062,3452315
1902,2015-06-30,48.658870697021484,49.11362924715307,48.15164602852045,48.798794579896594,2588831
1903,2015-07-01,49.79575729370117,50.058116339304526,48.41400250030137,48.67636154590472,1988394
1904,2015-07-02,49.4984130859375,50.02313588989569,49.18358319926614,50.005642441140395,2965570
1905,2015-07-03,49.4984130859375,50.005642441140395,49.148601046385,49.148601046385,3051297
1906,2015-07-06,48.973697662353516,49.74328608863973,48.86875594269162,49.14860369154314,2083899
1907,2015-07-07,48.48395919799805,49.49841316540302,48.36152403503222,49.32350714534598,3234495
1908,2015-07-08,48.274078369140625,48.69385477899166,47.71438281551282,48.30906052739991,2440394
1909,2015-07-09,47.92426300048828,48.46647455487498,47.88928558924965,48.30905722578178,2478234
1910,2015-07-10,48.50145721435547,48.67636325088411,47.871792636074424,47.959245654338744,2901055
1911,2015-07-13,48.973697662353516,49.11362628140897,47.94175493691256,48.41400216465048,1612390
1912,2015-07-14,49.043663024902344,49.306022074319905,48.553927081582174,49.00868086938737,2264950
1913,2015-07-15,48.88624954223633,49.21857292882061,48.798796518885744,48.991196017035136,1504877
1914,2015-07-16,48.833770751953125,49.026170218878136,48.65886473363734,48.86875290454216,1827243
1915,2015-07-17,49.39348220825195,49.58587697436312,48.79879971269483,48.85127532584377,1696436
1916,2015-07-20,49.043663024902344,49.58586982918006,48.99119216394479,49.58586982918006,1668294
1917,2015-07-21,48.973697662353516,49.28853231059859,48.85126723762453,49.026173266814155,1315889
1918,2015-07-22,49.95317077636719,50.11058808947208,48.553922640783696,48.86875252236411,1890132
1919,2015-07-23,49.76078796386719,50.12808878950514,49.236065042822176,50.058124468131005,1225377
1920,2015-07-24,49.69082260131836,50.00565255164431,49.39348135865425,49.74329346893428,1692284
1921,2015-07-27,49.1136360168457,50.0056550446793,48.991200823217596,49.44595469140127,1296310
1922,2015-07-28,49.445945739746094,49.56838091120863,48.78130376633059,49.32351056828355,1547151
1923,2015-07-29,48.973697662353516,49.428456185024345,48.79879163316389,49.218568001070864,1900932
1924,2015-07-30,49.813255310058594,50.110596537926554,48.93872507787646,49.043666807886254,2942993
1925,2015-07-31,49.6733283996582,49.97066963783665,49.11363282735799,49.97066963783665,1956499
1926,2015-08-03,49.18358612060547,49.98815670614266,49.07864440035831,49.34100344560593,1508372
1927,2015-08-04,49.323516845703125,49.848239753699914,48.95621602919879,49.148610791247656,1001510
1928,2015-08-05,49.23606491088867,49.48093529041149,49.008687983977765,49.323517940056746,1107859
1929,2015-08-06,49.340999603271484,49.63834078032319,49.04365842621977,49.07864057845456,1295185
1930,2015-08-07,48.833770751953125,49.778265148710155,48.746317742795235,49.166094084604886,2213871
1931,2015-08-10,48.291568756103516,49.49841755473832,48.064191858792306,49.00868160407652,2570753
1932,2015-08-11,48.25659942626953,49.25356504291298,47.43453989168174,48.973712464845256,3873211
1933,2015-08-12,47.57444763183594,48.23909431335497,47.46950591613794,47.92425967700194,1472522
1934,2015-08-13,48.204105377197266,48.483953076101386,44.07632097827399,47.50448138530812,2470225
1935,2015-08-14,48.39649963378906,48.64136992655872,48.16912278743369,48.204104935633474,1304682
1936,2015-08-17,48.309059143066406,48.78130640445866,47.906776196187835,48.44898302746373,813782
1937,2015-08-18,48.0641975402832,48.51895138866039,47.80183845592011,48.30906317224383,1461999
1938,2015-08-19,47.73186492919922,48.41400031482729,47.609429764518595,48.099165678611556,2417706
1939,2015-08-20,47.60944747924805,47.90678877707144,46.997276172695116,47.25963530407495,2256015
1940,2015-08-21,46.664947509765625,47.29460739305776,46.54251232561708,47.22464307507851,4024183
1941,2015-08-24,45.860374450683594,46.35011041722286,44.67101431919395,45.7729214300648,7651174
1942,2015-08-25,44.98584747314453,46.752401463208415,43.77899380413683,45.82539558241362,12357515
1943,2015-08-26,45.80790710449219,46.455060455687466,44.775959484102664,44.98584769862956,2616303
1944,2015-08-27,47.17216873168945,48.431493150074935,45.56303223845411,46.332620700975774,5402025
1945,2015-08-28,47.27711868286133,48.09917332359852,46.769889239119834,47.43453128135918,2205183
1946,2015-08-31,45.70296859741211,47.382064942956234,45.51056907691117,47.04974151776507,2305711
1947,2015-09-01,45.160743713378906,45.860367776511275,44.775949529730234,45.248196721270446,3973158
1948,2015-09-02,43.79648971557617,45.4755860283998,43.28926023324891,45.23072038612128,4507483
1949,2015-09-03,44.496116638183594,44.793457913079976,43.76151017803692,43.86645192464463,3114461
1950,2015-09-04,43.23678207397461,44.39116000135005,42.83449914441225,44.39116000135005,3868544
1951,2015-09-07,43.24032974243164,44.1595804024935,42.621595958995286,43.41710945328301,3112256
1952,2015-09-08,44.566165924072266,45.078824074256744,42.81604532594847,43.13424776321044,2951677
1953,2015-09-09,44.54849624633789,46.13951362688878,44.053514020368915,45.75060210356377,3201416
1954,2015-09-10,43.61156463623047,44.10654686093095,42.67463314028732,44.10654686093095,3984541
1955,2015-09-11,43.94743728637695,44.47777628257398,43.523164171237205,43.84136660986435,1783681
1956,2015-09-14,45.09651184082031,45.23793463515171,43.66459346014276,44.12422353603987,2400945
1957,2015-09-15,45.37935256958008,46.015762269099135,44.54848714811259,45.07882616665071,3189547
1958,2015-09-16,46.35164260864258,46.49306539343744,45.25560763443485,45.43238731429236,2668351
1959,2015-09-18,47.20018768310547,47.695174660512066,46.49306891018871,46.669848603417904,2710372
1960,2015-09-21,48.27854537963867,48.43764422195612,46.563781442733145,46.952697716380165,3040868
1961,2015-09-22,46.31627655029297,48.43763228889068,45.69754779320197,48.33156642014271,2618545
1962,2015-09-23,45.184898376464844,46.669844801341476,44.477779661155296,46.33396628884286,5775906
1963,2015-09-24,44.33635330200195,45.98040819671066,44.03583167608867,45.25560861629624,9733917
1964,2015-09-28,44.83134078979492,45.60916853008875,44.08886515029854,44.70759405063621,2407051
1965,2015-09-29,45.37935256958008,46.13950420372693,44.33635058160624,44.49545420534989,2414852
1966,2015-09-30,46.7935905456543,46.91733727730664,45.37935314495458,45.397033989736684,3047665
1967,2015-10-01,46.157188415527344,47.34161326909264,46.05111772680837,47.0234059983916,2020545
1968,2015-10-05,46.846622467041016,47.429999218466655,46.29860740440811,46.31628345334898,1811432
1969,2015-10-06,46.75823211669922,47.553740628480114,46.56377639866828,46.97036867893188,1868486
1970,2015-10-07,46.86430358886719,47.094116203736434,46.563777186904865,46.8819796379127,1403044
1971,2015-10-08,46.828956604003906,47.0234123664721,46.52843013845226,46.988060260900816,1318938
1972,2015-10-09,46.86430358886719,47.200182088920535,46.63449097399795,47.02340241664335,1421375
1973,2015-10-12,47.12946701049805,47.2708897709639,46.59912806215991,46.84661669411143,1574616
1974,2015-10-13,47.04108810424805,47.27090074277759,46.82895151658385,47.02340725792669,715400
1975,2015-10-14,47.02340316772461,47.20018284282541,46.740557605745565,46.98805106906892,1722301
1976,2015-10-15,47.74820327758789,47.889626060249896,47.094117512888495,47.200183401021086,2959602
1977,2015-10-16,47.73051834106445,48.08407766513967,47.2355362464502,47.87194590705873,3651488
1978,2015-10-19,47.306251525878906,47.85426657734867,46.97036823920041,47.730519850916835,1640198
1979,2015-10-20,48.04873275756836,48.47300113265939,47.20018641647438,47.376966104959635,3296804
1980,2015-10-21,48.04873275756836,48.508358029447635,47.69517338059786,48.084084858900646,3504240
1981,2015-10-23,48.20783233642578,48.6321055134546,47.90730590231838,48.260865284690375,2367650
1982,2015-10-26,47.99568176269531,48.384597929071425,47.81890212302022,48.26085122220794,1788557
1983,2015-10-27,47.341609954833984,48.17247058329227,47.182506330621884,47.92498191785244,1680870
1984,2015-10-28,46.3339729309082,47.359294255997725,46.121836326814005,47.076448647509714,4725765
1985,2015-10-29,45.30863952636719,46.17485696858517,44.61919694573309,46.17485696858517,6657486
1986,2015-10-30,45.520774841308594,46.61680975982674,45.34399517043326,45.43238500587093,3034065
1987,2015-11-02,45.591495513916016,45.750599159916796,44.9550857253691,45.52078171670318,1507300
1988,2015-11-03,46.54610824584961,46.72288794512257,46.03344519977551,46.121835049411985,2879807
1989,2015-11-04,46.38698959350586,47.34160157897371,46.104144084343744,47.09410816186583,10212719
1990,2015-11-05,46.298614501953125,46.84662964859637,46.104158751971646,46.59914094820687,9402139
1991,2015-11-06,46.42235565185547,46.8466239994138,45.626847105295994,46.81127190037568,4219805
1992,2015-11-09,45.98040771484375,46.28093413306339,44.77830204196517,45.60916750570568,5260832
1993,2015-11-10,45.361671447753906,45.94504334381717,45.149534904970444,45.679873864201596,1531108
1994,2015-11-13,46.033443450927734,46.457716631246875,45.07883119293771,45.255610885494676,1386876
1995,2015-11-16,45.609169006347656,46.2102218625629,45.450070164730164,45.78594869400438,1462412
1996,2015-11-17,46.22789001464844,46.59913017257103,45.679874994728806,45.69755104229198,1602664
1997,2015-11-18,46.280941009521484,46.52842972359649,45.87434384451168,46.19255115546831,1327429
1998,2015-11-19,46.61681365966797,46.917340084388385,46.121831498899226,46.56378071305987,2523368
1999,2015-11-20,46.280941009521484,46.917346040521764,46.10416130141513,46.66985253099027,2168468
2000,2015-11-23,46.45771408081055,46.599136868001075,46.1395068153121,46.1395068153121,2177227
2001,2015-11-24,46.61681365966797,46.88198318816436,46.298611184563484,46.31628723494755,1241516
2002,2015-11-26,47.306251525878906,47.53606413470637,46.45771008034765,46.493062177509266,4171542
2003,2015-11-27,47.20018768310547,47.376967376334655,46.84662829664709,47.2532254274391,1605635
2004,2015-11-30,48.1547966003418,48.402290071856505,47.129475409912985,47.21786525038884,2006989
2005,2015-12-01,48.084083557128906,48.79120229192622,47.854270927410944,48.119440452959935,2520479
2006,2015-12-02,47.8719482421875,48.278540525615966,47.58909789185712,48.084080010615935,1390936
2007,2015-12-03,47.306251525878906,48.08407918617614,47.129471858249254,47.730519850916835,1173194
2008,2015-12-04,46.22789001464844,47.270891911798195,46.121824138359194,47.270891911798195,1376556
2009,2015-12-07,46.36932373046875,46.616812406471965,45.85666073764193,46.316285989830575,1525844
2010,2015-12-08,46.033443450927734,46.38700283604167,45.732917014489686,46.31628904083645,1469647
2011,2015-12-09,46.01576614379883,46.56378125758425,45.626849871698234,45.85666250665806,2198948
2012,2015-12-10,46.22789001464844,46.31627984337452,45.69755104229198,45.96272052847021,1086874
2013,2015-12-11,45.255615234375,46.31629349164364,45.04347862382997,46.31629349164364,1514970
2014,2015-12-14,45.30863952636719,45.75058866896465,44.81365265029393,45.00811315030988,1552518
2015,2015-12-15,45.78593444824219,45.89200510510714,44.99042610130011,45.308633276440496,1842404
2016,2015-12-16,47.14715576171875,47.41232530734144,45.85666493211287,45.962730832179474,2623492
2017,2015-12-17,47.571434020996094,47.783570639185804,46.581464734596366,47.12948473120783,1092627
2018,2015-12-18,47.8719482421875,48.260859681276614,47.04108283099121,47.37696132797321,28017527
2019,2015-12-21,49.30386734008789,49.462970980206094,47.871953760848115,47.871953760848115,6238035
2020,2015-12-22,48.96798324584961,49.710458895737695,48.773527506918526,49.33922346852163,9652753
2021,2015-12-23,49.515995025634766,49.67509384169157,49.07404587749615,49.07404587749615,3720080
2022,2015-12-24,49.53367233276367,49.79884182838873,49.268502837138605,49.4983154409226,2224191
2023,2015-12-28,50.25847625732422,50.47061283159672,49.374577860735265,49.657423429461446,5761043
2024,2015-12-29,49.834205627441406,50.41757763958308,49.63974988854616,50.276154848072366,8576492
2025,2015-12-30,49.85187911987305,50.08169653917254,49.58670960110197,49.58670960110197,8189382
2026,2015-12-31,49.9049186706543,50.20544029980055,49.35689876803727,49.851880928611195,7159928
2027,2016-01-01,49.85187911987305,50.152405533571404,49.763489280282684,49.993306699582185,3229824
2028,2016-01-04,49.834205627441406,51.03630654846643,49.462970200293775,49.67510198983187,6809859
2029,2016-01-05,49.19779586791992,50.18776010736478,48.86191257482855,49.86955765864718,4259054
2030,2016-01-06,49.32154083251953,49.48064446438445,48.79120178691084,49.00333836424547,5320149
2031,2016-01-07,48.82656478881836,50.11705566876888,48.614428184953084,49.3215470008664,6787347
2032,2016-01-08,50.081687927246094,50.20542984502967,49.10939985894448,49.49831124990122,10345830
2033,2016-01-11,50.64738464355469,51.44289307691369,49.144752807310496,49.67509176288316,8283638
2034,2016-01-12,50.470611572265625,51.884848971520235,50.223118109213836,50.73578108462586,6611338
2035,2016-01-13,50.52363586425781,51.053974798165974,49.533666977023046,50.61202568657584,7462021
2036,2016-01-14,50.50596237182617,51.08933912037822,49.99330420505573,49.99330420505573,10278564
2037,2016-01-15,49.180118560791016,50.647393772028224,48.89727298502201,50.25847750875398,7430643
2038,2016-01-18,48.844242095947266,49.869563345608455,48.57907255920095,49.49832311689,7411237
2039,2016-01-19,48.06640625,49.42761073798036,47.65981394721514,48.95030464538261,7282040
2040,2016-01-20,47.606773376464844,49.60438247094184,46.15717928115638,47.58909253411606,15997901
2041,2016-01-21,46.74055099487305,48.5613804317864,46.66983721665207,47.65980613447107,10416175
2042,2016-01-22,47.05876541137695,48.01337768362183,46.70520602098347,47.09412230950753,8099084
2043,2016-01-25,47.02340316772461,47.53606614369917,46.4046743048718,47.376962517926216,8893503
2044,2016-01-27,48.879581451416016,49.233140741546265,47.164822730648154,47.306245487609296,14527719
2045,2016-01-28,50.80649185180664,51.08934221880988,49.67509997470519,49.851879655786306,22594616
2046,2016-01-29,52.27376174926758,52.46822227388356,51.08934173363663,51.19540762309574,11216960
2047,2016-02-01,51.88485336303711,52.46822538051494,51.67271677610263,52.29144569064553,12278379
2048,2016-02-02,51.708072662353516,53.15766705003643,51.26612344631945,51.79646250556033,18267134
2049,2016-02-03,50.92595672607422,51.974690514781614,50.28604670509394,51.139255244569924,12098041
2050,2016-02-04,52.18799591064453,52.4368506211326,50.78375328486272,51.49476123273579,8726120
2051,2016-02-05,51.63697814941406,52.40131089878545,51.31702064433702,52.27688351590352,6170693
2052,2016-02-08,50.64155197143555,51.921367224580635,50.35715072488384,51.5658632554754,3820374
2053,2016-02-09,50.46379852294922,51.72584046976021,50.1260678333642,50.4104738934966,7297377
2054,2016-02-10,50.961509704589844,51.38811643915349,50.12607432880449,50.12607432880449,8119293
2055,2016-02-11,48.59739685058594,51.139248883579604,47.67308570536175,50.783744967864955,7247688
2056,2016-02-12,49.18397521972656,50.05496170428566,48.45519415276669,49.05954789024237,16065640
2057,2016-02-15,49.308406829833984,50.00164142440626,49.095103506747854,49.45060743794786,8464543
2058,2016-02-16,49.52171325683594,49.96609319868873,48.98845732661258,49.45061053740711,6766384
2059,2016-02-17,49.62836456298828,49.71724055502796,48.82848063463112,49.71724055502796,7804863
2060,2016-02-18,49.71724319458008,50.39269980557631,49.415063841235835,49.806119191338304,8779283
2061,2016-02-19,50.12607192993164,50.48157591777752,49.43284204673104,49.69947003761545,6323086
2062,2016-02-22,49.64614486694336,50.30382337988111,49.18398679464253,50.12607138788034,2293985
2063,2016-02-23,48.73960494995117,49.87721958396558,48.59740432615717,49.77056549974668,3873885
2064,2016-02-24,49.66392135620117,50.12607463662344,48.9351400704972,49.05956261549664,11387961
2065,2016-02-25,46.83766555786133,49.85944981039019,46.588815630164035,49.8061251703002,19051305
2066,2016-02-26,47.51311111450195,48.312994912706955,46.92652580502065,47.45978167049065,12511003
2067,2016-02-29,46.23331069946289,47.76197606868945,45.93113131573246,47.76197606868945,11485783
2068,2016-03-01,47.54867172241211,47.7619750961037,46.30440766801495,46.57103567967149,14281573
2069,2016-03-02,48.135250091552734,49.130659259224956,47.65531877713426,47.993044648887185,13550709
2070,2016-03-03,48.22412872314453,48.66850870123167,47.655321386826714,48.526303250778696,7057560
2071,2016-03-04,49.2906379699707,49.46838995146672,48.153023359663806,48.49075405323866,29228314
2072,2016-03-08,48.95290756225586,49.66391549239183,48.384100253780865,49.59281277064578,20131612
2073,2016-03-09,49.68169403076172,49.84167276074085,48.56185738640276,48.66851148033272,7284193
2074,2016-03-10,49.64614486694336,50.090524846945286,49.09511079864214,49.80611876664523,3713460
2075,2016-03-11,49.13066482543945,49.91277556138409,48.935139552369115,49.646147558925456,4685588
2076,2016-03-14,49.27286148071289,49.4150621061668,48.952908867983794,49.2728614807129,4423191
2077,2016-03-15,49.39730453491211,49.77058189808716,49.11290319361996,49.11290319361996,11655129
2078,2016-03-16,49.326194763183594,49.77057480930539,48.88181471706179,49.557276244632604,6170234
2079,2016-03-17,49.0595588684082,49.85944282315949,48.66850834799486,49.503938843270035,7509036
2080,2016-03-18,48.650726318359375,49.450610208372126,48.526298971102314,49.237306873335875,9195901
2081,2016-03-21,49.0595588684082,49.21953758809099,48.43742690360165,48.54408099066728,4674151
2082,2016-03-22,49.13066482543945,49.53949346484302,48.881810094412074,49.05956209605116,6628643
2083,2016-03-23,48.864044189453125,49.468403014868464,48.68629216101713,48.810719545288805,11545428
2084,2016-03-28,49.45062255859375,49.77057523014038,48.52631109047848,49.02402060380895,8691695
2085,2016-03-29,49.11289596557617,50.12607860846283,48.89959258008295,49.77057457325149,11478000
2086,2016-03-30,49.68169403076172,49.89499739679001,49.18398939125014,49.379519485872585,5797932
2087,2016-03-31,49.45062255859375,49.93055397682977,49.23731917028528,49.23731917028528,15715729
2088,2016-04-01,49.16620635986328,49.77056015150295,49.095103644691235,49.69946225816158,3935188
2089,2016-04-04,49.27286148071289,49.80611744253848,49.16621221708028,49.3261861125292,5649881
2090,2016-04-05,49.4328498840332,50.05498196139906,49.308422504193594,49.699477917189995,7744995
2091,2016-04-06,49.66392135620117,50.232728731835145,49.53949398937004,49.71724599289117,10418272
2092,2016-04-07,49.841670989990234,50.09052571182066,49.62836763154009,50.00164971428572,12408704
2093,2016-04-08,50.09052658081055,50.179402579887345,49.85944512574564,49.85944512574564,4133630
2094,2016-04-11,50.570465087890625,50.819315027379524,49.96610628001489,50.0016576490368,12360599
2095,2016-04-12,50.89039611816406,51.63695526273116,50.481562781065996,50.481562781065996,8901453
2096,2016-04-13,51.54808807373047,51.67251060083728,51.1570327578535,51.31700664491839,10239725
2097,2016-04-18,51.885799407958984,52.17020538614381,50.74818996070859,51.548073637515905,7347390
2098,2016-04-20,52.61460494995117,53.29006156612858,51.601417614769325,51.79694288040465,7716065
2099,2016-04-21,51.956932067871094,53.16564491210479,51.583649910350985,52.73903810974822,6315086
2100,2016-04-22,51.92136001586914,52.36573991555341,51.299228156311166,52.01023599580599,4320738
2101,2016-04-25,51.12149429321289,51.93915166934672,50.67711423622011,51.93915166934672,3605005
2102,2016-04-26,51.60142135620117,51.992476737657306,50.854861959208904,51.35256661659315,8964411
2103,2016-04-27,51.3170166015625,51.9036021001041,51.06816667723546,51.654747353945126,3177289
2104,2016-04-28,50.42824935913086,51.70806463089201,50.25049737199267,51.26368466304656,9408511
2105,2016-04-29,50.97928237915039,51.13925627123378,49.948317017178724,50.570453781384636,4383214
2106,2016-05-02,50.78375244140625,51.19258586210803,50.3393724813662,50.83708189407599,3383764
2107,2016-05-03,51.61918258666992,52.18798984320439,50.83707682803687,50.83707682803687,4572397
2108,2016-05-04,50.748207092285156,51.58363757928921,50.48157428817652,51.47698831511077,4435593
2109,2016-05-05,50.92595672607422,51.299233955272754,50.51712331468499,50.837080736090655,2770226
2110,2016-05-06,50.64155197143555,50.96150457926403,49.94831730294787,50.89040667854169,3714029
2111,2016-05-09,51.01483917236328,51.24591581119879,50.35715579888401,50.65933516743737,5027038
2112,2016-05-10,50.42824935913086,51.10371076772095,50.1260700166297,50.890407418788875,7758595
2113,2016-05-11,50.28605651855469,50.552684540538564,49.59282173266383,50.054979863868404,4574270
2114,2016-05-12,51.15704345703125,51.3170173775537,50.19718064656853,50.44603539649057,4877581
2115,2016-05-13,51.45920944213867,51.61918332098834,50.62377422426565,50.94372680379575,6719824
2116,2016-05-16,51.352561950683594,51.868044655106814,50.837084068091734,51.53031394230106,4500368
2117,2016-05-17,51.51253128051758,51.903586555148216,50.69486937504798,51.903586555148216,4754541
2118,2016-05-18,50.854862213134766,51.51254560952692,50.73043484270947,51.19259295831317,2573082
2119,2016-05-19,51.33478546142578,51.761387321459814,50.94373014002128,50.94373014002128,6035130
2120,2016-05-20,51.47698211669922,51.60140945781245,51.08592682541365,51.40587940125432,3055890
2121,2016-05-23,52.667930603027344,52.93455860050574,51.548093977984394,51.76139251850187,10093334
2122,2016-05-24,52.15243911743164,53.05897704965651,51.97468714897548,52.97010106542843,3545037
2123,2016-05-25,53.21895217895508,53.32560625563387,52.27686768836209,52.61459836509866,7201959
2124,2016-05-26,53.538917541503906,53.8233188112395,52.82790472350178,53.32561417828643,11348343
2125,2016-05-27,53.62779235839844,54.178821614546415,52.899006285296224,53.82331762430089,7635493
2126,2016-05-30,53.947731018066406,54.37433280281402,53.094522626740975,53.71665444859934,6049447
2127,2016-05-31,53.325618743896484,54.161054175291156,53.16564000232849,54.036626800941825,4297008
2128,2016-06-01,52.93455123901367,53.538909877983826,52.75679926541432,53.538909877983826,5018958
2129,2016-06-02,53.39670181274414,53.538907242087085,52.65014259601625,52.9345486328715,3951078
2130,2016-06-03,53.46781921386719,53.627797954905375,53.058990546786454,53.53892194806904,3453446
2131,2016-06-06,53.05898666381836,53.57446457264615,52.81013193415555,53.396712571981745,2395810
2132,2016-06-07,53.29005813598633,53.66333537247469,53.058981521882515,53.11230615254784,3771426
2133,2016-06-08,54.232154846191406,54.35658222686922,53.076766694728676,53.325621456084306,3804592
2134,2016-06-09,54.321022033691406,54.90760265093463,54.161048131805856,54.285470670439686,4520638
2135,2016-06-10,54.88983917236328,55.1564672115694,54.33880982007023,54.35658309395105,8988984
2136,2016-06-13,53.965511322021484,54.65874594265935,53.80553744006487,54.65874594265935,7199310
2137,2016-06-14,53.52113723754883,54.178820571204085,53.43226124169897,53.94774394636072,2914984
2138,2016-06-15,54.88983917236328,55.014266555025934,53.73445100247011,53.73445100247011,5287666
2139,2016-06-16,54.96092224121094,55.56527602068245,53.98328644734793,54.889819527470486,5385026
2140,2016-06-17,55.83190155029297,56.151854104629095,54.35656128953223,55.10312046420344,8985642
2141,2016-06-20,55.68971633911133,55.991895710195095,55.192011692413665,55.81414370624367,5237563
2142,2016-06-21,55.45863723754883,55.92079049858335,55.120906516294106,55.65416250448693,5276594
2143,2016-06-22,55.316436767578125,55.707487302603205,54.96093277440513,55.476410671407066,4797461
2144,2016-06-23,55.68971633911133,56.116323077327436,54.33880303781315,55.280887694389385,5027803
2145,2016-06-24,55.38752746582031,55.511954811606074,53.53890983497075,54.552092226208366,6010853
2146,2016-06-27,54.74763107299805,55.81414308483253,54.392127069053224,54.40990034051781,5121198
2147,2016-06-28,55.26310348510742,55.45863356091434,54.62319827043119,54.94315087776931,5842035
2148,2016-06-29,56.614013671875,57.005068947870754,55.29864724038852,55.38752322030435,9838712
2149,2016-06-30,57.982704162597656,58.24933209975005,56.631786387927264,56.88064105800168,18696297
2150,2016-07-01,58.711490631103516,59.155870566994956,57.94715810573642,58.30266205444958,9960809
2151,2016-07-04,58.800376892089844,59.475833548296805,58.5337488839688,59.26253499926536,5753019
2152,2016-07-05,57.32503128051758,58.9425724619144,57.16505256067336,58.764820471790294,5510329
2153,2016-07-07,58.07159423828125,58.35599551154881,56.951752772940075,57.236158868039276,5911690
2154,2016-07-08,58.46265411376953,58.80038004908969,57.44946666414505,58.12492335661737,7803900
2155,2016-07-11,59.22697830200195,60.84451947692036,58.99590168013237,59.04922631258977,11133401
2156,2016-07-12,59.22697830200195,60.08018688681421,59.03144822054976,59.36917892916545,9182267
2157,2016-07-13,57.538326263427734,59.884653156132195,57.1294928881467,59.315845906108294,11106820
2158,2016-07-14,58.67594909667969,58.871479194310396,57.55611243509183,57.78718907608112,7428442
2159,2016-07-15,58.391544342041016,59.15587694987914,57.9827157212747,59.031449590037724,6629943
2160,2016-07-18,58.01825714111328,58.94256839027524,57.804958625163664,58.51596653654503,3891623
2161,2016-07-19,59.15587615966797,59.36917951342801,57.94716358413618,58.05381285010052,5987973
2162,2016-07-20,59.84912109375,60.43570180057699,59.33363830245321,59.36918967113439,7071425
2163,2016-07-21,57.76942443847656,59.8491241618703,57.52056966678306,59.831346065702235,4189305
2164,2016-07-22,59.13809585571289,59.742449660684464,57.89383206556867,58.124908662229295,7206087
2165,2016-07-25,60.06241226196289,60.29348887862079,59.066998250606325,59.20919887456263,3967394
2166,2016-07-26,60.933406829833984,61.502214266347025,59.4402927335485,60.16907409725344,8278821
2167,2016-07-27,61.30666732788086,61.75104722737098,60.98671476461408,61.502192554924314,8851677
2168,2016-07-28,62.639808654785156,63.58189310182928,61.20001484990884,61.46664279653438,31420184
2169,2016-07-29,62.56871032714844,63.101966257787545,62.10655711599359,62.95976564064998,12377513
2170,2016-08-01,62.99532699584961,63.955184930201916,62.44429288699146,62.568720254916315,11965659
2171,2016-08-02,63.59967041015625,64.06182844010075,62.586488006074134,63.101965842534504,6487056
2172,2016-08-03,62.533172607421875,63.670787436326,61.7510666316533,63.63523606882924,10713465
2173,2016-08-04,63.350791931152344,63.759620326312266,62.693108953636596,62.85308758826945,9047354
2174,2016-08-05,62.74647903442383,64.41734999133779,62.58650510567605,63.635239155796725,8816394
2175,2016-08-08,63.45747375488281,63.99072971529785,62.390961834052746,62.92421779446778,9540514
2176,2016-08-09,62.60425567626953,63.866292662215145,62.3909523601269,63.45746411900956,6314021
2177,2016-08-10,61.999908447265625,62.746467779675996,61.71550718817186,62.60426715012911,3789657
2178,2016-08-11,61.875484466552734,62.764244407775955,61.306677139803625,61.89325773664469,5017074
2179,2016-08-12,63.2974967956543,63.63522266113592,61.928805599147175,61.928805599147175,4369997
2180,2016-08-16,63.10196304321289,65.09278604721416,62.65758312365148,63.56412105265519,22372774
2181,2016-08-17,62.08878707885742,63.5641325357935,61.946586443274754,63.26195317153557,11599079
2182,2016-08-18,64.7017593383789,65.12836617836182,62.657610805307144,62.924238874838245,20664320
2183,2016-08-19,64.32846069335938,65.05724191363612,63.74188009876697,65.05724191363612,16563739
2184,2016-08-22,64.68397521972656,64.98615461224176,64.25736845125427,64.50622320316845,11335483
2185,2016-08-23,64.75507354736328,65.1994535916004,63.990740835641844,64.50622361568973,7423678
2186,2016-08-24,64.80840301513672,65.05725294682946,64.38179624390335,64.80840301513672,5319170
2187,2016-08-25,64.79060363769531,65.76823941395627,64.1684717800747,64.8794796173554,12995397
2188,2016-08-26,64.27511596679688,65.19942215569007,64.06181268404085,64.93279425770247,7097916
2189,2016-08-29,64.0796127319336,64.47066811013119,63.137528062979214,64.41734347261146,2956326
2190,2016-08-30,65.16388702392578,65.34163898700635,63.88407192537959,64.31067374367458,5212793
2191,2016-08-31,65.30609893798828,65.59050019942995,64.64841559634405,65.09279558099131,6435761
2192,2016-09-01,65.51940155029297,65.76825144576816,64.79061549065597,65.23499547025241,6116318
2193,2016-09-02,65.34166717529297,65.76826917762337,64.80841105600547,65.60829523493672,3858397
2194,2016-09-06,66.3370590209961,66.72811436880423,65.34164979187668,65.67937568447762,9001076
2195,2016-09-07,65.67938232421875,66.47926637121267,65.37720294209912,66.15931371678148,5024999
2196,2016-09-08,66.81202697753906,67.26006888005777,65.10946288640221,65.91593831093587,5980354
2197,2016-09-09,65.88011932373047,66.90165615128306,65.73674198110974,66.66867040030802,5051740
2198,2016-09-12,64.60767364501953,65.73673855919712,64.42845683764001,65.4499936120167,4144478
2199,2016-09-14,64.21338653564453,64.89441419578341,63.98040569160213,64.50013630348363,6680869
2200,2016-09-15,62.65420913696289,64.66143335501962,62.38538394401957,64.66143335501962,8920122
2201,2016-09-16,63.102237701416016,64.69726392329524,62.06277662057381,63.19184608000133,21690721
2202,2016-09-19,63.58612823486328,63.87287800466659,62.45706347402659,62.97679408946821,4266806
2203,2016-09-20,63.8370246887207,64.30298631439888,63.44274684922687,63.67572766206596,4769662
2204,2016-09-21,62.83342361450195,64.55390284124864,62.56459843147487,63.837035686509765,4957941
2205,2016-09-22,63.99833297729492,64.62559174000786,63.1560130950528,63.47860234356329,4676363
2206,2016-09-23,63.0663948059082,64.30298754145078,62.97678642529356,63.89078996293659,7599534
2207,2016-09-26,62.976776123046875,63.908704101300046,62.67210670648421,62.976776123046875,6333433
2208,2016-09-27,63.156002044677734,63.85494448389575,63.03054934177223,63.31729420992849,6069513
2209,2016-09-28,63.96249771118164,64.19547859803437,63.15602204483717,63.15602204483717,4515648
2210,2016-09-29,62.15238952636719,65.27076327290621,61.54305542454228,64.07000994008642,13380901
2211,2016-09-30,63.28146743774414,63.69366509146603,61.48929949846053,62.4033032028685,11831869
2212,2016-10-03,64.94816589355469,65.55749991877434,62.94093734707106,63.49650732029567,9403402
2213,2016-10-04,64.87649536132812,65.48583441822151,64.6793588284568,65.05571215905361,7967290
2214,2016-10-05,65.01985931396484,65.7367264110054,64.66142576544456,64.93025092683477,5347763
2215,2016-10-06,63.76534652709961,65.32453354876088,63.621974069587814,64.98402456986616,5654229
2216,2016-10-07,63.42485427856445,64.37470252939568,63.1918733659557,63.76536334727946,3980080
2217,2016-10-10,63.81910705566406,64.15961598975699,63.5144375850587,63.5144375850587,4458994
2218,2016-10-13,62.725868225097656,63.74740452812575,62.25990668553772,63.63987643793955,14897308
2219,2016-10-14,63.693641662597656,63.98038648278106,61.84771033645044,63.012619068488426,4958871
2220,2016-10-17,63.102237701416016,63.6757274351095,62.65419580848944,63.19184608000133,4534814
2221,2016-10-18,63.22768783569336,63.729498663226266,62.725881869726294,63.35314054257658,7289895
2222,2016-10-19,63.99833297729492,64.78688393347984,63.12016876487017,63.42483827907263,9020687
2223,2016-10-20,64.03416442871094,64.6076590551306,63.74741954628407,64.2850698470089,4037879
2224,2016-10-21,63.42485427856445,64.28509411211787,63.12018468750634,64.28509411211787,10350237
2225,2016-10-24,63.12015151977539,63.926626851497275,62.779637768422276,63.299368260158026,2945373
2226,2016-10-25,63.926631927490234,64.14169300533904,62.94093977711838,63.28145355550945,3002870
2227,2016-10-26,62.90510940551758,63.90872637088089,62.65420881035176,63.8011933773241,3927291
2228,2016-10-27,62.90510940551758,63.38899572260643,62.259930890443556,62.76173694234187,7017500
2229,2016-10-28,63.048484802246094,63.442762740499475,61.668519310709655,63.01264533095963,4282450
2230,2016-11-01,63.40692138671875,64.35677437490958,62.421228925557585,62.815506882335484,5277438
2231,2016-11-02,62.761749267578125,63.2635554180218,62.52876836146867,63.066418850137104,4859666
2232,2016-11-03,62.70797348022461,62.97679867435535,62.47499261762465,62.77965728171944,4078615
2233,2016-11-04,62.2061653137207,63.030560603134916,61.38176516273993,62.72589108780651,4179894
2234,2016-11-07,62.36745071411133,62.58251181100872,62.206158537612815,62.47498369334305,7660803
2235,2016-11-08,63.4427375793457,63.65779862960667,62.3315928709682,62.457045555417515,3265787
2236,2016-11-09,64.58975219726562,64.98403013536553,59.84050692756429,60.933727478981986,13247214
2237,2016-11-10,67.54682159423828,68.1023916732287,64.93025366284444,66.3102238551095,18046820
2238,2016-11-11,65.62918853759766,67.56472843964382,65.05569397288183,66.66864470151454,8770575
2239,2016-11-15,66.29229736328125,66.88371171065464,65.43205787059578,65.43205787059578,11489252
2240,2016-11-16,67.56472778320312,68.28159476674166,65.71879627290447,66.86578539119228,10203154
2241,2016-11-17,69.14185333251953,70.39637081310525,66.02347936472276,67.36760523677889,9392264
2242,2016-11-18,68.80134582519531,70.00209935359703,68.60420929046425,69.44652922003363,12168642
2243,2016-11-21,66.3281478881836,69.41067748154136,66.05932271774367,69.41067748154136,12187225
2244,2016-11-22,65.8621826171875,66.91956358600912,64.78688191461627,66.63281867661668,11976002
2245,2016-11-23,65.10946655273438,67.2242283409581,64.37467973585397,66.02347500228008,13625626
2246,2016-11-24,66.3281478881836,66.991250947582,64.62558847539738,65.21700287805196,18404432
2247,2016-11-25,67.61851501464844,68.1740851327733,66.31022852601244,66.70450644608493,14716858
2248,2016-11-28,68.28160858154297,69.82287582492073,67.00917137294748,67.02709110653534,10318399
2249,2016-11-29,67.90525817871094,68.65796966811956,67.56474433349358,68.3353804188206,12406804
2250,2016-11-30,68.78343200683594,69.07017696594174,67.24216448233236,68.38915404189004,7446808
2251,2016-12-01,66.05931854248047,68.99847549814817,65.77256879519537,68.99847549814817,11056167
2252,2016-12-02,65.88011932373047,66.63283092622012,65.41415268334768,66.31023676689078,9676372
2253,2016-12-05,66.3460464477539,66.68656016626532,64.82270430142395,65.84424059539346,12282830
2254,2016-12-06,65.55751037597656,66.88371646508247,65.414137927265,66.45359911894778,4550359
2255,2016-12-07,65.39622497558594,66.4894454796361,65.2349279155807,66.20270055247869,4265108
2256,2016-12-08,66.543212890625,66.65074102046646,65.0736342339144,65.93387385734583,5413273
2257,2016-12-09,66.11307525634766,66.66864523379732,65.86216986304207,66.66864523379732,3451184
2258,2016-12-12,66.22061920166016,66.47152465498435,65.73673289114441,66.04140240973334,3689403
2259,2016-12-13,66.39984130859375,66.86580792184198,65.39622913809559,66.48944971172992,4417447
2260,2016-12-14,65.21701049804688,66.4536083711819,65.03779369681378,66.31023104094194,7312670
2261,2016-12-15,65.71879577636719,66.57903517780083,64.69725936022989,64.87647610476047,5253972
2262,2016-12-16,65.88011932373047,66.75827880866233,65.12740772124081,65.79051091537616,26025533
2263,2016-12-19,65.98762512207031,66.31021431058583,65.53958323203052,66.00554485304563,3627943
2264,2016-12-20,65.21701049804688,66.1130945042123,65.14532183292688,65.95179743847577,5757036
2265,2016-12-21,65.6829605102539,65.84425754719409,65.14531020254131,65.25284318102342,5279390
2266,2016-12-22,65.14530944824219,65.75464840122083,64.9123286232442,65.59335136614827,2653684
2267,2016-12-23,65.34246063232422,65.48583309529488,64.15962687429119,65.09155517595055,4805945
2268,2016-12-26,64.08793640136719,65.36037356241206,63.89079503143615,65.36037356241206,5932940
2269,2016-12-27,64.89441680908203,65.12739766250658,63.281465707820004,64.05209692833189,4555998
2270,2016-12-28,64.51806640625,65.59336726994248,64.19547711945569,64.89442462548264,3739977
2271,2016-12-29,64.53598022460938,65.03778623820091,64.15962206824099,64.23131072513962,14737238
2272,2016-12-30,65.77256774902344,66.34606237290568,64.6076587692738,64.66142282679522,4872601
2273,2017-01-02,65.82634735107422,66.38192237416727,65.44999399798462,65.77258328085671,1811713
2274,2017-01-03,67.40345764160156,67.56474984863364,66.13101541332473,66.27439274610919,7819727
2275,2017-01-04,66.93746948242188,67.69018079093428,66.68656895396134,67.40343594081784,7829503
2276,2017-01-05,68.40705871582031,68.55043116380325,66.70449934980334,67.0450131676332,6362320
2277,2017-01-06,67.6722640991211,69.12391786805318,67.4751227519454,68.51458381880758,6298387
2278,2017-01-09,66.86579895019531,67.81564692368036,66.3460683371131,67.81564692368036,2956484
2279,2017-01-10,66.86579895019531,67.49305768798665,66.32814860351704,66.88371868379139,4626997
2280,2017-01-11,68.03070068359375,68.60419529706145,66.63281090559273,67.13461686928979,21835704
2281,2017-01-12,70.9698715209961,71.59713031458587,68.10239788873318,68.10239788873318,26857806
2282,2017-01-13,70.66520690917969,71.65089936769792,70.27092895345898,71.65089936769792,23933005
2283,2017-01-16,71.47168731689453,72.06310185907878,70.52183912956015,70.61144754084769,8473484
2284,2017-01-17,70.88024139404297,71.91969753246856,69.93038876566749,71.47165567439156,10193606
2285,2017-01-18,71.13115692138672,71.56127914049284,70.62935090680715,70.96986473539667,21229809
2286,2017-01-19,72.33190155029297,73.0129242632744,70.70103098539802,71.29244531873543,8756982
2287,2017-01-20,71.47168731689453,72.61867206443452,70.77273976422478,72.61867206443452,12987134
2288,2017-01-23,71.75841522216797,72.47528234197658,71.34621760059127,71.6329625038882,7334154
2289,2017-01-24,72.88748168945312,73.37136797909513,71.9017893763761,72.04516669298589,7122776
2290,2017-01-25,72.79788208007812,73.13839595575816,72.36776466305636,72.99502348341757,10336365
2291,2017-01-27,73.3176040649414,74.17784365851385,72.6007369267033,72.94125076199298,11095330
2292,2017-01-30,73.72980499267578,73.99863018153097,72.58282043716697,73.22799894579276,5832917
2293,2017-01-31,74.2674560546875,75.00224782793538,73.28176368646963,73.65812187127464,7593736
2294,2017-02-01,73.76564025878906,74.76925709079197,73.38928698526675,74.76925709079197,7325455
2295,2017-02-02,73.10255432128906,73.8373461692101,72.85165370082132,73.8015018344098,7773806
2296,2017-02-03,72.29605865478516,73.76563708230105,72.08099756707647,72.83370894327396,4479429
2297,2017-02-06,72.08100891113281,73.1921539878607,71.59712746459265,72.4932114197657,6337200
2298,2017-02-07,71.65089416503906,72.9770955505353,71.39998870373522,72.2781529567319,6562928
2299,2017-02-08,72.08100891113281,72.65450361475689,71.07739682596565,72.04516944217917,9024346
2300,2017-02-09,72.4573745727539,73.69396764166997,71.97348821467062,72.54698297752611,12790725
2301,2017-02-10,71.65089416503906,73.76565140471872,71.41791330043793,73.55059027525354,16817238
2302,2017-02-13,72.77996826171875,73.10255756610593,71.50753078158199,72.29608187435429,9508762
2303,2017-02-14,71.99140167236328,73.1025467669449,71.72257648149193,73.08462703218015,9403263
2304,2017-02-15,72.20645141601562,72.61864900473344,71.59711732969195,72.18853168407543,7302351
2305,2017-02-16,72.45861053466797,72.92689677103932,71.72015314861244,72.04435657390572,6272531
2306,2017-02-17,72.96292114257812,73.21507828074957,71.88225606896229,72.76480116674297,4966775
2307,2017-02-20,74.3677978515625,74.71001047277258,72.69276766977791,73.44923433162843,9917513
2308,2017-02-21,74.25971984863281,74.85408465908066,73.6833641683303,74.36778440114357,7428835
2309,2017-02-22,72.6207046508789,75.25032578583605,72.36855241217503,75.16027036790915,26345564
2310,2017-02-23,71.73816680908203,72.764799583848,71.52203282189667,72.764799583848,13404307
2311,2017-02-27,69.43275451660156,72.0443619280495,69.12656508430236,72.0443619280495,14798634
2312,2017-02-28,69.21662139892578,70.18921710208703,69.00048739183893,69.12656596979123,10051421
2313,2017-03-01,69.39673614501953,70.13518875096536,69.10855582415239,69.70292559839463,10348326
2314,2017-03-02,68.35208129882812,69.88302838873621,68.08191502751836,69.88302838873621,10629352
2315,2017-03-03,68.74832916259766,68.8924168697994,67.72169630932827,68.08191802024245,8454072
2316,2017-03-06,69.8290023803711,70.6755244761965,68.83839256066099,69.10855887512739,14858083
2317,2017-03-07,70.08114624023438,70.58545562087981,69.72092455608488,70.08114624023438,11746802
2318,2017-03-08,70.45936584472656,71.17980909840864,69.93704741729816,70.35130131100165,7938282
2319,2017-03-09,70.04512786865234,70.53142815256231,69.3426984681776,70.53142815256231,9777769
2320,2017-03-10,69.36070251464844,70.4953998367105,68.46014830891357,70.2432475905963,16388459
2321,2017-03-14,69.75694274902344,71.57606017049604,69.37870707602906,71.48600475585245,11886293
2322,2017-03-15,69.50477600097656,69.90102074765622,69.34267920857461,69.88301162155098,7772586
2323,2017-03-16,70.2792739868164,70.40535256738,69.43275684407476,69.93706628050931,5161993
2324,2017-03-17,69.88301086425781,70.96367567849984,69.55880751133063,70.89162940322309,9522200
2325,2017-03-20,69.73892211914062,70.04511147704731,69.43273764705242,69.88301467755682,9378518
2326,2017-03-21,69.61286163330078,70.08114787931987,69.48678306373583,69.88302790273165,8126819
2327,2017-03-22,69.1986083984375,70.45938442484744,68.96446525641103,69.00048840575813,8203222
2328,2017-03-23,69.54082489013672,69.70292662838358,69.01850140984796,69.52281575736265,5875356
2329,2017-03-24,69.79298400878906,70.29729348453708,69.61287313274904,69.82900227534091,6164329
2330,2017-03-27,70.18921661376953,70.6394937563096,69.75695348842287,69.88303206549803,7104197
2331,2017-03-28,70.8556137084961,70.9636831327632,70.1171612955218,70.1171612955218,6020578
2332,2017-03-29,70.90966033935547,71.12579434584549,70.51342036091341,71.07176206567792,6451066
2333,2017-03-30,70.40534973144531,71.23386259476219,69.97308661155009,71.0717608711642,13016042
2334,2017-03-31,71.07176971435547,72.00834725272604,70.47740479690768,70.47740479690768,8522874
2335,2017-04-03,70.67550659179688,71.8282178628219,70.60346519099467,71.8282178628219,9945512
2336,2017-04-05,70.24323272705078,71.28787440749204,69.95505251070333,70.90963878962691,7061975
2337,2017-04-06,71.03572082519531,71.30588704304552,69.55881119045053,70.74754548048249,7466431
2338,2017-04-07,70.24323272705078,70.6935097346391,70.06312192401545,70.62146345909768,9205565
2339,2017-04-10,70.35130310058594,70.47738165035118,70.0090905920544,70.26124769158487,5763232
2340,2017-04-11,71.73816680908203,72.6207070018449,70.06313695857928,70.36932148078765,10668096
2341,2017-04-12,71.17982482910156,72.58469339291142,70.60347400743755,72.04436083323672,6620702
2342,2017-04-13,72.04437255859375,72.42260345759598,70.8916609560206,71.25188272109716,5910355
2343,2017-04-17,72.87286376953125,73.17905317602528,71.68413417469473,72.02634184068985,11138596
2344,2017-04-18,72.89087677001953,73.5933110407003,72.63872451102554,72.9449139337792,7675098
2345,2017-04-19,76.07884216308594,76.90735503192616,72.7467913280977,73.07098989163532,29099215
2346,2017-04-20,75.2503433227539,76.51111946755155,74.00757631141097,76.36703174245302,11822555
2347,2017-04-21,74.06160736083984,75.80868382376335,73.4132101658139,75.43045294096822,7938078
2348,2017-04-24,73.79142761230469,74.54789412597395,73.52126134926704,74.38579729964293,7520828
2349,2017-04-25,75.14226531982422,75.61055156415034,73.77341996149819,74.2056879453526,6293621
2350,2017-04-26,74.09761810302734,75.10624176458933,73.57529958501823,75.10624176458933,5977354
2351,2017-04-27,74.83607482910156,75.70060589856095,73.89949746809586,74.20568687843878,13646716
2352,2017-04-28,74.92613220214844,75.17828445748951,74.18767479493232,74.56591050667309,5477289
2353,2017-05-02,74.20570373535156,75.23233675109526,73.66537108346756,75.23233675109526,5123042
2354,2017-05-03,76.02481079101562,77.01542051054027,74.3137576391094,74.52989164598782,10859280
2355,2017-05-04,75.88070678710938,76.63717320583065,75.28634206019218,76.00678533786603,12952295
2356,2017-05-05,75.28634643554688,76.36701141486178,74.76402307455044,76.36701141486178,4993008
2357,2017-05-08,75.64656066894531,75.82667148114929,74.45782637690797,75.32236218414185,6855459
2358,2017-05-09,75.05220794677734,76.18690526763586,74.83607396046638,75.66458187453595,4729357
2359,2017-05-10,75.82667541503906,75.98877222294114,75.28634295039465,75.53849516907081,4623710
2360,2017-05-11,74.99817657470703,76.1869111482624,74.27773315527456,76.00680029340427,4946190
2361,2017-05-12,74.29574584960938,75.50248953283976,74.06159783380652,74.92613383039037,5386419
2362,2017-05-15,74.45783996582031,75.28635278465727,74.33176628292325,75.25032963847838,5353854
2363,2017-05-16,74.71000671386719,74.90812671460796,74.29575269406921,74.47586356231353,4077710
2364,2017-05-17,75.21430206298828,75.53850058786773,74.25971561746911,74.78203899175536,3694898
2365,2017-05-18,75.01619720458984,75.43045123011734,74.60194317906236,74.92614176922213,5797418
2366,2017-05-19,74.1156234741211,76.27695335788817,73.52125384743012,75.53849604944315,17793954
2367,2017-05-22,72.94489288330078,74.81804225486249,71.75615868256502,74.56589006863474,7423973
2368,2017-05-23,72.54866790771484,73.30513444405133,71.0897671121046,73.10700958039543,6465473
2369,2017-05-24,72.00833892822266,73.44922577889014,71.50402950765296,72.90889320988984,6650433
2370,2017-05-25,71.6661148071289,72.38655811645633,70.47738530106624,72.2965027027904,9992276
2371,2017-05-26,72.83684539794922,73.44922425107268,71.43198172493493,72.04436057805839,6466364
2372,2017-05-29,75.3223648071289,75.9167295309362,73.16103009959747,73.17904411293627,14504778
2373,2017-05-30,73.5212631225586,75.25033017919525,72.78281060677234,75.25033017919525,10884114
2374,2017-05-31,74.90809631347656,75.39439643753744,73.82743154259373,73.82743154259373,7781359
2375,2017-06-01,74.80004119873047,75.53849359738578,74.33175502677616,74.76401805800661,6369921
2376,2017-06-02,74.24171447753906,75.052218259024,73.9535390467417,74.96216282617233,6713770
2377,2017-06-05,73.95353698730469,74.69199444761597,73.55729211662788,74.47586043762682,5093948
2378,2017-06-06,73.2871322631836,74.07962207415002,72.8728782243776,74.04359892168424,5324457
2379,2017-06-07,73.86347198486328,74.09761509625027,72.8368392348228,73.44921803612951,7605903
2380,2017-06-08,74.6919937133789,74.81806740596511,73.34115738568065,73.84547169930443,7487370
2381,2017-06-09,74.63795471191406,75.10624586507652,74.38580244712162,74.71000100803741,6432439
2382,2017-06-12,74.27774047851562,74.89011939973716,73.84547731572994,74.34978678188996,3684911
2383,2017-06-13,75.73663330078125,76.78127527199669,74.20569104884599,74.36778788520621,15775215
2384,2017-06-14,75.82667541503906,76.72722952277972,75.4664537719428,76.00678623658719,13639132
2385,2017-06-15,75.77264404296875,76.45706419579219,75.41242239560707,75.64656548922841,5595511
2386,2017-06-16,75.6285400390625,76.18688643953301,74.78202320442514,75.64655405019784,6127735
2387,2017-06-19,76.51110076904297,76.7092207319075,75.62855572904125,75.64656974391379,6393073
2388,2017-06-20,75.03418731689453,77.4476743272818,74.06158690713994,76.45706478934683,12876594
2389,2017-06-21,74.09761810302734,74.92613091993391,73.75541042967365,74.92613091993391,13855413
2390,2017-06-22,72.87286376953125,75.17828155438285,72.04435585625964,74.15164878475899,33713902
2391,2017-06-23,74.20570373535156,74.56592550327423,72.90890439366586,73.12503843158356,9034020
2392,2017-06-27,74.1156234741211,74.45783110755961,72.58468147311942,74.20567888594472,6947747
2393,2017-06-28,74.78204345703125,75.26833883047786,73.2691104028303,74.20568777515378,7103873
2394,2017-06-29,74.92613220214844,75.82668644083678,74.52988735996168,74.92613220214844,7577681
2395,2017-06-30,75.84468841552734,76.02479924627201,74.85407884643168,74.89010198974441,7751039
2396,2017-07-03,76.16889953613281,76.60116755576797,75.46647011150043,75.64658097204511,8768284
2397,2017-07-04,75.89872741699219,76.72724024336743,75.55651973972756,76.72724024336743,4530105
2398,2017-07-05,75.6645736694336,76.1688829922588,75.466453720194,76.1688829922588,6062229
2399,2017-07-06,75.59254455566406,76.00679853509061,75.28635513232462,76.00679853509061,5577232
2400,2017-07-07,75.4484634399414,75.79067606262352,74.99818624473878,75.53851887898193,7641379
2401,2017-07-10,76.13286590576172,76.36700900004561,75.64656570328363,75.64656570328363,2844699
2402,2017-07-11,76.34901428222656,76.85332862607302,75.97078341016174,76.54713917040054,13833624
2403,2017-07-12,77.08745574951172,77.44767741402684,76.34899840576432,76.34899840576432,9211263
2404,2017-07-13,77.48371887207031,78.16813921925817,77.24957571195608,78.15013008610329,9596900
2405,2017-07-14,77.51972961425781,77.89796043652153,77.26757247553574,77.89796043652153,4889330
2406,2017-07-17,78.06005859375,78.33022485042792,77.53773520984498,77.53773520984498,6302565
2407,2017-07-18,77.59176635742188,79.24878701815126,77.35762324886448,78.15011287794087,7549621
2408,2017-07-19,78.76249694824219,79.06868638470094,77.82591950735298,78.31221980222043,8521832
2409,2017-07-20,78.78050994873047,79.2487962202209,78.40227421946236,78.88857450805297,10233967
2410,2017-07-21,77.5557632446289,79.05068747131146,76.90736602487337,79.05068747131146,4948380
2411,2017-07-24,78.07807159423828,78.2581824409533,76.81729566723315,76.81729566723315,6137724
2412,2017-07-25,78.16812896728516,78.74448466831272,77.91597182126701,78.34823981849256,6113154
2413,2017-07-26,78.27619934082031,78.51034737344638,77.64581131474682,78.47432422336392,5258903
2414,2017-07-27,78.04205322265625,78.92459837988524,77.71785465589733,78.4202889553914,21380991
2415,2017-07-28,77.32160186767578,78.0960774994025,76.38502452627218,77.8439252559064,8260545
2416,2017-07-31,80.43751525878906,80.76171866544183,77.32159883853181,77.32159883853181,17403810
2417,2017-08-01,80.83377075195312,81.26603876075072,79.48293933173524,80.61763674755433,15263765
2418,2017-08-02,79.8971939086914,81.41012706474565,79.50095393118073,80.9238267727411,12014487
2419,2017-08-03,80.31145477294922,80.88780562204418,78.97863244132249,79.60902045761246,5285543
2420,2017-08-04,80.90581512451172,81.10393510710394,79.82515001403884,80.8337688294857,7975937
2421,2017-08-07,81.39212036132812,81.50018492463292,80.32946431694498,81.04990776782986,4619568
2422,2017-08-08,80.2934341430664,81.62625636493445,79.77111561835984,81.59023321837758,3229672
2423,2017-08-09,79.93321228027344,81.12194679922217,79.53696744062387,80.18536941981937,4573769
2424,2017-08-10,78.31222534179688,79.89720003074599,77.5737727244131,79.89720003074599,6813656
2425,2017-08-11,78.85255432128906,79.42891005956896,76.36702539114057,76.5471362539893,8860877
2426,2017-08-14,80.23939514160156,80.67166309241847,78.88856390257251,78.97861931850778,4990789
2427,2017-08-16,79.50093078613281,80.92380321345337,79.12269516432487,80.58159561560993,5221989
2428,2017-08-17,79.05066680908203,79.82514242075247,78.79850968629674,79.4288976074409,2837686
2429,2017-08-18,80.31145477294922,80.61763932934849,78.78051244767357,78.88857701042393,7721084
2430,2017-08-21,79.35685729980469,81.03189209659223,79.08669102752535,80.6896795307106,5203218
2431,2017-08-22,79.06867980957031,80.09531259429197,78.54635640929213,79.95122489671088,6646897
2432,2017-08-23,79.15872192382812,79.53695267712112,78.40225553142363,79.10468965704605,5312780
2433,2017-08-24,79.59100341796875,80.04128052772414,78.90657830248507,79.06868001632475,5492256
2434,2017-08-28,78.20416259765625,79.5730032959924,78.04206085551267,79.5730032959924,9753985
2435,2017-08-29,77.5557632446289,78.72648397561333,77.01543059955918,78.27620677138856,12235532
2436,2017-08-30,77.66382598876953,78.33023717055505,77.17752567309795,78.11410315405435,9313551
2437,2017-08-31,78.97862243652344,79.2487886949952,77.46568943475386,77.89795740263637,8143692
2438,2017-09-01,77.9880142211914,78.78050388125313,77.73585708776652,78.78050388125313,8803556
2439,2017-09-04,78.38424682617188,78.97861153560955,76.6551800791131,78.02402519792861,6239751
2440,2017-09-05,77.87994384765625,78.3842531909831,77.77187441891691,78.34823004807,3937595
2441,2017-09-06,77.19552612304688,77.82591408354463,76.72723987814771,77.44768326157373,4800221
2442,2017-09-07,77.77188873291016,77.86194416385827,76.92536670483388,77.62780102055713,5008597
2443,2017-09-08,76.76325988769531,78.04204488669356,76.51110275947238,77.87994806353812,8588797
2444,2017-09-11,78.90422821044922,79.05061721278477,77.09265003546808,77.22074227395673,6205180
2445,2017-09-12,78.79443359375,79.16040858550048,78.42845860199952,78.90422906958726,4307268
2446,2017-09-13,78.22716522216797,79.08720734528652,77.95268401035479,78.79442440770737,3679773
2447,2017-09-14,78.30034637451172,79.05059288298266,77.8245760585346,78.06245873459719,6793237
2448,2017-09-15,77.76969909667969,78.11737729529953,76.15941026045466,77.8428911105949,9054445
2449,2017-09-18,78.81271362304688,79.54466340502847,77.76968419095269,77.76968419095269,10470233
2450,2017-09-19,78.9957046508789,79.19698886451091,77.87947820442649,79.19698886451091,5530915
2451,2017-09-20,77.91608428955078,79.12380458072677,77.76969530500448,79.01400911942739,5687495
2452,2017-09-21,77.42200469970703,77.91607178664091,76.98283781653961,77.91607178664091,5113744
2453,2017-09-22,76.69007873535156,77.34883671036076,76.15941796632445,76.87306623443408,5195124
2454,2017-09-25,76.90963745117188,78.26374644969181,75.99470028023998,76.48876734531358,13057600
2455,2017-09-26,77.12923431396484,78.13566534485939,76.90964836899916,78.13566534485939,6570371
2456,2017-09-27,76.17770385742188,77.97098009969538,75.68363668764935,77.58670839201281,7885119
2457,2017-09-28,76.48876190185547,77.18411310950744,75.02486253254543,75.39083737487293,11633088
2458,2017-09-29,77.22074127197266,77.8245990011798,75.42745988410728,77.22074127197266,13782560
2459,2017-10-03,75.44574737548828,77.67819534341461,75.20786467418479,77.64159685924812,12296210
2460,2017-10-04,76.507080078125,77.09264098255885,75.04318029896682,75.04318029896682,12075908
2461,2017-10-05,75.00658416748047,76.63517470848493,74.71380618799458,76.48878571874198,17352392
2462,2017-10-06,74.93340301513672,75.33597155431353,74.49423101840271,75.02489676746849,13466622
2463,2017-10-09,73.54268646240234,74.96998784028449,73.06692099105935,74.96998784028449,21446056
2464,2017-10-10,74.93340301513672,75.39087177679559,73.56099673016014,73.579293495085,14560236
2465,2017-10-11,74.23802947998047,75.42744798718219,73.70736881661743,75.17126851778877,11830976
2466,2017-10-12,74.03673553466797,74.73208680864558,73.74395761842011,74.31121669259481,5518551
2467,2017-10-13,75.26275634765625,75.7934219332617,73.26819117566583,74.07333793371845,11394674
2468,2017-10-16,75.29936981201172,76.34239946760766,75.07978383759364,75.64704305464156,11521216
2469,2017-10-17,74.98827362060547,75.7202233986237,74.64059549050597,75.11636582452908,4936452
2470,2017-10-18,78.1539535522461,78.41013795397826,75.39084519172293,75.46403718946641,18484486
2471,2017-10-19,77.09264373779297,77.95268588155625,76.69007029136621,77.89779063064647,559370
2472,2017-10-23,78.1539535522461,78.39184119550539,77.2207195930898,77.93436763131167,14162373
2473,2017-10-24,78.70291900634766,79.0139986597366,77.36711163293279,78.0624629403684,7050716
2474,2017-10-25,79.08720397949219,80.14853029389795,78.24545865410968,79.05060549337074,16306452
2475,2017-10-26,77.58670043945312,78.9591063460105,77.129231803934,78.46503922687937,23524154
2476,2017-10-27,77.49520874023438,78.15396160707913,77.00114160817455,77.71479468380012,9985329
2477,2017-10-30,77.73309326171875,78.50164160024288,77.53180903765767,77.5684025592305,4118717
2478,2017-10-31,77.53180694580078,80.11192812281925,77.11093182054242,77.84288165389262,16442260
2479,2017-11-01,76.98286437988281,78.0990861774251,76.36070487590116,77.89780190700068,12417385
2480,2017-11-02,78.75782012939453,79.16038854733358,77.51350150133915,77.58669846670203,16259892
2481,2017-11-03,76.87303924560547,80.69747861927509,76.70835353256174,80.69747861927509,26293141
2482,2017-11-06,77.11093139648438,78.06246716737733,76.67176447720087,77.12923312052898,7985183
2483,2017-11-07,75.99471282958984,77.65989677012449,75.57384265423136,77.4403157839219,9702210
2484,2017-11-08,76.17770385742188,76.83645677454997,75.81172891149451,76.12280860830336,12777065
2485,2017-11-09,76.122802734375,76.78155560067118,75.024877981313,76.78155560067118,9492091
2486,2017-11-10,77.34882354736328,77.58670626291763,75.57384411555307,75.75683158349531,8999608
2487,2017-11-13,77.22074127197266,78.08078347483297,76.59858181530262,77.55011776391716,7885278
2488,2017-11-14,75.73851776123047,77.23901575146377,75.4274381226446,77.22071899313306,4927717
2489,2017-11-15,75.75684356689453,75.95812782792952,74.80530759030813,75.64704809044983,8653007
2490,2017-11-16,76.23258972167969,76.43387889547111,75.07976977670072,75.79342281894365,18027175
2491,2017-11-17,76.3423843383789,76.8364464780918,76.03130468325625,76.59856378788703,9193722
2492,2017-11-20,76.41558074951172,76.96454312652064,75.26276075056347,76.96454312652064,8277194
2493,2017-11-21,75.61044311523438,76.4704802493195,75.31766018622743,76.4704802493195,15596732
2494,2017-11-22,75.7751235961914,76.17769699320702,75.06147053039768,76.17769699320702,8665005
2495,2017-11-23,76.507080078125,76.78156128671716,75.59214271615113,76.0862098843876,6824919
2496,2017-11-24,77.2939453125,77.53183305954454,76.12282816300346,76.30581568297363,7734712
2497,2017-11-27,76.90963745117188,77.5317967129463,76.12279247694082,77.51349499121656,14811199
2498,2017-11-28,76.25089263916016,76.85475024228658,75.46404261887929,76.85475024228658,21546865
2499,2017-11-29,76.39727783203125,76.76325272054201,75.95810598027748,76.34238259152505,7324543
2500,2017-11-30,75.40914916992188,76.30578969797745,75.0797727389115,76.30578969797745,19256592
2501,2017-12-01,74.27462768554688,75.88492132185276,74.000146492611,75.75682910571216,8172074
2502,2017-12-04,74.20143127441406,74.64059817873057,73.52437671259226,74.47591245105649,7124561
2503,2017-12-05,73.30479431152344,74.09163939638427,72.042178852574,73.92695366077295,17485101
2504,2017-12-06,73.2864990234375,73.50608000866409,72.70093814717713,73.08520983517629,5557173
2505,2017-12-07,74.03673553466797,74.2929199342738,72.99370614177556,73.28648902187537,11119755
2506,2017-12-08,74.32952880859375,74.58571326113142,73.15841193777877,74.29293528439092,14615599
2507,2017-12-11,74.76869201660156,75.17126541055366,74.1465326837799,74.585704561519,8231500
2508,2017-12-12,74.2563247680664,74.84188559054944,73.89034987449604,74.84188559054944,8310332
2509,2017-12-13,73.37798309326172,74.09163112898452,73.14009545083547,73.56097053275762,12105970
2510,2017-12-14,73.2315902709961,73.78055259773275,72.64603442689197,73.67076211792623,12838407
2511,2017-12-15,72.77413940429688,73.98185979581422,72.28007716088638,73.70737856554027,22654959
2512,2017-12-18,73.15840911865234,73.23160112809056,70.77957201678103,72.81073094129927,16832008
2513,2017-12-19,74.14654541015625,74.29293937043101,72.9022314947936,73.45119395426417,20133065
2514,2017-12-20,74.27462768554688,74.42101666234215,73.17670291380337,74.32952293136353,14097971
2515,2017-12-21,74.32952880859375,74.95168821398353,73.96355385574164,74.95168821398353,7881749
2516,2017-12-22,74.31123352050781,74.5125177630279,73.8720615828328,74.29293675804347,7399925
2517,2017-12-26,74.09163665771484,74.65890074079265,73.63416802483871,74.25632735109119,7946762
2518,2017-12-27,73.6341552734375,74.84187523339814,73.48776632903812,74.1099255475498,7831439
2519,2017-12-28,72.88392639160156,73.9452526990268,72.64604367915581,73.72566674759507,15796200
2520,2017-12-29,73.32308959960938,73.81715672422729,72.99371317114826,73.0303116551667,8561565
2521,2018-01-01,73.2681884765625,73.83545252370075,72.84731835375156,72.84731835375156,6388017
2522,2018-01-02,73.46949005126953,73.85376175791095,72.9388243955715,73.65247752373742,4383705
2523,2018-01-03,73.79887390136719,74.09165190110221,73.41459719237993,73.74397864689854,8187397
2524,2018-01-04,73.32308959960938,74.2380268808083,73.19500235132348,73.92695217628261,4204055
2525,2018-01-05,73.6524658203125,73.94524374419737,73.41457817282244,73.67076257911077,4923559
2526,2018-01-08,73.39630126953125,74.38443571669855,73.21331377663755,73.92696698446431,11797863
2527,2018-01-09,73.56098937988281,73.70737837621559,73.30480491341052,73.59758290607607,7380366
2528,2018-01-10,73.14010620117188,73.8903577916903,72.64604401299592,73.8903577916903,8710385
2529,2018-01-11,72.40817260742188,73.30481337977953,72.20688833469856,72.86564137620562,12305664
2530,2018-01-12,71.85919189453125,72.57284497872212,71.62130918775182,72.49964800870418,9411915
2531,2018-01-15,72.93882751464844,73.28650571274632,71.42003242098741,72.38986507376953,9962401
2532,2018-01-16,71.8042984008789,72.93882168072243,71.12724378517773,72.86562470891857,13205546
2533,2018-01-17,72.24345397949219,72.71921929715275,70.99914048696711,71.7310901841997,13012437
2534,2018-01-18,72.09708404541016,73.12181190622431,71.63961536400153,72.68263998653089,24603506
2535,2018-01-19,71.7677001953125,72.46305653860715,71.10894730191544,72.09708160586374,8082214
2536,2018-01-22,71.47492218017578,72.07877982597157,71.36513168597753,71.7860018655411,9833311
2537,2018-01-23,71.67619323730469,71.85918066991377,71.0174404654527,71.47490904697541,16134097
2538,2018-01-24,71.71280670166016,72.07878164335222,71.42002873384763,71.47492398233088,11061376
2539,2018-01-25,71.10894012451172,72.04217412327007,70.688069987108,71.98727888166997,13143678
2540,2018-01-29,71.0540542602539,71.73110889961518,70.99915901140902,71.18214648346056,11002896
2541,2018-01-30,71.3468246459961,71.785996517778,69.79143129889265,70.92595449778563,22826262
2542,2018-01-31,70.92594909667969,71.47491141267669,70.26719630302406,71.34681921284033,14372442
2543,2018-02-01,71.31023406982422,71.42002953187036,69.16927964423277,71.18214680988306,17028230
2544,2018-02-02,70.59658813476562,71.1821490592905,69.901231744725,71.1821490592905,22083930
2545,2018-02-05,71.9140853881836,72.07877110956571,69.53524365098268,69.53524365098268,21997294
2546,2018-02-06,71.3468246459961,71.58470734160615,69.53524687971114,69.53524687971114,13495253
2547,2018-02-07,71.54812622070312,72.04218845725812,70.77957779382962,71.65791672574797,14316750
2548,2018-02-08,71.60372161865234,72.14112203293617,71.28869396292906,71.90022030568304,33536651
2549,2018-02-09,71.60372161865234,72.01140417153836,70.78835651288031,71.15898112838114,15183068
2550,2018-02-12,73.56800079345703,73.77183953524792,71.64077712242756,71.97433371210784,11747845
2551,2018-02-14,72.4375991821289,73.54945769465144,71.78901504982409,73.54945769465144,13853923
2552,2018-02-15,73.3456039428711,73.4938507087817,72.15961976189088,72.64142803465997,8833619
2553,2018-02-16,72.47467041015625,73.47534519638279,72.1781767837147,73.41974824293186,6252218
2554,2018-02-19,71.95579528808594,72.99352788111143,71.75195154623717,72.49319054892644,4332550
2555,2018-02-20,72.27082061767578,72.77115290742196,71.80754625543038,72.23375766332644,8479558
2556,2018-02-21,71.88166809082031,72.60437811624959,71.64076642462676,72.4931892517266,9258406
2557,2018-02-22,70.51036071777344,72.08549830156318,70.1397412926106,71.6407529806287,25535938
2558,2018-02-23,71.62223815917969,71.84460583669724,70.54743759255106,70.64009246713293,11567495
2559,2018-02-26,72.69703674316406,73.08618522196413,71.529586279915,72.2708253076095,8362326
2560,2018-02-27,73.29003143310547,73.47534119625517,72.47466646450714,73.10472166995577,17333449
2561,2018-02-28,73.27149963378906,73.45680940248532,72.41907670852594,72.93794305550563,5795018
2562,2018-03-01,73.1603012084961,73.56798362378022,72.474654195543,73.04911235331959,8106682
2563,2018-03-05,72.9935302734375,73.03059323015641,71.99286060311977,72.93793835178354,6992551
2564,2018-03-06,71.5851821899414,73.1973781703691,71.19602866261104,73.04912633509136,9525018
2565,2018-03-07,71.65929412841797,71.90020081722353,70.88099219783876,71.43692645697979,9481007
2566,2018-03-08,72.41908264160156,72.6043924254797,71.30722393833278,71.8446192954696,10429826
2567,2018-03-09,71.49252319335938,72.51172685458886,71.0848407234978,72.45613493298248,9887071
2568,2018-03-12,72.27082061767578,72.51172228067368,71.52958163808314,71.7148913829813,14242997
2569,2018-03-13,72.28936004638672,73.012070166852,71.62224687891822,72.23376812023922,10581316
2570,2018-03-14,72.02992248535156,72.71556962830283,71.71489990307724,72.14111136160939,8577503
2571,2018-03-15,72.19668579101562,72.54877627357023,71.82606634699938,71.88165825823224,6132848
2572,2018-03-16,71.25161743164062,73.06765193674585,70.91805586742147,72.04844833392828,10373796
2573,2018-03-19,71.97432708740234,72.3078836463812,71.34427692640871,71.67783348538757,13496140
2574,2018-03-20,72.23375701904297,72.6784973867226,71.45545509204301,71.93725841374139,9661410
2575,2018-03-21,71.97432708740234,72.4561354742375,71.75195437246681,72.4561354742375,9675146
2576,2018-03-22,71.41840362548828,72.15964271769586,71.25162784585116,71.97433294464396,11371840
2577,2018-03-23,71.99286651611328,72.36348606004489,70.78834797148625,70.78834797148625,9062739
2578,2018-03-26,72.23375701904297,72.45612971630703,71.99285535819378,72.04844727579767,15451169
2579,2018-03-27,72.62290954589844,72.771156343447,72.30788195932725,72.30788195932725,7563470
2580,2018-03-28,71.62223815917969,72.56731586917529,71.27014762502911,72.45613203041651,14095921
2581,2018-04-02,72.23375701904297,72.34494085425075,71.49251804606176,71.49251804606176,6821616
2582,2018-04-03,73.5865249633789,73.93861552372007,72.10404685979347,72.19670174126756,6269850
2583,2018-04-04,72.65996551513672,74.08685148638834,72.14109926018565,73.73476097757424,9689298
2584,2018-04-05,72.73407745361328,73.54943711858357,72.64142260349071,73.34559845905284,8673501
2585,2018-04-06,72.62290954589844,73.34561959586476,72.54878866054855,73.1973727983162,7948746
2586,2018-04-09,72.58583068847656,72.82673733692262,72.34492906687818,72.64142762387038,4610445
2587,2018-04-10,72.9935302734375,73.6235854571126,72.75262859503779,72.95646731671857,7562115
2588,2018-04-11,73.01206970214844,73.45681013534701,72.56732424210061,73.38268924323854,5790314
2589,2018-04-12,72.77115631103516,73.34561956319705,72.67850143425247,73.08618389746603,3537785
2590,2018-04-13,73.19737243652344,73.3826821892554,72.78968997514335,72.82675293105949,3438013
2591,2018-04-16,73.82740783691406,74.45746288112491,72.93792220679407,73.10470296168747,9628436
2592,2018-04-17,75.93994903564453,76.77384284897126,74.93927444891312,75.30989392150279,23457958
2593,2018-04-18,75.97701263427734,76.27350620413071,75.73610595356708,76.01407056037274,8814122
2594,2018-04-19,77.12592315673828,77.42241668485161,75.95846795102887,76.16231165009847,10627620
2595,2018-04-20,76.79236602783203,77.6818567165291,76.42174658315757,77.38535814468077,5446620
2596,2018-04-23,76.64412689208984,77.05180932722249,76.05113471615586,77.05180932722249,4139986
2597,2018-04-24,76.51441955566406,77.16300373736742,75.90289833257071,77.16300373736742,3594644
2598,2018-04-25,76.84797668457031,77.83011738291545,75.56933736144724,76.49588613853676,5924775
2599,2018-04-26,76.71826171875,77.3483118946179,76.42176308288657,76.92210044659129,7950190
2600,2018-04-27,77.05181121826172,77.34830480008117,76.75531763644227,76.903564427352,7371596
2601,2018-04-30,77.03328704833984,77.45949848379716,76.73678842122037,76.92209817810172,5644871
2602,2018-05-02,76.0326156616211,77.49656481547747,75.86583486242512,76.71826279731141,7210903
2603,2018-05-03,76.51441955566406,76.922102046676,75.32844006808739,75.97702424979074,3782713
2604,2018-05-04,76.86650848388672,77.01475528831799,75.79171286819869,76.71826167945544,22466426
2605,2018-05-07,77.5706787109375,77.83011436921636,76.71825587976177,76.71825587976177,6003886
2606,2018-05-08,78.84933471679688,79.31260918571225,77.40391937915082,77.64482109761687,19748071
2607,2018-05-09,78.51575469970703,79.20140171468653,78.25631906370997,78.57134661403549,13934330
2608,2018-05-10,77.08887481689453,78.49722688257866,75.86582747125965,78.27485418093153,13973187
2609,2018-05-11,76.66265869140625,77.45948954871042,76.32909714601763,77.3853636437689,10688957
2610,2018-05-14,77.47802734375,77.75599197869532,76.34763983904521,76.34763983904521,13962128
2611,2018-05-15,79.25700378417969,80.05383472991369,77.32978031030545,77.45949814492467,56040833
2612,2018-05-16,79.10875701904297,79.68321525237187,78.7751954364919,79.46084253962077,18183776
2613,2018-05-17,79.10875701904297,80.05383476467408,78.68254055841633,78.75666647161633,17900935
2614,2018-05-18,78.92345428466797,79.68322741698543,78.60843167259813,79.20142398817895,18414996
2615,2018-05-21,78.81224822998047,79.4793662822066,78.42309980298472,79.4793662822066,16669979
2616,2018-05-22,78.10807037353516,79.31258360421114,77.64479605404439,79.21992874031298,9411261
2617,2018-05-23,78.31192016601562,78.73813159500348,77.71892794762657,78.20073632431402,18219990
2618,2018-05-24,78.47869873046875,78.71960039855828,78.34898090092865,78.71960039855828,17260447
2619,2018-05-25,78.58988952636719,78.96050905680676,77.9227763823156,77.9227763823156,30090956
2620,2018-05-28,76.69972229003906,78.75666352239897,76.45882062143349,78.66400864779307,17488299
2621,2018-05-29,76.71826171875,77.71893141931042,76.25498731288434,77.18153612461568,15749359
2622,2018-05-30,77.64480590820312,78.55282067353532,76.71825715163024,76.71825715163024,36016623
2623,2018-05-31,77.62628173828125,78.83079527422171,74.71691726917828,77.79306254630507,274352477
2624,2018-06-01,76.32909393310547,77.05180388189545,74.25362397743625,76.6811844264848,17096388
2625,2018-06-04,74.75397491455078,76.69972741119004,74.34629243369466,76.69972741119004,14456405
2626,2018-06-05,73.69771575927734,74.5501437653228,72.30789240612121,74.42042591365833,13788817
2627,2018-06-06,74.53160095214844,75.32843693515119,73.19737471247176,73.19737471247176,8130515
2628,2018-06-07,75.14312744140625,75.58786784724911,73.47533960908542,74.66131905151532,7683528
2629,2018-06-08,73.3456039428711,74.56864604519318,72.91939260581023,74.45746222747215,12429285
2630,2018-06-11,72.53025817871094,73.84596050938528,72.08551776454489,73.60505379650685,19668041
2631,2018-06-12,72.28936004638672,72.80822640184547,71.67783880506572,72.80822640184547,13416832
2632,2018-06-13,73.43827819824219,73.88301861344974,72.30788562753544,72.75263106959204,10866676
2633,2018-06-14,73.69771575927734,73.88302553969815,72.86382174738367,73.45681405010018,7205187
2634,2018-06-15,73.32709503173828,73.75331154140429,72.7341077653062,73.69771458668303,9527937
2635,2018-06-18,73.62357330322266,73.93860084305499,72.73408762305046,73.32707472526656,4303444
2636,2018-06-19,73.64209747314453,74.01271690133709,72.9379215649482,73.21588613609262,8099053
2637,2018-06-20,73.80889892578125,74.01273765771329,72.93794201990517,73.64211812558295,8160216
2638,2018-06-21,72.4375991821289,73.62358360622576,71.82607800561125,73.41973986282072,10942576
2639,2018-06-22,73.27149963378906,73.5309353207035,71.93726829380614,72.71557032770028,7677797
2640,2018-06-25,71.97432708740234,73.49386810813812,70.9736523836169,73.27149539320258,8701812
2641,2018-06-26,70.69569396972656,72.15964319730642,70.0471097597341,71.86314956919247,9869227
2642,2018-06-27,69.37998962402344,71.34427605051472,68.8240603569342,71.14043230313936,13094540
2643,2018-06-28,68.4905014038086,69.95444540643994,67.87897520994436,69.82473260347352,22542641
2644,2018-06-29,69.25025939941406,70.54742745719973,68.23105592543962,68.65726728191389,8435793
2645,2018-07-02,68.58316040039062,69.43558328723866,68.00869712721133,69.30586544962728,13100144
2646,2018-07-03,68.39785766601562,68.73141426353071,67.1562811387961,68.2125478866351,9990760
2647,2018-07-04,67.82340240478516,70.13977492268936,67.50837473698017,68.65729651123067,10626271
2648,2018-07-05,67.32305145263672,68.10135346815058,66.91537399261196,67.87898074559675,7739370
2649,2018-07-06,67.37864685058594,67.78632430121526,67.02655629575267,67.32304990109198,7229617
2650,2018-07-09,68.37931060791016,68.56462035188675,67.45276188802717,67.52688779635722,10238815
2651,2018-07-10,68.21253967285156,68.69434303048503,67.97163296718595,68.56462519516867,7258266
2652,2018-07-11,67.78632354736328,68.47197065729044,67.6010137893748,68.11988513322167,3825437
2653,2018-07-12,67.67514038085938,68.0457599005469,67.30452086117185,67.89751309804168,11523981
2654,2018-07-13,67.360107421875,67.95309961154251,67.17479767678194,67.52688820319818,4793733
2655,2018-07-16,67.21187591552734,67.63808742079456,66.93391123467701,67.10069205392709,12191173
2656,2018-07-17,67.24893188476562,67.54542550276547,66.71153154693562,66.97096723282235,4698206
2657,2018-07-18,66.15560150146484,68.11988803595449,65.98882572827787,67.67514258709103,5845129
2658,2018-07-19,65.76644897460938,67.00802533534196,65.63673114106737,66.37797015919443,5980121
2659,2018-07-20,65.15493774414062,65.95176880499417,64.52488247173572,65.78498798969595,5273662
2660,2018-07-23,65.61821746826172,65.9703030678141,65.09934601317404,65.21053490791425,6336970
2661,2018-07-24,65.87763977050781,66.13707546497736,65.32171044822968,66.04442057793099,6260188
2662,2018-07-25,65.09933471679688,66.34091115142616,64.74724917834021,66.21119331016355,7757736
2663,2018-07-26,67.39717102050781,68.11988104401851,64.5619328988518,65.3217008502565,33869484
2664,2018-07-27,66.67446899414062,68.49050875271236,66.04441879534055,67.91604545242056,19690254
2665,2018-07-30,67.89750671386719,68.10134541978948,66.73005634199271,67.04507888262742,10288607
2666,2018-07-31,67.56394958496094,68.78699186336809,67.39716880751976,68.0642818635876,11713824
2667,2018-08-01,68.45344543457031,68.84259393688126,66.76712352857484,67.8233902122249,10299992
2668,2018-08-02,69.93590545654297,70.51036357810989,68.47195665702387,68.9908278947786,12305598
2669,2018-08-03,70.49185180664062,70.76981645457184,70.04710635921106,70.34360499978047,7491196
2670,2018-08-06,70.21388244628906,71.10336825460107,69.91738885246798,71.10336825460107,4944677
2671,2018-08-07,70.08417510986328,70.65863844584139,69.54677976222513,70.36213978076734,3270258
2672,2018-08-08,70.23241424560547,70.67715968113698,69.62089304188636,70.08416744271129,6225545
2673,2018-08-09,71.38133239746094,71.52958422021001,69.6208897573787,70.23241093224804,6328977
2674,2018-08-10,70.6215591430664,71.84460140130193,70.08415889292901,71.78900948535455,4909902
2675,2018-08-13,69.67647552490234,70.41771446579976,69.36145299649957,69.89884821254122,2537940
2676,2018-08-14,69.63941955566406,70.0470969631316,69.13908225113305,69.50970173199329,2304692
2677,2018-08-16,69.5653076171875,70.41773058358982,69.34293487865011,69.45412376134352,3661689
2678,2018-08-17,69.34292602539062,70.04710208514648,68.84258868427372,69.86179233116604,4022502
2679,2018-08-20,69.5467758178711,69.99151624998439,68.7870027443809,69.49117886536386,2487784
2680,2018-08-21,69.50971221923828,69.78767687182125,68.87965699597721,69.54677517828584,3655095
2681,2018-08-23,70.49185180664062,70.78834542036094,69.50971105598686,69.50971105598686,9442607
2682,2018-08-24,70.76981353759766,72.1225737630686,70.25094722154907,70.60303274497362,8393334
2683,2018-08-27,73.30853271484375,73.49384240801412,70.75125995446223,70.8439148010474,14042229
2684,2018-08-28,73.06764221191406,74.29068436177668,72.5487759976344,73.23441794497829,8224129
2685,2018-08-29,71.54810333251953,73.77182004536698,71.19601284224613,73.01205217921665,6955827
2686,2018-08-30,72.9935302734375,73.45680466530187,71.30721349779071,71.62224108962826,22347117
2687,2018-08-31,74.67985534667969,74.95781999397231,72.2152314525392,72.2152314525392,11854651
2688,2018-09-03,72.08552551269531,75.97703094588616,71.90021573016242,75.18019485951504,8999761
2689,2018-09-04,72.06698608398438,72.80822515822142,71.02925339079218,72.0855200769498,5387824
2690,2018-09-05,72.51173400878906,73.01207140630883,71.436938319911,71.95580468417806,7334087
2691,2018-09-06,73.86449432373047,74.77251423088931,72.4561420461467,72.64145182092611,16457730
2692,2018-09-07,72.53025817871094,74.45748172064425,71.4739915264369,74.45748172064425,4580610
2693,2018-09-10,72.54906463623047,73.31986607372316,71.49626889211319,72.62426651787413,6293799
2694,2018-09-11,70.27426147460938,73.2634516980684,70.01106002608672,72.58665525874576,9560546
2695,2018-09-12,72.86865997314453,73.41386082803466,70.34946340890198,70.34946340890198,13582243
2696,2018-09-14,75.2562484741211,75.93304489720133,72.90625381090523,73.4138536781228,22816500
2697,2018-09-17,75.91426086425781,76.53465854885228,74.22226439728253,74.22226439728253,15162744
2698,2018-09-18,74.7862548828125,76.66625074765702,74.50425550308582,75.76385375249468,4937349
2699,2018-09-19,74.56065368652344,75.199854314731,73.77105441044797,74.82385514515364,6025625
2700,2018-09-21,75.35025787353516,75.91425666465969,73.3574590850059,74.82386002178202,11174973
2701,2018-09-24,74.29743957519531,75.33143711544542,73.15064434320726,75.1998415083559,3992299
2702,2018-09-25,72.41744995117188,74.67344476836082,72.06025383167244,74.07185023029551,10770907
2703,2018-09-26,72.51144409179688,72.9438471446234,70.76304926451256,72.73704457592066,7286693
2704,2018-09-27,73.15065002441406,73.65824987628581,72.24825312098355,72.56785340548166,8101331
2705,2018-09-28,70.8382797241211,74.42907060507048,70.44347744256432,73.13187622234018,10284429
2706,2018-10-01,72.3422622680664,72.90626104318673,69.8982675758783,70.80066459610777,4684738
2707,2018-10-03,71.04505157470703,72.30464965573572,70.8194510811204,71.62784817497585,10349581
2708,2018-10-04,71.15787506103516,71.79707584122428,69.39068160372837,70.68787598731265,11239097
2709,2018-10-05,70.4246597290039,72.02265612954368,70.06745849366318,71.06385522933087,7035573
2710,2018-10-08,70.18026733398438,71.08266435897843,68.61986663472709,70.12386337632229,4680183
2711,2018-10-09,70.14265441894531,71.23305085045858,69.67265551744697,70.33065397954465,5552286
2712,2018-10-10,70.36825561523438,71.04505200023344,70.01105440659822,70.01105440659822,3526073
2713,2018-10-11,69.82305145263672,70.87584691145712,69.20265394655276,69.91705122931047,10016561
2714,2018-10-12,70.85706329345703,71.34586019086342,69.97346419446983,70.02986305189128,6856067
2715,2018-10-15,70.72545623779297,71.43985360084399,69.9734579398835,70.85705695989009,6926558
2716,2018-10-16,70.38706970214844,70.98866946025495,69.59747033837212,70.66906911065314,6530627
2717,2018-10-17,71.1014404296875,71.47743949954622,70.68784043288015,70.70664344626135,4151254
2718,2018-10-19,71.1202392578125,71.98503502767088,70.33064023761246,71.06383532080191,9497796
2719,2018-10-22,71.1202392578125,71.81583341626606,70.78183603500285,71.21423901974552,4377225
2720,2018-10-23,71.79706573486328,72.43626642507668,69.86067084366235,70.68786603708578,4599675
2721,2018-10-24,71.59026336669922,72.28586287078356,71.21426418609312,72.00385838551371,4510189
2722,2018-10-25,71.92865753173828,72.24825783709879,70.19906037903581,71.32705785690938,7455415
2723,2018-10-26,70.8382797241211,71.81587371696723,70.61267914891955,71.5714752187557,6390862
2724,2018-10-29,71.27066040039062,71.62785654883184,70.46226321202722,71.21426154535412,8374975
2725,2018-10-30,69.99226379394531,71.27065993224072,69.78546119374978,71.06385733204517,5105532
2726,2018-10-31,69.91706085205078,70.21785813888006,67.22866788913848,69.5974605474103,9622136
2727,2018-11-01,70.85706329345703,71.17666361859904,69.76666668398605,69.97346419446983,5603131
2728,2018-11-02,71.3834457397461,72.30464557835407,70.9510477929805,71.0826484984694,6034462
2729,2018-11-05,69.95468139648438,71.25187579683721,69.55987910956415,71.08267918799976,4872816
2730,2018-11-06,70.72545623779297,71.06385445188926,69.55985785607032,70.34945708883824,7337064
2731,2018-11-07,71.08264923095703,71.43984532117716,70.72544804092266,71.43984532117716,223308
2732,2018-11-09,72.07904815673828,72.26704771546902,70.98865173606282,71.06384849966646,9231137
2733,2018-11-12,69.91706085205078,72.53025704316325,69.27786024276982,72.00385414148953,3906667
2734,2018-11-13,69.20265197753906,70.68784534683788,68.75145102241727,70.3118462508411,7750412
2735,2018-11-14,69.91706085205078,70.3118579284911,69.2214613889662,69.29666326058101,9918943
2736,2018-11-15,70.3494644165039,70.87586225990766,69.76666771484537,69.93586428960975,8814911
2737,2018-11-16,70.72545623779297,71.43985360084399,70.01105887474193,70.31185615397979,5537047
2738,2018-11-19,71.32706451416016,71.62786182974178,70.5562682055976,70.76306572258304,5155461
2739,2018-11-20,70.8382797241211,71.85347466280355,70.49987631141062,71.85347466280355,2673334
2740,2018-11-21,68.46946716308594,70.63146245331737,68.1686698582842,70.49986172003588,6426666
2741,2018-11-22,67.60466003417969,69.07105558002273,66.85266179530485,69.07105558002273,6231287
2742,2018-11-26,68.6010513305664,68.75144994664898,67.24745358619518,67.69865453425695,5022526
2743,2018-11-27,68.638671875,69.54106892919519,67.79267368047661,68.41307133649734,6727512
2744,2018-11-28,69.29667663574219,69.5598730375644,68.24387572900544,68.39427440144898,9281286
2745,2018-11-29,67.86785125732422,70.87584398675943,67.41665540779736,69.54104925299818,16395530
2746,2018-11-30,67.73627471923828,69.01467616514796,67.04068023226587,68.05587508071571,10573839
2747,2018-12-03,69.1086654663086,70.87585849675021,68.0934656723628,68.0934656723628,11107638
2748,2018-12-04,70.40586853027344,70.76306982557642,68.48827150776175,68.95827052799423,6304336
2749,2018-12-05,68.9958724975586,70.57507126899482,68.61987327577052,69.59747227238267,5774768
2750,2018-12-06,68.9958724975586,69.7102750988086,68.69507516005447,68.9958724975586,8600328
2751,2018-12-07,68.67626190185547,70.31185929278658,67.92426357037587,69.10866502230829,8378029
2752,2018-12-10,67.41666412353516,68.58225737702988,66.42026232324203,67.86786003139336,6431248
2753,2018-12-11,67.79266357421875,68.16866271573225,66.60826219859939,66.85266572043497,6514193
2754,2018-12-12,68.638671875,69.10867087195744,67.9430723395399,68.01826911916379,7396629
2755,2018-12-13,68.638671875,68.80786845401538,68.09347099860318,68.56346999556061,4251108
2756,2018-12-14,69.82305145263672,70.02984892139328,67.86785405789682,68.24385316459185,9276710
2757,2018-12-17,72.39863586425781,73.90263207313716,71.32703754546858,71.43983522120912,23727234
2758,2018-12-18,73.82744598388672,74.07184949985714,71.77825377170309,72.53025203668379,15507368
2759,2018-12-19,74.82386016845703,75.01185976586707,73.33866130899155,73.33866130899155,11434466
2760,2018-12-20,74.4290542602539,74.80505343641396,73.28225881289184,74.0906560216729,7938383
2761,2018-12-21,74.03424835205078,74.86144338124308,73.56424943780017,74.44784841655424,8722621
2762,2018-12-24,72.92505645751953,74.37265428390107,72.6430570796458,74.07185698742848,8563441
2763,2018-12-26,73.43265533447266,73.80865449973194,71.94745659177245,72.79345471360585,4766041
2764,2018-12-27,73.90265655517578,75.01185616659886,72.75586110592704,73.33865779000783,46486470
2765,2018-12-28,74.09066009521484,74.57945701117113,73.54545921988127,74.25986177371576,5142112
2766,2018-12-31,74.69225311279297,75.19985300283007,73.69585635075867,73.95905270498214,6317785
2767,2019-01-01,75.19986724853516,75.38786686565834,73.73346615512156,74.24106614131735,3961625
2768,2019-01-02,73.41385650634766,75.19985251919613,72.94385755559806,74.86144919480442,7876559
2769,2019-01-03,72.5866470336914,73.31984734305512,72.19185000545824,73.28224641183903,7942863
2770,2019-01-04,73.65826416015625,73.97786450663152,71.96626772568021,72.68066520027364,4017540
2771,2019-01-07,74.61705780029297,74.78625947845254,73.63945887053701,73.73345866955555,3592512
2772,2019-01-08,74.20345306396484,74.63585619249314,73.62065638611001,74.41025566887298,3990870
2773,2019-01-09,74.29743957519531,74.72984262642403,73.54544136410432,74.20343979880894,4087529
2774,2019-01-10,73.56424713134766,74.24104350672316,73.2822477916388,74.24104350672316,3589725
2775,2019-01-11,73.07545471191406,73.65825648293452,72.66185970644712,73.28225731446265,2995789
2776,2019-01-14,72.3798599243164,73.0754543022376,71.81585607495543,72.96265659225446,5370460
2777,2019-01-15,72.36105346679688,74.82385094931318,71.59025725231271,74.82385094931318,11498868
2778,2019-01-16,72.19184875488281,73.00024581286056,72.04144503262384,72.37984830789226,8515441
2779,2019-01-17,72.90626525878906,73.15066372217647,72.19186778895832,72.19186778895832,5325531
2780,2019-01-18,72.79346466064453,73.95906325218736,72.37986960219467,72.9438684271526,4366941
2781,2019-01-21,71.90985870361328,73.20705791867339,71.68426327474654,72.9250585327747,4067143
2782,2019-01-22,71.32706451416016,71.90986122553034,70.87586344097227,71.81586142693415,3577455
2783,2019-01-23,70.04867553710938,72.00386849077003,69.82307497712115,71.27067304557829,6173490
2784,2019-01-24,70.21785736083984,71.10145639335586,69.76666143559534,70.19905944305192,6157088
2785,2019-01-25,69.87947082519531,71.10146828090583,69.65387027494714,70.53746945519329,3868441
2786,2019-01-28,70.61265563964844,70.91345290656098,68.43185760518121,69.93585413937323,7440853
2787,2019-01-29,69.78546142578125,70.61266162968369,69.05226101323977,70.23666246423986,17469350
2788,2019-01-30,70.3494644165039,70.65026682688847,68.95826538053687,69.59746604026559,12711500
2789,2019-01-31,70.9134521484375,72.00384860410655,70.23665575521245,70.87585121552175,25774313
2790,2019-02-01,71.51506805419922,72.1354657391754,69.89827346913208,71.79706746553528,9474849
2791,2019-02-04,69.40946197509766,71.251856858238,69.0898616658208,71.251856858238,3678667
2792,2019-02-05,69.97345733642578,70.29305763024401,68.99585853761141,69.22145904500162,5500377
2793,2019-02-06,70.23665618896484,70.96985143618411,69.465854908783,70.02985360655842,4322649
2794,2019-02-07,69.40946197509766,70.57506040314645,69.18386145679546,70.29306103022247,4309303
2795,2019-02-08,68.05586242675781,70.66905859671044,67.86786284905806,69.40946040615907,7692145
2796,2019-02-11,68.56346893310547,68.88306926604712,66.87147257027776,67.52947115582187,7913450
2797,2019-02-12,68.14986419677734,70.08626398322946,67.84906690363928,68.80786273785503,11930402
2798,2019-02-14,65.78107452392578,67.24747032030888,64.85987448398733,66.73987040237984,36962390
2799,2019-02-15,68.24385833740234,68.50705977196496,66.77746273010335,67.07825999833378,16005610
2800,2019-02-18,67.96186065673828,68.99585830394469,67.51066474330072,68.22506209777129,7973918
2801,2019-02-19,67.47306823730469,68.80786324774176,67.2662656344016,67.77386553267173,10824411
2802,2019-02-20,68.3566665649414,68.65746385705326,67.15346719686389,67.96186438175266,9658184
2803,2019-02-21,68.3566665649414,68.80786250310918,67.9994653182204,68.695064793521,9197823
2804,2019-02-22,68.39425659179688,68.65745802489822,67.86785882540883,68.31905982506409,12182132
2805,2019-02-25,68.41307067871094,68.61986819545766,67.11587141965468,68.05586940453155,29907322
2806,2019-02-26,68.13107299804688,68.69507180316835,67.24747385006012,67.4918723123163,13683801
2807,2019-02-27,68.22505950927734,69.29665805023357,67.62345988103748,68.16866065971429,13566494
2808,2019-02-28,68.75146484375,69.46586224979873,67.90546670768346,68.7702627624032,69863939
2809,2019-03-01,68.883056640625,69.0898541182521,68.46945658555632,68.84545570837976,7227772
2810,2019-03-05,68.807861328125,69.72906130668632,68.65746268463732,69.18386048675167,15733697
2811,2019-03-06,69.37185668945312,70.08625913592289,68.31906113646832,68.84545891296072,20336766
2812,2019-03-07,70.36825561523438,71.25184947903468,69.40945478670209,70.31185166663901,12295538
2813,2019-03-08,70.31185913085938,70.8570599598525,69.65386059233009,70.68785829573325,6211299
2814,2019-03-11,73.05665588378906,73.69585650215858,70.59385830107358,70.8758576739163,17678891
2815,2019-03-12,73.82744598388672,75.95184516230889,73.18825051854189,73.18825051854189,26457157
2816,2019-03-13,73.2258529663086,74.54184995724403,72.60545030501582,74.48544600635215,6930222
2817,2019-03-14,72.71422576904297,73.5475698627745,72.57856388001832,73.23749005117008,8466765
2818,2019-03-15,74.90416717529297,75.27238621419436,72.52040877134414,72.52040877134414,14301914
2819,2019-03-18,76.37706756591797,76.66776934962776,74.90418063133248,75.25302172034549,14247336
2820,2019-03-19,77.13289642333984,77.59801613572442,75.69876548146789,76.04760658005478,16995997
2821,2019-03-20,76.51270294189453,77.46232528536656,76.16386197373762,77.22976814472322,9060589
2822,2019-03-22,76.9390869140625,77.8499482238264,76.41582269413448,76.70652445440635,8782833
2823,2019-03-25,78.29570007324219,78.87710363050309,75.62123950408716,76.43520553569114,14506515
2824,2019-03-26,78.6251449584961,79.03213053599268,77.28792015093153,78.35382649735779,8371544
2825,2019-03-27,77.59800720214844,79.34221775147218,76.93908637116431,78.68329692048805,11579885
2826,2019-03-28,76.8421859741211,77.52049007830449,76.14449859835935,77.52049007830449,17034861
2827,2019-04-01,75.79566192626953,77.40421070071446,75.62123875793483,76.82280714919025,10617688
2828,2019-04-02,77.44298553466797,77.83058797014729,75.97009838272436,75.97009838272436,17946031
2829,2019-04-03,77.88871002197266,78.50887483273465,77.57863024518831,77.67553083258258,15076661
2830,2019-04-04,77.2685546875,78.78020824199592,76.93909685570911,78.08252077287612,10130253
2831,2019-04-05,76.08635711669922,77.79180633545693,75.98945653316534,77.79180633545693,9883976
2832,2019-04-08,76.8809585571289,77.63678539598604,75.79567385962604,76.74530191283685,13511642
2833,2019-04-09,76.8809585571289,77.26856098583627,76.37707750268709,77.11352106579221,10655872
2834,2019-04-10,76.9972152709961,77.384817562935,76.64837425968958,76.64837425968958,8637199
2835,2019-04-11,75.95069122314453,77.28792130792,75.83441263194355,77.19102072952157,13713296
2836,2019-04-12,76.37706756591797,76.60963004432455,75.60186280935851,76.22202766604481,11004111
2837,2019-04-15,76.76466369628906,77.84994816426305,76.39643936401578,76.66776310960591,8965316
2838,2019-04-16,76.29953002929688,77.4623369361744,76.16387342924864,77.13287918497991,4918434
2839,2019-04-18,75.31114959716797,76.68713572837737,75.00106984447633,76.49333456864687,11593259
2840,2019-04-22,75.50497436523438,76.24141795103743,74.96233199975816,75.27241184940327,7772049
2841,2019-04-23,74.80728149414062,75.40806308930101,74.43905712472373,75.11736129992782,6686014
2842,2019-04-24,74.4002914428711,75.44681992571576,73.66384800470321,74.84603310882585,7288151
2843,2019-04-25,74.24524688720703,75.89255682631209,73.91578384794738,74.49718735586681,17599280
2844,2019-04-26,73.95453643798828,75.34990574437198,73.7801133032431,74.03205374228081,8664580
2845,2019-04-30,72.24910736083984,74.61348305304777,71.86150496071376,74.3033979786305,14290974
2846,2019-05-02,73.72197723388672,73.95453967131718,72.26846857143737,72.50103100886783,8897549
2847,2019-05-03,73.97393798828125,74.7879041141086,73.72199746907604,73.99332126341658,10782838
2848,2019-05-06,73.81888580322266,74.74913039646256,73.19872098866492,73.64446264196808,5477945
2849,2019-05-07,74.24524688720703,75.11735214908619,73.83826127734753,73.83826127734753,9450289
2850,2019-05-08,73.64446258544922,75.09797666133736,73.21810420438676,74.40028927404785,10180731
2851,2019-05-09,72.83049011230469,73.66383398258088,72.22970340977626,73.60569469064394,7921214
2852,2019-05-10,71.91963195800781,73.04367767451922,71.72583079111988,73.02429966070767,5938686
2853,2019-05-13,70.79558563232422,72.11343785943907,70.56302842254485,71.88087539246625,5504435
2854,2019-05-14,70.40797424316406,71.39636328673771,70.17541706321053,70.5048748205423,11334983
2855,2019-05-15,69.1870346069336,71.5514099715132,68.78005424607353,70.98938446633188,7616268
2856,2019-05-16,70.4854965209961,70.8149595341794,69.3226895971911,69.5164907511586,8660893
2857,2019-05-17,70.60179901123047,71.1638246508751,69.90411672363915,70.42738106792991,10183233
2858,2019-05-20,72.88864135742188,73.21810440868398,71.33823194648807,72.1328146667143,6287120
2859,2019-05-21,71.29947662353516,73.10182666306244,71.22195404362684,72.96616477681978,7748239
2860,2019-05-22,70.58240509033203,71.82273471904904,70.4661264876619,71.28008722073949,6972640
2861,2019-05-23,71.5707778930664,72.90800790250502,70.96999644372009,72.09404203837684,13966122
2862,2019-05-24,71.95840454101562,72.30724564474684,71.4157569827738,71.95840454101562,7240775
2863,2019-05-27,72.6173095703125,73.48941476743775,71.95838879791131,72.26846854290096,6424176
2864,2019-05-28,73.72197723388672,74.14834082631043,72.79173274135769,72.96615062653595,11255911
2865,2019-05-29,73.70262908935547,74.80729717192378,73.39254396138817,74.18713217318412,8310232
2866,2019-05-30,74.1095962524414,75.15612482822984,72.92741104332713,74.96232362954264,34989609
2867,2019-05-31,73.37315368652344,74.57472218517798,73.02431257586736,74.22587581732785,11849847
2868,2019-06-03,74.82666015625,75.00108333425656,73.64446971494806,73.74137031224197,12106965
2869,2019-06-04,74.78789520263672,75.97008558603267,74.40029283244662,74.63285530599941,11447117
2870,2019-06-06,75.75688934326172,76.80341768285297,75.25300844327649,75.58247145812504,26132949
2871,2019-06-07,74.32275390625,75.98944688574979,74.09019674104802,75.75688446335535,8783688
2872,2019-06-10,75.31114959716797,75.95069237284004,74.57470624163064,74.78788541445702,11231885
2873,2019-06-11,75.0592041015625,75.85378670023297,74.76850238148415,75.69874683429637,6589306
2874,2019-06-12,74.0902099609375,75.03983257413299,73.76074690852543,74.80727536743589,7509749
2875,2019-06-13,75.13673400878906,75.36929647529848,73.50880725760999,74.109588810332,11041648
2876,2019-06-14,75.42745208740234,76.33831887815931,74.9429490345736,75.19489482780021,34979466
2877,2019-06-17,75.2142562866211,76.14450089179535,75.0398331231288,76.12512287682661,10860754
2878,2019-06-18,76.66777038574219,77.07475078555848,75.25302273734053,75.46620194539787,17815522
2879,2019-06-19,77.63677978515625,78.10190476886815,76.74529636643479,76.78405240074909,32722391
2880,2019-06-20,77.88871002197266,78.5863974055274,77.24916719660912,77.77243141997685,11459458
2881,2019-06-21,77.48174285888672,78.31508700102131,76.95847854636689,77.98562389630925,16601442
2882,2019-06-24,77.15226745605469,77.81119356044557,76.57086392530745,77.52049179507196,9883389
2883,2019-06-25,78.14065551757812,78.41197928258947,77.13289354969292,77.13289354969292,10375296
2884,2019-06-26,81.26085662841797,81.76473760517997,77.92747520397994,78.08251510012258,31182825
2885,2019-06-27,80.50502014160156,81.35774735274894,79.94299992910288,81.04766759807333,13741562
2886,2019-06-28,80.1949462890625,81.24147473820211,79.3228410005106,80.29184687667937,12067819
2887,2019-07-01,80.25306701660156,81.39649578872542,79.7104249029736,80.33058957163075,11211814
2888,2019-07-02,80.369384765625,81.08644504488522,79.98178234129219,80.3887627839639,12203723
2889,2019-07-03,80.98951721191406,81.26084092061173,80.11741205034774,80.69881549139195,13693989
2890,2019-07-04,81.47403717041016,81.70659964705142,80.5050312320663,81.00891747432131,12324046
2891,2019-07-05,79.78794860839844,82.17170690927077,79.14840587821985,81.4158803372099,12525923
2892,2019-07-08,78.00498962402344,79.98176255042245,77.65614332268775,79.45849835561197,8948141
2893,2019-07-09,79.36160278320312,79.53602068768805,77.36544646005984,78.27631304079235,6875651
2894,2019-07-10,79.57477569580078,80.0205173150168,78.7220484838452,79.34221325097717,12675299
2895,2019-07-11,80.85387420654297,81.06705340121823,79.88486305138294,80.001146913455,7808266
2896,2019-07-12,80.117431640625,81.33838337111847,79.22594824924913,80.85388038511117,6349095
2897,2019-07-15,79.43912506103516,80.13681249413077,78.64454229085831,79.7104488278824,6656137
2898,2019-07-16,80.97016906738281,81.16397028588459,79.18719680572754,79.38099802422931,6627472
2899,2019-07-17,80.6213150024414,81.6096989554911,80.02052816707143,80.93139479946265,6388864
2900,2019-07-18,79.59416198730469,80.97015352892643,79.45850536614203,80.97015352892643,8419638
2901,2019-07-19,79.72982788085938,80.4856546289118,78.60578202408927,79.76858917051223,10869152
2902,2019-07-22,79.10965728759766,80.3112256366365,78.5282537565008,79.84610596607504,9061812
2903,2019-07-23,81.57093811035156,81.78412257200796,79.14842325421313,79.34222444270421,14046808
2904,2019-07-24,81.3189926147461,82.55932224767264,80.83448967332063,81.26085331321372,18181391
2905,2019-07-25,82.6174545288086,83.10195742906356,81.33836897501267,81.39650827160469,28085772
2906,2019-07-26,81.997314453125,82.94694252641973,81.49343338802647,82.61747940361168,10950941
2907,2019-07-29,80.58255004882812,82.3655219435995,80.05928581510702,82.30738264145126,5948953
2908,2019-07-30,80.71821594238281,81.31899752313603,80.11742910443591,80.54379277006417,10050004
2909,2019-07-31,81.70659637451172,82.92754801367796,80.21432623779233,80.42751069000566,26229893
2910,2019-08-01,82.94693756103516,83.81904299186498,81.31900532060848,82.15234945862925,27069006
2911,2019-08-02,81.60971069335938,82.92756316322968,80.75698850030766,82.53995547541327,20863783
2912,2019-08-05,77.96623992919922,81.39652209708832,76.2995465149127,81.39652209708832,18063375
2913,2019-08-06,76.78404235839844,78.5088749187843,76.06698221664956,77.75304823340323,11846580
2914,2019-08-07,77.07473754882812,77.88870346586491,76.39643349416295,77.13288210212515,9432897
2915,2019-08-08,78.56700897216797,80.87324490351772,76.37705689236793,76.76465921648096,6595239
2916,2019-08-09,78.29570007324219,80.95077736950567,78.00499829461174,78.87710363050309,9175926
2917,2019-08-13,78.29570007324219,79.61354708492816,76.26078762282904,77.69491324308974,7558090
2918,2019-08-14,79.51664733886719,79.92362773040652,76.64839081060653,77.92747654732473,8024154
2919,2019-08-16,81.84224700927734,83.04381521107832,78.41196554470731,79.10964759365356,11894601
2920,2019-08-19,81.21465301513672,82.37178226175297,80.8616322463976,82.03837168898359,8100095
2921,2019-08-20,80.82241821289062,82.72481498399907,80.66552066191124,81.1950545516278,8711658
2922,2019-08-21,80.37133026123047,81.43039796822168,80.13598129076756,81.05776165497342,5649369
2923,2019-08-22,79.52799987792969,80.62628795982981,78.76311706791031,80.21443125916319,5059207
2924,2019-08-23,79.0376968383789,80.25365682158002,78.72389642321085,79.25343030115741,7611285
2925,2019-08-26,79.58684539794922,79.82219439253684,78.11592083200696,79.37110660283375,7846961
2926,2019-08-27,81.01854705810547,82.13645083107728,79.64568408222048,79.64568408222048,18828020
2927,2019-08-28,80.70475006103516,82.86210611591552,80.15560062728173,81.56768929087666,15756988
2928,2019-08-29,80.33210754394531,81.11660059464143,79.88102510383183,80.70474387109957,8660979
2929,2019-08-30,78.64545440673828,81.27350309464867,76.09585183656867,80.54784591448662,15630977
2930,2019-09-03,77.29218292236328,79.39070251554436,76.89993646831758,78.99845606149866,9494810
2931,2019-09-04,77.23335266113281,78.05707133884809,76.60575722476959,77.4490860985467,8565768
2932,2019-09-05,78.19437408447266,79.74375023003607,77.40988091106024,78.05709203527334,14199248
2933,2019-09-06,79.82220458984375,80.15560994456914,78.46895168822473,78.58662354045899,13782929
2934,2019-09-09,79.58684539794922,80.35172298012859,79.15537312790262,79.72413275480736,4769289
2935,2019-09-11,78.99848937988281,79.97910592858166,78.3708937246785,79.62608503508713,7723322
2936,2019-09-12,78.31204223632812,79.2338226729977,77.52754915323644,79.2338226729977,11516235
2937,2019-09-13,79.48878479003906,79.62607214867583,78.07669612440327,78.2532092026769,7223537
2938,2019-09-16,79.29265594482422,80.01831308651144,78.7827322657162,78.84157350113239,6031015
2939,2019-09-17,78.6258316040039,79.50838625808025,78.19435937575204,79.39071443227694,5823968
2940,2019-09-18,79.25342559814453,79.62606190648631,77.76289100514484,78.64544564262238,7206830
2941,2019-09-19,78.90040588378906,79.5280013652623,78.09629734433832,79.5280013652623,6306748
2942,2019-09-20,76.95879364013672,81.9403271112491,76.64499851825533,78.52777988991265,51859153
2943,2019-09-23,73.86003875732422,77.76289375351456,73.11477143448444,77.27258560425366,24586363
2944,2019-09-24,74.703369140625,75.29173893100567,72.56562344083495,73.70314262505147,18234411
2945,2019-09-25,77.95901489257812,79.78296009417694,75.7428178620567,75.89972072169925,48245282
2946,2019-09-26,78.15515899658203,78.99848815131067,77.31182452166823,78.42972843383649,15826874
2947,2019-09-27,77.70405578613281,78.35126682651307,76.89995251561402,77.58638395343684,10034452
2948,2019-09-30,78.07669067382812,78.44932700408766,76.74305354056796,77.27258741823739,9111327
2949,2019-10-01,77.07646942138672,79.48878467320222,76.88034614367515,78.25320908765617,7634447
2950,2019-10-03,78.0962905883789,78.44931667379436,76.29196105048517,77.15490010769884,9432906
2951,2019-10-04,77.0960922241211,78.37089373764044,76.7234558074798,78.07670877298213,19442087
2952,2019-10-07,77.07646942138672,77.42949025723068,76.25275059096123,77.15491554036072,11655995
2953,2019-10-09,77.54716491699219,78.01786292869798,76.64499993477145,77.46871879516429,8504262
2954,2019-10-10,78.0962905883789,78.29241382686156,77.07645400441578,77.62559800813054,6982965
2955,2019-10-11,78.84156799316406,80.11636912159886,78.01784927690791,78.07668518802971,10517558
2956,2019-10-14,77.82173919677734,79.35149974575604,77.54716447149559,78.841581336158,11162487
2957,2019-10-15,78.93963623046875,79.23382113090254,77.78250682735555,77.82173254478354,5013200
2958,2019-10-16,77.8805923461914,78.93966044063444,77.13532476722834,78.84159877708177,6668842
2959,2019-10-17,77.54716491699219,78.35127357697421,77.076472225471,77.95902700728091,7899823
2960,2019-10-18,79.44955444335938,79.72412914464203,77.27258831241862,77.54715769351718,8795448
2961,2019-10-22,80.43019104003906,81.41080761998751,78.84159430859675,78.84159430859675,10675241
2962,2019-10-23,80.90087127685547,81.19505618593226,79.35149529431065,80.41056309506081,5777589
2963,2019-10-24,80.05752563476562,81.29310633443062,79.86140238976273,80.95969575388901,5428181
2964,2019-10-25,79.60645294189453,80.56745908765978,78.90041130186826,80.56745908765978,3993616
2965,2019-10-27,79.37110900878906,80.13599193433846,78.84158040514586,80.01832009356986,388417
2966,2019-10-29,78.86117553710938,79.58683260368886,78.25319560899825,79.33187345061593,5943950
2967,2019-10-30,78.42971801757812,79.95947854255303,78.17475881677973,79.95947854255303,6419057
2968,2019-10-31,77.8021240234375,78.80235596698289,77.60600073884248,78.56700696143194,15582577
2969,2019-11-01,77.3902587890625,77.99823877673354,77.17452532767831,77.8413412302556,8803683
2970,2019-11-04,76.3900375366211,77.91979803046841,76.1154628212348,77.62561311549068,15175738
2971,2019-11-05,76.64498901367188,77.0764612428912,76.0566192429684,76.39002984373714,8153818
2972,2019-11-06,76.52731323242188,77.07646261768724,76.37041568813916,76.64499038077184,9183411
2973,2019-11-07,76.1742935180664,77.21374574902455,75.95856005661275,76.88034045772055,15498054
2974,2019-11-08,75.17405700683594,76.64498128527592,74.86025663532543,76.58614537817498,11762251
2975,2019-11-11,75.2132797241211,75.74281354477223,74.66413570722429,75.17405933162976,10089055
2976,2019-11-13,74.23268127441406,76.23313989776771,73.86005021527964,75.31136469030878,9456977
2977,2019-11-14,73.74235534667969,74.5856895479338,73.31088846812038,74.52684831887255,19380370
2978,2019-11-15,73.6050796508789,74.095387800587,73.25205352694194,73.74236167665003,18256039
2979,2019-11-18,74.78182983398438,74.91911187925835,73.21284353202198,73.62470030821324,11766437
2980,2019-11-19,76.66459655761719,76.88033532485117,74.60530243143549,74.91909750354209,22218922
2981,2019-11-20,76.91956329345703,77.33142535136209,76.09584981801527,76.86072737666608,9597590
2982,2019-11-21,76.99801635742188,77.25297554902991,76.0958514270598,76.80189308384888,12107895
2983,2019-11-22,77.95901489257812,78.920015646878,76.88033699354632,76.88033699354632,16199814
2984,2019-11-25,77.90017700195312,78.60622394008193,77.5863819095741,78.05707986832664,6529113
2985,2019-11-26,76.25275421142578,78.21398708166046,76.05663092440231,78.0766997167071,21594044
2986,2019-11-27,76.52731323242188,76.88033935728788,76.13506671162314,76.46847731833884,12155700
2987,2019-11-28,76.93917846679688,77.56677399017684,76.17429559139877,76.95878866557769,6724188
2988,2019-11-29,75.8212661743164,76.84110811914103,75.35056825511009,76.64498487283566,17547179
2989,2019-12-02,75.07601928710938,76.48810810795652,74.68377268799544,76.48810810795652,19957065
2990,2019-12-03,74.29151153564453,75.35057395367753,74.17383438685157,75.35057395367753,7451455
2991,2019-12-04,73.89926147460938,74.52685162404977,73.62468679409143,74.3111181752026,10311154
2992,2019-12-05,73.46780395507812,74.09539955026223,73.1540034973937,73.93849666132763,4569931
2993,2019-12-06,73.19322204589844,73.80120738046895,72.89903713825653,73.52663267192946,5388071
2994,2019-12-09,73.7227554321289,74.07577625481275,72.78136479824393,73.35011909029451,5459781
2995,2019-12-10,71.68307495117188,73.72275919553138,71.46734147079236,73.72275919553138,10563080
2996,2019-12-11,71.29083251953125,71.89881791613408,69.93758499841807,71.78114074896025,39214905
2997,2019-12-12,72.4675521850586,73.87964055847675,71.01624342030426,71.68305923540221,63493233
2998,2019-12-13,72.8402099609375,73.56586721756345,72.56563521945151,72.8402099609375,12987237
2999,2019-12-16,73.33051300048828,73.70314936320379,72.74214315631716,73.03632807840272,8479418
3000,2019-12-17,73.76197814941406,74.07577324121497,72.80097203547479,73.48740345395026,17903634
3001,2019-12-18,73.42855834960938,74.13459987789167,73.01670167814191,73.36972244228306,10099352
3002,2019-12-19,73.1147689819336,73.40895386162205,72.5263992225567,73.38933834419925,5749401
3003,2019-12-20,72.99710083007812,73.52663474278458,72.60485427550806,72.82059307263224,9690984
3004,2019-12-23,72.87943267822266,73.54624866261051,72.46757058298034,72.82059675609794,17045076
3005,2019-12-24,73.4089584350586,73.50702006773072,72.76174740327525,73.134383735503,3748896
3006,2019-12-26,72.50679016113281,73.54624243121467,72.192995056265,73.46779631508981,3925143
3007,2019-12-27,74.15422058105469,74.33072831538074,72.76174230261388,72.76174230261388,7122947
3008,2019-12-30,74.64454650878906,75.11523923274403,74.01695088999749,74.13462274093999,6925363
3009,2019-12-31,74.62491607666016,75.40941443354427,74.23266955831005,74.33073118789757,11907723
3010,2020-01-01,76.68423461914062,76.84113220132026,74.62493456736155,74.74261174413519,13620373
3011,2020-01-02,76.52731323242188,77.15490872973663,76.23312834182282,76.70382629485488,5673692
3012,2020-01-03,75.70361328125,76.40965501639324,75.01717642738174,76.19392151959528,7358268
3013,2020-01-06,75.74283599853516,76.07624667483448,73.7423772609243,75.3113689917555,7355290
3014,2020-01-07,75.19367218017578,76.29196557289288,74.97793873313003,75.76243173356353,14023712
3015,2020-01-08,74.74258422851562,74.89948175293524,74.07576309950316,74.64452261073045,9451757
3016,2020-01-09,75.6839828491211,75.86049590822455,74.97794125307495,75.29173633572127,7714854
3017,2020-01-10,75.37019348144531,75.9781734952418,74.91910570068457,75.9781734952418,4118638
3018,2020-01-13,76.4096450805664,76.48809651657427,75.23290546155353,75.46825444939294,27682638
3019,2020-01-14,76.58615112304688,77.01761802094111,76.19390461937307,76.40963806832018,5994314
3020,2020-01-15,76.19392395019531,76.80190405706418,75.66438997185321,76.6450064798256,7114590
3021,2020-01-16,77.0568618774414,77.54717012247075,76.13508131274924,76.13508131274924,8552344
3022,2020-01-17,77.4294662475586,77.60597395065608,75.95854212083245,76.86070679048471,4698386
3023,2020-01-20,80.27328491210938,82.76405182425695,79.72414074979126,80.17522326454596,49337827
3024,2020-01-21,78.6846694946289,80.13598375699536,78.05707931432511,79.88102458122394,17283910
3025,2020-01-22,78.46894073486328,79.37110566322076,75.72321491094227,78.6454538087605,56787054
3026,2020-01-23,79.2142105102539,81.35195638033247,76.05662784509126,77.17453159990129,226059260
3027,2020-01-24,77.2529525756836,77.72365042035722,76.19389040544202,77.05682936043338,16151679
3028,2020-01-27,75.70361328125,77.05686082697204,75.4290385397027,77.03725062551217,8213919
3029,2020-01-28,74.703369140625,75.70360097638255,74.1738352652456,75.70360097638255,9174575
3030,2020-01-29,75.4682388305664,76.01738280841866,74.23265823016997,74.70335610843367,17600091
3031,2020-01-30,76.25275421142578,76.58616486340262,75.07601448928499,75.46826106333192,26386034
3032,2020-01-31,73.2912826538086,76.68421946383737,72.60485121227188,76.6057680281595,63986362
3033,2020-02-03,73.48738861083984,74.13459418207051,69.6041498632729,70.95739690854013,16329297
3034,2020-02-04,76.2331314086914,76.60576774651499,73.7423648373788,73.87965218921822,14207381
3035,2020-02-05,74.27189636230469,76.76266285435572,73.7423624907373,76.13506735176415,14550344
3036,2020-02-06,75.66438293457031,75.99779358030857,73.99733502606361,74.50725343470948,9175642
3037,2020-02-07,74.68376159667969,75.62515223070982,73.95810443204955,75.62515223070982,18058457
3038,2020-02-10,73.19322204589844,74.95833149174995,72.46756487634487,74.80143393837777,30471811
3039,2020-02-11,74.33073425292969,74.99755548969485,73.78159016863233,73.93848771840527,32456571
3040,2020-02-12,74.27189636230469,75.27212819086174,73.95810127110089,74.54647105724598,16386952
3041,2020-02-13,74.74258422851562,74.97793317523667,73.62468072172804,74.05615290401944,18581113
3042,2020-02-14,72.21261596679688,75.07601933423702,71.93804121917077,74.72299313866488,23830630
3043,2020-02-17,72.01646423339844,72.87940853935497,70.82011470576963,72.56560819165128,17670292
3044,2020-02-18,72.56563568115234,73.09516964585315,70.93781338388943,71.62424492178697,30879880
3045,2020-02-19,73.5462417602539,73.72275483024686,71.78113234106107,72.9578719538563,22313738
3046,2020-02-20,74.23268127441406,74.80144094386232,72.91865948669697,73.54624975896225,25907657
3047,2020-02-24,72.99710083007812,74.21306621328219,72.58524407585331,74.13461477429442,14921452
3048,2020-02-25,73.0167007446289,73.62468064619995,72.70290037592832,72.99708522898203,17807428
3049,2020-02-26,72.89903259277344,73.89926440849891,72.15376527058717,72.56562198753161,17113656
3050,2020-02-27,73.13436126708984,73.62466927981758,71.11429331868804,72.6048275493074,28472046
3051,2020-02-28,71.1927719116211,72.68331214292789,70.27099136281825,71.95765488875608,28010970
3052,2020-03-02,71.97724914550781,73.42856333235153,71.29081776635972,72.07531077110039,19540018
3053,2020-03-03,75.19367218017578,76.37041168082604,71.40849451712086,72.09492589250017,16039306
3054,2020-03-04,77.29218292236328,77.6648191817799,73.95808806297487,74.8014168751365,16939245
3055,2020-03-05,76.8607177734375,78.27280620091044,76.31157375169346,76.89994348645855,9715265
3056,2020-03-06,74.76220703125,75.54670010582147,73.80120620701045,74.7229813134846,14371982
3057,2020-03-09,70.97703552246094,73.977720743966,69.80029580264055,72.52641161496497,69609292
3058,2020-03-11,71.1535415649414,72.13415797437395,69.5257193893203,70.40827415780959,42604599
3059,2020-03-12,65.15217590332031,69.7806835571187,64.6226419405098,69.11386754336668,58418097
3060,2020-03-13,65.85822296142578,67.70178421936924,58.64088615533606,63.85776411816879,44617540
3061,2020-03-16,64.23554992675781,66.24863163050969,63.03583919247096,66.04529026714032,39669086
3062,2020-03-17,65.88262176513672,69.27842381625649,63.34085458854825,63.66619858075645,35460792
3063,2020-03-18,58.62332534790039,67.06199118550072,49.67630063060218,66.6959778668263,119909061
3064,2020-03-19,59.84337615966797,61.77511903017964,56.976259747526704,59.13168141790051,44039786
3065,2020-03-20,63.950862884521484,65.82160416672154,60.290719056037794,60.290719056037794,131485883
3066,2020-03-23,62.22247314453125,63.3815200078609,57.56595376146493,57.56595376146493,39665620
3067,2020-03-24,59.90437698364258,63.93053467308974,59.13168094481732,61.83611983869933,42302851
3068,2020-03-25,61.10409164428711,63.828862398890415,60.331390108815114,60.39239692602707,23309603
3069,2020-03-26,64.3982162475586,65.76059873276711,59.88403766144332,61.246425662638394,25329120
3070,2020-03-27,65.06924438476562,67.61101109714083,63.70685632373515,64.49988974439093,28883749
3071,2020-03-30,63.30015182495117,65.02855259344345,62.242776133970686,63.035809281202276,22364337
3072,2020-03-31,64.70323181152344,65.80127173406827,63.60518637299176,64.41855173013023,24838523
3073,2020-04-01,62.8731575012207,65.86227066862521,62.28346543206672,64.66256011949996,14182117
3074,2020-04-03,63.52384567260742,65.25224700324453,61.71411111835586,62.852820376851525,21066826
3075,2020-04-07,64.2558822631836,65.84194366814674,63.60518884894596,65.47593034638402,24741992
3076,2020-04-08,64.3982162475586,66.16728138888585,63.137498910393205,64.21520684591054,21481260
3077,2020-04-09,66.87898254394531,67.79401853376945,64.39821720166921,65.43525578374191,15607786
3078,2020-04-13,65.04890441894531,67.06198578347598,63.95086455137215,66.69597249428493,14901247
3079,2020-04-15,64.88622283935547,66.65529324349527,64.4388708784487,65.65891867220223,25249654
3080,2020-04-16,66.45194244384766,67.7939981346932,64.05251656237739,64.33719103062829,31150756
3081,2020-04-17,68.2210464477539,70.45780152643557,66.79765685222921,68.18037707039852,18536308
3082,2020-04-20,67.30598449707031,68.81071227090696,65.94359673145911,68.81071227090696,24177042
3083,2020-04-21,66.1469497680664,67.50933777555557,65.94360843906763,66.69597245956044,13915863
3084,2020-04-22,65.96394348144531,66.18762226350161,63.68652490187207,65.06924490118064,19702407
3085,2020-04-23,64.2558822631836,65.84194366814674,64.09321028862095,65.67927169358408,32128585
3086,2020-04-24,64.72355651855469,65.10990722648926,63.34083666887165,63.84918996037175,33134279
3087,2020-04-27,64.90656280517578,65.67925866809789,64.11352950197475,65.67925866809789,9762001
3088,2020-04-28,63.93051528930664,65.23190176136887,63.76784335929525,65.08956175411433,26134701
3089,2020-04-29,64.27621459960938,65.31325878650634,63.442517277190625,64.86590671662846,14509262
3090,2020-04-30,65.90293884277344,66.47229345880903,63.93052685509072,64.9065696437078,18702868
3091,2020-05-04,64.68289947509766,65.67927432265667,64.09321285420515,65.43526359305167,12598146
3092,2020-05-05,66.55364227294922,67.44834645931365,65.15058468887484,65.65893808658478,18305545
3093,2020-05-06,67.26532745361328,67.77368077895224,66.16728206448649,66.24862080293536,12853774
3094,2020-05-07,65.78092193603516,67.10264028231805,65.47591000996988,66.55361771220346,8561359
3095,2020-05-08,64.66256713867188,66.12662599109295,64.29655380456342,66.12662599109295,30898767
3096,2020-05-11,64.58121490478516,66.0452734514811,64.39821103393948,64.7845562163822,9453421
3097,2020-05-12,66.41128540039062,67.10264805259033,64.13386165218772,64.45921105392299,19986028
3098,2020-05-13,67.77367401123047,69.90875776444959,65.90293285759365,69.72575389519386,27175817
3099,2020-05-14,65.39457702636719,66.69596356479742,65.06923314975255,66.69596356479742,26454121
3100,2020-05-15,64.98789978027344,65.78093312938061,64.35754389887072,64.74388909470305,20009870
3101,2020-05-18,62.832489013671875,65.15057692126143,62.34446760366001,65.00824239966248,32898286
3102,2020-05-19,64.27621459960938,64.78456797083717,62.62915188322614,63.03583458020838,12276533
3103,2020-05-20,64.43888854980469,65.33359271697687,63.34084854389768,63.544189898619784,24677051
3104,2020-05-21,64.62188720703125,65.0082379230177,63.849191291044676,64.07286453757177,17176100
3105,2020-05-22,63.381500244140625,64.25586672243158,62.66980570106892,63.849184126390604,25080927
3106,2020-05-26,63.99152755737305,64.54054467857465,63.23916361130007,63.50350620965381,18512685
3107,2020-05-27,63.91019058227539,64.21520255397844,63.34083600496025,63.991529314457345,22655078
3108,2020-05-28,63.950862884521484,64.398214900089,63.46284150099575,64.398214900089,25797051
3109,2020-05-29,64.0728530883789,64.52020501748204,63.686507957414904,63.950850524071406,63844851
3110,2020-06-01,64.60157012939453,65.4962688371272,64.13388057118442,64.47956199925761,45314328
3111,2020-06-02,67.12297821044922,68.46503411481396,64.49987872116574,65.00823197676168,43626060
3112,2020-06-03,66.9196548461914,68.11937105737906,66.63498025634146,67.30600563040095,13811685
3113,2020-06-04,68.83106231689453,69.11574240830119,67.14333024466463,67.18399961714944,23992166
3114,2020-06-05,69.72575378417969,70.88480035156475,66.91963930019921,67.91601392317617,22851633
3115,2020-06-08,70.09178161621094,71.12882030399003,69.4817575608145,70.53913369336577,11723588
3116,2020-06-09,69.3597412109375,70.78313602063734,69.13606795689145,70.7627985782781,8412588
3117,2020-06-10,69.15638732910156,69.64440863332023,68.56670089548834,69.35972861986174,10101681
3118,2020-06-11,69.54275512695312,72.51154201330927,68.26170578264275,68.34303900940031,22109491
3119,2020-06-12,67.63134002685547,68.89205736351279,67.346665477279,67.52966936286676,20331770
3120,2020-06-15,66.39097595214844,67.5093535225099,66.12663326598785,67.18400952661807,13833335
3121,2020-06-16,66.16726684570312,67.61099326719385,65.65891363728781,67.38732006188523,13972830
3122,2020-06-17,64.86590576171875,65.80127374461323,64.3982217702715,65.41492849775986,28371013
3123,2020-06-18,67.28565979003906,67.6313356122476,64.86589593866222,65.35391178436107,19720997
3124,2020-06-19,69.7054214477539,70.07144024445608,67.12298552472582,67.44833495335149,21577413
3125,2020-06-22,72.633544921875,73.10122890468728,69.40041538176132,71.7388408118096,33039735
3126,2020-06-23,76.23268127441406,76.86303717368017,72.81654812757932,73.81291730758014,34298071
3127,2020-06-24,72.59288024902344,76.61904348893097,71.98285618430863,75.94801260495485,32910525
3128,2020-06-25,72.93856048583984,74.54495937022183,70.90514696940046,72.55220971132148,40909792
3129,2020-06-26,72.87757110595703,74.05695003523505,72.45055088805404,73.5892659531406,11954078
3130,2020-06-29,72.4912109375,73.32491381791179,72.04385884508237,72.38954025813179,7547198
3131,2020-06-30,71.10847473144531,73.18255722503132,70.76279339651663,72.79620652434876,11889584
3132,2020-07-01,70.53912353515625,71.33215138337684,69.9087621257648,71.1694794285613,15209917
3133,2020-07-02,71.21015930175781,71.9015221067022,70.19345253918502,70.55946587051378,15481100
3134,2020-07-03,72.22686767578125,72.95889435477099,71.21016089052475,71.57617423001962,22720042
3135,2020-07-06,72.38953399658203,72.67421408058372,71.4948354051238,72.5522059663029,11724475
3136,2020-07-07,70.39679718017578,72.59288278672229,69.82744246973594,72.59288278672229,20855578
3137,2020-07-08,69.0344009399414,71.0271449532136,68.64805019055768,70.35611963964061,16818545
3138,2020-07-09,69.76643371582031,70.15277895280559,68.9327309109822,69.33941359159,16110083
3139,2020-07-10,70.19343566894531,70.66111956412854,68.93271848315746,69.78675306165799,23809286
3140,2020-07-13,68.77006530761719,70.8441482739012,68.40405196438763,70.19345482150011,10803798
3141,2020-07-14,66.43162536621094,68.64804239360758,66.28928534228967,68.52603981081005,16288923
3142,2020-07-15,66.51295471191406,67.63133188108841,66.32995084836797,67.1229786223728,15061461
3143,2020-07-16,65.96394348144531,66.89931694861495,64.86590356257682,66.89931694861495,15458966
3144,2020-07-17,66.41128540039062,66.634964148331,65.7402601885415,65.7402601885415,13711930
3145,2020-07-20,66.49263000488281,66.79764199321733,66.02494605930052,66.41129126826569,8390572
3146,2020-07-21,70.6204605102539,70.94580995317384,66.73664325004655,66.73664325004655,33717545
3147,2020-07-22,73.06056213378906,73.77225685522404,70.6814727634961,70.7628059934964,46076322
3148,2020-07-23,73.91458892822266,74.23993836108396,72.16585572204433,72.38952897539743,18738194
3149,2020-07-24,74.0162582397461,74.5246115480688,72.65387027024394,72.99955162310067,14438899
3150,2020-07-27,73.56891632080078,73.83326449019319,72.69454961369706,73.73159381457678,11938756
3151,2020-07-28,73.97559356689453,74.3619443121349,72.67421232458543,73.2842363332891,11893746
3152,2020-07-29,73.91458892822266,75.03296622696116,73.40623561061425,73.73158504347555,13335993
3153,2020-07-30,71.9218521118164,74.52462025118733,71.41349874412727,74.21960823057384,23995122
3154,2020-07-31,72.51154327392578,72.93855789079062,71.65750852420913,71.82018049653921,14354565
3155,2020-08-03,72.61320495605469,72.99955015300772,70.8034650084765,72.7962088337736,12500988
3156,2020-08-04,72.4912109375,72.81656042107072,71.41350283939438,72.32853895370833,9628257
3157,2020-08-05,71.55583953857422,72.3692049353826,71.23049007025858,72.00319161001626,10577794
3158,2020-08-06,71.5354995727539,72.28786364148161,71.33215823071869,71.84051158580674,8564058
3159,2020-08-07,71.55583953857422,72.3692049353826,71.27115944329643,71.49483823701101,8026904
3160,2020-08-10,72.08451843261719,72.71487986870406,71.67783577036242,71.92184647091261,7766140
3161,2020-08-11,71.9218521118164,74.15860692964857,71.39316681581454,72.45053740781827,21833550
3162,2020-08-12,72.40986633300781,72.97922094486604,70.43745435979667,71.65750232062997,19435650
3163,2020-08-13,72.69453430175781,73.32489566739635,71.73882904907009,73.18255564831759,10641012
3164,2020-08-14,71.3321533203125,73.4672372647061,70.80346807380965,73.4672372647061,17130105
3165,2020-08-17,72.65387725830078,74.21960670172832,71.41349727308464,71.57616924419689,17368089
3166,2020-08-18,72.287841796875,73.16220820020496,71.79982603305574,73.1418762785403,13890131
3167,2020-08-19,72.12518310546875,72.95888030240856,72.00318052113141,72.59286703341026,12400644
3168,2020-08-20,73.69091796875,76.49702726610083,71.75917530170598,72.06418730176556,44062975
3169,2020-08-21,76.90372467041016,77.47307940976654,74.26028682998118,74.42295882465618,49949864
3170,2020-08-24,75.33798217773438,77.53407303803141,74.9923008003923,77.12739036256704,19724617
3171,2020-08-25,75.13463592529297,75.96833866505281,74.42294128978372,75.84633056080222,10109220
3172,2020-08-26,75.37864685058594,77.12738555568657,74.87029353793805,76.04967212008387,18000615
3173,2020-08-27,75.3176498413086,76.31402459717974,75.11430850468075,76.00901259223798,10363056
3174,2020-08-28,74.1382827758789,75.94801764503859,73.93494140747977,75.84634696083903,12114955
3175,2020-08-31,72.77587890625,75.37864676070643,72.38952818270369,74.62628275568736,24259718
3176,2020-09-01,73.36556243896484,74.1382638544644,72.63353590594932,72.81654529719631,16505345
3177,2020-09-02,75.3790054321289,76.16940206233261,72.90381019408422,74.02700926597822,30959608
3178,2020-09-03,74.25581359863281,75.48301249524171,73.90221343839418,75.04621030588375,11884498
3179,2020-09-04,72.82062530517578,74.04781863344172,72.25902568061869,73.7150217815873,17373558
3180,2020-09-07,73.27819061279297,73.61099297549917,71.98859908963072,72.82059653288057,13069001
3181,2020-09-08,72.7582015991211,73.21580138042368,72.27980413599114,73.15340269259708,9597878
3182,2020-09-09,72.90381622314453,74.02701538792579,72.13421721337556,72.79981650945535,20122483
3183,2020-09-10,73.88140869140625,74.23500881785115,72.44621050150727,73.21580944910028,19635358
3184,2020-09-11,72.86222076416016,74.17262177042414,72.42542419030285,74.08941973619132,31182063
3185,2020-09-14,71.34381866455078,73.8398117282539,71.03181953158789,73.8398117282539,14143608
3186,2020-09-15,72.09263610839844,72.34223095676903,71.1358351677066,71.48943539269388,7858789
3187,2020-09-16,71.53101348876953,72.15501169439439,71.0526159929261,71.96780997576897,13201491
3188,2020-09-17,70.01260375976562,71.30220100337395,69.84620538950676,71.28140332297065,10765947
3189,2020-09-18,71.5102310180664,71.96783096411248,69.59663483427609,70.34543628480962,23788415
3190,2020-09-21,70.92781066894531,71.42701147421336,69.74221298819222,71.13581006408288,13331596
3191,2020-09-22,70.22061920166016,70.90702180485566,69.26382412197158,70.22061920166016,9039386
3192,2020-09-23,68.1822280883789,70.67822121674295,67.72462821970971,70.67822121674295,8404497
3193,2020-09-24,66.28942108154297,68.66061065031542,65.93582100376669,67.49581636835818,20770480
3194,2020-09-25,66.87181854248047,67.59981638277306,66.4350164528983,66.97581823395085,8761400
3195,2020-09-28,69.95022583007812,70.32462368482847,66.97583503630348,66.97583503630348,16915185
3196,2020-09-29,67.9326171875,70.47021093909302,67.59982041189701,70.30381255129154,13468026
3197,2020-09-30,67.57902526855469,67.9118277267938,66.68462888878805,67.78702468907461,14349950
3198,2020-10-01,68.47342681884766,69.05582406382135,67.72462552472831,68.5358255161046,14856837
3199,2020-10-05,67.74542999267578,69.22222363611803,67.45422854411329,68.22382753616091,10360105
3200,2020-10-06,67.89102935791016,68.39023026055642,67.32943539536537,67.84943398464448,8989183
3201,2020-10-07,66.39342498779297,67.89101611900645,66.14382458514248,67.80781974635276,17614061
3202,2020-10-08,65.85262298583984,67.01742298074812,65.72782560604541,66.64301955667547,12953710
3203,2020-10-09,65.72782897949219,66.28942850208028,65.18702714048904,66.01902476140621,11980039
3204,2020-10-12,66.47662353515625,67.72461994689078,65.95662503026686,66.22702312434036,20670634
3205,2020-10-13,66.74703979492188,67.39184150187913,66.22704114851108,66.55984366762185,11179799
3206,2020-10-14,65.33262634277344,66.89262184594146,65.02062724213984,66.7470211371768,13362234
3207,2020-10-15,64.79182434082031,65.33262047642141,64.31342689127406,65.14542441825688,15536883
3208,2020-10-16,66.12303161621094,67.05902904098481,64.62544025044919,64.93743939204049,18673957
3209,2020-10-19,66.45581817626953,67.55821375083967,66.31021748324837,66.53901454203574,18793008
3210,2020-10-20,65.39501953125,66.72621783886711,65.27022215843657,66.55981946100107,13701957
3211,2020-10-21,68.11981964111328,69.11821562112549,65.41582747231014,65.56142817909927,36573148
3212,2020-10-22,68.68141174316406,69.01420848653004,67.05901210280851,67.45421317260674,39056262
3213,2020-10-23,70.78221893310547,71.30221748684143,68.51502862422394,68.68142703295037,29149043
3214,2020-10-26,71.57260131835938,71.94699904432437,70.57419985932758,70.74059822171827,36760149
3215,2020-10-27,72.17582702636719,72.94542612995896,71.34382921542392,71.57263199884108,23610507
3216,2020-10-28,71.9054183959961,72.6126186892596,71.36462215456784,72.6126186892596,14060472
3217,2020-10-29,71.38542175292969,72.09262206514543,70.82382216879903,71.15662463904285,17654072
3218,2020-10-30,71.13581848144531,71.55181732094478,70.42861819735806,70.92781906169557,22904945
3219,2020-11-02,71.98863983154297,72.55023390969531,71.53103985030846,71.78064035301337,13423596
3220,2020-11-03,74.85901641845703,75.17101557336596,72.32142216339528,72.38382086590791,27441682
3221,2020-11-04,73.67340850830078,74.8798039485111,72.65420915023711,74.85900626460983,19461431
3222,2020-11-05,74.48460388183594,74.79660297525703,73.46540458638916,74.04780176563958,10248002
3223,2020-11-06,74.2350082397461,74.6510070576546,73.67340870710059,74.15180621922636,8815864
3224,2020-11-09,76.56460571289062,76.83500382653126,74.50540922757861,74.83820603785243,15228920
3225,2020-11-10,77.33421325683594,77.72940880755063,75.524616999807,76.25261504003218,13815795
3226,2020-11-11,78.89421081542969,79.45580480224146,76.50221155903955,76.50221155903955,15502357
3227,2020-11-12,78.83177947998047,79.43497992004094,77.85418693844981,79.24777822696173,26079694
3228,2020-11-13,78.5614013671875,79.01900123350596,77.45900553629227,78.45740165403993,11968619
3229,2020-11-14,78.20779418945312,78.99819645225786,77.7917953742275,78.62379300467876,1162700
3230,2020-11-17,77.70860290527344,78.72779666843387,77.31340175399275,77.79179928709625,16872514
3231,2020-11-18,77.1261978149414,78.91499037142495,76.85579408508329,77.70859499781898,16685757
3232,2020-11-19,78.95659637451172,82.0349865150591,74.21420531106983,74.25580632155258,64832376
3233,2020-11-20,79.80939483642578,80.70379684875907,78.66539803607378,80.49579743051325,27479934
3234,2020-11-23,81.01579284667969,81.49419036169664,79.24779221753857,79.87179609051756,20909280
3235,2020-11-24,80.91180419921875,82.24299722108871,80.39180560262598,81.11980363785587,15308572
3236,2020-11-25,81.24458312988281,82.13897939034118,80.51658525517455,80.91178635838261,19854793
3237,2020-11-26,82.22218322753906,82.84618141969663,80.225385627228,81.18218624060978,24879552
3238,2020-11-27,80.03820037841797,82.22219434630728,78.49900237268159,82.22219434630728,46793847
3239,2020-12-01,80.01739501953125,81.72299139391926,79.72619921661087,81.05739212070134,18193922
3240,2020-12-02,80.76620483398438,81.20300140559465,78.8526088375877,80.2254028989451,15836732
3241,2020-12-03,80.47499084472656,81.16138776867544,79.45579147965285,81.1197924005868,21308517
3242,2020-12-04,80.8493881225586,81.93098617500158,80.18379452937374,80.78698942849064,14838659
3243,2020-12-07,80.49579620361328,82.05579181667979,80.0797973734622,80.28779678853773,22078115
3244,2020-12-08,79.70539093017578,80.9533873739337,79.49739152288281,80.70379259905813,15896364
3245,2020-12-09,80.16299438476562,81.01579537869186,79.49739512281828,80.24619640838853,18701467
3246,2020-12-10,80.18380737304688,81.28620328597694,79.6638031262673,80.2878070939336,13612880
3247,2020-12-11,80.32939147949219,81.22379347064215,79.93419597959227,80.70379493734343,14876364
3248,2020-12-14,80.8285903930664,81.95178945503628,80.20459216804872,81.53579063835781,20316890
3249,2020-12-15,80.20459747314453,80.994994148645,79.60139689212433,80.87019675232483,16084083
3250,2020-12-16,81.61898803710938,81.88938614286327,80.10059346571119,80.99498980428723,35024972
3251,2020-12-17,82.51542663574219,83.41187038121976,81.78973270133284,82.51542663574219,23058726
3252,2020-12-18,82.77156829833984,83.15575688593587,81.98184377445565,82.5154406433103,20310375
3253,2020-12-21,79.185791015625,82.47274997349035,78.73757197132358,82.38737795023584,21609326
3254,2020-12-22,81.23480224609375,81.55496034410662,78.97234821286504,79.16444538763123,23934507
3255,2020-12-23,81.08539581298828,81.8324313919451,80.67985989702464,81.74705358124866,9836093
3256,2020-12-24,81.10673522949219,82.06721530983337,80.87195494111963,81.21345459509719,12945145
3257,2020-12-28,81.76839447021484,82.08855255019367,81.10673096432113,81.19210876827381,6879688
3258,2020-12-29,80.97866821289062,82.23795894822356,80.67985169572479,81.78973417247482,8549660
3259,2020-12-30,81.1921157836914,81.38421296423522,79.74073352035968,81.10673797236163,19132583
3260,2020-12-31,81.0427017211914,81.5336096265388,80.27432463368207,81.32017090335334,23272111
3261,2021-01-01,80.8932876586914,81.06404325691706,80.4664102429183,80.67984895080485,3074621
3262,2021-01-04,80.44508361816406,81.27749704937028,80.252986429456,81.10674141945351,7133203
3263,2021-01-05,80.25296783447266,80.89328392860659,79.48459083747002,80.89328392860659,10478882
3264,2021-01-06,83.73202514648438,84.35099391093654,79.82609225162814,80.25296965741393,54265234
3265,2021-01-07,84.11622619628906,86.14389417611727,83.4545684346194,84.5217621082132,40129922
3266,2021-01-08,86.89093017578125,87.08302735393318,84.32966534653572,84.84192062834333,29487917
3267,2021-01-11,86.89093017578125,87.5099048254741,85.99448632756607,87.08302735393318,12726089
3268,2021-01-12,86.95497131347656,87.40319618755818,85.35418059867857,85.82374703299871,31454127
3269,2021-01-13,87.5099105834961,88.19291574088155,86.48539995246959,86.99765526798285,23792586
3270,2021-01-14,87.55259704589844,88.57710771605946,86.91228077199622,87.91544409242239,12024674
3271,2021-01-15,86.65613555908203,87.83004841178463,86.44269685859065,87.06166561607847,13530190
3272,2021-01-18,83.56128692626953,86.22927108229396,83.04903165235437,85.90911298357102,26118654
3273,2021-01-19,85.2260971069336,85.37550535876125,83.34783765653074,83.47589856387133,19382828
3274,2021-01-20,83.73202514648438,85.6316261282939,83.30514774069859,85.37550431673873,21158179
3275,2021-01-21,83.3051528930664,84.39368802918717,82.87827546087853,83.86009123895234,12509109
3276,2021-01-22,82.89962768554688,83.79607156649108,82.38737817493337,83.24113314918567,16720401
3277,2021-01-25,81.1921157836914,84.0095082889214,80.93598813959844,83.00634506033013,9393599
3278,2021-01-27,82.1098861694336,82.96364096685255,80.80791241932779,81.10672312448726,18874916
3279,2021-01-28,79.95417022705078,81.51227182000319,79.31385402803777,81.51227182000319,16072463
3280,2021-01-29,78.7375717163086,80.67986195518604,78.11859704770995,80.55180102577081,13415015
3281,2021-02-01,80.63716888427734,80.87194915585464,77.90514868831042,78.73756199644029,9485240
3282,2021-02-02,82.89962768554688,83.51860235783838,80.7652402499161,81.53361741078459,10803602
3283,2021-02-03,88.15022277832031,89.64429395829887,83.02769301839383,83.02769301839383,73411707
3284,2021-02-04,87.6593017578125,88.64112335412322,87.16839385460509,88.15021545091581,23523019
3285,2021-02-05,88.40632629394531,88.91857565618258,85.90909255961742,87.78735180094364,28755118
3286,2021-02-08,90.73282623291016,91.09567323695335,87.8087144331215,88.15021987982527,28436890
3287,2021-02-09,89.96444702148438,92.82452829295754,89.64428892944915,89.64428892944915,27738169
3288,2021-02-10,89.83638763427734,91.35180620072005,88.3636637647951,89.87907654134129,34189378
3289,2021-02-11,91.24507904052734,91.6932980517034,88.9399419446722,89.15338067187908,20504448
3290,2021-02-12,90.7755126953125,93.48618568919598,89.87906888293976,93.48618568919598,25066544
3291,2021-02-15,90.69012451171875,91.97076251850385,90.3059360046309,91.35178796438232,8599603
3292,2021-02-16,96.28221893310547,98.1391425809987,91.05297075489152,91.0956596531009,80200957
3293,2021-02-17,98.20319366455078,98.69410744119361,94.85220978682152,96.26090327746587,39034960
3294,2021-02-18,100.95654296875,101.72492008474292,97.54152327118838,98.6087169266764,44291912
3295,2021-02-19,99.12096405029297,100.7857906479353,97.64823461080803,99.67590238957663,36335681
3296,2021-02-22,96.02610778808594,99.84666327895994,95.44982207299657,99.22768866092025,25800846
3297,2021-02-23,96.51702880859375,97.79765554179777,95.89805410646969,96.36762052291931,18293559
3298,2021-02-24,95.08697509765625,97.41345951490528,94.59606718839062,96.5383572689226,11421326
3299,2021-02-25,97.13599395751953,99.37709486263977,94.25456527403082,95.49251455652826,30696079
3300,2021-02-26,91.4798583984375,97.00792369309312,90.15653714517171,94.55337835506153,38070699
3301,2021-03-01,97.0079345703125,97.6695923761872,92.80319005745683,92.84587896523185,31441940
3302,2021-03-02,96.06880187988281,97.90437280745181,95.34311360637963,97.75497031489593,18223787
3303,2021-03-03,97.11463928222656,98.2458691129344,95.49250735086159,98.18183286599188,19350542
3304,2021-03-04,96.11148071289062,98.16049596481702,95.21503690204133,95.21503690204133,22865747
3305,2021-03-05,94.01978302001953,96.47432839662567,93.63559446687778,96.47432839662567,17342685
3306,2021-03-08,95.71539306640625,97.34579342964443,94.34585794068458,94.71541653575032,15749448
3307,2021-03-09,93.91108703613281,96.5632062110581,92.71546007093627,95.86756752463623,12585004
3308,2021-03-10,93.54153442382812,95.19367714704795,93.04154611302192,94.78063999199485,10661165
3309,2021-03-12,95.6718978881836,96.04145641891179,93.65020296912952,93.7806385136759,18173078
3310,2021-03-15,97.45449829101562,98.4762171519834,95.54149615173138,96.0849630036299,30092241
3311,2021-03-16,97.58490753173828,98.78053428316927,97.17187047699292,97.88924534845329,14767699
3312,2021-03-17,95.84583282470703,97.82404965980727,95.36758085117958,97.80231334614379,12571132
3313,2021-03-18,96.10669708251953,97.17189444625075,95.71540213765653,96.0849607677465,14232655
3314,2021-03-19,100.08488464355469,100.91094720888294,95.28063397851496,96.47626109153042,70334403
3315,2021-03-22,97.19363403320312,101.91093343311816,96.60669454464467,101.91093343311816,29180881
3316,2021-03-23,95.21540832519531,97.38927555663884,94.99802160205095,97.19362514701201,38455903
3317,2021-03-24,96.10669708251953,97.3458026554129,94.302388355601,94.36760319691273,24398959
3318,2021-03-25,94.08499145507812,97.12840542608349,93.62848171822411,96.10668669927614,20272124
3319,2021-03-26,93.30241394042969,96.51973652561942,92.23721655146485,95.36758797851,25184863
3320,2021-03-30,96.23713684082031,97.2588557223766,93.65023221485791,94.30239245027772,53328751
3321,2021-03-31,93.75891876220703,96.12843647053943,93.32414530357667,95.60670596138603,20694060
3322,2021-04-01,95.08497619628906,95.36757774968528,93.36761876897086,94.19368711620297,11229344
3323,2021-04-05,93.10675811767578,95.21541056109088,92.75894171127413,93.56327378519441,14484908
3324,2021-04-06,90.95462036132812,95.21540345522715,90.65028250268732,93.56326680262856,25301732
3325,2021-04-07,91.54157257080078,93.99804731964714,91.10679911394195,91.69374446009986,22841720
3326,2021-04-08,90.86766052246094,92.82414074353858,90.65027383123008,92.15023846252811,20468881
3327,2021-04-09,90.5633316040039,91.93286680329348,90.43290192673533,91.04158358230931,11773021
3328,2021-04-12,87.4547119140625,89.84596616352901,86.30256331871814,89.84596616352901,18544315
3329,2021-04-13,90.75897979736328,91.04158135586235,88.01990356877664,89.19379422345553,19831072
3330,2021-04-15,90.345947265625,91.91113291918725,90.01986716684088,90.38942579152805,10159348
3331,2021-04-16,91.23722839355469,93.38935331830746,90.10681630432504,90.21550966103958,22020846
3332,2021-04-19,87.47643280029297,89.99812219312541,86.95470823063216,89.49812803883653,18404990
3333,2021-04-20,88.5633773803711,89.43292433501611,87.67209411065701,89.12858643908598,14467660
3334,2021-04-22,88.45467376708984,89.08509759499508,87.47643355640434,88.69380269011927,11626459
3335,2021-04-23,91.80243682861328,92.56329036986394,88.69380782518768,88.82423750203371,38318040
3336,2021-04-26,93.82413482666016,94.10674229605382,90.51985531852716,90.51985531852716,19139358
3337,2021-04-27,94.19368743896484,95.86756634911342,93.8241288384917,93.93282219763132,15270611
3338,2021-04-28,96.04148864746094,96.38931098597865,94.04152936621135,95.12846311721732,16383579
3339,2021-04-29,95.71539306640625,97.23710007209522,95.23714111379131,96.99797704428377,14761969
3340,2021-04-30,95.6718978881836,96.6501379358218,94.19366966226185,94.67192153161652,16897105
3341,2021-05-03,95.99800872802734,96.8892979291427,94.23717843569067,94.56325855627101,15528063
3342,2021-05-04,94.80237579345703,96.3893036670228,94.21543633007522,96.25886808861041,20857434
3343,2021-05-05,94.86758422851562,95.80234588278256,94.25889673551224,94.80236349927112,23178237
3344,2021-05-06,93.65021514892578,95.38930879312926,92.86762536783094,94.97627759082602,18823613
3345,2021-05-07,93.2806625366211,94.25890277405647,92.82415278461478,94.0632582647647,12509591
3346,2021-05-10,95.58496856689453,95.71539824421247,93.45457982308318,93.65022433906009,17845577
3347,2021-05-11,97.12841796875,97.9110137719784,94.9545505658812,95.65018931419776,22995780
3348,2021-05-12,98.23709106445312,102.17178859198076,96.97624328936277,97.12841518259704,55645370
3349,2021-05-14,99.49790954589844,99.99790366387118,97.32404848471812,99.01966353269385,18820793
3350,2021-05-17,99.30228424072266,100.43269049261836,98.73707521778249,100.4109541789251,10996347
3351,2021-05-18,101.3457260131836,104.28045905647912,99.34577254606388,100.38923370785726,52885042
3352,2021-05-19,101.62831115722656,103.47609820394035,100.60659833134308,101.82396155626363,28081040
3353,2021-05-20,99.54141998291016,102.15006101465003,99.3022969137979,101.73702382582732,10707136
3354,2021-05-21,99.10663604736328,99.67183918595948,98.25882544247654,99.15010867572263,21702883
3355,2021-05-24,100.43269348144531,101.91092797236318,99.30228719590929,99.56314655596067,22028927
3356,2021-05-25,101.2587661743164,101.93266267209552,100.49791262656923,101.30223880230804,9165363
3357,2021-05-26,98.08492279052734,101.65006182232233,97.80232120523152,101.38920244942945,18322114
3358,2021-05-27,99.2587890625,99.82399212719578,97.0631857377298,98.56315633579493,51194207
3359,2021-05-28,98.01969909667969,100.43268935700907,97.73709163990893,100.43268935700907,15307498
3360,2021-05-31,98.10664367675781,98.51968078053474,97.2805753661958,98.2588155516752,13102261
3361,2021-06-01,97.56318664550781,99.12837227790529,97.34579991592463,98.38925503852545,15733731
3362,2021-06-02,98.88924407958984,99.19358784393947,97.43275188790317,97.47623041095198,7995532
3363,2021-06-03,98.38924407958984,100.62833186249331,98.10664254200732,99.58487095912433,10291328
3364,2021-06-04,98.32405090332031,99.19360381331137,97.73710549014805,98.25883605674407,6142487
3365,2021-06-07,102.71525573730469,103.38915225610117,98.65012261887432,98.82403082724187,18058790
3366,2021-06-08,101.75873565673828,103.88913003763041,100.88918885539184,103.88913003763041,22511761
3367,2021-06-09,105.2586898803711,106.73691263187918,101.65006057119318,102.6065645833369,39865778
3368,2021-06-10,105.06304168701172,107.82384861838159,104.45435408618127,107.82384861838159,32690784
3369,2021-06-11,107.08472442626953,108.17165807626036,106.08474782707495,108.17165807626036,29142097
3370,2021-06-14,108.12818145751953,108.60642752827245,105.258681445033,107.80210137455586,18732629
3371,2021-06-15,107.64993286132812,109.34554217656999,107.41079803757721,108.93250505570884,15026686
3372,2021-06-16,105.28043365478516,107.60646721354134,104.75870308447,107.32387150869422,30706682
3373,2021-06-17,104.28044128417969,106.10648031513028,102.9326365304013,106.10648031513028,22261167
3374,2021-06-18,101.30223083496094,106.51951189489192,100.04138319455073,106.084738473231,49278209
3375,2021-06-21,102.10657501220703,102.36743436363048,99.30228391147435,100.82399098074183,11719831
3376,2021-06-22,101.75873565673828,103.04131954752096,100.88918885539184,100.88918885539184,10961545
3377,2021-06-23,100.97615051269531,102.60655083978995,100.86745715755568,102.49785748465031,10721151
3378,2021-06-24,100.49791717529297,101.28050707245745,99.17184863972543,100.97616328078645,12964208
3379,2021-06-25,100.36746215820312,101.21527267992501,99.73705013890734,100.62833328472418,7736431
3380,2021-06-28,100.80223846435547,101.08484591102432,100.30225609699747,100.86745919635108,9989595
3381,2021-06-29,102.60655975341797,103.43263404183544,100.71529992728438,101.12832527750824,61089570
3382,2021-06-30,101.0413818359375,103.30220621864993,100.86746773188844,103.106555800091,17437744
3383,2021-07-01,100.3457260131836,101.2804935786351,100.08486668021207,101.10657949399825,15924813
3384,2021-07-02,99.10663604736328,100.47616536850197,98.95445826013571,100.34573568943898,9549992
3385,2021-07-05,100.12834930419922,100.38922045720771,99.28053869639528,99.69357584317001,6849185
3386,2021-07-06,99.47620391845703,100.21532127101213,99.2588171555871,99.73707511029296,5343938
3387,2021-07-07,100.41095733642578,100.62834406816351,99.47618967235952,99.47618967235952,7228897
3388,2021-07-08,100.49791717529297,101.36746412636136,99.80227253804706,100.0413955907938,8740010
3389,2021-07-09,100.10660552978516,100.62833600293672,99.99791217262792,100.45442191389151,2990856
3390,2021-07-12,99.56316375732422,100.75879098643213,99.21534728583568,100.30228113047924,5578309
3391,2021-07-13,99.41097259521484,100.82398623589437,99.25879481905893,100.17182609404227,8264289
3392,2021-07-14,99.97618865966797,100.62834888610567,99.32402843323027,99.41098548888574,9228746
3393,2021-07-15,100.17183685302734,100.62834664255857,99.69357895457796,100.43269622019224,5376823
3394,2021-07-16,101.67179107666016,102.82394544722243,100.21530472352045,100.71529891315723,15903784
3395,2021-07-19,101.36746215820312,102.01962235884201,100.6500812199063,101.67179414997986,13725925
3396,2021-07-20,100.56311798095703,102.73698518268174,100.41095199443005,102.12830944258945,14178067
3397,2021-07-22,101.41092681884766,101.95439361000993,99.43271005781384,101.95439361000993,10378326
3398,2021-07-23,101.30223083496094,101.71526794433558,100.8891937255863,101.62831090120663,6660369
3399,2021-07-26,101.17182159423828,102.32397611185768,100.8892140955056,101.49790172632079,12963701
3400,2021-07-27,100.80223846435547,102.10657054637899,100.28051978432696,101.30223262569756,10832912
3401,2021-07-28,99.17182922363281,101.04136423759617,98.86749138853845,100.86745016383766,13828088
3402,2021-07-29,97.04144287109375,100.60658775767234,96.89651837809451,99.12835321148584,28609665
3403,2021-07-30,99.21529388427734,100.40366745426314,97.50518396985025,97.99792480589235,34142169
3404,2021-08-02,99.12834930419922,99.70804725334659,98.14286161125021,99.4181982787729,9575755
3405,2021-08-03,101.12831115722656,101.56308465625845,99.18632522034791,100.02689439486785,20959435
3406,2021-08-04,101.59205627441406,102.37464607522047,100.78047686121397,101.82393779161178,23323277
3407,2021-08-05,101.56307983398438,101.88191843573019,100.43267350776816,101.59206945013779,6621382
3408,2021-08-06,101.44713592529297,102.31668280465263,101.18627657907882,101.73698488507952,5340311
3409,2021-08-09,102.28768920898438,102.60652776993084,100.89642369135888,102.60652776993084,16415005
3410,2021-08-10,100.05585479736328,102.08479743957973,99.33123242514311,102.08479743957973,11925263
3411,2021-08-11,102.22972106933594,102.60652705857379,100.02687615237832,100.25874587438578,31279965
3412,2021-08-12,108.40350341796875,108.80928721584367,102.20074082768909,102.606524625564,58107755
3413,2021-08-13,107.09920501708984,108.5774396280189,106.43254996129859,106.78036640093309,26776843
3414,2021-08-16,104.75141143798828,106.83833342525175,104.57750913503939,106.66441932831826,21308655
3415,2021-08-17,106.22965240478516,106.51950138815428,104.92533197962409,104.95432159555513,15962459
3416,2021-08-18,104.69344329833984,107.82381446416076,104.43258394868165,106.49050451394561,25227527
3417,2021-08-20,103.5340576171875,104.37462677065157,102.63553281808744,102.78045731413445,18720467
3418,2021-08-23,101.82394409179688,104.2876603022452,100.98337501419432,104.0557787707002,13112745
3419,2021-08-24,102.37466430664062,103.93985598097493,101.70800924871968,102.78045998249884,11029463
3420,2021-08-25,101.73697662353516,102.8673827573144,101.47611729850408,102.72245828918972,12001351
3421,2021-08-26,100.34571075439453,101.67902072999155,99.47616384700119,101.67902072999155,12115246
3422,2021-08-27,101.07032012939453,101.36016906110714,99.56310804328554,100.75149338090058,8051699
3423,2021-08-30,101.73697662353516,102.22971745636244,100.17179708538183,101.56306254419216,14512401
3424,2021-08-31,101.6500244140625,102.63551792052908,101.41814289524778,101.73698145786602,43248333
3425,2021-09-01,101.82394409179688,103.07029700411472,101.24424615992667,103.07029700411472,11817591
3426,2021-09-02,101.88191223144531,102.08480415020745,100.98337571323272,101.67902031268319,13545023
3427,2021-09-03,101.7659912109375,102.49061372940334,101.09933613515166,102.02685059999068,12286475
3428,2021-09-06,100.92540740966797,102.22972775417713,100.28774204448263,101.85292174029979,13950485
3429,2021-09-07,100.28773498535156,100.95438991775036,99.96889642820925,100.92540030565242,12485031
3430,2021-09-08,101.96903991699219,102.41148586282998,100.40573450899967,101.02515763296113,25370295
3431,2021-09-09,102.35248565673828,102.7359411734542,101.40860346320831,101.7035673988185,5078350
3432,2021-09-13,102.58846282958984,102.82443638683642,101.8805421578501,102.79493519138798,7522483
3433,2021-09-14,102.7064437866211,103.29637167971153,102.35248945118958,102.58846300884849,8434427
3434,2021-09-15,104.94817352294922,105.5970917983825,102.49997039088802,102.64745236267348,20064238
3435,2021-09-16,105.86255645751953,107.1604050339252,105.1841489767524,105.56759250862467,16214883
3436,2021-09-17,105.47911071777344,106.42299293405702,104.26975375177308,105.92155663185451,21219226
3437,2021-09-20,104.417236328125,105.71507288277037,103.2963709388693,104.53521710505144,7833069
3438,2021-09-21,103.76831817626953,105.24313790020142,103.50284342469361,103.85680976012817,9481007
3439,2021-09-22,104.26976013183594,104.6827048760668,103.70933340722058,103.70933340722058,9165634
3440,2021-09-23,105.15464782714844,105.44961177617269,104.41723795458779,104.41723795458779,10295913
3441,2021-09-24,103.91580200195312,105.89205806684473,103.70932963734305,105.18414938757765,7093411
3442,2021-09-27,103.82730102539062,104.50572044955862,103.29636356290641,104.12226494875821,5205649
3443,2021-09-28,108.51722717285156,111.43737733834784,103.8862957815182,104.32874168518916,38873626
3444,2021-09-29,115.0654296875,115.80283948554316,107.63232932153485,108.25175835273615,53686662
3445,2021-09-30,112.02733612060547,116.80575079829418,111.28992607768694,115.00646549272636,23618199
3446,2021-10-01,113.17766571044922,114.15104915013673,111.87982912560847,112.55824861400363,16994903
3447,2021-10-04,113.0596694946289,113.88557084590911,112.11578737978536,113.26614183192089,10757286
3448,2021-10-05,112.05679321289062,115.09492411960828,111.70283889413325,113.05967778516852,17200858
3449,2021-10-06,110.67047119140625,113.35464792638196,110.16903487885963,113.23665514559147,8929507
3450,2021-10-07,111.08342742919922,113.0006930879467,110.67047070143151,112.67622794485162,6733699
3451,2021-10-08,110.72945404052734,112.17478449252162,110.31650934116496,111.49636505604373,8165175
3452,2021-10-11,114.12152099609375,115.09490420584626,111.67333038037607,112.08627501379299,12982042
3453,2021-10-12,114.06253814697266,114.82944909062378,113.05966568414752,114.38700323900471,8539966
3454,2021-10-13,117.63162994384766,120.6402599429808,114.53450835606942,115.0949350806312,33075614
3455,2021-10-14,120.72875213623047,121.49565123672853,116.95321101941782,118.10356567122209,19185455
3456,2021-10-18,120.2273178100586,123.85536500427794,119.25393431804982,123.76688541582541,38546365
3457,2021-10-19,117.18919372558594,120.81725314413006,116.21581017395965,120.345305966943,16174177
3458,2021-10-20,114.65249633789062,118.13307369358017,114.06256837937087,117.98559170395023,21909934
3459,2021-10-21,114.47550964355469,116.4222644416731,114.15104450947825,115.77334617563362,16946547
3460,2021-10-22,114.71147918701172,116.21580018312117,112.82371464478133,115.56688187186163,7705870
3461,2021-10-25,113.64962768554688,115.03595603736899,112.38128012881432,114.71149084769945,7862419
3462,2021-10-26,112.32227325439453,113.82658218063486,111.90931652792788,113.62010981845839,8525850
3463,2021-10-27,112.23377990722656,113.17766212100393,111.23090730548441,112.17478951926176,9862679
3464,2021-10-28,109.66759490966797,112.73521507411618,109.2841393885836,112.49924152251707,11095238
3465,2021-10-29,109.16617584228516,111.28991413761557,106.95394595087528,110.25754018829096,12988035
3466,2021-11-01,110.75897216796875,111.20141812869299,108.87120753639124,108.90069673250396,5475153
3467,2021-11-02,109.4316177368164,112.8237029227285,109.22514538679218,111.28989289126041,10946890
3468,2021-11-03,108.51722717285156,110.49349514427246,107.95680049571367,109.43162017461685,13957727
3469,2021-11-04,109.16617584228516,109.63811101785008,108.69422866460492,109.10717344348865,830214
3470,2021-11-08,111.58486938476562,112.29277809373332,108.90069252587728,110.67047630041085,11947323
3471,2021-11-09,110.05103302001953,112.29275140027427,109.31362328925582,112.29275140027427,10381150
3472,2021-11-10,108.78270721435547,110.02155340454689,108.28127089952963,109.69708825854049,13857851
3473,2021-11-11,107.45538330078125,109.28415762718282,106.59998053373918,109.13667563308407,8851354
3474,2021-11-12,107.36686706542969,108.36973959431666,106.3639945365427,108.36973959431666,9590673
3475,2021-11-15,111.08342742919922,111.34889018110337,107.36687688985862,107.48485766801296,24821341
3476,2021-11-16,110.67047119140625,112.8827008074476,110.02155290445688,111.49637264848445,23206330
3477,2021-11-17,112.70574188232422,114.32804377698041,110.31652883662088,110.31652883662088,18359498
3478,2021-11-18,113.56112670898438,114.71148137350232,112.70573600994432,113.17767115344023,10742933
3479,2021-11-22,114.56397247314453,116.2157750925637,113.26613613082351,114.68196523288114,25095721
3480,2021-11-23,119.07695770263672,119.40142288523501,113.94458919212971,114.00357958838889,19671538
3481,2021-11-24,119.93236541748047,122.38055697938374,119.1654542280379,119.2834350254372,18120478
3482,2021-11-25,120.4927749633789,120.93522089347698,118.72299124298655,119.51939151674031,18537454
3483,2021-11-26,119.1654281616211,120.90571055422528,118.45751952784285,120.37478507994813,12814537
3484,2021-11-29,118.13304138183594,120.34527062119615,117.10066773680116,117.39563163538253,16066147
3485,2021-11-30,121.96760559082031,123.58990747896907,118.16257505400833,118.16257505400833,37739647
3486,2021-12-01,122.23306274414062,123.14745583984515,120.75824291372332,122.11508195855305,20332817
3487,2021-12-02,126.5395278930664,127.42441969651442,121.82010494134364,123.294924613757,33758843
3488,2021-12-03,121.58414459228516,127.68989629848296,121.23019023290396,125.74314132082914,47614182
3489,2021-12-06,119.1654281616211,122.70499533473856,118.78197265077743,122.32153982389488,11322446
3490,2021-12-07,121.40714263916016,122.08554998846255,119.253903829069,119.51936653078633,8049102
3491,2021-12-08,120.81724548339844,122.49853769208333,120.0798355671231,121.02371785953264,8788449
3492,2021-12-09,119.87334442138672,121.79061009546278,119.2244261321222,121.2301833915784,5755422
3493,2021-12-10,119.54891204833984,120.49279445145314,119.07696484572523,120.49279445145314,6164402
3494,2021-12-13,120.58126831054688,123.6783898664576,120.16831156849027,121.23018661707675,21648126
3495,2021-12-14,125.21221160888672,125.74314918220965,119.87335868054745,120.40429625387037,48042035
3496,2021-12-15,123.79637908935547,127.21796603287821,122.58703398157492,125.71364494516571,15207306
3497,2021-12-16,122.82298278808594,124.94673280918207,121.70212939064642,124.71075925104763,13410737
3498,2021-12-17,123.85533905029297,124.17980414700882,120.96470237967694,122.82296538161238,15209414
3499,2021-12-20,123.79637908935547,125.44818216597643,122.41005079403875,124.327316649849,22539246
3500,2021-12-21,121.87910461425781,124.91723577133894,120.81724157048066,124.74025259631901,17566511
3501,2021-12-22,123.06980895996094,123.95519826406392,120.90211456297861,122.00122966458107,14750231
3502,2021-12-23,127.22201538085938,127.98528642636853,123.37513676531205,123.64990937248281,15932489
3503,2021-12-24,125.42068481445312,127.4357126658373,125.08484062770755,127.13040428626122,8975969
3504,2021-12-27,125.84809875488281,126.55031044097038,125.17642287285369,125.42067203623569,8648187
3505,2021-12-28,125.54280090332031,127.40518695391917,124.13838983674782,126.18395345792767,15736206
3506,2021-12-29,124.93217468261719,125.72598136403482,123.77200046478701,123.95519044450756,17172943
3507,2021-12-30,125.39014434814453,129.08438057295956,123.13086739244183,124.932181795797,87481206
3508,2021-12-31,124.81007385253906,125.90917661624668,124.29105206775793,124.56582465292725,9842223
3509,2022-01-03,125.17645263671875,126.36715050966033,124.65743080551427,125.42070185817718,7410054
3510,2022-01-04,128.5959014892578,130.06138436103058,125.48175815113514,125.97025658273645,14784090
3511,2022-01-05,127.40518951416016,129.05384979766714,127.03882194260636,128.22951965591366,9565107
3512,2022-01-06,125.75652313232422,127.4357193075086,124.96272875787348,126.85563832529344,5615931
3513,2022-01-07,125.29856872558594,127.31360923667384,124.87114191318848,126.36714817961077,11908249
3514,2022-01-10,124.56581115722656,126.55031550164317,124.22996699126755,126.55031550164317,11085710
3515,2022-01-11,124.47425079345703,125.66496118518292,124.2605373661316,124.90169007114035,7208789
3516,2022-01-12,125.1458740234375,126.21445313169383,124.77950652806935,125.78702645760218,11018139
3517,2022-01-13,127.00826263427734,129.14542089975797,126.12287346493208,126.76401349075978,20522807
3518,2022-01-14,126.8556137084961,128.0157878708208,126.12287867072682,126.97773207378164,14183654
3519,2022-01-17,126.00077819824219,127.9547594741355,125.6649464013917,127.71051026176995,7574539
3520,2022-01-18,125.26802062988281,126.9166807788397,124.9321764699333,125.93969652675307,8475422
3521,2022-01-19,124.96272277832031,126.641918873154,122.76450492059854,125.78705292208726,13724367
3522,2022-01-20,131.0688934326172,131.49632020653866,125.42068825549582,126.45873180532229,30170343
3523,2022-01-21,131.34365844726562,133.8777204059174,130.06136577633023,130.61092332759665,29509593
3524,2022-01-24,130.67198181152344,132.96179457691227,129.14543996793086,132.13746446597816,12850189
3525,2022-01-25,133.63348388671875,134.45781408020852,129.4202254918447,130.36668649887073,27389035
3526,2022-01-27,131.19102478027344,133.90827715533365,129.66448268968838,133.1144702990169,28512473
3527,2022-01-28,128.3516387939453,132.8091461393278,127.77155783749123,132.8091461393278,18932049
3528,2022-01-31,131.52682495117188,132.35115491935133,128.96222764424704,129.4507259188119,19907759
3529,2022-02-01,130.03082275390625,132.53436119040288,129.0233151260313,132.503825385849,8622355
3530,2022-02-02,130.67198181152344,132.99233038299585,130.21401925844566,131.19100355373905,9921099
3531,2022-02-03,129.0233154296875,131.28259228112796,128.84012544799072,130.67197557284365,4594389
3532,2022-02-04,128.04632568359375,130.27507927398284,127.67995812341336,129.4507491578196,7329263
3533,2022-02-07,130.45828247070312,130.85518587733574,128.22952865471737,128.87068126720322,7869237
3534,2022-02-08,128.26004028320312,131.52683707938706,127.3135794475948,130.6719712315841,9074237
3535,2022-02-09,127.83263397216797,129.23705768439746,127.43573053844821,128.59590502815539,9833985
3536,2022-02-10,129.4812774658203,131.71001850411335,128.26004405392115,128.26004405392115,19180334
3537,2022-02-11,126.88616180419922,129.4507471078795,126.42819925546853,128.35163202171412,20071130
3538,2022-02-14,123.25299072265625,126.36713371913545,122.88662315066397,126.36713371913545,12109375
3539,2022-02-15,124.2299575805664,124.47420673521336,121.51271834556769,123.34456837087775,19046061
3540,2022-02-16,123.19448852539062,126.14412209393795,122.81792869263764,124.637921067534,20270061
3541,2022-02-17,123.63378143310547,124.79480677617197,123.00619878623692,124.41825974169117,16405551
3542,2022-02-18,122.81792449951172,125.61067506666824,122.5355174027913,123.50827565718781,14600643
3543,2022-02-21,124.35547637939453,124.88891895697805,122.7237644139984,122.81789157553759,10682638
3544,2022-02-22,124.35547637939453,124.5437434706717,120.37033001154278,121.87651781455533,13606058
3545,2022-02-23,124.2927474975586,125.20273722221891,124.01032764741461,124.48101462945303,6493463
3546,2022-02-24,119.93102264404297,123.00617968993119,119.17792869199673,121.75101459105433,13145037
3547,2022-02-25,123.82205200195312,124.1985990080535,120.58999906054022,120.84103465400737,10920938
3548,2022-02-28,131.2589111328125,131.94924948013846,123.0375811385821,123.9161866161598,31938385
3549,2022-03-02,132.35719299316406,133.7692540575971,129.4075466643157,130.3803049493173,20502615
3550,2022-03-03,136.7188720703125,137.66024600621301,132.23165375554643,132.23165375554643,19805555
3551,2022-03-04,134.9616241455078,136.49919619072145,132.3885256349397,135.52643819104824,12794317
3552,2022-03-07,133.54959106445312,135.05577918775475,131.0706319724663,132.10614588338728,17635653
3553,2022-03-08,133.26715087890625,140.20194310852955,131.66682305005443,134.30266463181013,28410490
3554,2022-03-09,130.5999298095703,135.55783464898332,129.65855595784126,135.02439201997686,22830958
3555,2022-03-10,131.0706329345703,132.67097378757725,129.94099183380212,132.41993817578378,16516553
3556,2022-03-11,133.32992553710938,133.6751010932222,130.38029226345967,131.35305045381295,12992850
3557,2022-03-14,133.9261474609375,134.30269451809542,131.54132815193336,133.32993624958527,12598659
3558,2022-03-15,131.5727081298828,134.96165707089125,130.7254740866812,133.80061892732394,14528285
3559,2022-03-16,131.3844451904297,132.92203057751846,131.1334095386393,132.57685496028122,11933774
3560,2022-03-17,132.76510620117188,133.51820022559878,130.38028717681854,133.04751326828173,28464621
3561,2022-03-21,128.59165954589844,135.55782289081438,128.34062398690529,135.55782289081438,17797415
3562,2022-03-22,130.9765167236328,131.47858803822024,128.05826710823067,128.6544656221248,13285297
3563,2022-03-23,131.8551025390625,132.16889384104417,130.7254615128489,131.47855553032463,9408783
3564,2022-03-24,132.2630615234375,132.54546864716704,130.53720900059312,131.79237447175268,11188958
3565,2022-03-25,131.5727081298828,132.29443074749975,129.72133160919574,132.26304650700257,9842670
3566,2022-03-28,133.2357940673828,133.51820113641918,130.22339241272374,131.57269758654397,12823578
3567,2022-03-29,132.60821533203125,134.58509040950977,131.60407290564055,134.20854338371393,10470515
3568,2022-03-30,136.2481689453125,137.252298470891,132.9219890938212,133.73783874726638,54218485
3569,2022-03-31,136.05990600585938,136.34231305450353,134.7733566327026,135.2754277949589,10326026
3570,2022-04-01,141.2374725341797,141.67677525715402,135.6206004721449,135.6206004721449,39663961
3571,2022-04-04,142.71229553222656,143.151598274924,140.60989623240044,141.83367727863015,9907530
3572,2022-04-05,146.25814819335938,147.23089368319287,142.39851217059476,144.3126316772878,17167487
3573,2022-04-06,148.51742553710938,149.6470665614636,145.0657212209924,145.1912326342982,17153675
3574,2022-04-07,145.19125366210938,150.55709080156961,144.34401957909,148.07813150005066,11913911
3575,2022-04-08,145.9757080078125,146.91708189363442,144.7205428267166,146.22674359767177,6746769
3576,2022-04-11,144.90882873535156,147.8270904563584,143.3398721937566,145.91295836833214,12413822
3577,2022-04-12,146.28952026367188,146.63469584521073,143.4653982015616,143.8733294975069,14769907
3578,2022-04-13,144.03021240234375,147.7015682040574,142.80643139117294,147.45053260047843,11015439
3579,2022-04-18,145.03436279296875,145.47367835411828,142.8064518170214,144.0302330032317,19069923
3580,2022-04-19,142.9947052001953,146.4464097981593,142.14747117069905,146.03847851930502,15036942
3581,2022-04-20,142.46124267578125,143.71640780948857,140.23331945617076,143.24572088434832,9814641
3582,2022-04-21,142.61813354492188,143.49675166275492,141.36296845321738,141.89641106355188,11134333
3583,2022-04-22,141.4884796142578,144.4694967019815,141.01779270566988,141.2374568109039,12032249
3584,2022-04-25,139.8567657470703,142.39848012793266,139.00953187618268,140.5471039837862,11042683
3585,2022-04-26,145.34811401367188,145.72466098481777,140.79814058917702,142.46123687728746,15389155
3586,2022-04-27,143.9047088623047,146.13261964155075,142.74367072821943,145.1912456527477,12680209
3587,2022-04-28,147.85845947265625,148.2663907203418,144.3753836690354,146.4777828462445,18378146
3588,2022-04-29,142.9319305419922,148.32913809882916,142.49262784958225,147.54465988509705,9026331
3589,2022-05-02,145.31675720214844,146.3836425226862,141.77091293252468,141.77091293252468,12634353
3590,2022-05-04,149.11361694335938,150.27464215095438,146.16398395452876,146.22673965825277,23124643
3591,2022-05-05,146.6974334716797,151.0277559866229,146.1326065752609,149.61569512967625,16481935
3592,2022-05-06,149.61569213867188,150.0863790815778,145.25398547348996,145.25398547348996,17715186
3593,2022-05-09,153.85186767578125,154.667717345715,147.88983333492732,149.9922323646411,54118806
3594,2022-05-10,152.91050720214844,155.86014039508552,152.18878463888055,154.2598123824839,30997494
3595,2022-05-11,150.11776733398438,155.6404998554923,149.80397600363057,153.13016921266177,15412618
3596,2022-05-12,148.0467529296875,151.81224891212193,145.693317940666,149.99225663363822,26538994
3597,2022-05-13,148.29776000976562,150.5256703763695,146.28948821135984,150.5256703763695,15074553
3598,2022-05-16,147.60743713378906,149.3019179837021,146.22676038337275,147.79571703984672,7960529
3599,2022-05-17,149.7725830078125,150.18051423228937,146.069843288115,147.41914836836918,15470937
3600,2022-05-18,143.0260772705078,149.52155463490004,142.52400608260666,149.050867684318,19181550
3601,2022-05-19,143.277099609375,144.1243334884019,139.10367314667275,139.95090702569965,15085602
3602,2022-05-20,143.74781799316406,146.2895201868064,142.30437272156297,144.81470344211976,15148281
3603,2022-05-23,140.955078125,145.59919286484697,140.70404248021305,145.59919286484697,11572501
3604,2022-05-24,142.46124267578125,144.12433903158345,140.95504196169247,141.20607754207393,16336858
3605,2022-05-25,141.1119384765625,143.96744428069564,139.66850622478756,143.33986170995868,11062614
3606,2022-05-26,142.58677673339844,143.77918635348817,140.51576159469712,142.4612653073688,14150454
3607,2022-05-27,141.01779174804688,143.49675044402903,140.20194210628776,143.46536620972313,8430491
3608,2022-05-30,143.24571228027344,144.2812260070237,140.7667663973797,140.8922777959316,9305758
3609,2022-05-31,146.16397094726562,147.57603161229636,143.21432545272646,143.24570968589563,26351545
3610,2022-06-01,143.84193420410156,146.22675331392682,143.18298010116132,145.6933106301558,10282009
3611,2022-06-02,141.55128479003906,143.96747566037817,140.92370208251185,143.96747566037817,10071898
3612,2022-06-03,141.8336639404297,143.15158481278476,141.2060813566225,141.8336639404297,16082518
3613,2022-06-06,141.08056640625,142.74364999703815,140.2960881961801,141.83366038063707,12693293
3614,2022-06-07,141.20608520507812,141.99056345621744,140.39022271661295,140.5471183668408,9103195
3615,2022-06-08,140.92367553710938,142.14745647898602,139.98230165314257,139.98230165314257,11240130
3616,2022-06-09,141.1119384765625,141.6453811080489,138.69574813286528,141.01779853731193,9468041
3617,2022-06-10,140.8609161376953,142.74366402691308,139.35472804088212,139.35472804088212,9019239
3618,2022-06-13,139.5430145263672,141.5199026379211,139.0095717707296,139.22922316796823,10186775
3619,2022-06-14,140.54710388183594,142.64951559277205,139.32332304346366,139.54297437750492,17023962
3620,2022-06-15,139.48020935058594,142.02192355964206,139.2605580312326,140.73537433911764,5898563
3621,2022-06-16,135.77752685546875,140.7668174320482,135.3382240330698,140.17060615227376,11883333
3622,2022-06-17,132.6395721435547,136.1226604756723,131.9492338778575,134.42817989456105,19675226
3623,2022-06-20,130.69410705566406,132.35720388876462,129.50169728278797,131.2275498369444,7402273
3624,2022-06-21,132.01199340820312,133.76922974292873,130.09787419637016,131.1961437135236,9459619
3625,2022-06-22,132.2002716064453,132.57681859674872,130.66268664108958,132.29441154607122,10257637
3626,2022-06-23,130.8823699951172,132.8592451768475,129.37616904430197,131.85511546570473,13114525
3627,2022-06-24,131.13336181640625,133.04749360048527,130.38026790330574,133.04749360048527,9499105
3628,2022-06-27,132.76510620117188,133.89474723781223,131.57269668899522,133.89474723781223,17545390
3629,2022-06-28,131.98060607910156,132.76508421136396,130.756812531853,131.50991919974413,6770087
3630,2022-06-29,132.48268127441406,134.93025591204,130.81958486883488,131.22751610313927,41502918
3631,2022-06-30,132.98475646972656,134.7733643392145,132.04338256281702,132.73372087424386,22260722
3632,2022-07-01,129.59579467773438,133.61232549257284,128.77993226739864,132.45130034571002,11133663
3633,2022-07-04,132.23165893554688,133.14166143681956,128.68582718597924,128.68582718597924,20178279
3634,2022-07-05,134.3968048095703,135.52644573170298,132.38853300100183,132.41991723558868,20083997
3635,2022-07-06,132.07476806640625,134.39683161111296,130.6627070559962,134.30269165677853,19203527
3636,2022-07-07,133.3927001953125,135.11855251943427,133.11028033589866,133.8320029523536,14069302
3637,2022-07-08,137.31507873535156,137.69162574376278,133.45544317068473,134.30267713166018,17142257
3638,2022-07-11,136.21681213378906,138.8526540180375,135.68335669475215,138.06817574674915,10826079
3639,2022-07-12,133.98887634277344,136.1540310639833,133.76922500076952,134.99300588350553,8503695
3640,2022-07-13,134.58511352539062,135.99717469080687,133.95753078520562,134.6164977696813,10210005
3641,2022-07-14,134.8361358642578,137.59750220211401,133.5809705077961,137.59750220211401,10898403
3642,2022-07-15,131.35305786132812,136.18543931021625,131.03926652651197,136.18543931021625,22067479
3643,2022-07-18,131.94921875,133.2985236594661,131.10198494067893,132.0119744454685,15155654
3644,2022-07-19,131.79234313964844,132.73371701921735,131.54130755145664,131.7295874346506,14922395
3645,2022-07-20,131.3216552734375,133.23578725567094,130.85096833697355,132.60820467371903,14181034
3646,2022-07-21,133.2357940673828,133.80060820545552,131.44717340281593,131.76096470983455,12461554
3647,2022-07-22,131.79234313964844,134.27128924856643,131.4785518464588,134.27128924856643,9272199
3648,2022-07-25,130.47442626953125,132.4199297934248,130.1606349667032,131.79234718776877,6635194
3649,2022-07-26,131.2274932861328,132.41990254515537,129.97232833309818,130.4743994215913,11451315
3650,2022-07-27,132.2002716064453,132.41992295343897,131.41579338989652,131.72958467651603,9209354
3651,2022-07-28,134.42819213867188,134.80475192535027,131.82373447941995,132.41993286132558,13192642
3652,2022-07-29,134.27127075195312,136.6874735912283,133.5809325556739,135.80885553769176,15433067
3653,2022-08-01,137.40921020507812,138.1623170136345,134.39682127545612,134.9616481898231,12136557
3654,2022-08-02,139.69989013671875,140.2019613453123,136.4050813468518,138.036793622479,17748747
3655,2022-08-03,140.32748413085938,141.0492067636017,137.84853766209477,140.17058846148942,12406038
3656,2022-08-04,138.5702362060547,140.7040067239939,137.50333817888503,140.5784953175975,9712267
3657,2022-08-05,140.35885620117188,141.04919453289844,137.34645450319994,139.13506242528277,14099223
3658,2022-08-08,139.2605743408203,142.02194019262882,138.75850317932785,141.20607774725357,8392041
3659,2022-08-10,140.26470947265625,141.1433276561027,138.41334593141593,138.5388573426795,8585266
3660,2022-08-11,139.8567657470703,142.39848012793266,139.1350432762403,140.98641942038677,5040626
3661,2022-08-12,143.12022399902344,143.46538678489264,139.32334397705296,139.95092660758021,13279062
3662,2022-08-16,143.62228393554688,144.312622282663,142.49264284977542,143.84193530487454,11298246
3663,2022-08-17,143.40261840820312,144.940190609895,142.90054724085056,143.6222697558448,11225465
3664,2022-08-18,145.19125366210938,145.4109050513066,142.9319585179902,143.0574699494736,11360485
3665,2022-08-19,144.5891876220703,145.57148642466726,143.03650180852262,144.77930373212206,9829530
3666,2022-08-22,143.19491577148438,146.2685944488545,143.0047996914056,144.55747236656651,9190493
3667,2022-08-23,144.20892333984375,145.0327854944223,142.0858636911449,142.561173243493,8903751
3668,2022-08-24,145.41305541992188,145.7299285089987,143.54350935180813,144.08219102451895,13007225
3669,2022-08-25,143.41676330566406,146.39536514467463,142.65626016615582,146.0784920599459,12124365
3670,2022-08-26,146.0467987060547,146.52210833025785,143.60687854719816,143.60687854719816,7966045
3671,2022-08-29,143.89205932617188,145.06448705008242,142.97311973119514,144.65254950016853,7517013
3672,2022-08-30,145.50811767578125,145.9200552639323,144.5574984232475,144.6208704613633,7214498
3673,2022-09-01,143.29000854492188,145.82499326183725,142.59289032648994,142.624582792891,13109081
3674,2022-09-02,142.08587646484375,145.03279853305315,141.83238832901333,144.17724384063055,6897237
3675,2022-09-05,141.57887268066406,142.9414292912508,140.50149664023883,142.59286380007862,18055474
3676,2022-09-06,142.62457275390625,144.4941186935991,141.9591341551149,141.9591341551149,14103701
3677,2022-09-07,142.21266174316406,143.82870695205423,141.35710688038682,141.35710688038682,7866745
3678,2022-09-08,142.21266174316406,143.7970273755665,141.61059506669082,143.22665316918153,7187735
3679,2022-09-09,141.2620086669922,143.32168349779923,141.008507647558,143.25831146634005,9162027
3680,2022-09-12,141.9274444580078,142.4027540682404,140.81838870079847,141.6739563140958,8778919
3681,2022-09-13,143.73362731933594,144.1772444525199,141.83238893095105,142.14926199568188,11278383
3682,2022-09-14,147.377685546875,147.78961026641002,142.40276750867963,142.592896528157,25072958
3683,2022-09-15,150.5780792236328,150.9900167904481,147.25091201209094,147.94803018245628,23606369
3684,2022-09-16,149.34230041503906,151.11678210786994,147.91637140959998,151.08510253279792,29399642
3685,2022-09-19,147.7579345703125,150.8949732188274,146.80731523517466,149.53241625974317,13920046
3686,2022-09-20,147.47271728515625,149.7225211734558,147.09247219105436,148.29659240037526,20162973
3687,2022-09-21,143.89205932617188,148.51839818958058,142.149257524965,148.20152513481568,14468837
3688,2022-09-22,139.48753356933594,143.4801397160203,138.88547984744508,141.95914628425487,26264530
3689,2022-09-23,128.3652801513672,139.26570812103532,125.54510221662562,138.34678141601478,87162722
3690,2022-09-26,127.28790283203125,132.6747447339052,118.0985842935404,126.74922122056336,167547134
3691,2022-09-27,129.82289123535156,131.75582207564608,127.54140776217632,130.42495779076035,54127095
3692,2022-09-28,131.62905883789062,133.34018103137876,128.3652767619358,130.04469359962235,52877873
3693,2022-09-29,131.81919860839844,134.4175552330174,130.58339877888406,132.42125229075708,36761869
3694,2022-09-30,134.48092651367188,138.6002764470471,131.185451724411,131.185451724411,62897614
3695,2022-10-03,133.5936737060547,136.03359344190926,132.45292564829583,134.9879098712297,11740863
3696,2022-10-04,132.1043701171875,134.57598249955797,131.8191895280514,134.4175459736829,19179333
3697,2022-10-06,130.74183654785156,133.65706627352301,130.2982065045025,132.3578815021702,20692745
3698,2022-10-07,132.70643615722656,132.9282447139057,129.28420463235645,129.28420463235645,14282850
3699,2022-10-10,132.42124938964844,134.32248778946305,131.53401511794675,131.7875032563769,16834226
3700,2022-10-11,132.0409698486328,134.0055797706328,130.9002348424367,133.08665327450862,17807162
3701,2022-10-12,136.60397338867188,136.85746150706953,132.6747399367463,133.371858049534,35288330
3702,2022-10-13,135.58999633789062,137.71305645416953,135.14637914876946,136.22374254726353,16436903
3703,2022-10-14,134.76609802246094,138.15663675869123,134.06897995698495,138.15663675869123,23365190
3704,2022-10-17,134.25912475585938,136.223735321993,133.7204430851839,134.3224967947155,9520537
3705,2022-10-18,134.57598876953125,136.255418600772,134.0689995992686,134.95623387062773,13256574
3706,2022-10-19,135.5583038330078,137.45954227977202,134.95623725537342,134.98792972025888,11595367
3707,2022-10-20,137.8397979736328,138.15667107242277,134.57600247737633,134.70275945305198,16371066
3708,2022-10-21,137.71304321289062,138.7270344716708,135.6216757656078,136.4772304872786,11634491
3709,2022-10-24,138.69534301757812,139.58259021057617,138.53690647931413,139.2974095991404,1132859
3710,2022-10-25,138.47352600097656,139.04390008267495,135.78010501468754,138.69533456230437,20622687
3711,2022-10-27,141.895751953125,142.49780558043685,137.74470991135223,138.98052252147255,24298489
3712,2022-10-28,143.73362731933594,145.1278636467123,141.45213093839567,141.83238893095105,11669879
3713,2022-10-31,144.5891876220703,145.92005196682655,143.67024796255876,144.46243065510396,11755682
3714,2022-11-01,149.02540588378906,149.50071548395408,145.63486664799828,146.173548282799,15220278
3715,2022-11-02,147.85296630859375,149.9126410781662,147.56777283511008,149.02539398332326,12884449
3716,2022-11-03,144.52581787109375,148.04310134546196,143.67025023473514,147.66285622574628,9358215
3717,2022-11-04,143.32171630859375,145.41307118710776,142.59290554597203,144.494144286585,8059667
3718,2022-11-07,144.49412536621094,146.96573798408954,143.48013408271166,144.05050820892959,14862038
3719,2022-11-09,138.63194274902344,146.39533154296876,138.1883256896649,146.39533154296876,22831150
3720,2022-11-10,136.1920166015625,139.51918306791862,135.30476963181516,136.88913461579426,16217631
3721,2022-11-11,135.65335083007812,138.06157814907556,135.33647779650502,136.88915050357448,12123886
3722,2022-11-14,137.1458282470703,138.67074967852398,136.4320366410689,136.88626406252902,18460862
3723,2022-11-15,140.16322326660156,140.4876751723113,136.04268670448442,136.26980039808487,15258103
3724,2022-11-16,140.87701416015625,141.10412785269492,138.50851261915182,140.13077214011625,9825807
3725,2022-11-17,141.65570068359375,143.0508332512622,140.32544265165265,140.74723274973016,9449665
3726,2022-11-18,141.68812561035156,141.98014020757734,140.71477002355917,141.68812561035156,5828998
3727,2022-11-21,142.1423797607422,142.43438118397145,140.48766982382605,141.1365736105412,4712051
3728,2022-11-22,141.33126831054688,142.23972316788448,140.74725218655624,141.78549573921566,4366445
3729,2022-11-23,139.61167907714844,141.98018099244246,139.02766291691398,141.623278560637,13510578
3730,2022-11-24,143.2455291748047,143.40775514216008,139.5792196721764,139.77389611379607,7622243
3731,2022-11-25,143.14820861816406,143.34288508380635,140.5525928201847,143.24554685098522,10989671
3732,2022-11-28,143.60243225097656,144.18643517458287,142.2072862848416,142.2072862848416,4526153
3733,2022-11-29,142.33709716796875,144.21892150631112,141.8179818621412,143.60246795502022,6476054
3734,2022-11-30,145.35446166992188,145.97091504353256,141.23392488351482,142.337056142181,17317951
3735,2022-12-01,143.99176025390625,145.90602124152198,143.08329226579053,145.3544556350888,13241961
3736,2022-12-02,142.6290740966797,143.73220538088657,141.8179442694738,141.8179442694738,12880949
3737,2022-12-05,143.99176025390625,144.21887395043967,140.94190437965938,142.56416392915813,16477957
3738,2022-12-06,145.030029296875,145.4518194945111,142.36952580699364,143.76467190595102,11299945
3739,2022-12-07,143.4402313232422,145.41938055848374,143.0508783702245,144.60825057633917,5813973
3740,2022-12-08,141.33126831054688,143.95932106553016,140.74725218655624,143.926883793187,11176439
3741,2022-12-09,140.94190979003906,142.0774915182801,139.9685540229753,141.7206023248796,6020031
3742,2022-12-12,139.87123107910156,141.4610402413883,139.25476449630955,140.1632325327517,8194429
3743,2022-12-13,140.35792541503906,140.68237738021298,138.24898764140846,139.87124746727815,8235450
3744,2022-12-14,142.23973083496094,143.11576166915864,140.357920070199,140.357920070199,10055353
3745,2022-12-15,140.390380859375,143.0184473981961,140.098379333722,142.4344311449041,5385778
3746,2022-12-16,138.34629821777344,141.5908175305916,137.95695854063183,139.51433045118114,11166617
3747,2022-12-19,142.0450439453125,142.23970716341765,138.5409607976227,138.89786316712113,7758862
3748,2022-12-20,141.00680541992188,142.04504889191665,138.80052979069418,142.04504889191665,6541929
3749,2022-12-21,140.1956787109375,141.62326186590627,138.7680823539864,140.84458254537464,7005861
3750,2022-12-22,139.5143280029297,140.81213570528251,138.11918208250387,140.22811959882722,6961415
3751,2022-12-23,137.0809326171875,139.7089983812921,136.56180427796272,138.47607847711978,4554651
3752,2022-12-26,137.47027587890625,139.0276477354761,136.88625978244477,137.24316217527746,6864331
3753,2022-12-27,137.98941040039062,139.64410734535642,137.4378447520687,138.184073639925,13115851
3754,2022-12-28,140.00099182128906,141.72058949448447,137.89205451691274,137.89205451691274,16815549
3755,2022-12-29,140.00099182128906,140.48766966076053,138.54095830287469,138.8978606659463,22536873
3756,2022-12-30,138.6707305908203,140.64989237328993,138.37872917464395,140.19566501435315,4643134
3757,2023-01-02,139.54678344726562,139.83878490990375,138.216525224174,139.2223315101197,5959394
3758,2023-01-03,139.90365600585938,140.29299564369938,139.09252625953368,139.6765423172845,2873110
3759,2023-01-04,136.951171875,139.7739011686701,136.5942694531177,139.7739011686701,9954542
3760,2023-01-05,135.4911651611328,137.50276499022337,134.0635683906272,137.50276499022337,21273509
3761,2023-01-06,135.03688049316406,136.46447679923463,134.6799913181328,135.0693309645223,11510471
3762,2023-01-09,135.68576049804688,137.53513339540592,132.53858020577206,135.75064822739677,52485126
3763,2023-01-10,137.43785095214844,137.85962792449158,135.6209147559641,136.20493090487932,17248326
3764,2023-01-11,137.53517150878906,138.24897633538404,136.33470197621693,137.69739747810917,9164361
3765,2023-01-12,138.5409698486328,138.80053402504547,137.1782744249444,138.5734203214278,21179555
3766,2023-01-13,138.8654327392578,139.7414503521228,138.41120529613775,138.60586854233915,6560245
3767,2023-01-16,139.93612670898438,140.09835268170474,138.02185230969397,139.51433653951472,8362194
3768,2023-01-17,141.72061157226562,141.9152748171908,139.44944796758824,139.93612588287624,13000571
3769,2023-01-18,142.33709716796875,142.85622567578264,140.42283554912947,141.65575585369768,11171369
3770,2023-01-19,143.2455291748047,143.56998110951545,141.88283368941606,141.9801719102259,11586815
3771,2023-01-20,144.86778259277344,145.28957273008058,143.40774894962118,143.40774894962118,10112645
3772,2023-01-23,146.06825256347656,148.1447527843213,145.06245952702056,145.35446097586657,14393610
3773,2023-01-24,143.37527465820312,147.0415833934411,143.08327325887507,146.81446972707704,6150893
3774,2023-01-25,142.36949157714844,143.56996092641944,141.33124817242705,143.2130585676178,5790331
3775,2023-01-27,142.27215576171875,143.69973881696168,140.8121222362279,142.30460623196666,10458603
3776,2023-01-30,137.47027587890625,142.0126027594119,136.6267088080018,141.46103713574698,24288177
3777,2023-01-31,140.5850067138672,142.88860721391467,137.66493970103258,137.95694112152356,20997546
3778,2023-02-01,140.5201416015625,146.00337414995641,138.60586721929528,146.00337414995641,20246369
3779,2023-02-02,138.0218505859375,140.87703031055426,137.1458329845848,140.1632386798959,12820663
3780,2023-02-03,139.41700744628906,139.61168390709676,136.52939022354192,138.34631331581525,10815686
3781,2023-02-06,140.8445587158203,141.0392219120269,138.24894381722498,138.50849474550046,6948201
3782,2023-02-07,140.71481323242188,141.59083088913505,139.5792313657978,141.46105538517168,10035526
3783,2023-02-08,140.81443786621094,141.64471167438435,139.78489293864746,141.37902135305464,12432719
3784,2023-02-09,141.3790283203125,142.10966660479727,140.81444480564573,140.81444480564573,7011082
3785,2023-02-10,142.2093048095703,142.44177878891708,140.7148118534627,140.74802821347166,10892159
3786,2023-02-13,143.47129821777344,143.80340770438866,142.14286027131257,142.2092794659217,7710133
3787,2023-02-14,142.8070831298828,144.16873746747945,141.31259039945382,144.16873746747945,6010681
3788,2023-02-15,142.4749755859375,142.9399234807899,141.47864708533655,141.6447018354367,8107497
3789,2023-02-16,142.54139709472656,144.06910622584957,142.14286839073765,144.06910622584957,3963115
3790,2023-02-17,142.01004028320312,143.4048976050133,141.4786596303367,142.14287868963405,6491149
3791,2023-02-20,143.33848571777344,144.13554322418344,142.2757243577974,143.20563379099042,6841917
3792,2023-02-21,144.2683563232422,145.29790114247962,143.5045153109489,144.5008437759259,6701434
3793,2023-02-22,142.57461547851562,144.33479858586927,141.4786513917807,143.47130845363674,9128659
3794,2023-02-23,141.6446990966797,143.40488211642156,141.2129540520532,142.80708232490565,10345874
3795,2023-02-24,142.84031677246094,143.07279074483827,141.08013352976693,141.08013352976693,9808830
3796,2023-02-27,145.59681701660156,146.09498132689592,142.508209103634,143.77021454552226,17763618
3797,2023-02-28,147.62266540527344,148.1208296304881,145.29789902093842,146.52670140708733,36559278
3798,2023-03-01,145.3975372314453,147.62266810877364,144.40120876276967,147.15772022881956,12896085
3799,2023-03-02,146.36065673828125,146.79240179922834,143.33846833879232,144.79974476122976,79708558
3800,2023-03-03,147.52305603027344,149.7481872616226,146.39388899155057,146.39388899155057,9951869
3801,2023-03-06,150.87734985351562,151.9733139156786,148.1208382770361,148.78505728276272,15659957
3802,2023-03-08,151.4751434326172,151.6744010179994,149.9142180224898,150.74449174550662,11591495
3803,2023-03-09,149.9806671142578,153.0692748904073,149.7813959935386,152.10616267193055,13941653
3804,2023-03-10,150.47882080078125,151.5415685047437,147.62267367741,147.62267367741,9605434
3805,2023-03-13,150.17991638183594,152.80358959561275,149.71496847740482,151.47515156744336,13209653
3806,2023-03-14,149.58212280273438,151.27588676469392,148.78506535803047,149.54891995878813,9583405
3807,2023-03-15,151.64120483398438,152.80358809723438,149.91422460344242,150.51202441297076,12228069
3808,2023-03-16,154.1984405517578,154.69660479206271,151.6744029954517,152.40504117851825,18437817
3809,2023-03-17,152.57110595703125,155.4272531946693,151.64121012484284,155.39403683770368,33711025
3810,2023-03-20,151.10983276367188,152.37185165210468,149.6485562698472,149.6485562698472,9281411
3811,2023-03-21,148.22048950195312,151.24267818940294,147.755528040642,150.9437850106521,11272787
3812,2023-03-22,148.85147094726562,149.24999963317276,146.65955641799147,148.1208327708409,7589846
3813,2023-03-23,147.5562744140625,149.11718658202855,146.95847452683216,148.78507703507526,17091298
3814,2023-03-24,147.72232055664062,148.95112310585876,146.65957277119713,148.12084928698553,10371666
3815,2023-03-27,146.1946258544922,150.27957615205824,145.829313446023,148.05444479904062,19983733
3816,2023-03-28,147.52305603027344,148.18727511506853,145.2647084392558,146.958472510912,8689166
3817,2023-03-29,147.75552368164062,148.58579750208943,146.4935182854155,147.52304971462922,19743258
3818,2023-03-31,149.9142303466797,150.61166573677667,148.12084436296007,148.78506339597783,10202058
3819,2023-04-03,149.18357849121094,151.01018066522383,148.6854142619347,151.01018066522383,7643214
3820,2023-04-05,149.88104248046875,150.51204521946207,148.58580712851148,150.51204521946207,12019382
3821,2023-04-06,149.6153106689453,151.0433840395313,149.21678202248535,150.91053214833235,4282875
3822,2023-04-10,152.13938903808594,152.37186301850372,149.44929629927023,149.5821347127741,4145643
3823,2023-04-11,153.6670684814453,154.09881354970818,151.74083060935985,152.03973727826673,5106602
3824,2023-04-12,150.9770050048828,153.79993614565572,150.8109502318962,153.7003005791493,9118795
3825,2023-04-13,153.5674591064453,153.866365826312,150.7777441357937,150.97701528237153,11428621
3826,2023-04-17,157.18743896484375,159.34615085097062,154.2980888353574,154.49734643978033,21815047
3827,2023-04-18,152.96966552734375,157.75203768543105,152.53792040570076,157.35350892451916,13482833
3828,2023-04-19,152.73716735839844,153.7002931030168,151.87369068901148,152.1061646571706,8264190
3829,2023-04-20,153.3681640625,154.69660201277966,152.5378903435752,153.33494770831516,7308750
3830,2023-04-21,153.79991149902344,154.33127857928523,152.5046763691475,153.96596624539958,5030650
3831,2023-04-24,154.0655975341797,154.29808500392332,152.73715948339625,153.43459486548582,5725067
3832,2023-04-25,154.69664001464844,155.36085915295644,153.20214695345544,153.6338920960702,8338703
3833,2023-04-26,158.2834014892578,159.08045892604767,154.09881616218397,155.46047058973505,13581018
3834,2023-04-27,156.7224578857422,158.28338324940225,155.09512684250126,158.08411215638245,9794457
3835,2023-04-28,157.58599853515625,158.05094655006235,154.82948626902362,157.3867273781544,10585487
3836,2023-05-02,159.47897338867188,160.17640871869764,158.2501709861419,158.54906411982742,6732907
3837,2023-05-03,159.2133026123047,160.74101184935935,158.61551627165585,159.41257373490186,4789217
3838,2023-05-04,158.64869689941406,159.87749928049308,156.05824023627187,159.18007747621172,9189783
3839,2023-05-05,160.11001586914062,160.40890905200754,158.2169806657439,158.61552292766228,3896441
3840,2023-05-08,162.567626953125,163.5639556167805,160.1432245021821,160.64138883400986,8758321
3841,2023-05-09,161.67091369628906,163.99568028822625,161.20595226975922,162.10265876607727,9166941
3842,2023-05-10,164.4938507080078,164.69310831519556,162.4679771967197,162.833303080254,9689409
3843,2023-05-11,165.09164428710938,165.52337584307276,163.7964090785072,164.52704730425754,12616726
3844,2023-05-12,160.57493591308594,165.78905212213098,160.17640723400936,165.29088789489288,13853807
3845,2023-05-15,161.57127380371094,163.16540212668772,160.97347399339836,161.67090935769141,12187763
3846,2023-05-16,159.81112670898438,162.4348004911775,159.41259791690678,161.77058133319036,11418509
3847,2023-05-17,158.61550903320312,160.67458531393163,157.71880253600864,160.01036628701465,11560929
3848,2023-05-18,156.52322387695312,160.07679313809277,155.82578845992708,160.07679313809277,14497723
3849,2023-05-19,155.22799682617188,157.7520347882121,154.09882977206402,156.52323216731307,10071694
3850,2023-05-22,155.65972900390625,158.74835023632295,154.53056204363693,155.89220296471805,12566129
3851,2023-05-23,155.49365234375,157.12099686737128,154.99548813492964,155.46044950463673,12458561
3852,2023-05-24,156.62286376953125,157.98450476930344,155.991847538208,157.95130192359488,8877971
3853,2023-05-25,158.0509033203125,159.61182875821402,156.95495279728542,157.88484857275446,12502747
3854,2023-05-26,157.61920166015625,158.01773042711235,155.95865386986202,157.98451406587748,6811801
3855,2023-05-29,155.7593536376953,158.31659405440615,155.49366333815794,158.2169585028834,13638297
3856,2023-05-30,156.15789794921875,156.68927860144245,155.22798856461293,156.68927860144245,9469926
3857,2023-05-31,155.32762145996094,156.22431447082212,152.77038083136748,156.091476066832,48104157
3858,2023-06-01,154.76304626464844,155.49368455288305,152.80360537616852,154.72982990508567,8804790
3859,2023-06-02,155.82577514648438,156.15788464744173,154.82944664361227,155.42724644804957,6617781
3860,2023-06-05,156.489990234375,158.08411850181312,155.95862315427553,157.0545736691675,27428302
3861,2023-06-06,156.29074096679688,157.41990789649117,155.72614398837916,157.05458202969976,6898603
3862,2023-06-07,158.88119506835938,159.44579208491356,156.85533502664836,157.2206474045447,11153571
3863,2023-06-08,160.50852966308594,163.0325538431679,158.91440130465116,158.91440130465116,19300834
3864,2023-06-09,162.66725158691406,163.06578032287075,160.60817518982836,161.7705585526187,11037141
3865,2023-06-12,160.50852966308594,163.69677286638483,160.20962299449596,162.73366068814855,8188909
3866,2023-06-13,160.9070587158203,161.7041161399441,160.37567809069068,160.74100395966363,6443218
3867,2023-06-14,163.72999572753906,164.19494365683383,160.8074292065645,160.8074292065645,10297426
3868,2023-06-15,163.69676208496094,164.02887157469596,161.93659260022113,164.02887157469596,9732749
3869,2023-06-16,163.69676208496094,164.2945618691979,162.40154048042226,163.66355924412926,9702361
3870,2023-06-19,161.47166442871094,164.9256119407352,161.0067164528483,163.696795765035,10431647
3871,2023-06-20,165.2244873046875,165.85548999147798,161.90339208248272,161.96981128421262,13426365
3872,2023-06-21,171.50137329101562,172.06597036016962,165.22450794245012,165.25772430424956,31172093
3873,2023-06-22,168.41275024414062,171.36851969389744,167.84815322498955,171.36851969389744,7430965
3874,2023-06-23,166.12115478515625,169.14335637838795,165.75584247499165,168.4459210834671,5593393
3875,2023-06-26,165.05844116210938,166.22082455057492,164.16174810800743,166.05476978079415,7305362
3876,2023-06-27,165.75587463378906,166.08798416940988,164.49385569571555,164.79274887234567,11142907
3877,2023-06-28,166.15438842773438,167.71530040202927,163.69676997706736,166.58613348791903,17808717
3878,2023-06-30,169.47547912597656,172.49766744239204,166.85180598992198,170.37217206571367,17659979
3879,2023-07-03,166.3868865966797,169.34265622260892,165.7226674885093,169.07697939019866,12467239
3880,2023-07-04,165.78907775878906,167.71531577135258,165.52338742713002,167.71531577135258,8637967
3881,2023-07-05,168.21348571777344,168.67843367859314,165.72266411287058,165.8555025263699,5340907
3882,2023-07-06,174.49032592773438,175.088125730562,168.97731633482869,172.66372367738722,16705046
3883,2023-07-07,169.6747589111328,174.3907251991779,169.17659460016228,174.3907251991779,13149183
3884,2023-07-10,166.0547637939453,170.30576844978455,165.05843521118163,169.6747522392248,15319047
3885,2023-07-11,168.37953186035156,169.64155077819274,166.0879815067339,167.38320326946192,7486045
3886,2023-07-12,167.41641235351562,169.2097983337641,166.81861252224252,168.71163405996498,9390877
3887,2023-07-13,161.47166442871094,167.51605568278777,160.54175496341315,167.21716248595786,30591450
3888,2023-07-14,159.44578552246094,162.33513563586462,157.22064093367436,161.4052262796872,72085831
3889,2023-07-17,160.0767822265625,162.70044192401784,158.88118259703552,161.07311074664483,11474161
3890,2023-07-18,160.17642211914062,161.87017254100806,159.14687721507886,160.07678656172,14940593
3891,2023-07-19,161.57127380371094,163.53071447318908,159.7778878863435,160.07678103471463,22954874
3892,2023-07-20,162.23548889160156,163.2982365767138,160.9402672618663,162.03621778845613,10249082
3893,2023-07-21,162.1358642578125,163.59715424761484,160.87384538457394,161.5712807789763,18466409
3894,2023-07-24,164.36099243164062,164.82595385756824,161.30558761748057,162.1026585561119,14825562
3895,2023-07-25,166.818603515625,167.05107746146572,164.82594652801308,165.35731361656755,10500017
3896,2023-07-26,166.71897888183594,169.80760011762,166.05475984246607,168.64521679872274,12898171
3897,2023-07-27,166.5196990966797,168.31309851776834,165.8554800918847,167.3831892083413,10836773
3898,2023-07-28,171.50137329101562,173.46082782500943,166.1212010617348,167.25038168647006,17518458
3899,2023-07-31,176.71546936035156,177.34647200137036,172.13235558344482,174.0253770200713,24269734
3900,2023-08-01,167.25035095214844,174.02537940127374,166.38686083976745,174.02537940127374,31395702
3901,2023-08-02,165.09164428710938,168.57879417296263,163.7964090785072,167.98099434695936,20825405
3902,2023-08-03,165.19125366210938,166.453272417209,163.46428702997974,165.3905247600192,10882019
3903,2023-08-04,164.29458618164062,165.42376672197855,163.79642187331936,164.72633128490008,7406390
3904,2023-08-07,164.69308471679688,165.35730367272436,163.39786315816593,165.25768164019064,6345966
3905,2023-08-08,163.5418701171875,166.08134015006308,162.96625966523703,166.08134015006308,15171726
3906,2023-08-09,162.7631072998047,164.8962650237864,162.35679482321476,164.55766899704352,18442141
3907,2023-08-10,163.7450714111328,164.32068199729795,162.5599851194652,162.8985812027988,9962450
3908,2023-08-11,165.43801879882812,166.7585377491894,164.42223075162494,166.25064372558782,23866073
3909,2023-08-14,165.57347106933594,166.11523026890987,163.03400065416207,165.81048555258374,9188486
3910,2023-08-16,167.97750854492188,168.38382105577912,164.59154799193018,165.64118749685235,9191471
3911,2023-08-17,165.03170776367188,168.48539846438538,164.01591962287577,167.97750439398735,15301142
3912,2023-08-18,163.20327758789062,164.99783920483563,162.59380201152157,164.99783920483563,12292241
3913,2023-08-21,167.40187072753906,167.74046675552964,163.6773144196427,164.08364067523752,9129526
3914,2023-08-22,167.80821228027344,169.3996110013971,167.06328992878207,167.94364519281245,11107830
3915,2023-08-23,169.02713012695312,169.29800969797134,167.40186647835114,169.29800969797134,8487619
3916,2023-08-24,166.79241943359375,171.09258650516654,166.4538233842178,169.29802468797234,18982087
3917,2023-08-25,163.88047790527344,167.53731777105793,163.4741654262991,166.69082769923318,12851343
3918,2023-08-28,168.2822265625,168.6208225918008,164.2529393248235,164.55767024019113,11908665
3919,2023-08-29,170.0767822265625,171.3295847349331,168.3499370275198,169.0271290620452,12363321
3920,2023-08-30,167.33416748046875,170.3815319728276,166.89398985384852,170.1783826065089,6748007
3921,2023-08-31,165.60733032226562,169.02714209377692,164.93013823552974,167.84205594198912,20715819
3922,2023-09-01,170.78782653808594,171.05870610889127,166.04748227026826,167.26643345013858,13120723
3923,2023-09-04,172.95484924316406,173.69975772938707,169.8397686241814,171.73589806388475,10240031
3924,2023-09-05,172.2099609375,174.03837414317573,171.32960567402122,172.88715305478863,10893186
3925,2023-09-06,172.3453826904297,174.20766089238916,170.75398407334777,173.83519974099406,10018473
3926,2023-09-07,174.03839111328125,174.51242013060127,170.75401177968052,172.00681456332077,13760453
3927,2023-09-08,175.1557159423828,176.95027752233895,174.10606281707638,174.8848363831902,16781751
3928,2023-09-11,179.11729431152344,179.45589033101592,174.44466648702573,176.30694459423438,17683806
3929,2023-09-12,172.7291259765625,184.4219729111432,172.1422179186637,183.29331946615457,29826173
3930,2023-09-13,174.44468688964844,175.70878711010414,172.72913903457652,174.44468688964844,10692151
3931,2023-09-14,176.2053680419922,176.65682941414948,174.89613281823756,175.34759419039486,10941807
3932,2023-09-15,175.25732421875,177.15345386716623,173.54176260064907,177.10830497083302,20516593
3933,2023-09-18,180.67486572265625,181.03602934750796,175.2573286848256,176.29568443940616,25627043
3934,2023-09-20,184.78314208984375,185.9569444636259,179.1850235889308,179.41075428475395,33369524
3935,2023-09-21,182.0292205810547,185.59576246606275,180.9457023264893,185.09915222897143,20332556
3936,2023-09-22,179.81704711914062,183.20300718624097,177.33400973660034,181.08114714402882,21193988
3937,2023-09-25,179.59132385253906,181.17143861566726,177.60489662010795,180.5845443575083,11951847
3938,2023-09-26,179.09474182128906,180.62970781661915,178.41754972533386,179.77193391724427,7440011
3939,2023-09-27,179.9976806640625,180.22341138283983,178.1466860145863,179.9525317648051,6736870
3940,2023-09-28,181.26174926757812,184.60256081987242,178.59812980470193,180.67485496775242,50185120
3941,2023-09-29,180.35882568359375,182.30010415366542,179.77193138636508,181.4423302663665,16293959
3942,2023-10-03,180.17823791503906,180.58455039793284,177.78548435576175,179.45589695794575,10830728
3943,2023-10-04,179.681640625,180.0428042408809,176.4311129720367,179.59134283227536,14120040
3944,2023-10-05,177.51461791992188,180.13308838036264,176.3859644839547,180.13308838036264,14575590
3945,2023-10-06,177.9209442138672,178.28210783041172,175.9345167678546,177.8757953174219,12857229
3946,2023-10-09,177.19859313964844,177.78548742757908,174.94128622067203,177.42432383154608,7853369
3947,2023-10-10,178.73355102539062,179.2753101725064,176.7019748899675,177.19858514523906,7440527
3948,2023-10-11,179.2301788330078,179.81707315193606,178.19182310643976,178.19182310643976,10031916
3949,2023-10-12,181.26174926757812,182.39040274994161,178.19181730655274,178.19181730655274,21872719
3950,2023-10-13,182.20982360839844,182.75156902133702,179.95251661071637,180.99087231864672,13105921
3951,2023-10-16,183.3384552001953,184.06079610864305,180.67483601670705,180.85541779944225,18336656
3952,2023-10-17,187.0404510498047,188.71086372777643,182.93216336386226,183.78993726166863,19378328
3953,2023-10-18,186.45355224609375,188.21424889436878,184.19624531817493,188.21424889436878,14923328
3954,2023-10-19,185.82150268554688,187.26617080333807,182.5709753098783,184.19623899771258,13192888
3955,2023-10-20,183.1578826904297,185.27974285563158,181.39717233147573,185.27974285563158,22081120
3956,2023-10-23,180.35882568359375,185.23460319482527,179.68163359717224,182.39040194285826,6988219
3957,2023-10-25,180.1331024169922,180.99087633966658,178.5981363799682,179.68164100742578,16817158
3958,2023-10-26,179.636474609375,180.58454623259763,177.24373488279608,179.4558928186439,11070090
3959,2023-10-27,181.44232177734375,182.20981161705004,179.81705809047062,179.90735587543875,9995487
3960,2023-10-30,181.35203552246094,182.57097293937926,178.46267176937872,181.4423195288026,7679981
3961,2023-10-31,182.5258331298828,183.24817410409682,181.08116495896292,181.93893883818225,7474770
3962,2023-11-01,181.44232177734375,182.70642187935957,181.03600930000238,182.70642187935957,5598615
3963,2023-11-02,183.38360595703125,183.8802024202315,181.3971649942021,182.1646548005231,12924797
3964,2023-11-03,184.55740356445312,186.45354683993008,183.38361501797547,183.6544808194656,8684015
3965,2023-11-06,187.988525390625,188.6657174948978,185.05402627210958,185.09917516789616,9804415
3966,2023-11-07,187.80795288085938,188.80117352729073,185.77637646748468,187.98853469543525,10730361
3967,2023-11-08,186.90501403808594,189.2526187592294,186.58898555648688,188.71085958434762,7435543
3968,2023-11-09,189.4331817626953,190.06522488567364,186.09237058908982,187.17587505383935,13777877
3969,2023-11-10,190.65213012695312,192.32254269895648,189.2526109086616,190.06523585976686,12066023
3970,2023-11-13,191.69052124023438,194.21870794183724,190.24583918860156,191.41964163336456,11352269
3971,2023-11-15,189.74920654296875,194.12838730242171,189.43319185339953,194.12838730242171,19182861
3972,2023-11-16,190.71568298339844,192.23442153364775,189.33501923490158,190.2554617338995,27533260
3973,2023-11-17,192.83270263671875,193.93723082137438,190.4395465326,191.17590333731636,16705395
3974,2023-11-20,192.6486358642578,194.39747115795637,192.23443950994385,193.3849927412822,11156900
3975,2023-11-21,192.3264617919922,193.43099000729424,191.40601927176746,193.29292924719584,9608081
3976,2023-11-22,194.76564025878906,195.68608276654356,191.6361273055209,191.6361273055209,13079580
3977,2023-11-23,194.12132263183594,196.1463074198616,192.602598085655,195.1798399610018,11382709
3978,2023-11-24,193.70713806152344,195.2258767447173,192.83272041989983,194.48951987209352,7250200
3979,2023-11-28,193.47702026367188,197.38890108221955,192.83271329076118,197.38890108221955,15629209
3980,2023-11-29,194.25938415527344,194.627555521648,192.46452416573203,193.5690523096931,10062023
3981,2023-11-30,192.3264617919922,195.87017111279275,191.68215483680254,193.66110063735042,60354322
3982,2023-12-01,193.47702026367188,195.5480159911383,192.7866883545164,194.67359838184242,20719909
3983,2023-12-04,195.96218872070312,197.066730878162,194.8576606080812,194.8576606080812,27914088
3984,2023-12-05,204.6143798828125,205.4887974886903,194.71962255692932,196.69856840417052,40709207
3985,2023-12-06,206.54730224609375,208.25012657859452,204.79846702204324,208.0200159414911,29544730
3986,2023-12-07,211.70176696777344,213.91082326602393,206.4092227935791,207.09955464238706,24534268
3987,2023-12-08,210.4131622314453,214.83127501895567,208.43420241906983,213.3585754380649,22206320
3988,2023-12-11,212.57618713378906,214.37104715395503,208.5262458552178,209.8608846371444,19106395
3989,2023-12-12,212.94435119628906,214.7392110364586,211.2415271676351,211.70174835972145,14355329
3990,2023-12-13,218.09886169433594,218.60510791109783,212.25405986761623,212.62223127353096,26878281
3991,2023-12-14,213.6346893310547,218.69712259439876,212.7142469195376,218.37496213243315,29972018
3992,2023-12-15,218.46702575683594,219.15735760897064,209.07850133193375,216.30398033554548,41341690
3993,2023-12-18,213.40460205078125,218.05282550106932,213.0364166190341,218.05282550106932,29051897
3994,2023-12-19,214.96934509277344,215.75171277780075,212.48415319325767,213.680717187398,12612164
3995,2023-12-20,209.0784912109375,216.67214121682875,208.20407371619618,216.25794493456567,20400245
3996,2023-12-21,213.86483764648438,214.64720540733333,204.9825583821568,206.5933328863529,17755207
3997,2023-12-22,213.3125457763672,215.56762705435582,212.16199267077727,214.46309888195708,9735375
3998,2023-12-26,214.78526306152344,217.040344378276,212.66824250187983,213.54266006819145,6772092
3999,2023-12-27,215.42958068847656,217.08638008015362,214.00289193328692,216.30399829816096,10231881
4000,2023-12-28,220.07781982421875,220.86018756659757,215.47560706373605,216.39604961583257,39164340
4001,2023-12-29,218.32896423339844,219.29543169411352,216.0738828549555,218.881235366618,12665999
4002,2024-01-01,219.29542541503906,220.44597853893748,217.5926011737342,218.97326492241234,5952776
4003,2024-01-02,218.92724609375,220.9982416416608,217.36248266612523,220.906191777152,9128513
4004,2024-01-03,218.19091796875,219.7096426187478,215.93583644048323,217.22445044382445,8284439
4005,2024-01-04,222.24082946777344,223.75956795579253,218.19088825606391,219.06530578531513,19663959
4006,2024-01-05,222.05674743652344,225.50840672310153,220.26188741647036,222.74707929383905,16345257
4007,2024-01-08,223.06924438476562,225.73852200356993,221.27437028281187,223.1152552736667,13585746
4008,2024-01-09,223.02322387695312,225.18625535723046,222.28686705703055,223.29935944002887,8688409
4009,2024-01-10,220.1238250732422,222.83914176819286,219.0653217834006,221.82664936890563,16872195
4010,2024-01-11,222.7010498046875,223.7595670578172,220.1698330463178,221.13630043575367,18812468
4011,2024-01-12,220.44598388671875,223.34537221134363,219.80167693067304,223.2073114510618,11296498
4012,2024-01-15,221.9647216796875,222.28688219936134,218.14489060558444,221.27438974739135,12597366
4013,2024-01-16,220.03179931640625,223.11527350109003,218.78919622812953,222.42494157312274,7478450
4014,2024-01-17,220.1698455810547,222.01073060103815,218.7891818160671,219.5255386330281,13620300
4015,2024-01-18,214.8772735595703,216.94826894114755,208.0660054780952,209.17053353930245,25522629
4016,2024-01-19,216.6721649169922,218.09885364069706,213.91083734008146,216.30399352467276,20931080
4017,2024-01-23,219.019287109375,227.16520874234408,217.45453768946598,221.82663950544466,27492163
4018,2024-01-24,226.61294555664062,227.34930238141854,216.3039921442646,217.36249542405656,28309825
4019,2024-01-25,225.9686279296875,228.9140410448544,223.75957160452174,225.2782960724685,20651484
4020,2024-01-29,233.7463836669922,234.71285115719547,225.6464863867173,225.92262196175236,26181011
4021,2024-01-30,233.88442993164062,236.50769650704913,231.49127396653682,233.7923800695839,16031367
4022,2024-01-31,238.67074584960938,239.31506688092918,232.31969776955106,233.79241149136928,34369455
4023,2024-02-01,244.65357971191406,249.39388056356623,237.75026168291342,238.39458260148933,29929092
4024,2024-02-02,255.0546112060547,259.0125025469763,242.9507984786855,243.45703059566105,33900724
4025,2024-02-05,260.3931884765625,266.37606497572915,253.0296481698959,255.42280438749796,27440927
4026,2024-02-06,252.43138122558594,260.39320404010715,250.6365069326866,260.39320404010715,29668277
4027,2024-02-07,246.63255310058594,252.5693897456716,245.57402186547972,250.45238345480502,27335466
4028,2024-02-08,254.22622680664062,265.13344783422536,249.25581489216967,249.25581489216967,69776717
4029,2024-02-09,251.2808074951172,257.21767297400424,247.69108729169366,256.43529121551643,24496638
4030,2024-02-12,248.79559326171875,254.04212667900316,245.067812421321,251.46489894856467,19140023
4031,2024-02-13,248.7495880126953,249.30185913593164,243.22693295968452,248.79559890226662,22031847
4032,2024-02-14,251.87908935546875,253.1216923723227,245.75815223058243,248.05925852487627,13546941
4033,2024-02-15,263.5770263671875,265.16795188477124,253.9379700457916,254.54625501687218,25475670
4034,2024-02-16,256.93255615234375,264.7467557788312,255.76276664416642,263.9045130448063,25129188
4035,2024-02-19,258.6170959472656,260.4419506262549,255.7627921273332,257.4473063225352,11429901
4036,2024-02-20,269.4259033203125,270.22136586676123,259.88043844086667,260.48872324956994,43053543
4037,2024-02-21,262.12646484375,270.8764969493412,261.33100218700224,269.09839387214606,24651085
4038,2024-02-22,264.466064453125,265.30830733597855,255.71603167391936,262.12648502335446,26793590
4039,2024-02-23,263.8577575683594,266.89921057410527,261.09704264710945,264.4192337373513,14313526
4040,2024-02-26,269.33233642578125,272.79492494138776,263.9513044586698,264.7935757879309,31012494
4041,2024-02-27,273.73077392578125,274.57301674907404,265.86979330951965,265.86979330951965,36510093
4042,2024-02-28,261.6116943359375,274.80692469888646,260.53549378193117,272.794892609342,18824161
4043,2024-02-29,264.70001220703125,266.7120447273211,256.7922226150729,261.6585590654039,35043015
4044,2024-03-01,269.2388000488281,270.82969685367067,266.3377159749979,266.7120429550009,15149735
4045,2024-03-04,275.7427978515625,277.94200800386034,269.5195229128343,269.5195229128343,23131460
4046,2024-03-05,276.0703430175781,276.4914786933653,271.15722674353646,273.3096281636759,13220556
4047,2024-03-06,274.8537292480469,275.97670993809555,268.1157308705084,271.6718792279633,15969436
4048,2024-03-07,273.87115478515625,279.7201031982995,272.3270381159501,275.13453335425885,14908694
4049,2024-03-11,267.22674560546875,273.2160916712282,266.1505448015434,269.8938718129837,19020659
4050,2024-03-12,266.8523864746094,270.12779721510617,264.60639625013175,266.6184285645739,17906155
4051,2024-03-13,247.34031677246094,265.68262453746604,245.00073742894799,265.12111978315926,39389523
4052,2024-03-14,249.25877380371094,251.17721732493757,243.97133052094708,247.10634380305163,26005940
4053,2024-03-15,248.8844451904297,254.5462153959138,241.1170251585676,250.89647757820327,43817794
4054,2024-03-18,247.90179443359375,249.53949979506808,242.84830931576457,248.88443478606737,12423655
4055,2024-03-19,242.38040161132812,249.39913910972564,241.72530802108463,245.32826564879187,20031514
4056,2024-03-20,247.66786193847656,248.13577780405438,242.3336382064802,243.26946993763585,11308487
4057,2024-03-21,256.18389892578125,256.88577262146833,249.9606245358853,250.61568951627163,23559105
4058,2024-03-22,258.0555725097656,260.39515158963655,253.93791904105572,256.18390924586885,22097588
4059,2024-03-26,252.72132873535156,256.5114640995812,249.0248108084402,252.76813745401068,28477120
4060,2024-03-27,252.9085235595703,255.29488303344507,251.9259116725202,253.61039735298263,18094214
4061,2024-03-28,259.13177490234375,261.5649428734951,254.2186588018577,254.54620558708646,26646830
4062,2024-04-01,262.1732177734375,263.53018502102066,259.8336387667866,262.7347224468965,8945400
4063,2024-04-02,261.6116943359375,263.6237549847939,260.62908264734733,261.3309562990009,13229425
4064,2024-04-03,262.12646484375,264.9339599433418,260.6759085733707,262.1732450050164,14499308
4065,2024-04-04,259.8336486816406,268.3029421444806,257.4004807100149,264.6531759073845,23722104
4066,2024-04-05,260.53558349609375,261.986140011257,257.4941299582853,261.986140011257,9308711
4067,2024-04-08,263.6705627441406,265.9633616699896,261.1438059099118,262.54755336019116,14473340
4068,2024-04-09,263.1559143066406,266.10377877287465,262.9687365223984,264.70003106901845,5780865
4069,2024-04-10,264.4192199707031,267.0395657132801,262.03286069877964,262.03286069877964,8809693
4070,2024-04-12,257.5876770019531,266.1973401183883,257.02617226665217,263.4366251627604,17731780
4071,2024-04-15,256.4646301269531,258.4766908482731,251.1771874726003,252.90848158756,13378690
4072,2024-04-16,256.6518249511719,257.86839464845417,253.84433005653736,255.4820354117408,9662195
4073,2024-04-18,262.12646484375,271.2976040786897,259.88047447594,269.42594067896187,51039603
4074,2024-04-19,263.5770263671875,264.13853117100064,257.07301235437086,260.25483483021765,18755469
4075,2024-04-22,265.4486389160156,266.4312792733896,263.6237843540043,265.7761857018069,14965203
4076,2024-04-23,267.03955078125,268.7240362249676,262.6879395855513,265.44862564938376,11464036
4077,2024-04-24,271.7655029296875,273.1224702333387,266.15051308172156,266.7120177783812,19324163
4078,2024-04-25,274.47943115234375,275.6024406363888,270.68932412249734,273.26286134405956,22022414
4079,2024-04-26,273.4967956542969,277.1465333232782,272.74814176913173,275.36845892652474,15581578
4080,2024-04-29,274.8537292480469,275.6959719054113,271.01681429859616,273.5435422706894,9804396
4081,2024-04-30,282.4808044433594,284.82038369407576,274.2454683452475,274.8537817978874,33288857
4082,2024-05-02,293.476806640625,296.89258639875555,282.48078492215257,282.57437379757704,44059506
4083,2024-05-03,290.9032897949219,295.8164062222536,288.4701216619037,291.9794905385692,27074447
4084,2024-05-06,287.1599426269531,290.8564604459498,283.6505739991819,290.2949843129584,16855909
4085,2024-05-07,276.3042907714844,288.5168822082761,275.6024170438684,287.30031250413447,13857464
4086,2024-05-08,282.6211853027344,283.4166479930991,273.2628679086041,273.2628679086041,18754452
4087,2024-05-09,277.14654541015625,284.82037658468664,276.30430261278497,283.3230401897397,11196567
4088,2024-05-10,284.2588806152344,284.91397423297167,277.2401428222656,277.2401428222656,11786977
4089,2024-05-13,286.87921142578125,287.9086320622395,278.5035344021713,284.68002966160225,11710605
4090,2024-05-14,289.40594482421875,292.91531359734995,288.0021973149663,288.236155233175,9957875
4091,2024-05-15,294.6466369628906,296.003575886737,289.0316463721136,290.1078471901487,11397656
4092,2024-05-16,292.4473571777344,295.34844067279994,285.7093586446345,294.31902026367186,19843532
4093,2024-05-17,293.0556945800781,295.72282066822146,290.80970418560065,294.693400074285,9069551
4094,2024-05-21,304.75360107421875,306.4381153454307,291.04367176561226,291.04367176561226,21976662
4095,2024-05-22,304.8471374511719,306.7188006128061,299.65328360136226,306.7188006128061,10287081
4096,2024-05-23,299.3725280761719,300.12121050413447,289.17196917943966,298.95142098480017,35705284
4097,2024-05-24,298.3431701660156,302.2268950322845,297.0330113414128,297.5945161403342,15058182
4098,2024-05-27,297.5477294921875,300.86992092784953,294.3190983882074,300.86992092784953,12857918
4099,2024-05-28,292.72808837890625,298.9981709940555,291.97943458574434,298.5302552335014,10935739
4100,2024-05-29,297.313720703125,298.24955233447344,289.2655629616654,289.2655629616654,16812268
4101,2024-05-30,287.0195617675781,297.26690060285773,284.3056272931392,294.4126256602685,22768893
4102,2024-05-31,290.1078186035156,291.51156611288746,286.08375383370947,288.75085125406304,36929443
4103,2024-06-03,315.98358154296875,326.3245394135394,304.70682049099423,313.5036331419187,55218939
4104,2024-06-04,276.9593811035156,313.4568145129152,261.7988973405007,313.4568145129152,73262478
4105,2024-06-05,279.6264953613281,281.73211664736016,261.28421722823555,277.2869161546258,45312613
4106,2024-06-06,281.17059326171875,291.46474004227434,278.97138346491954,283.93127912637163,36508044
4107,2024-06-07,289.4995422363281,290.71611202314534,277.75483726048566,278.9246268860088,38016104
4108,2024-06-10,295.5356140136719,302.60115987646884,291.60513834737,292.91529690280396,25478964
4109,2024-06-11,296.2375183105469,299.18541106374397,294.9273596198579,295.91000005736277,12238518
4110,2024-06-12,303.8177185058594,306.1105173139477,296.5650237185889,299.3725184749517,20346144
4111,2024-06-13,300.8231201171875,306.9060263436846,300.0744375998741,306.0169747791617,11756503
4112,2024-06-14,300.869873046875,305.0811154378888,298.85784072747595,305.0811154378888,14159988
4113,2024-06-18,310.5089416503906,311.1640352535985,301.3378025613796,301.3378025613796,21653702
4114,2024-06-19,306.2976379394531,313.36318288650307,304.5195638047218,312.56772040116493,14235150
4115,2024-06-20,303.7241516113281,307.23352031070095,301.61853039170444,306.4848664118943,11749507
4116,2024-06-21,305.03436279296875,308.4501428841355,302.2736477750116,305.736236588112,17209541
4117,2024-06-24,311.585205078125,312.5678170312919,301.85253164047333,302.3672562592005,18044357
4118,2024-06-25,306.3913269042969,313.5036543262489,304.8939903060985,313.5036543262489,13979671
4119,2024-06-26,305.7362060546875,309.0116167715787,304.0985006962419,304.80037442129,12946277
4120,2024-06-27,310.27496337890625,311.16401484504655,303.53699282461736,307.4674685081239,27061015
4121,2024-06-28,309.7135009765625,315.7028179211071,308.4501225168633,311.63194446621674,21676594
4122,2024-07-01,308.45013427734375,310.46216672208163,304.37926066724054,309.76029294652307,11959181
4123,2024-07-02,309.5731201171875,312.94212000543337,306.9995828991176,308.8712463304412,12684459
4124,2024-07-03,313.6440124511719,315.2817180510087,307.9822416583208,309.85390520099145,9369793
4125,2024-07-04,313.50360107421875,316.9661895844363,312.47418055285823,315.3752643642141,12878827
4126,2024-07-05,317.6213073730469,318.0892232732898,311.4916205035923,313.50365316277293,10894118
4127,2024-07-08,317.6213073730469,319.1186439656883,315.2349477055359,319.1186439656883,7828162
4128,2024-07-09,319.2589416503906,320.38195098364184,316.4046667207382,318.1827410322912,9214579
4129,2024-07-10,323.84454345703125,325.48224890723014,313.9715305952731,320.9902682389827,10662609
4130,2024-07-11,320.8031005859375,326.37131071578324,320.05444663741326,326.13735278695475,12642065
4131,2024-07-12,321.0838928222656,323.70421041022274,318.27639745260313,320.8031261497075,11380570
4132,2024-07-15,321.7857360839844,323.23626379673215,318.36995608737533,323.23626379673215,5277531
4133,2024-07-16,320.4755554199219,324.73357794329087,319.58650394130785,320.7562934872131,11363095
4134,2024-07-18,319.35260009765625,322.5812312146792,315.32853480220496,320.0544739440247,13908161
4135,2024-07-19,310.88330078125,319.91407093422737,309.76029132251716,317.7616408982089,12937990
4136,2024-07-22,316.87261962890625,317.62127356588127,308.35654543905974,308.82446128949834,10678640
4137,2024-07-23,312.8017272949219,318.6506750753056,300.4955468768576,317.34051648436275,15954324
4138,2024-07-24,315.5156555175781,317.05977212820784,309.1052025880914,309.66670732631604,12573882
4139,2024-07-25,317.6680908203125,320.61595504540355,309.2456052861565,309.2456052861565,16271884
4140,2024-07-26,322.1132507324219,323.37660055512373,316.778999145827,318.5102933316035,11468068
4141,2024-07-29,320.3819885253906,323.70417963996675,316.07715698924727,317.99560055242785,31849674
4142,2024-07-30,327.3538818359375,334.0451006147968,321.2709764437482,322.861901585431,25813219
4143,2024-07-31,325.8565979003906,328.14936834914283,320.6159348528889,325.90337806001816,17976593
4144,2024-08-01,337.9288024902344,339.23896104170495,327.68143486400743,328.6172664806742,26792459
4145,2024-08-02,335.2616882324219,337.8820054257251,331.28440372443083,335.0277303201871,13771470
4146,2024-08-05,320.8031005859375,332.0330811697064,319.58653077975623,330.11463757703956,13566586
4147,2024-08-06,318.8846130371094,328.28970905585777,317.48086565763566,320.8030563653314,12273667
4148,2024-08-07,329.45953369140625,329.92744953448977,321.364595317924,323.65739437276005,12441847
4149,2024-08-08,320.6627502441406,332.2202783142611,319.35259147814537,332.2202783142611,15489731
4150,2024-08-09,323.79779052734375,326.55850565643453,322.20686510391533,325.57586516808675,8720610
4151,2024-08-12,319.2589416503906,321.7388896553972,317.7148252366555,320.99023580610555,12521136
4152,2024-08-13,315.3284912109375,320.4755653727706,313.6439770769298,315.3752713705005,10435954
4153,2024-08-14,312.0998229980469,316.6386117430144,311.1639914448293,315.37523343430826,12385993
4154,2024-08-16,319.50726318359375,320.4036779626853,311.95836164964834,314.22302635047714,13013828
4155,2024-08-19,321.1113586425781,323.94219646357095,320.16774603558054,323.3288540283768,5891370
4156,2024-08-20,321.30010986328125,323.32887131745395,319.69595682689925,321.2529407491177,6393840
4157,2024-08-21,317.66717529296875,321.7247267416092,317.1953689940644,320.8282832549824,10118601
4158,2024-08-22,315.1666259765625,318.65800430998206,311.86398169237697,317.0538512818114,18370039
4159,2024-08-23,317.28973388671875,317.95027421946645,314.55326313076745,315.7799479809891,7494822
4160,2024-08-26,319.1769714355469,322.24371247668665,316.91230688759805,317.4784802237783,7993675
4161,2024-08-27,316.4404602050781,322.1965022611932,316.11019006804145,319.8846400987046,9589690
4162,2024-08-28,315.59124755859375,319.79030637674106,314.93070721576225,316.4404931445404,8790600
4163,2024-08-29,314.506103515625,316.9595023115514,310.2598463369436,313.75122486923584,17653536
4164,2024-08-30,318.3748474121094,321.6303220115561,315.2137398207333,316.11018320225276,22713812
4165,2024-09-02,316.6291809082031,320.73390127657825,315.3553269979917,319.31848244588133,9789776
4166,2024-09-03,315.7799377441406,318.89387647315596,315.1665953389129,317.0538204607028,8434423
4167,2024-09-04,314.1286315917969,315.82715156505975,312.33577339510674,312.52450743550423,9025610
4168,2024-09-05,312.5716857910156,315.4496928131749,311.0147307003922,313.60966545035535,13912371
4169,2024-09-06,311.2033996582031,314.31733827308625,306.6740710506246,314.2701403687094,23755639
4170,2024-09-09,310.0238952636719,310.63726646547246,305.30583246071376,309.22184762458505,18597200
4171,2024-09-10,315.30816650390625,316.3933153101741,308.5613417030864,308.5613417030864,15472387
4172,2024-09-11,314.4117736816406,318.2333937258353,313.2794268850328,317.9031235104267,10134008
4173,2024-09-12,319.1297912597656,319.8846698173223,314.4588973941671,315.96868330605145,18410837
4174,2024-09-13,318.23333740234375,322.00778766063695,317.14818871243847,320.63953792329755,10417461
4175,2024-09-16,319.1769714355469,322.24371247668665,318.04462476318645,318.23335880750386,7748570
4176,2024-09-17,317.903076171875,320.8282809635439,315.638411712663,317.71437093172375,11451846
4177,2024-09-18,315.4496765136719,319.7903001759544,314.31735868662264,319.4128609002713,6583254
4178,2024-09-19,316.01580810546875,319.2712826215887,314.3173171907427,317.2425215854528,10589610
4179,2024-09-20,321.6303405761719,323.6119326729625,315.87429831283504,319.0825751950454,31236123
4180,2024-09-23,321.9134216308594,323.1873043562893,321.0641760794962,322.7154980725575,6542941
4181,2024-09-24,330.31158447265625,331.2080279759151,323.04578461278606,325.1217150884182,26145769
4182,2024-09-25,343.2391052246094,345.5981368756376,332.4819266552752,333.89734564589213,40770462
4183,2024-09-26,344.8432312011719,345.45657362294673,337.0584273637651,343.52215054286194,18733959
4184,2024-09-27,334.2747802734375,342.8144632119609,333.4255346503048,341.77651233745024,33148043
4185,2024-09-30,332.9537353515625,337.294359379655,329.9813612094988,334.2747873261715,16356171
4186,2024-10-01,331.019287109375,335.9260841265613,330.2172394403099,331.302388166196,9856291
4187,2024-10-03,324.7442626953125,330.17003501440104,323.2816747193099,323.6591139908489,19350466
4188,2024-10-04,319.7431335449219,327.85820762051003,318.7051539311656,323.659120054448,20121706
4189,2024-10-07,310.4013977050781,320.82830613578176,306.67411615920315,320.82830613578176,13851446
4190,2024-10-08,308.702880859375,312.33579541739124,304.1735515381948,308.84441700126683,21148292
4191,2024-10-09,311.15625,313.09064428114004,307.14589651250947,308.5613153904473,9228363
4192,2024-10-10,315.49688720703125,319.0354345539096,311.48653354723575,311.5809005691736,20773976
4193,2024-10-11,311.4393005371094,316.4404641684378,310.9203251701005,315.59121866025566,6098468
4194,2024-10-14,312.05267333984375,312.8075518406612,309.3161739816506,311.43930216156457,5944216
4195,2024-10-15,311.2506103515625,314.6476213452107,309.0331150642664,314.6476213452107,12415489
4196,2024-10-16,308.75006103515625,313.892732540298,306.62693263842027,312.9963178286282,22085298
4197,2024-10-17,312.4773254394531,313.1850349318255,306.2966740581104,309.9767576590921,17039729
4198,2024-10-18,313.3265686035156,315.0250886498973,309.7408520557755,312.80759316523864,10569021
4199,2024-10-21,312.4773254394531,314.9307241056986,310.8732012014729,314.2230146133262,8745904
4200,2024-10-22,304.5509338378906,316.72352930706927,302.94678107201247,314.1285949366457,11219831
4201,2024-10-23,299.03082275390625,303.7488856840618,296.1528158852197,301.2011489798403,12541589
4202,2024-10-24,301.1539611816406,302.7109162415018,297.47387773194004,297.47387773194004,8327779
4203,2024-10-25,297.9928283691406,303.3714313614416,295.58662791281984,303.3714313614416,12979410
4204,2024-10-28,300.35186767578125,302.3806577262924,293.2276043345509,296.7661514504143,9610615
4205,2024-10-29,302.47503662109375,303.0884079077436,296.4359211572549,298.2759774236563,15856332
4206,2024-10-30,300.493408203125,307.0514977140632,298.8892554554541,300.5877464144733,14498110
4207,2024-10-31,302.7109069824219,304.50379393864205,299.92726712339487,302.3334677062385,9900390
4208,2024-11-01,303.89044189453125,304.5038131534014,301.95604748404565,304.26790999130446,847672
4209,2024-11-04,297.66259765625,306.3910139560511,294.02968349103276,306.24944903269204,9249409
4210,2024-11-05,298.74774169921875,299.7857212726405,294.40711817194506,294.73738832668425,7518195
4211,2024-11-06,300.5406188964844,302.28630799950747,296.1999950934131,299.50263925711073,11019250
4212,2024-11-07,295.3035888671875,301.0124338525791,294.12407306055513,301.0124338525791,14504208
4213,2024-11-08,298.41748046875,299.64416531244285,291.29321695966684,294.2655908476694,15740539
4214,2024-11-11,311.2033996582031,313.65679798596193,295.1619867109397,295.8696961056719,22838987
4215,2024-11-12,304.5037536621094,313.7511442909245,303.6544794070661,312.80753182689165,12069181
4216,2024-11-13,300.06878662109375,306.2966351216401,299.2667102056772,304.45657915667095,12918639
4217,2024-11-14,298.72882080078125,305.1417576490212,297.2930847468302,301.6002929086834,12500377
4218,2024-11-18,298.680908203125,302.03095857840174,296.8144690915435,300.54737652482765,9408101
4219,2024-11-19,301.5523681640625,304.6152829286182,298.87233965266626,299.63805373874516,13157158
4220,2024-11-21,311.9375305175781,312.75111999232894,299.59020828645436,302.46167993137243,25406386
4221,2024-11-22,322.5141296386719,323.13627597551874,310.1189322371218,311.8418035099469,31523269
4222,2024-11-25,328.065673828125,330.6021349026416,321.74842962792195,327.2042380758527,29419152
4223,2024-11-26,324.28485107421875,329.8363804184665,323.42341542721545,327.3477658303637,13997179
4224,2024-11-27,324.715576171875,326.67773672409066,322.08339390371685,322.8012617950327,12177260
4225,2024-11-28,319.3554992675781,327.10847855898857,317.9676388304884,324.71558551905446,16920231
4226,2024-11-29,315.2876281738281,318.2548218283884,312.5118776750942,317.15409670769856,13890537
4227,2024-12-02,313.80401611328125,317.72836675357354,312.2247124633197,314.0911516095936,16003524
4228,2024-12-03,315.5268859863281,317.15406501789136,310.35824260683535,310.35824260683535,23174488
4229,2024-12-04,311.1239318847656,317.0583181269633,307.3431785229836,314.95256063195916,17880011
4230,2024-12-05,314.2825622558594,316.29259815260843,305.8595616433202,311.0760798979643,19785053
4231,2024-12-06,314.80902099609375,318.4940823362232,312.7032925232497,313.08614959011936,8802058
4232,2024-12-09,315.0004577636719,316.4840398215819,312.70328619879257,313.7082896302644,9376929
4233,2024-12-10,313.8518371582031,317.63261974756006,311.41109800464613,317.63261974756006,14994365
4234,2024-12-11,313.516845703125,314.90473540033605,312.8468531538778,313.22971021203637,5013051
4235,2024-12-12,315.0961608886719,315.7661534003986,311.88967843718416,313.9475605683982,10414162
4236,2024-12-13,319.5469665527344,319.9776698064118,311.12396488931114,316.4840515460128,14973536
4237,2024-12-16,320.64764404296875,321.8440904759649,317.3933155872428,319.54691916663586,12695136
4238,2024-12-17,315.6704406738281,321.1740947097826,313.9475693553166,318.25477686171575,17360248
4239,2024-12-18,307.77392578125,315.0004811019532,306.9124900318619,313.9476022037574,15037099
4240,2024-12-19,307.86962890625,309.97538657645197,303.2752857114188,304.37601072579275,10234715
4241,2024-12-20,302.2702331542969,311.6503912738322,300.1645048328565,307.5345977730774,13973399
4242,2024-12-23,301.7916564941406,304.6631281228579,298.20231695824396,304.37599264403417,5984169
4243,2024-12-24,296.8144836425781,303.08385225389713,295.5223154495999,300.64311283058913,4833589
4244,2024-12-26,297.005859375,299.6859169879721,295.5222774395131,296.8144454662927,3775101
4245,2024-12-27,296.1444091796875,298.9201590052883,295.57010906160383,297.43657714284643,3981693
4246,2024-12-30,294.3736877441406,298.6330490053482,293.17724123370255,295.7615773802968,12489142
4247,2024-12-31,295.4744567871094,296.479460222459,292.0765310002142,294.18228864871605,8402716
4248,2025-01-01,297.1015930175781,298.010904053806,292.7943855598842,295.47444328185463,4239498
4249,2025-01-02,301.6480712890625,303.6102609811456,295.52227134451164,296.57515005610276,10766571
4250,2025-01-03,302.509521484375,304.3759897090918,300.2123500455756,302.7966861705497,7636948
4251,2025-01-06,292.8901062011719,302.9402569041533,291.7415058653546,302.2702351732399,6722495
4252,2025-01-07,291.9808044433594,297.3887662186675,290.01864378496816,292.8901155056114,10137739
4253,2025-01-08,293.51226806640625,294.66086846296133,290.01864990788994,293.03368943619523,6907996
4254,2025-01-09,292.1722717285156,293.7515754634019,290.64081417554706,293.5122861335669,8244909
4255,2025-01-10,286.8600158691406,292.1722264848171,285.7114155797474,291.02362619542384,6540783
4256,2025-01-13,275.2784118652344,285.7592655003387,274.46482241709185,282.36136918236133,19474228
4257,2025-01-14,277.81488037109375,280.4949088766722,274.5126763105418,275.4219873446416,15954608
4258,2025-01-15,285.8550109863281,289.5400722939113,278.62848532882623,282.3613928155499,12198882
4259,2025-01-16,284.8978576660156,288.67864059433373,283.8928542091827,286.1900258320308,11694289
4260,2025-01-17,289.6357727050781,291.9329441283263,283.0313939094448,284.8978329114067,7593230
4261,2025-01-20,293.12939453125,295.5701337241153,289.01363022677754,289.6357765690648,9435937
4262,2025-01-21,289.396484375,296.6708849147273,288.5828949154698,293.8472594993341,13911546
4263,2025-01-22,284.8021240234375,289.34862089660356,283.1270988596395,289.06148540971503,9723333
4264,2025-01-23,281.7392578125,286.76433365026116,281.021389835677,284.75429747313217,12228286
4265,2025-01-24,283.17498779296875,289.5400778778457,281.73925186960753,282.64853376166303,11142914
4266,2025-01-27,274.7041320800781,282.36139011715346,271.5933710025163,282.36139011715346,13477947
4267,2025-01-28,271.7847900390625,276.42697894433195,267.3818612161158,274.84767545624203,11298068
4268,2025-01-29,275.5177001953125,276.76199284567264,271.1626174988139,273.12480724452837,4800024
4269,2025-01-30,282.6963806152344,284.3714056900714,275.5177017230757,275.5177017230757,10969499
4270,2025-01-31,288.7264709472656,290.4493714775504,283.222816906031,284.2756956950739,14141459
4271,2025-02-01,277.4320373535156,292.2679748674991,276.28343695870706,288.7264813252738,6945157
4272,2025-02-03,271.64117431640625,279.4898742499375,266.089674799598,277.57556004274613,14978897
4273,2025-02-04,273.41192626953125,274.1297941115885,260.4424589404097,268.96115149079947,19836427
4274,2025-02-05,272.98126220703125,278.293473315418,272.3590866200002,273.36411926896625,15337191
4275,2025-02-06,269.1047668457031,278.48492583483807,267.76475247871883,275.1827214928746,21418561
4276,2025-02-07,269.3468322753906,272.9781486269869,261.4547773149336,264.45667140926554,17193482
4277,2025-02-10,260.1959228515625,267.2648732583572,259.61490634717717,266.29652226829074,16709670
4278,2025-02-11,253.17539978027344,260.29275652329574,251.77127890415463,260.19594505740855,22083955
4279,2025-02-12,248.9146270751953,253.80481763807177,245.96116817566727,251.2870989826207,17861265
4280,2025-02-13,250.9481658935547,253.0785500004455,247.9947070447423,249.10830482945542,12257226
4281,2025-02-14,249.2051544189453,253.2238054594861,246.6874357200921,252.1586133693871,11339563
4282,2025-02-17,254.8699951171875,255.64466409678988,244.21811933729094,248.76936608384136,8332653
4283,2025-02-18,258.5013427734375,259.4212586045084,251.96497272687063,255.4994483972606,10483635
4284,2025-02-19,254.72471618652344,260.00224090453156,253.99845294377334,254.19213496253084,14602009
4285,2025-02-20,257.33929443359375,258.01715199691387,253.03012039190682,254.4342412509003,15312926
4286,2025-02-21,253.61114501953125,257.3393026331229,251.19026729015096,256.9035328211424,10757038
4287,2025-02-24,250.9481658935547,253.5142902370401,249.10830482945542,249.83456810884158,14599185
4288,2025-02-25,247.65579223632812,251.72287865093057,246.83268789626214,250.60925125169004,21287363
4289,2025-02-27,248.13995361328125,249.30198668016166,245.42856775033403,245.96116377667684,13614799
4290,2025-02-28,242.91087341308594,248.8662266223009,239.47322413686564,247.80103452796848,38512868
4291,2025-03-03,244.50863647460938,245.76749577598812,240.63523233243734,244.99281199238087,9873539
4292,2025-03-04,245.96116638183594,249.01146627504443,241.55516615486243,242.0877621868464,11947033
4293,2025-03-05,256.0320129394531,258.7434136235141,247.65578222706532,248.81781531333843,14536637
4294,2025-03-06,258.2108154296875,258.84023773562126,252.4491441040102,256.758288776734,11926868
4295,2025-03-07,254.96682739257812,260.1475115778614,253.32064828858915,257.5813871277244,10043068
4296,2025-03-10,262.7136535644531,265.5703012601409,252.7880543377751,252.7880543377751,30233763
4297,2025-03-11,258.8402404785156,263.24625577020277,257.43614909681986,261.45480030223024,9255499
4298,2025-03-12,258.64654541015625,263.77879363944345,255.25731707526543,262.13261475067486,11875548
4299,2025-03-13,259.1791687011719,262.0842220313962,257.0972197248572,261.26111767748654,9270442
4300,2025-03-17,258.888671875,262.0842186766507,256.5646351509149,261.454796373505,11987667
4301,2025-03-18,258.888671875,258.888671875,258.888671875,258.888671875,0
4302,2025-03-19,268.4269104003906,269.49207286448365,261.2610893221769,263.39147335381784,13089950
4303,2025-03-20,271.47723388671875,274.57593964248076,268.2816575599182,274.52753390869157,13710249
4304,2025-03-21,274.14019775390625,276.12530565514754,271.18670921706524,272.10665456743357,26003527
4305,2025-03-24,282.61328125,284.64682451930895,275.44748884781086,275.98007014494203,19966817
4306,2025-03-25,281.7901611328125,285.90565317684843,278.5461791406971,281.7901611328125,16983852
4307,2025-03-26,281.6448974609375,287.35816251551717,280.3860234155954,282.4680017306367,20367015
4308,2025-03-27,286.14776611328125,287.84238063341064,279.8534836099434,279.8534836099434,37203166
4309,2025-03-28,281.1607360839844,284.9372993063308,279.1755986806343,284.5983705251023,10834900
4310,2025-04-01,280.1439208984375,287.55182938358377,277.9167255111985,280.43444391746397,11603556
4311,2025-04-02,277.6746520996094,280.5797051294222,275.49586232724977,277.77149311094865,11679536
4312,2025-04-03,289.6337890625,290.4568933201518,276.0768751068659,280.1923668433977,23478876
4313,2025-04-04,284.598388671875,291.3768465217408,282.8553684740305,290.5053364228185,21020875
4314,2025-04-07,280.24078369140625,284.59836335003746,273.3654854307757,274.62435950763955,22847548
4315,2025-04-08,279.8050537109375,284.69521479748136,275.641126375719,282.71010692315673,20831596
4316,2025-04-09,284.11419677734375,290.02114418869473,280.14395149746986,280.7734033315833,21342531
4317,2025-04-11,294.4755554199219,295.3470654403839,283.9689407881724,283.9689407881724,19831004
4318,2025-04-15,294.91131591796875,300.62461105387973,294.0882411237009,297.4774699763862,16563441
4319,2025-04-16,296.0733337402344,297.2837725535632,293.21668632008675,294.8144891950639,7032401
4320,2025-04-17,299.2204895019531,299.9951585602305,292.4420318109704,295.7828549222183,8528993
4321,2025-04-21,309.8723449707031,311.80904712677,298.6879018401087,300.18883419036865,13369014
4322,2025-04-22,302.6581115722656,309.63025101551136,302.22237132689344,309.63025101551136,10027268
4323,2025-04-23,304.982177734375,306.095775541447,299.65624691194205,304.20747915643824,8225575
4324,2025-04-24,304.4495544433594,305.85367524150877,302.9486221846986,304.9337299528277,8021180
4325,2025-04-25,296.7995910644531,305.41790933183546,293.79769695737076,303.0938727672882,11475773
4326,2025-04-28,298.78472900390625,301.10879535467075,293.9429733593657,294.57242523454096,7314824
4327,2025-04-29,293.3619689941406,300.96350126565216,291.6673546186545,298.7847113543128,14678005
4328,2025-04-30,297.71954345703125,300.18882682473674,292.3451773747768,294.8144902942112,17619987
4329,2025-05-02,293.4587707519531,299.2204712586938,292.732507472199,295.83124261984125,5688285
4330,2025-05-05,298.4458312988281,300.8667091336605,295.00816704232733,295.153413802071,4342960
4331,2025-05-06,297.86480712890625,300.6246137007377,295.879669623817,297.86480712890625,9124804
4332,2025-05-07,301.2540283203125,303.2391362229906,297.2837829632264,298.25213404779714,14679327
4333,2025-05-08,298.4942321777344,307.3546389986981,294.3787399254866,303.4812345259943,19253478
4334,2025-05-09,289.8274230957031,293.4587391028414,287.0192112938613,290.5052805710591,11981497
4335,2025-05-12,299.2688903808594,301.2540278320499,294.4271349658529,294.4271349658529,7145884
4336,2025-05-13,289.00439453125,298.97839893410884,288.5686247202087,295.3470823478646,17988336
4337,2025-05-14,286.5835266113281,291.0379181347918,284.7436358366363,289.7306677604059,10359258
4338,2025-05-15,290.1664123535156,290.89267570642033,281.8385866631953,286.5350955889921,22640626
4339,2025-05-16,290.6990051269531,292.63570728089223,286.14774324450434,290.50532309086736,16763668
4340,2025-05-19,294.4271545410156,294.8629243780306,289.5369930674257,292.4420465095738,12575289
4341,2025-05-20,288.4718017578125,295.6375943595318,287.69713265828193,294.766084234627,21339095
4342,2025-05-21,286.77716064453125,292.68410802367583,286.29298511430187,288.3265282516112,11997632
4343,2025-05-22,281.69329833984375,286.97082307962546,277.48096560416894,286.53505331148676,26158839
4344,2025-05-23,288.66546630859375,289.29488860777093,282.516430966752,282.7585187396455,9872024
4345,2025-05-26,287.30975341796875,294.1850218741288,286.38980814760674,290.55370562542714,16469130
4346,2025-05-27,285.227783203125,288.181271566729,282.9521819308902,287.6002550401406,17074710
4347,2025-05-28,281.9353942871094,286.2929738883065,281.3059720328376,285.2277818532238,10099453
4348,2025-05-29,283.8236999511719,284.59836897398986,282.12908560599465,282.12908560599465,9773818
4349,2025-05-30,280.5797424316406,285.3246571008113,279.1272157236252,282.7585324936637,21788566
4350,2025-06-02,283.7752685546875,284.3562851056245,279.2724420004522,281.1123031186449,7255782
4351,2025-06-03,279.127197265625,286.0509015389711,278.6430217283039,283.2426893328545,10989055
4352,2025-06-04,279.4176940917969,280.62813294950126,277.96516746255156,279.1272005866398,8580196
4353,2025-06-05,284.93731689453125,285.9056680139689,280.9186656592112,281.79017575635885,13110486
4354,2025-06-06,286.4382629394531,287.6002961587673,283.67848575911347,284.2594728170382,7935393
4355,2025-06-09,290.989501953125,291.61892424999877,286.7771688098469,288.5686242330491,8666186
4356,2025-06-10,291.5220642089844,292.2483274776183,288.81069316010877,291.0378886965617,7273892
4357,2025-06-11,286.09930419921875,291.86097470528654,284.6951834804106,291.5704812367113,10941604
4358,2025-06-12,279.8534240722656,286.4381987003345,279.36924859809216,285.8087764942542,14071159
4359,2025-06-13,276.4642639160156,277.3842093644504,272.88135270306583,273.6076160933881,16028417
4360,2025-06-16,279.5145263671875,281.30598173089703,277.2388954755418,278.8366983591143,11067299
4361,2025-06-17,279.4176940917969,281.25758479689154,278.11044376686004,279.5145351107592,7286868
4362,2025-06-18,278.2072448730469,279.1755959231469,276.46422480355835,278.4009269037584,11904855
4363,2025-06-19,277.3841857910156,278.54618938573884,276.2705583791098,277.72308503631166,13573824
4364,2025-06-20,283.8236999511719,285.17938551696784,276.02845623231923,276.5126317595127,33014151
4365,2025-06-23,281.06390380859375,284.1626391165812,278.9819548759131,282.17750165149454,6833477
4366,2025-06-24,276.8999938964844,285.3730655634303,276.318977357548,284.1626267538666,15007849
4367,2025-06-25,281.257568359375,281.88699061825,277.43256997188115,277.43256997188115,10838516
4368,2025-06-26,284.2110290527344,284.9372923297005,280.5797126679039,281.59646943496506,10232220
4369,2025-06-27,289.779052734375,291.183173582518,284.8404564516138,285.6635607573622,15523628
4370,2025-06-30,290.4084777832031,291.4736698624816,286.87400231481786,290.8926533145361,8415241
4371,2025-07-01,288.13287353515625,291.95787240728777,287.6002922221044,291.4736968311563,12349270
4372,2025-07-02,285.518310546875,289.294873699044,284.1141897157614,288.13284062834805,10826029
4373,2025-07-03,284.4047546386719,289.48859835605145,283.82373801776765,288.9559874736672,10373094
4374,2025-07-04,284.6951904296875,285.80878815537665,282.41955969788035,284.40469695402146,14193884
4375,2025-07-07,286.5350646972656,287.2613279718709,284.2110281288743,285.3730611889341,6220756
4376,2025-07-08,288.3265380859375,288.9559603863584,283.7752761258537,284.84046823903606,6254288
4377,2025-07-09,290.1664123535156,290.50534116188413,287.0192711575952,288.8107266717731,5650646
4378,2025-07-10,289.779052734375,293.1198756893476,288.5686139176065,290.5053160244361,9307817
4379,2025-07-11,289.1011962890625,291.37682718369206,287.5518582390185,289.77905384975355,7073217
4380,2025-07-14,288.7623291015625,290.941119221891,288.0360657281197,290.0211737948371,5484223
4381,2025-07-15,288.6170349121094,290.5053313868159,287.4550313176004,288.6654701983788,6173407
4382,2025-07-16,287.6486511230469,289.4885416541546,286.34140092172856,289.4885416541546,8144630
4383,2025-07-17,287.21295166015625,288.762319381695,286.4382530235212,288.132867504513,8318287
4384,2025-07-18,284.8404541015625,291.9578401957856,284.21103183238165,287.11608496865813,8702106
4385,2025-07-21,287.6002502441406,287.8423379968714,283.00058294225624,284.6951972113715,5298012
4386,2025-07-22,288.37493896484375,289.3917253269252,285.2277979639942,287.6971109418524,7775653
4387,2025-07-23,289.779052734375,290.16638724539513,287.697103879879,289.39171822335487,5310964
4388,2025-07-24,289.8758850097656,291.81258705820005,287.11607868040096,290.36006052187423,6294709
4389,2025-07-25,282.8553771972656,288.32655529161315,281.6933439950449,287.7455386905028,8202572
4390,2025-07-28,282.6616516113281,285.90563337880826,281.5480538692244,282.7584926218866,7037396
4391,2025-07-29,283.8236999511719,284.59836897398986,280.62812374065743,281.3059812994199,6586034
4392,2025-07-30,279.8050537109375,287.1160924743307,277.52942278435324,283.72686372674167,10515572
4393,2025-07-31,281.7901611328125,284.98570784043096,275.93164898493546,275.93164898493546,14283621
4394,2025-08-01,282.0322265625,283.5331587801675,277.23887732898726,282.4195610491503,6697683
4395,2025-08-04,278.8367004394531,282.32274062521867,276.657910547485,281.98384139451815,10397121
4396,2025-08-05,276.94842529296875,279.51454989670066,276.07691517966583,278.0136174544418,15561914
4397,2025-08-06,275.7863464355469,279.2724158631761,275.06008320277937,278.4977469022481,12985269
4398,2025-08-07,276.51263427734375,277.2388975747471,274.4306854018,275.49587748167073,8893659
4399,2025-08-08,275.8348083496094,277.1904939379996,274.6243695114522,275.78637306504544,6172968
4400,2025-08-11,275.8348083496094,277.33574068823253,274.3338464592568,275.8348083496094,8755499
4401,2025-08-12,275.64111328125,278.4493253426438,275.0116910255161,275.39902552506555,13184438
4402,2025-08-13,279.0787658691406,280.2407693208184,276.99678760873013,277.916732865736,9928283
4403,2025-08-14,279.5629577636719,280.9670490441253,278.06199591690347,279.90185698713157,8464495
4404,2025-08-18,281.1607360839844,282.08065185962835,279.3692807132589,280.3376317729236,9836105
4405,2025-08-19,280.0909423828125,282.13327810692135,278.6807504191529,282.03601837158203,7196772
4406,2025-08-20,280.4799499511719,281.0634786801803,279.06978767553085,280.2854601611717,3106073
4407,2025-08-21,276.2007751464844,281.5983488453277,275.8117659061222,280.4799361494731,7389271
4408,2025-08-22,275.5686340332031,276.73566176535235,274.0611824031939,276.2007777647218,6824793
4409,2025-08-25,276.3466796875,276.78433367976874,274.4502483065157,275.5686611229176,7426789
4410,2025-08-26,272.21337890625,276.00627115142953,271.2408409111012,275.22825262711217,22905910
4411,2025-08-28,266.9130554199219,274.255705157843,266.0863922167015,274.255705157843,12455072
4412,2025-08-29,267.6910705566406,268.5177337494827,264.77345670861183,266.0863888761254,12841075
4413,2025-09-01,272.1647644042969,272.89416790206815,268.4204871798367,268.4204871798367,10820878
4414,2025-09-02,278.8266296386719,279.9936573186593,272.164739043884,272.5051332470267,16983677
4415,2025-09-03,278.1944580078125,281.25797617588785,277.7568337548744,281.0634567215809,30178885
4416,2025-09-04,274.0611877441406,280.0423199960402,273.18590950809545,278.9725222944279,5946090
4417,2025-09-05,277.5137023925781,278.7779898212633,274.5960886222258,274.5960886222258,9695914
4418,2025-09-08,275.0337219238281,279.79918164903796,274.3529631627289,278.53486449927703,5186605
4419,2025-09-09,276.0549011230469,276.54117009466415,273.963950480993,275.2768529607576,7093190
4420,2025-09-10,275.17962646484375,278.5835093101367,274.74197251293344,276.88156788749023,7767863
4421,2025-09-11,278.92388916015625,280.77173512119623,274.79060262115405,274.79060262115405,7406625
4422,2025-09-12,279.7505187988281,280.6744416683619,277.27055904513384,279.361509577788,7618852
4423,2025-09-15,278.3890075683594,280.86896764170785,277.90273855950636,280.38269863285484,5420800
4424,2025-09-16,280.43133544921875,281.74426767207285,278.4862594685472,278.6807492589119,8626429
4425,2025-09-17,279.2642517089844,281.25797220925705,278.0972240381065,281.06345275769337,19010126
4426,2025-09-18,281.1607360839844,281.89013956932183,278.2431221426345,279.1184003891387,16842964
4427,2025-09-19,278.34039306640625,282.2305451445978,277.076075833291,282.03602566888617,14993879
4428,2025-09-22,278.7779846191406,281.06345463250244,278.04858119016353,279.1183788218969,9456933
4429,2025-09-23,280.6744689941406,281.06347825305374,277.5623355638277,280.72308402169074,13619147
4430,2025-09-24,285.245361328125,286.46103373351167,279.06976925236245,279.99366247275503,14032389
4431,2025-09-25,276.58978271484375,286.75281600507043,275.81176423882266,285.926152824609,16242837
4432,2025-09-26,274.49884033203125,276.3466565276837,272.407889645385,275.7145127870004,8959035
4433,2025-09-29,272.8941650390625,278.24312396660133,272.2620212835269,276.1035285237842,14600560
4434,2025-09-30,272.5537414550781,278.14583427708243,271.3380691024685,274.2556827487316,18772881
4435,2025-10-01,272.9427795410156,275.08237497971265,272.21337605230127,273.2831737716498,11812449
4436,2025-10-03,281.7442626953125,282.0360122154581,273.33178548390373,275.5686406298664,19597461
4437,2025-10-06,279.0211181640625,280.7230594926611,276.7356481583298,280.43130999384476,11702722
4438,2025-10-07,281.0634460449219,284.3214538640417,279.2156300172049,281.0148310229427,11371062
4439,2025-10-08,277.4650573730469,282.37639168858715,276.8329136594234,282.37639168858715,9989251
4440,2025-10-09,278.2917175292969,279.069765666448,274.4988256091278,277.1733048666126,10714949
4441,2025-10-10,281.2093505859375,283.2516862769683,277.4164584051681,277.4164584051681,10773268
4442,2025-10-13,278.2917175292969,280.2854380562139,277.076045139531,279.8477841240975,8950161
4443,2025-10-14,279.60467529296875,279.9936845574755,277.5623395549279,278.63213729194973,7667654
4444,2025-10-15,282.9599304199219,285.19675584889626,279.16700864456936,279.2642683761559,8125514
4445,2025-10-16,283.8352355957031,285.1967829286857,282.61956303419976,284.37011965096224,7824732
4446,2025-10-17,281.7928771972656,283.4948186471197,280.09093574741155,283.0085496614471,14275188
4447,2025-10-20,280.2854309082031,284.0783227316436,279.2156332965915,282.18186198017287,13536721
4448,2025-10-21,280.6744689941406,281.6470069811754,280.2854597352275,280.3826897903278,398291
4449,2025-10-23,281.69561767578125,283.15442463389456,280.09093595775727,281.0148589030305,21031287
4450,2025-10-24,280.5771789550781,282.7653891895631,278.6807182133908,281.6955915834703,16350189
4451,2025-10-27,283.0571594238281,284.75910084202894,280.2854500006463,281.0634684914512,13396182
4452,2025-10-28,280.3340759277344,284.564622124817,278.92388396887213,282.57090143540813,13543174
4453,2025-10-29,287.23907470703125,288.5033621052577,280.820318630994,281.06345310599914,14608714
4454,2025-10-30,283.49481201171875,288.30888672900187,282.95992801179966,288.1629822931123,10329750
4455,2025-10-31,280.23681640625,283.98109361064735,279.1184036515609,283.98109361064735,10088802
4456,2025-11-03,280.0909423828125,282.1818931348389,279.2642791516846,281.06348037719727,8578207
4457,2025-11-04,271.38671875,277.124716730008,270.46282545184107,276.68706275542957,26098629
4458,2025-11-06,262.7797546386719,270.8518074040475,262.4393604349388,270.36553845000077,21919591
4459,2025-11-07,264.53033447265625,265.3083529963624,261.36958599090576,262.77977795456536,11379131
4460,2025-11-10,265.2225646972656,267.54645180953463,263.590858183498,265.6181180241124,10717941
4461,2025-11-11,264.67864990234375,266.16199749773756,261.71195471155613,265.2719949762581,11154806
4462,2025-11-12,264.134765625,267.24978951326466,263.5414205560963,266.0136665275419,16444701
4463,2025-11-13,266.854248046875,267.4475931421342,262.7008625588455,264.1347773574899,12573141
4464,2025-11-14,268.2881164550781,269.27701482782635,266.50811145564467,267.3486811082373,10308317
4465,2025-11-17,270.5131530761719,270.908736590646,267.00257572610195,269.0792684619509,9884392
4466,2025-11-18,271.15594482421875,273.7270564403353,269.2770137802799,270.95815307892525,16434280
4467,2025-11-19,272.09539794921875,272.9359676534738,269.47482313612903,272.8865348033116,15765235
4468,2025-11-20,274.1226501464844,275.9520880541015,271.4526123794352,272.1942861837506,15337345
4469,2025-11-21,274.5181884765625,275.90264013323076,272.342600031239,274.1226351716262,12941485
4470,2025-11-24,272.7381591796875,275.9520788916759,269.4748066205665,274.91374767162375,49791096
4471,2025-11-25,270.4142761230469,273.8259574525211,269.62313930580683,271.94705655209975,12114606
4472,2025-11-26,271.9964904785156,273.8754215651714,270.46371004338476,270.9581592390765,8352869
4473,2025-11-27,270.6614990234375,273.9248516100949,270.26591552790507,273.9248516100949,9865039
4474,2025-11-28,266.953125,271.30427175878066,266.4586758188026,270.7603595521937,12580231
4475,2025-12-01,266.65643310546875,269.42536658301617,265.7664306293502,269.42536658301617,10428760
4476,2025-12-02,264.48089599609375,267.64535285071713,263.9369837547472,266.01367648424736,11029817
4477,2025-12-03,265.46978759765625,266.0136696462371,261.5636268454636,264.4808891974844,9063557
4478,2025-12-04,266.1125793457031,267.20037367815644,262.6514347653062,263.5908701869996,5103204
4479,2025-12-05,266.8047790527344,268.48591842191763,264.8269822319468,265.2225657391319,5535798
4480,2025-12-08,262.255859375,266.4092144150703,261.81084303770024,265.8158693582651,10203843
4481,2025-12-09,261.6130676269531,262.79975781465754,259.98139125294836,261.16808144065277,10686557
4482,2025-12-10,262.5525207519531,264.2830929226346,261.3658306205438,261.9591756862485,7157092
4483,2025-12-11,261.86029052734375,263.3931011913678,259.5858362243208,261.31640846581627,8336183
4484,2025-12-12,260.6736145019531,263.7886383094003,260.37692688580677,262.0580661742871,5522827
4485,2025-12-15,259.2891845703125,260.9208609701886,257.6080451408732,260.67363635872897,6400400
4486,2025-12-16,257.459716796875,260.42641213885065,256.81693884187075,259.2397219305461,9241981
4487,2025-12-17,258.2013854980469,259.83306186793055,256.421350220986,257.45971167730113,10944698
4488,2025-12-18,255.0863494873047,258.7947184165903,252.96020891421256,257.8552528829912,10930748
4489,2025-12-19,260.5252990722656,261.01974827894765,255.0863577987635,255.18522349707223,16657897
4490,2025-12-22,262.0580749511719,262.651420024554,256.1741174232074,256.22358045027994,10054250
4491,2025-12-23,264.0358581542969,266.31031227662237,261.46471642115773,262.05806146400255,10526826
4492,2025-12-24,265.0741882324219,267.0519849144136,263.34361613567916,264.82696364717293,6131188
4493,2025-12-26,262.5030822753906,266.3103168262234,261.9097372224092,265.02476102708283,6029003
4494,2025-12-29,257.7069396972656,263.49200161145643,257.1135945970538,262.9975523910775,7270521
4495,2025-12-30,257.459716796875,258.5475111246899,256.07526500637687,257.11359630455405,10929200
4496,2025-12-31,261.66253662109375,262.255881728473,257.65747978037325,258.49804950092835,5145868
4497,2026-01-01,263.83807373046875,264.5797475098971,261.1680662317967,261.1680662317967,4298196
4498,2026-01-02,267.9420471191406,269.0792743009689,263.29421233227725,264.53033539487006,13348375
4499,2026-01-05,268.6342468261719,269.7714739610066,265.7170146262727,268.2386934982447,11526602
4500,2026-01-06,265.56866455078125,270.2659321506915,263.0469855949752,263.0469855949752,11777253
4501,2026-01-07,261.1680603027344,265.96422333657813,260.5252824109122,265.5192070075106,14877056
4502,2026-01-08,256.4213562011719,262.3547469055148,255.0863674357233,261.06919099108813,11762204
4503,2026-01-09,255.1357879638672,260.87138662952566,253.4052157586859,257.41024221916314,14100782
4504,2026-01-12,255.67967224121094,256.61913780372106,251.47686908140932,255.1357901863585,9698555
4505,2026-01-13,255.92689514160156,257.0641524503751,253.2568875553814,256.17411974285073,9734559
4506,2026-01-14,255.48190307617188,256.8169219278936,253.89965962890105,254.24578009842648,15435341
4507,2026-01-15,255.48190307617188,255.48190307617188,255.48190307617188,255.48190307617188,0
4508,2026-01-16,254.44354248046875,258.64636061822983,253.35577839960462,255.43244086582428,9648251
4509,2026-01-19,254.7896728515625,255.92690000315432,253.80077442778094,254.0479990337263,10588722
4510,2026-01-20,251.22964477539062,254.9874617616948,250.58685175347193,254.78967000763222,12452441
4511,2026-01-21,252.96022033691406,255.97636355347535,249.25185124017293,249.25185124017293,14263346
4512,2026-01-22,256.3719177246094,256.9652628177811,252.61410067643763,253.75134292345138,15520530
4513,2026-01-23,251.32852172851562,257.0641505421909,249.79574128366247,256.37190959231805,18022018
4514,2026-01-27,251.52630615234375,255.48189962773728,249.25183688611412,253.6524316096111,17375059
4515,2026-01-28,256.9158020019531,257.8552675891323,251.1802031357224,251.1802031357224,16046343
4516,2026-01-29,257.6080322265625,260.12971106552004,255.8774600331019,259.684724894472,26914029
4517,2026-01-30,253.65243530273438,259.48692972813217,251.22963728165874,258.39913547080425,23292764
4518,2026-02-02,267.39813232421875,268.1892691840343,247.224610170096,248.46073322094648,37109237
4519,2026-02-03,280.0560302734375,281.3415860820884,270.2164794268213,272.9853827895078,52651170
4520,2026-02-04,286.18719482421875,288.7583367350135,279.75935513662427,285.5938497403762,27775044
4521,2026-02-05,286.13775634765625,287.76943266204506,282.97326941525415,287.76943266204506,9870342
4522,2026-02-06,289.5,290.24167378309136,286.1871843997685,288.9561179639131,19951107
4523,2026-02-09,289.75,292.54998779296875,288.0,292.5,13114576
4524,2026-02-10,294.3500061035156,295.29998779296875,286.5,290.0,21823214
4525,2026-02-11,294.45001220703125,297.6499938964844,292.20001220703125,297.6499938964844,10508852
4526,2026-02-12,293.8999938964844,296.0,291.75,294.45001220703125,10482579
4527,2026-02-13,287.20001220703125,294.29998779296875,286.8500061035156,292.0,10914157
4528,2026-02-16,300.5,300.95001220703125,287.25,288.0,22196951
4529,2026-02-17,300.75,301.6000061035156,297.0,299.29998779296875,11190989
4530,2026-02-18,300.54998779296875,302.25,298.45001220703125,299.45001220703125,9147320
4531,2026-02-19,294.6499938964844,301.6000061035156,293.1000061035156,300.1000061035156,7552362
4532,2026-02-20,298.95001220703125,302.04998779296875,294.25,295.54998779296875,11762183
4533,2026-02-23,303.3500061035156,304.29998779296875,299.0,302.0,11774742
4534,2026-02-24,304.79998779296875,306.20001220703125,300.79998779296875,304.0,15863867
4535,2026-02-25,307.25,311.70001220703125,305.1499938964844,307.0,14240500
4536,2026-02-26,303.25,307.70001220703125,301.3999938964844,307.1000061035156,14249515
4537,2026-02-27,298.6499938964844,305.79998779296875,297.8999938964844,305.79998779296875,21400679
4538,2026-03-02,296.79998779296875,298.6000061035156,289.5,290.0,15690227
4539,2026-03-04,291.95001220703125,296.0,288.8999938964844,296.0,28191826
4540,2026-03-05,299.45001220703125,300.1000061035156,291.8999938964844,292.0,19467441
4541,2026-03-06,299.1499938964844,302.75,297.0,299.95001220703125,15887540
4542,2026-03-09,295.20001220703125,296.25,285.5,285.5,21591866
4543,2026-03-10,298.6499938964844,300.04998779296875,293.75,298.1499938964844,14627316
4544,2026-03-11,298.79998779296875,302.8999938964844,298.04998779296875,298.6499938964844,12618289
4545,2026-03-12,303.6000061035156,304.8999938964844,295.1000061035156,295.79998779296875,15284297
4546,2026-03-13,300.95001220703125,309.5,298.70001220703125,308.6499938964844,23615092
4547,2026-03-16,297.75,303.0,291.3999938964844,300.95001220703125,25911819
4548,2026-03-17,298.5,302.0,292.1499938964844,302.0,12300000
4549,2026-03-18,299.3999938964844,304.20001220703125,297.54998779296875,299.54998779296875,8691698
4550,2026-03-19,296.70001220703125,300.5,295.95001220703125,297.6499938964844,8594078
4551,2026-03-20,297.6000061035156,305.0,296.6000061035156,300.1000061035156,28392470
4552,2026-03-23,302.1000061035156,304.3500061035156,293.1000061035156,298.0,23771660
4553,2026-03-24,299.0,309.0,292.3999938964844,309.0,24123621
4554,2026-03-25,295.0,302.25,294.20001220703125,299.8999938964844,16423641
4555,2026-03-27,295.5,297.29998779296875,290.29998779296875,294.45001220703125,27444747
4556,2026-03-30,296.1000061035156,297.8999938964844,292.0,292.04998779296875,23105779
4557,2026-04-01,292.79998779296875,305.8999938964844,290.20001220703125,305.0,18635698
4558,2026-04-02,289.95001220703125,292.0,283.5,290.20001220703125,17222200
4559,2026-04-06,295.1499938964844,295.6000061035156,287.29998779296875,294.8999938964844,9291741
4560,2026-04-07,295.3999938964844,296.25,291.0,292.5,9318575
4561,2026-04-08,294.8500061035156,301.75,293.6000061035156,301.0,10887876
4562,2026-04-09,298.1000061035156,300.70001220703125,293.8500061035156,295.45001220703125,17644642
4563,2026-04-10,302.75,303.5,299.75,301.1000061035156,13245074
4564,2026-04-13,300.3500061035156,302.3500061035156,297.6499938964844,299.95001220703125,15681799
4565,2026-04-15,312.45001220703125,313.3999938964844,301.25,303.3999938964844,21897202
4566,2026-04-16,312.25,317.0,310.5,315.0,21510277
4567,2026-04-17,318.1000061035156,318.95001220703125,311.3999938964844,313.29998779296875,13609827
4568,2026-04-20,319.70001220703125,323.04998779296875,315.54998779296875,319.0,10955277
4569,2026-04-21,319.3500061035156,322.0,318.0,318.95001220703125,8342335
4570,2026-04-22,319.75,322.0,316.0,319.75,7112538
4571,2026-04-23,319.1499938964844,321.8500061035156,318.04998779296875,320.0,7294961
4572,2026-04-24,316.3999938964844,317.8999938964844,314.5,316.0,9980241
4573,2026-04-27,320.8999938964844,324.95001220703125,316.95001220703125,318.0,9334181
4574,2026-04-28,319.0,322.79998779296875,317.6499938964844,322.79998779296875,9083528
4575,2026-04-29,320.3500061035156,323.79998779296875,318.25,320.1000061035156,10372929
4576,2026-04-30,318.3500061035156,321.25,315.95001220703125,319.6000061035156,9521058
4577,2026-05-01,318.3500061035156,318.3500061035156,318.3500061035156,318.3500061035156,0
4578,2026-05-04,319.04998779296875,323.8999938964844,314.0,314.0,7370269
4579,2026-05-05,319.45001220703125,321.29998779296875,315.0,318.8999938964844,8569582
4580,2026-05-06,315.95001220703125,321.5,314.6000061035156,320.04998779296875,4884118
4581,2026-05-07,313.79998779296875,316.75,312.5,315.75,9126203
4582,2026-05-08,313.95001220703125,315.20001220703125,310.6000061035156,315.20001220703125,7929393
4583,2026-05-11,310.8999938964844,314.04998779296875,309.95001220703125,313.95001220703125,8204425
4584,2026-05-12,306.29998779296875,310.75,305.5,309.45001220703125,7952584
4585,2026-05-13,301.5,305.3999938964844,295.6499938964844,304.25,23775882
4586,2026-05-14,301.75,307.54998779296875,300.6000061035156,306.0,14012601
4587,2026-05-15,305.8500061035156,308.1499938964844,302.8999938964844,307.79998779296875,10092811
4588,2026-05-18,296.54998779296875,298.45001220703125,290.20001220703125,296.29998779296875,16036198
4589,2026-05-19,298.6000061035156,300.0,294.54998779296875,296.6000061035156,12580156
4590,2026-05-20,299.8999938964844,300.79998779296875,294.54998779296875,297.5,5672695
4591,2026-05-21,299.54998779296875,304.5,298.70001220703125,302.3999938964844,10353164
4592,2026-05-22,294.29998779296875,300.54998779296875,293.54998779296875,298.70001220703125,15105294
4593,2026-05-25,295.3500061035156,298.5,294.1499938964844,298.5,5896815
4594,2026-05-26,292.54998779296875,295.95001220703125,292.04998779296875,295.0,5625947
4595,2026-05-27,300.1499938964844,301.25,292.0,292.0,9883025
4596,2026-05-28,300.1499938964844,300.1499938964844,300.1499938964844,300.1499938964844,0
4597,2026-05-29,290.54998779296875,303.0,285.45001220703125,303.0,77407363
4598,2026-06-01,286.1499938964844,292.3500061035156,284.70001220703125,291.0,17628347
4599,2026-06-02,282.1499938964844,285.25,278.3999938964844,281.75,15198142
4600,2026-06-03,285.04998779296875,286.0,280.3500061035156,282.0,13002063
4601,2026-06-04,284.6000061035156,286.04998779296875,280.0,280.0,16292818
4602,2026-06-05,285.6499938964844,286.54998779296875,283.0,284.0,6955072
4603,2026-06-08,290.29998779296875,292.1000061035156,282.6000061035156,283.0,8748933
4604,2026-06-09,285.70001220703125,293.04998779296875,284.75,292.8999938964844,7973130
4605,2026-06-10,287.20001220703125,289.5,284.04998779296875,285.0,8330040
4606,2026-06-11,286.6499938964844,290.45001220703125,286.0,289.25,12064071
4607,2026-06-12,284.79998779296875,288.8999938964844,282.70001220703125,288.8999938964844,5478294
4608,2026-06-15,285.70001220703125,290.0,284.04998779296875,290.0,9319070
4609,2026-06-16,285.1499938964844,286.3999938964844,282.8500061035156,286.1000061035156,8146761
4610,2026-06-17,286.3500061035156,286.6499938964844,283.25,286.20001220703125,6008101
4611,2026-06-18,288.70001220703125,289.45001220703125,283.29998779296875,286.3500061035156,8381654
4612,2026-06-19,292.25,292.8999938964844,287.6499938964844,288.95001220703125,10295261
4613,2026-06-22,289.75,292.8500061035156,288.79998779296875,289.0,11678414
4614,2026-06-23,291.95001220703125,293.04998779296875,289.6000061035156,290.45001220703125,12328516
4615,2026-06-24,290.8999938964844,295.25,288.75,293.0,10221176
4616,2026-06-25,283.8999938964844,291.5,283.04998779296875,290.70001220703125,16305770
4617,2026-06-26,283.8999938964844,283.8999938964844,283.8999938964844,283.8999938964844,0
4618,2026-06-29,286.25,287.6499938964844,283.5,287.0,16957025
4619,2026-06-30,286.29998779296875,288.8999938964844,284.45001220703125,287.20001220703125,11985195
4620,2026-07-01,287.54998779296875,288.3500061035156,285.6499938964844,287.79998779296875,8147424
4621,2026-07-02,288.20001220703125,289.3999938964844,284.20001220703125,287.54998779296875,6456861
4622,2026-07-03,287.8500061035156,292.0,287.1000061035156,288.5,10260404
4623,2026-07-06,285.3999938964844,287.95001220703125,284.70001220703125,287.20001220703125,7799856
4624,2026-07-07,284.3500061035156,287.3500061035156,283.3500061035156,285.3500061035156,7251465
4625,2026-07-08,279.70001220703125,285.3999938964844,279.20001220703125,282.8999938964844,7306244
4626,2026-07-09,281.3500061035156,283.95001220703125,280.0,280.0,6800579
4627,2026-07-10,283.1000061035156,283.79998779296875,281.3500061035156,283.1000061035156,6812700
4628,2026-07-13,286.0,286.45001220703125,281.6499938964844,282.79998779296875,8083023
4629,2026-07-14,286.1499938964844,286.95001220703125,282.29998779296875,282.3500061035156,7596298
4630,2026-07-15,280.70001220703125,286.79998779296875,278.8999938964844,285.8999938964844,9907688
4631,2026-07-16,280.75,284.3999938964844,280.0,280.3999938964844,7143529
4632,2026-07-17,283.54998779296875,284.3500061035156,279.6499938964844,280.75,10985155
4633,2026-07-20,288.70001220703125,289.54998779296875,283.3500061035156,284.70001220703125,11380170
4634,2026-07-21,286.70001220703125,290.3999938964844,284.45001220703125,289.0,7517060
4635,2026-07-22,289.29998779296875,289.75,284.3999938964844,285.6499938964844,4595987
4636,2026-07-23,289.79998779296875,290.95001220703125,287.0,287.29998779296875,7407258
4637,2026-07-24,288.20001220703125,290.04998779296875,286.3999938964844,286.5,8474555
4638,2026-07-27,288.8500061035156,290.54998779296875,286.54998779296875,288.29998779296875,12143388
4639,2026-07-28,285.29998779296875,288.0,283.1000061035156,287.29998779296875,7118852
4640,2026-07-29,282.8500061035156,284.75,281.04998779296875,284.0,12375693
4641,2026-07-30,285.70001220703125,287.1000061035156,283.0,283.3999938964844,7903593
4642,2026-07-31,284.25,287.3999938964844,283.0,286.29998779296875,7804310
4643,2026-08-03,287.0,287.0,283.8999938964844,285.0,8749092
4644,2026-08-04,283.3999938964844,294.1000061035156,281.70001220703125,294.1000061035156,7656558
4645,2026-08-05,281.75,285.20001220703125,281.25,284.0,7544704
4646,2026-08-06,270.75,281.0,269.6499938964844,279.75,18258733
4647,2026-08-07,271.6000061035156,272.8500061035156,268.3500061035156,268.6499938964844,7795199
4648,2026-08-10,270.1000061035156,271.6000061035156,268.79998779296875,271.5,8329347
4649,2026-08-11,267.95001220703125,270.79998779296875,266.6499938964844,270.0,7553241
4650,2026-08-12,269.45001220703125,270.0,266.29998779296875,267.95001220703125,6699919
4651,2026-08-13,266.6000061035156,269.0,266.04998779296875,269.0,9715149
4652,2026-08-14,266.04998779296875,268.20001220703125,265.75,267.0,6758273
4653,2026-08-17,266.1499938964844,268.0,265.25,266.04998779296875,6631423
4654,2026-08-18,268.0,268.95001220703125,266.04998779296875,266.20001220703125,6792173
4655,2026-08-19,263.5,267.5,262.04998779296875,267.04998779296875,9674185
4656,2026-08-20,264.79998779296875,267.1000061035156,262.79998779296875,264.0,7029993
4657,2026-08-21,272.3999938964844,275.95001220703125,264.20001220703125,264.6000061035156,18031357
4658,2026-08-24,271.3999938964844,274.3500061035156,268.29998779296875,274.0,7643689
4659,2026-08-25,271.0,271.70001220703125,268.3500061035156,271.3999938964844,5435918
4660,2026-08-26,265.20001220703125,271.1499938964844,265.20001220703125,270.1000061035156,5303523
4661,2026-08-27,264.8999938964844,266.29998779296875,262.29998779296875,264.79998779296875,7118715
4662,2026-08-28,266.04998779296875,267.3500061035156,265.04998779296875,266.04998779296875,5112511
4663,2026-08-31,263.54998779296875,266.04998779296875,263.1499938964844,266.04998779296875,11553385
4664,2026-09-01,264.54998779296875,264.54998779296875,261.70001220703125,263.29998779296875,8499123
4665,2026-09-02,266.79998779296875,268.3500061035156,262.3999938964844,264.0,9068868
4666,2026-09-03,265.6000061035156,270.75,265.6000061035156,269.8999938964844,9826724
4667,2026-09-04,266.0,267.5,265.04998779296875,266.8999938964844,7967122
4668,2026-09-08,265.75,267.25,263.0,265.6499938964844,7385483
4669,2026-09-09,266.54998779296875,269.25,264.5,265.0,6888912
